{
"type": "FeatureCollection",
"name": "pc120-height",
"features": [
{ "type": "Feature", "properties": { "category": "13m" }, "geometry": { "type": "MultiPolygon", "coordinates": [ [ [ [ 174.7362011, -36.8928913 ], [ 174.7361717, -36.8929297 ], [ 174.7361844, -36.8929609 ], [ 174.7362135, -36.8929746 ], [ 174.7361075, -36.8931162 ], [ 174.7362899, -36.8932067 ], [ 174.7363789, -36.8930894 ], [ 174.7364083, -36.8929867 ], [ 174.7364164, -36.8928814 ], [ 174.7362839, -36.8924818 ], [ 174.7359334, -36.8925589 ], [ 174.7361192, -36.8926457 ], [ 174.7360052, -36.8927944 ], [ 174.7362011, -36.8928913 ] ] ], [ [ [ 174.7365353, -36.892535 ], [ 174.7369925, -36.89263 ], [ 174.7370977, -36.8924912 ], [ 174.7364782, -36.8923625 ], [ 174.7365353, -36.892535 ] ] ], [ [ [ 174.7365538, -36.8913683 ], [ 174.7370042, -36.8914619 ], [ 174.737048, -36.8913236 ], [ 174.7365985, -36.8912301 ], [ 174.7365538, -36.8913683 ] ] ], [ [ [ 174.7431427, -36.8729515 ], [ 174.7435094, -36.872778 ], [ 174.7445301, -36.8724265 ], [ 174.7447396, -36.8721552 ], [ 174.7447277, -36.8721309 ], [ 174.7428249, -36.8727123 ], [ 174.7429867, -36.873055 ], [ 174.7431427, -36.8729515 ] ] ], [ [ [ 174.7449891, -36.8715913 ], [ 174.7421277, -36.8724693 ], [ 174.7422341, -36.8726912 ], [ 174.7450524, -36.8718377 ], [ 174.7449891, -36.8715913 ] ] ], [ [ [ 174.7445755, -36.8714459 ], [ 174.7446847, -36.8716843 ], [ 174.7449891, -36.8715913 ], [ 174.744931, -36.8713376 ], [ 174.7445755, -36.8714459 ] ] ], [ [ [ 174.7375089, -36.8659365 ], [ 174.7371709, -36.8659772 ], [ 174.737249, -36.8664171 ], [ 174.7375417, -36.8661196 ], [ 174.7375089, -36.8659365 ] ] ], [ [ [ 174.7371296, -36.8644923 ], [ 174.7370164, -36.8644275 ], [ 174.7368639, -36.8643838 ], [ 174.7368051, -36.8646236 ], [ 174.736828, -36.864658 ], [ 174.736941, -36.8646759 ], [ 174.7369536, -36.8647469 ], [ 174.7372901, -36.8647115 ], [ 174.7372334, -36.8645971 ], [ 174.7371296, -36.8644923 ] ] ], [ [ [ 174.7371122, -36.8637393 ], [ 174.7370718, -36.863657 ], [ 174.7370107, -36.8635996 ], [ 174.7367369, -36.8634241 ], [ 174.7364983, -36.8636922 ], [ 174.7367383, -36.86382 ], [ 174.736764, -36.8639653 ], [ 174.7367244, -36.8641267 ], [ 174.7369331, -36.8641594 ], [ 174.7370269, -36.8641516 ], [ 174.7370752, -36.8641319 ], [ 174.7371239, -36.8640941 ], [ 174.7371554, -36.8640438 ], [ 174.7371642, -36.8639967 ], [ 174.7371122, -36.8637393 ] ] ], [ [ [ 174.7324339, -36.8597161 ], [ 174.7317266, -36.8593549 ], [ 174.7314344, -36.8595965 ], [ 174.7317285, -36.8598263 ], [ 174.7318132, -36.8597566 ], [ 174.7321666, -36.8599371 ], [ 174.7324339, -36.8597161 ] ] ], [ [ [ 174.7328416, -36.8599569 ], [ 174.7332329, -36.8599148 ], [ 174.7331545, -36.8594454 ], [ 174.7333624, -36.8593395 ], [ 174.733342, -36.8593391 ], [ 174.7331887, -36.8594172 ], [ 174.7327487, -36.8591892 ], [ 174.7323422, -36.8593923 ], [ 174.7327858, -36.8596222 ], [ 174.7328416, -36.8599569 ] ] ], [ [ [ 174.7299616, -36.85829 ], [ 174.7302622, -36.8584335 ], [ 174.7302268, -36.8580846 ], [ 174.7301762, -36.8580879 ], [ 174.7299616, -36.85829 ] ] ], [ [ [ 174.7444557, -36.8518822 ], [ 174.7444534, -36.852135 ], [ 174.7443114, -36.8521513 ], [ 174.7444044, -36.8527681 ], [ 174.7446398, -36.8527474 ], [ 174.7446733, -36.8529516 ], [ 174.7450926, -36.8529107 ], [ 174.7447506, -36.8518528 ], [ 174.7444557, -36.8518822 ] ] ], [ [ [ 174.7445453, -36.8512143 ], [ 174.7442293, -36.8512464 ], [ 174.7443212, -36.8518044 ], [ 174.7447049, -36.8517661 ], [ 174.7447176, -36.851751 ], [ 174.7445453, -36.8512143 ] ] ], [ [ [ 174.7445114, -36.8511089 ], [ 174.7443733, -36.8506798 ], [ 174.7440288, -36.8507097 ], [ 174.7440898, -36.8509128 ], [ 174.7439106, -36.8509299 ], [ 174.7439494, -36.8511922 ], [ 174.7444664, -36.8511392 ], [ 174.7445114, -36.8511089 ] ] ], [ [ [ 174.7437174, -36.850072 ], [ 174.7437379, -36.8500701 ], [ 174.7437709, -36.8502997 ], [ 174.7438965, -36.8502884 ], [ 174.7439772, -36.8505308 ], [ 174.7443172, -36.8505034 ], [ 174.7441299, -36.8499213 ], [ 174.7436869, -36.8499625 ], [ 174.7437174, -36.850072 ] ] ], [ [ [ 174.7448451, -36.8500324 ], [ 174.7447757, -36.8498744 ], [ 174.7447087, -36.8496637 ], [ 174.7450178, -36.8496334 ], [ 174.744935, -36.8493656 ], [ 174.7446271, -36.8493921 ], [ 174.7445511, -36.8491579 ], [ 174.7442222, -36.8491876 ], [ 174.7442138, -36.8491973 ], [ 174.7446021, -36.8504037 ], [ 174.7450447, -36.8503238 ], [ 174.7450052, -36.8501913 ], [ 174.7448864, -36.8502027 ], [ 174.7448451, -36.8500324 ] ] ], [ [ [ 174.7443475, -36.8486859 ], [ 174.7440555, -36.8487126 ], [ 174.7441707, -36.8490692 ], [ 174.7443947, -36.8490483 ], [ 174.7443475, -36.8486859 ] ] ], [ [ [ 174.743847, -36.8491219 ], [ 174.7438631, -36.8491005 ], [ 174.7436955, -36.8485847 ], [ 174.7433831, -36.8486079 ], [ 174.7434111, -36.8488474 ], [ 174.7434342, -36.8489523 ], [ 174.7434736, -36.848949 ], [ 174.7434996, -36.8491507 ], [ 174.743847, -36.8491219 ] ] ], [ [ [ 174.7443338, -36.8485947 ], [ 174.744315, -36.848419 ], [ 174.7444792, -36.848407 ], [ 174.7445297, -36.8482236 ], [ 174.7444361, -36.8481999 ], [ 174.74451, -36.8479409 ], [ 174.7445546, -36.8475418 ], [ 174.7442965, -36.8475234 ], [ 174.7442757, -36.8475355 ], [ 174.7439924, -36.8485263 ], [ 174.7440259, -36.8486228 ], [ 174.7443338, -36.8485947 ] ] ], [ [ [ 174.7432502, -36.8475484 ], [ 174.7435878, -36.8476061 ], [ 174.7434276, -36.8481502 ], [ 174.7430953, -36.8480937 ], [ 174.7430711, -36.8481841 ], [ 174.7433365, -36.8482253 ], [ 174.7433559, -36.8484282 ], [ 174.7437126, -36.8484014 ], [ 174.7440067, -36.8473741 ], [ 174.7434247, -36.8470205 ], [ 174.7433867, -36.8470638 ], [ 174.7432502, -36.8475484 ] ] ], [ [ [ 174.7430866, -36.8475069 ], [ 174.7432535, -36.8469159 ], [ 174.7422292, -36.8462897 ], [ 174.7420223, -36.8465086 ], [ 174.7429319, -36.8470689 ], [ 174.7429093, -36.8470918 ], [ 174.7429925, -36.8472971 ], [ 174.7428987, -36.8473925 ], [ 174.7430866, -36.8475069 ] ] ], [ [ [ 174.7448898, -36.8465997 ], [ 174.7446439, -36.8464112 ], [ 174.7445625, -36.846474 ], [ 174.7443158, -36.8462879 ], [ 174.7436191, -36.8468288 ], [ 174.7441673, -36.8471637 ], [ 174.7448898, -36.8465997 ] ] ], [ [ [ 174.7416618, -36.8462932 ], [ 174.7418852, -36.8464291 ], [ 174.7420917, -36.8462101 ], [ 174.7418683, -36.8460742 ], [ 174.7416618, -36.8462932 ] ] ], [ [ [ 174.735097, -36.8453328 ], [ 174.735917, -36.8452564 ], [ 174.7358124, -36.8449273 ], [ 174.7353754, -36.8450079 ], [ 174.7350032, -36.8450473 ], [ 174.735097, -36.8453328 ] ] ], [ [ [ 174.4499596, -36.6770468 ], [ 174.4498341, -36.6775497 ], [ 174.450297, -36.6776201 ], [ 174.4504393, -36.6769866 ], [ 174.4501834, -36.6769528 ], [ 174.4501641, -36.6770384 ], [ 174.450098, -36.6770288 ], [ 174.4501172, -36.676944 ], [ 174.4500446, -36.6769344 ], [ 174.4500271, -36.6770184 ], [ 174.4499596, -36.6770468 ] ] ], [ [ [ 174.7514591, -36.87513 ], [ 174.7513965, -36.8753325 ], [ 174.7513604, -36.8753244 ], [ 174.7511583, -36.8759368 ], [ 174.7514932, -36.8760079 ], [ 174.7515997, -36.8756774 ], [ 174.7518522, -36.8757312 ], [ 174.7519446, -36.8754502 ], [ 174.7517942, -36.8754164 ], [ 174.7520066, -36.8747754 ], [ 174.7515937, -36.8746882 ], [ 174.7514505, -36.8751265 ], [ 174.7514591, -36.87513 ] ], [ [ 174.7511593, -36.8759362 ], [ 174.7513192, -36.8754536 ], [ 174.7516032, -36.8755137 ], [ 174.7515544, -36.8756646 ], [ 174.7515758, -36.8756691 ], [ 174.7514652, -36.8760013 ], [ 174.7511593, -36.8759362 ] ] ], [ [ [ 174.7511027, -36.8744429 ], [ 174.7507143, -36.874704 ], [ 174.7507844, -36.8747714 ], [ 174.7507362, -36.874912 ], [ 174.7506525, -36.8748943 ], [ 174.7505232, -36.8752887 ], [ 174.7510779, -36.8753989 ], [ 174.7513232, -36.8746529 ], [ 174.7511027, -36.8744429 ] ] ], [ [ [ 174.7458688, -36.872019 ], [ 174.746251, -36.8719514 ], [ 174.7468452, -36.8718791 ], [ 174.7467978, -36.8717118 ], [ 174.7451152, -36.8720123 ], [ 174.7448843, -36.8723114 ], [ 174.7452761, -36.8721783 ], [ 174.745633, -36.8720739 ], [ 174.7458688, -36.872019 ] ] ], [ [ [ 174.7524838, -36.8597155 ], [ 174.7508571, -36.858831 ], [ 174.7505711, -36.8590123 ], [ 174.7508117, -36.8592609 ], [ 174.7508716, -36.8592234 ], [ 174.7517966, -36.8598586 ], [ 174.7520756, -36.860083 ], [ 174.7524888, -36.8597546 ], [ 174.7524838, -36.8597155 ] ] ], [ [ [ 174.749284, -36.8579769 ], [ 174.7490399, -36.8581297 ], [ 174.7492822, -36.8583801 ], [ 174.7493002, -36.8583689 ], [ 174.7503319, -36.8589293 ], [ 174.7506602, -36.8587244 ], [ 174.749284, -36.8579769 ] ] ], [ [ [ 174.7480915, -36.8582664 ], [ 174.7480981, -36.858327 ], [ 174.7481445, -36.858375 ], [ 174.7483487, -36.8582477 ], [ 174.7480915, -36.8582664 ] ] ], [ [ [ 174.7483477, -36.8577938 ], [ 174.7483779, -36.8580636 ], [ 174.7486783, -36.8580418 ], [ 174.7490158, -36.857831 ], [ 174.7482815, -36.8574324 ], [ 174.748031, -36.8577294 ], [ 174.7483477, -36.8577938 ] ] ], [ [ [ 174.748094, -36.8573306 ], [ 174.7473571, -36.8569303 ], [ 174.7473377, -36.8569333 ], [ 174.7472406, -36.8570489 ], [ 174.7479202, -36.8574167 ], [ 174.7477176, -36.8576643 ], [ 174.747799, -36.8576814 ], [ 174.748094, -36.8573306 ] ] ], [ [ [ 174.7491778, -36.8576208 ], [ 174.7493467, -36.8572758 ], [ 174.747495, -36.8562712 ], [ 174.7471294, -36.8563967 ], [ 174.7470609, -36.8564713 ], [ 174.7491778, -36.8576208 ] ] ], [ [ [ 174.7471586, -36.8568225 ], [ 174.7466796, -36.8565624 ], [ 174.7464429, -36.8566823 ], [ 174.7465945, -36.8568757 ], [ 174.7465108, -36.856975 ], [ 174.7465251, -36.8569931 ], [ 174.7468615, -36.8571755 ], [ 174.7471586, -36.8568225 ] ] ], [ [ [ 174.7465687, -36.8563271 ], [ 174.7464041, -36.8559657 ], [ 174.7458337, -36.8561454 ], [ 174.7460321, -36.8565987 ], [ 174.7465687, -36.8563271 ] ] ], [ [ [ 174.746332, -36.8558129 ], [ 174.7461358, -36.8553748 ], [ 174.7456944, -36.8554216 ], [ 174.7457282, -36.8556851 ], [ 174.7457671, -36.8556738 ], [ 174.7458944, -36.8559496 ], [ 174.746332, -36.8558129 ] ] ], [ [ [ 174.747095, -36.8558832 ], [ 174.7472105, -36.8558493 ], [ 174.7471632, -36.8557449 ], [ 174.7470512, -36.855777 ], [ 174.7467439, -36.8550939 ], [ 174.7466897, -36.8551099 ], [ 174.7465933, -36.8548908 ], [ 174.7463068, -36.8550289 ], [ 174.7468494, -36.856224 ], [ 174.7471957, -36.8561051 ], [ 174.747095, -36.8558832 ] ] ], [ [ [ 174.7459617, -36.8549905 ], [ 174.7459434, -36.8549779 ], [ 174.7455983, -36.855009 ], [ 174.7456236, -36.8552267 ], [ 174.7456106, -36.8552283 ], [ 174.7456192, -36.8553041 ], [ 174.7460874, -36.8552705 ], [ 174.7459617, -36.8549905 ] ] ], [ [ [ 174.745193, -36.8543535 ], [ 174.7452295, -36.8546277 ], [ 174.7454543, -36.8546083 ], [ 174.7455206, -36.8547777 ], [ 174.7455394, -36.854876 ], [ 174.745898, -36.8548437 ], [ 174.7456573, -36.8543108 ], [ 174.745193, -36.8543535 ] ] ], [ [ [ 174.7462073, -36.8547953 ], [ 174.7465071, -36.8546446 ], [ 174.7463902, -36.8543842 ], [ 174.7462532, -36.8543035 ], [ 174.7461637, -36.8541703 ], [ 174.745968, -36.8542713 ], [ 174.7462073, -36.8547953 ] ] ], [ [ [ 174.7460011, -36.8536939 ], [ 174.7460831, -36.8536676 ], [ 174.745967, -36.8534026 ], [ 174.7456497, -36.8535652 ], [ 174.7458895, -36.8540964 ], [ 174.7461255, -36.8539747 ], [ 174.7460011, -36.8536939 ] ] ], [ [ [ 174.7455659, -36.8541833 ], [ 174.7455882, -36.8541544 ], [ 174.7452463, -36.8533928 ], [ 174.7451489, -36.8530904 ], [ 174.7447029, -36.8531327 ], [ 174.7447373, -36.8533374 ], [ 174.7444898, -36.8533598 ], [ 174.7445785, -36.853981 ], [ 174.745006, -36.8539404 ], [ 174.7451315, -36.8542233 ], [ 174.7455659, -36.8541833 ] ] ], [ [ [ 174.7455985, -36.852216 ], [ 174.7455817, -36.8522184 ], [ 174.7455674, -36.8521546 ], [ 174.7451826, -36.8522074 ], [ 174.745543, -36.853327 ], [ 174.745884, -36.8531524 ], [ 174.7457461, -36.8527357 ], [ 174.7457891, -36.8527281 ], [ 174.7457633, -36.852654 ], [ 174.745723, -36.8526593 ], [ 174.7456474, -36.8524329 ], [ 174.7455985, -36.852216 ] ] ], [ [ [ 174.7453476, -36.8515367 ], [ 174.7449886, -36.8515924 ], [ 174.7451785, -36.8521948 ], [ 174.7455486, -36.8521439 ], [ 174.7453476, -36.8515367 ] ] ], [ [ [ 174.7453181, -36.851446 ], [ 174.7451281, -36.8508572 ], [ 174.7450967, -36.8505166 ], [ 174.7450531, -36.8503485 ], [ 174.74461, -36.8504283 ], [ 174.7449539, -36.8514973 ], [ 174.7453181, -36.851446 ] ] ], [ [ [ 174.7465101, -36.8476883 ], [ 174.7466687, -36.847444 ], [ 174.7457735, -36.8470524 ], [ 174.7453047, -36.8469998 ], [ 174.7452474, -36.8470528 ], [ 174.7452512, -36.8470175 ], [ 174.744699, -36.8471921 ], [ 174.7451388, -36.8470524 ], [ 174.7448917, -36.8468503 ], [ 174.7443387, -36.8472816 ], [ 174.7446836, -36.8473051 ], [ 174.7458022, -36.8473834 ], [ 174.7465101, -36.8476883 ] ] ], [ [ [ 174.7456358, -36.7176142 ], [ 174.745558, -36.7175873 ], [ 174.7455107, -36.7175901 ], [ 174.7454419, -36.7175755 ], [ 174.7448453, -36.7175578 ], [ 174.7444098, -36.7175739 ], [ 174.7440357, -36.7175357 ], [ 174.7436958, -36.7175326 ], [ 174.7436988, -36.7173279 ], [ 174.7436157, -36.717283 ], [ 174.7433703, -36.7171995 ], [ 174.7433323, -36.7171911 ], [ 174.7430866, -36.7171888 ], [ 174.7430586, -36.7191355 ], [ 174.7431727, -36.7191252 ], [ 174.7436778, -36.718774 ], [ 174.7436844, -36.7183225 ], [ 174.7439732, -36.7183252 ], [ 174.7440179, -36.7180953 ], [ 174.7458372, -36.7181142 ], [ 174.7458806, -36.7177859 ], [ 174.7457245, -36.7176595 ], [ 174.7456358, -36.7176142 ] ] ], [ [ [ 174.7418576, -36.7185525 ], [ 174.7428421, -36.7185615 ], [ 174.7428589, -36.7173782 ], [ 174.7418743, -36.7173692 ], [ 174.7418576, -36.7185525 ] ] ], [ [ [ 174.7435713, -36.7171933 ], [ 174.7436579, -36.7172217 ], [ 174.7436999, -36.7172488 ], [ 174.7437006, -36.7171945 ], [ 174.7435713, -36.7171933 ] ] ], [ [ [ 174.7483552, -36.7157207 ], [ 174.748341, -36.7167175 ], [ 174.7488579, -36.7167223 ], [ 174.7488721, -36.7157254 ], [ 174.7483552, -36.7157207 ] ] ], [ [ [ 174.8452458, -36.9460813 ], [ 174.8452008, -36.9459416 ], [ 174.8450083, -36.9457395 ], [ 174.8447364, -36.9459063 ], [ 174.8448851, -36.9460605 ], [ 174.8449116, -36.946145 ], [ 174.8452458, -36.9460813 ] ] ], [ [ [ 174.8442798, -36.9458407 ], [ 174.844488, -36.9460586 ], [ 174.8450083, -36.9457395 ], [ 174.8448004, -36.9455213 ], [ 174.8442798, -36.9458407 ] ] ], [ [ [ 174.8438363, -36.944961 ], [ 174.8438636, -36.9449444 ], [ 174.8439402, -36.9450246 ], [ 174.8436629, -36.9451947 ], [ 174.8440371, -36.9455866 ], [ 174.8442873, -36.9454333 ], [ 174.8443924, -36.9455434 ], [ 174.8446632, -36.9453773 ], [ 174.8439, -36.9445766 ], [ 174.8436283, -36.9447432 ], [ 174.8438363, -36.944961 ] ] ], [ [ [ 174.8442254, -36.9441282 ], [ 174.8441952, -36.9441358 ], [ 174.8441198, -36.9438797 ], [ 174.8436421, -36.9439769 ], [ 174.8436236, -36.9439882 ], [ 174.8448897, -36.9453168 ], [ 174.8449992, -36.9452875 ], [ 174.8449081, -36.9449992 ], [ 174.8446294, -36.9447801 ], [ 174.8445293, -36.9446784 ], [ 174.8445532, -36.9446637 ], [ 174.8442254, -36.9441282 ] ] ], [ [ [ 174.8428123, -36.9434363 ], [ 174.8427642, -36.943431 ], [ 174.8423772, -36.9436667 ], [ 174.8429211, -36.9442477 ], [ 174.8428859, -36.9442695 ], [ 174.8430376, -36.9444272 ], [ 174.843175, -36.9443619 ], [ 174.8434342, -36.9446341 ], [ 174.8437628, -36.9444325 ], [ 174.8428123, -36.9434363 ] ] ], [ [ [ 174.8435346, -36.943498 ], [ 174.8433131, -36.9432737 ], [ 174.8430007, -36.9433358 ], [ 174.8434881, -36.9438469 ], [ 174.8436342, -36.9437606 ], [ 174.8434793, -36.9435093 ], [ 174.8435346, -36.943498 ] ] ], [ [ [ 174.842413, -36.9427205 ], [ 174.84284, -36.9431669 ], [ 174.8428724, -36.943176 ], [ 174.8432621, -36.9430986 ], [ 174.8431971, -36.9428548 ], [ 174.8429779, -36.9428984 ], [ 174.8428919, -36.9426207 ], [ 174.842413, -36.9427205 ] ] ], [ [ [ 174.8426336, -36.9432487 ], [ 174.8417118, -36.9422813 ], [ 174.8416708, -36.9422794 ], [ 174.8414242, -36.9424181 ], [ 174.8415989, -36.9426012 ], [ 174.8414108, -36.9427198 ], [ 174.8422017, -36.943546 ], [ 174.8426271, -36.943287 ], [ 174.8426336, -36.9432487 ] ] ], [ [ [ 174.8421034, -36.9419166 ], [ 174.8419976, -36.9418059 ], [ 174.8416322, -36.9418769 ], [ 174.8416247, -36.9418938 ], [ 174.842285, -36.9425837 ], [ 174.842577, -36.9425227 ], [ 174.8424974, -36.9422738 ], [ 174.8425417, -36.9422469 ], [ 174.842514, -36.9421448 ], [ 174.8423736, -36.9419986 ], [ 174.8421462, -36.9421396 ], [ 174.8419969, -36.9419828 ], [ 174.8421034, -36.9419166 ] ] ], [ [ [ 174.8415582, -36.9421309 ], [ 174.8407881, -36.9413226 ], [ 174.8404313, -36.941542 ], [ 174.8411864, -36.9423261 ], [ 174.8415582, -36.9421309 ] ] ], [ [ [ 174.8410353, -36.9412149 ], [ 174.8410284, -36.941231 ], [ 174.8412792, -36.9414938 ], [ 174.8413052, -36.9414778 ], [ 174.8415735, -36.941759 ], [ 174.8419009, -36.9416936 ], [ 174.8413954, -36.9411413 ], [ 174.8410353, -36.9412149 ] ] ], [ [ [ 174.932047, -36.8957671 ], [ 174.9321775, -36.8959059 ], [ 174.9322562, -36.8960695 ], [ 174.9322766, -36.8962221 ], [ 174.9322421, -36.8965608 ], [ 174.9322703, -36.8966686 ], [ 174.9323181, -36.896752 ], [ 174.9329309, -36.896658 ], [ 174.9327832, -36.8958403 ], [ 174.9326761, -36.8958527 ], [ 174.932654, -36.8957285 ], [ 174.9325415, -36.895746 ], [ 174.9324961, -36.8955463 ], [ 174.9324836, -36.8954079 ], [ 174.9320199, -36.8957154 ], [ 174.932047, -36.8957671 ] ] ], [ [ [ 174.9336407, -36.8960919 ], [ 174.9341679, -36.8960079 ], [ 174.9340947, -36.8953836 ], [ 174.9335664, -36.8954083 ], [ 174.9335051, -36.8954768 ], [ 174.9336407, -36.8960919 ] ] ], [ [ [ 174.9303664, -36.8945571 ], [ 174.9305435, -36.8946908 ], [ 174.9305864, -36.894652 ], [ 174.9317595, -36.895537 ], [ 174.9319278, -36.8955414 ], [ 174.9320533, -36.8954582 ], [ 174.9314068, -36.8950021 ], [ 174.9307574, -36.8944974 ], [ 174.93094, -36.8943325 ], [ 174.9299876, -36.8936524 ], [ 174.9296709, -36.8942499 ], [ 174.9297284, -36.8943421 ], [ 174.9303664, -36.8945571 ] ] ], [ [ [ 174.9314548, -36.8929468 ], [ 174.9309934, -36.8926135 ], [ 174.93094, -36.8925955 ], [ 174.9307566, -36.8927133 ], [ 174.9304429, -36.8925008 ], [ 174.9304292, -36.892513 ], [ 174.9307402, -36.8927237 ], [ 174.930397, -36.8930293 ], [ 174.9308963, -36.8933907 ], [ 174.9309757, -36.8933868 ], [ 174.9314548, -36.8929468 ] ] ], [ [ [ 174.7621772, -36.8858019 ], [ 174.7622869, -36.8858222 ], [ 174.762387, -36.8858407 ], [ 174.7621772, -36.8858019 ] ] ], [ [ [ 174.7606973, -36.8857951 ], [ 174.7606972, -36.8857951 ], [ 174.7606828, -36.8858388 ], [ 174.7606973, -36.8857951 ] ] ], [ [ [ 174.7605387, -36.8857606 ], [ 174.7605187, -36.8857565 ], [ 174.7606271, -36.8857799 ], [ 174.7605387, -36.8857606 ] ] ], [ [ [ 174.7624801, -36.8816487 ], [ 174.7625005, -36.8818305 ], [ 174.7626366, -36.8818206 ], [ 174.7626574, -36.8820047 ], [ 174.7627464, -36.8819982 ], [ 174.7627625, -36.8821336 ], [ 174.7629058, -36.8821226 ], [ 174.7628462, -36.8816206 ], [ 174.7624801, -36.8816487 ] ] ], [ [ [ 174.7967876, -36.8305528 ], [ 174.7966396, -36.8308019 ], [ 174.7965353, -36.8307619 ], [ 174.7958892, -36.8318754 ], [ 174.7963786, -36.831973 ], [ 174.796411, -36.8318679 ], [ 174.7966228, -36.8319101 ], [ 174.7973009, -36.830752 ], [ 174.7967876, -36.8305528 ] ] ], [ [ [ 174.7960084, -36.8302499 ], [ 174.7958629, -36.8305 ], [ 174.7964122, -36.8307104 ], [ 174.7965567, -36.830464 ], [ 174.7960084, -36.8302499 ] ] ], [ [ [ 174.7967112, -36.8293831 ], [ 174.7965042, -36.8297545 ], [ 174.7971752, -36.8300288 ], [ 174.79696, -36.8304186 ], [ 174.7973921, -36.8305862 ], [ 174.7975784, -36.8302785 ], [ 174.7975951, -36.8296877 ], [ 174.7975339, -36.8296875 ], [ 174.7967773, -36.8293649 ], [ 174.7967112, -36.8293831 ] ] ], [ [ [ 174.7975893, -36.8289943 ], [ 174.7974415, -36.828827 ], [ 174.7972387, -36.8289828 ], [ 174.7971661, -36.8289515 ], [ 174.7969694, -36.82892 ], [ 174.7968245, -36.8291784 ], [ 174.7975919, -36.8295073 ], [ 174.7976027, -36.8290764 ], [ 174.7975893, -36.8289943 ] ] ], [ [ [ 174.748388, -36.7169493 ], [ 174.748625, -36.7173857 ], [ 174.7490212, -36.7171663 ], [ 174.7490247, -36.7169052 ], [ 174.7484288, -36.7168996 ], [ 174.748388, -36.7169493 ] ] ], [ [ [ 174.7488748, -36.7155442 ], [ 174.7488916, -36.7143603 ], [ 174.7489058, -36.7143605 ], [ 174.7489388, -36.7139985 ], [ 174.7489222, -36.7139963 ], [ 174.748964, -36.7135396 ], [ 174.7490653, -36.7135532 ], [ 174.7491008, -36.7131671 ], [ 174.7489354, -36.7131434 ], [ 174.748744, -36.713228 ], [ 174.748662, -36.7133097 ], [ 174.7485969, -36.7134903 ], [ 174.7483716, -36.7145783 ], [ 174.7483579, -36.7155394 ], [ 174.7488748, -36.7155442 ] ] ] ] } },
{ "type": "Feature", "properties": { "category": "13m*" }, "geometry": { "type": "MultiPolygon", "coordinates": [ [ [ [ 174.7494923, -36.8803794 ], [ 174.7490406, -36.8802831 ], [ 174.7489851, -36.8804516 ], [ 174.7494377, -36.8805482 ], [ 174.7494923, -36.8803794 ] ] ], [ [ [ 174.7510676, -36.8796035 ], [ 174.7500633, -36.8793921 ], [ 174.7496991, -36.8805286 ], [ 174.7507338, -36.8807465 ], [ 174.7508981, -36.8802408 ], [ 174.7508631, -36.8802334 ], [ 174.7510676, -36.8796035 ] ] ], [ [ [ 174.7493591, -36.8798038 ], [ 174.7491124, -36.8797519 ], [ 174.7490022, -36.8800873 ], [ 174.749549, -36.880204 ], [ 174.7497701, -36.8795158 ], [ 174.7494725, -36.8794532 ], [ 174.7493591, -36.8798038 ] ] ], [ [ [ 174.7501923, -36.8789341 ], [ 174.7501026, -36.8792129 ], [ 174.750546, -36.8793061 ], [ 174.7506972, -36.8788541 ], [ 174.7502709, -36.8787638 ], [ 174.7502146, -36.8789388 ], [ 174.7501923, -36.8789341 ] ] ], [ [ [ 174.7502061, -36.8781603 ], [ 174.7501829, -36.8781555 ], [ 174.7502257, -36.8780226 ], [ 174.7502488, -36.8780274 ], [ 174.7503352, -36.8777618 ], [ 174.7503121, -36.8777569 ], [ 174.7504526, -36.8773326 ], [ 174.7499822, -36.8772339 ], [ 174.7494519, -36.8788802 ], [ 174.7495112, -36.8788925 ], [ 174.7493926, -36.8792482 ], [ 174.7498061, -36.8793349 ], [ 174.7498493, -36.8791995 ], [ 174.7498724, -36.8792044 ], [ 174.750036, -36.8786922 ], [ 174.7500129, -36.8786874 ], [ 174.7500553, -36.8785544 ], [ 174.7500784, -36.8785592 ], [ 174.7502061, -36.8781603 ] ] ], [ [ [ 174.7505851, -36.8777188 ], [ 174.7505465, -36.8778384 ], [ 174.7505696, -36.8778434 ], [ 174.7504911, -36.8780853 ], [ 174.7512831, -36.8782563 ], [ 174.7513783, -36.8779649 ], [ 174.7514287, -36.8779346 ], [ 174.7514689, -36.8779431 ], [ 174.7514779, -36.8779151 ], [ 174.7516161, -36.8779443 ], [ 174.7517418, -36.8775595 ], [ 174.7513306, -36.8774728 ], [ 174.75131, -36.8775363 ], [ 174.7507099, -36.8774091 ], [ 174.7506083, -36.8777237 ], [ 174.7505851, -36.8777188 ] ] ], [ [ [ 174.7795357, -36.8541342 ], [ 174.7794715, -36.8541576 ], [ 174.7793195, -36.8539149 ], [ 174.7793802, -36.8538919 ], [ 174.7791793, -36.853566 ], [ 174.7788762, -36.8536828 ], [ 174.7788965, -36.853675 ], [ 174.7788862, -36.8536989 ], [ 174.7793887, -36.8545138 ], [ 174.7796967, -36.8543955 ], [ 174.7795357, -36.8541342 ] ] ], [ [ [ 174.7799354, -36.8531609 ], [ 174.7798283, -36.8529799 ], [ 174.7795186, -36.8530959 ], [ 174.7793965, -36.8528985 ], [ 174.7797116, -36.8527833 ], [ 174.779644, -36.8526701 ], [ 174.7790149, -36.8528994 ], [ 174.7793279, -36.8534096 ], [ 174.7799243, -36.8531806 ], [ 174.7799354, -36.8531609 ] ] ], [ [ [ 174.781904, -36.8584287 ], [ 174.7823001, -36.8589416 ], [ 174.7823294, -36.8589271 ], [ 174.7824483, -36.8590808 ], [ 174.7822877, -36.8591607 ], [ 174.7828552, -36.8592088 ], [ 174.7828664, -36.8591186 ], [ 174.7828544, -36.8590857 ], [ 174.7818615, -36.8578009 ], [ 174.7815439, -36.8579627 ], [ 174.7818138, -36.8583122 ], [ 174.7817018, -36.8583681 ], [ 174.7817919, -36.8584847 ], [ 174.781904, -36.8584287 ] ] ], [ [ [ 174.7811192, -36.8566908 ], [ 174.7807669, -36.8568307 ], [ 174.7812174, -36.857549 ], [ 174.7812534, -36.8575344 ], [ 174.7814539, -36.8577939 ], [ 174.7817427, -36.857647 ], [ 174.781617, -36.8574844 ], [ 174.7811192, -36.8566908 ] ] ], [ [ [ 174.7826029, -36.8577943 ], [ 174.7824066, -36.8578307 ], [ 174.7823533, -36.8576646 ], [ 174.7826253, -36.8576139 ], [ 174.7826555, -36.8573707 ], [ 174.7822421, -36.8574143 ], [ 174.7822173, -36.8572622 ], [ 174.7822677, -36.8572569 ], [ 174.7821956, -36.8569049 ], [ 174.7823386, -36.8569141 ], [ 174.7823095, -36.8568181 ], [ 174.7822195, -36.856628 ], [ 174.7821048, -36.8564279 ], [ 174.7820824, -36.8563467 ], [ 174.7816814, -36.8565165 ], [ 174.781568, -36.8563336 ], [ 174.7816042, -36.8563178 ], [ 174.781509, -36.8561567 ], [ 174.7814978, -36.8561613 ], [ 174.7813894, -36.85599 ], [ 174.7810275, -36.8561404 ], [ 174.78176, -36.8573101 ], [ 174.7819326, -36.857553 ], [ 174.7823573, -36.8580997 ], [ 174.7825697, -36.8580621 ], [ 174.7826029, -36.8577943 ] ] ], [ [ [ 174.7805413, -36.8565741 ], [ 174.7805954, -36.8565526 ], [ 174.7807184, -36.8567487 ], [ 174.781067, -36.856609 ], [ 174.7802441, -36.8552728 ], [ 174.7799357, -36.8553867 ], [ 174.7800353, -36.8555497 ], [ 174.7799328, -36.8555874 ], [ 174.7804241, -36.8563763 ], [ 174.7803444, -36.8564081 ], [ 174.7804043, -36.8565056 ], [ 174.780481, -36.8564749 ], [ 174.7805413, -36.8565741 ] ] ], [ [ [ 174.7813032, -36.8559618 ], [ 174.7806384, -36.8548843 ], [ 174.7803218, -36.8550004 ], [ 174.7809969, -36.8560913 ], [ 174.7813032, -36.8559618 ] ] ], [ [ [ 174.779883, -36.8553065 ], [ 174.780195, -36.8551912 ], [ 174.7798893, -36.8547043 ], [ 174.7798444, -36.8547219 ], [ 174.7796868, -36.8544665 ], [ 174.779421, -36.8545618 ], [ 174.7795318, -36.8547336 ], [ 174.7796976, -36.8548774 ], [ 174.7798467, -36.8551251 ], [ 174.779883, -36.8553065 ] ] ], [ [ [ 174.7800213, -36.8545186 ], [ 174.7802685, -36.8549078 ], [ 174.7802961, -36.8549154 ], [ 174.7808855, -36.8546874 ], [ 174.7807369, -36.8544446 ], [ 174.7804341, -36.8545635 ], [ 174.7803302, -36.8543967 ], [ 174.7800213, -36.8545186 ] ] ], [ [ [ 174.7796596, -36.8533827 ], [ 174.7793784, -36.853491 ], [ 174.7797346, -36.854061 ], [ 174.7803753, -36.8538144 ], [ 174.7800286, -36.8532407 ], [ 174.779888, -36.8532948 ], [ 174.7800811, -36.853621 ], [ 174.7800212, -36.8536438 ], [ 174.7800072, -36.85362 ], [ 174.7799596, -36.8536379 ], [ 174.779929, -36.8536498 ], [ 174.7799431, -36.8536735 ], [ 174.7798614, -36.8537056 ], [ 174.7796596, -36.8533827 ] ] ] ] } },
{ "type": "Feature", "properties": { "category": "15m" }, "geometry": { "type": "MultiPolygon", "coordinates": [ [ [ [ 174.7582912, -36.7819513 ], [ 174.7582366, -36.7823849 ], [ 174.7595433, -36.7813674 ], [ 174.759456, -36.7812644 ], [ 174.7593712, -36.7811149 ], [ 174.7593284, -36.7809871 ], [ 174.7593106, -36.7808181 ], [ 174.7593142, -36.7804875 ], [ 174.7592928, -36.7804486 ], [ 174.7592018, -36.7803725 ], [ 174.7589647, -36.7805571 ], [ 174.7585332, -36.780521 ], [ 174.7585043, -36.7806374 ], [ 174.7582912, -36.7819513 ] ] ], [ [ [ 174.7562266, -36.7801869 ], [ 174.756849, -36.7796141 ], [ 174.7563737, -36.7792843 ], [ 174.7549844, -36.7805799 ], [ 174.7547048, -36.7808652 ], [ 174.754507, -36.781122 ], [ 174.7544348, -36.781265 ], [ 174.7542518, -36.7814357 ], [ 174.7544253, -36.7815517 ], [ 174.7545975, -36.7816413 ], [ 174.7551308, -36.7811734 ], [ 174.7552393, -36.7804706 ], [ 174.7554482, -36.7802708 ], [ 174.7559521, -36.7803313 ], [ 174.7559786, -36.7801599 ], [ 174.7562266, -36.7801869 ] ] ] ] } },
{ "type": "Feature", "properties": { "category": "16m*" }, "geometry": { "type": "Polygon", "coordinates": [ [ [ 174.7849958, -36.9166027 ], [ 174.7849358, -36.9162428 ], [ 174.7846126, -36.9162709 ], [ 174.7849025, -36.9184337 ], [ 174.7852244, -36.9184075 ], [ 174.7852052, -36.9182595 ], [ 174.7853114, -36.9182507 ], [ 174.7852946, -36.9181259 ], [ 174.7851878, -36.9181349 ], [ 174.7850197, -36.9168767 ], [ 174.7853444, -36.916849 ], [ 174.785332, -36.9167578 ], [ 174.7850106, -36.916784 ], [ 174.7849958, -36.9166027 ] ] ] } },
{ "type": "Feature", "properties": { "category": "18m" }, "geometry": { "type": "MultiPolygon", "coordinates": [ [ [ [ 174.7316639, -36.8814504 ], [ 174.731218, -36.8817911 ], [ 174.7317617, -36.8824763 ], [ 174.7323127, -36.8819514 ], [ 174.7320567, -36.8817767 ], [ 174.7319425, -36.8816378 ], [ 174.7319138, -36.8816359 ], [ 174.7318651, -36.8815819 ], [ 174.7317935, -36.8816138 ], [ 174.7316639, -36.8814504 ] ] ], [ [ [ 174.7476318, -36.7177619 ], [ 174.748089, -36.7176726 ], [ 174.7481283, -36.7176411 ], [ 174.7483229, -36.7175784 ], [ 174.748348, -36.7173284 ], [ 174.7481805, -36.7170204 ], [ 174.7479455, -36.7168951 ], [ 174.745581, -36.7168736 ], [ 174.7455718, -36.7175033 ], [ 174.7456009, -36.7175048 ], [ 174.7456017, -36.7174465 ], [ 174.7460869, -36.7178441 ], [ 174.746274, -36.7179109 ], [ 174.7471451, -36.717812 ], [ 174.7471548, -36.7178632 ], [ 174.7475124, -36.7177982 ], [ 174.7476318, -36.7177619 ] ] ], [ [ [ 174.7476043, -36.7167107 ], [ 174.7480682, -36.716715 ], [ 174.74808, -36.7158842 ], [ 174.7481278, -36.7158847 ], [ 174.7481302, -36.7157185 ], [ 174.7476185, -36.7157138 ], [ 174.7476043, -36.7167107 ] ] ], [ [ [ 174.7468792, -36.7162055 ], [ 174.7468798, -36.7161643 ], [ 174.7475096, -36.7161701 ], [ 174.7475162, -36.7157128 ], [ 174.7456265, -36.7156955 ], [ 174.74562, -36.7161535 ], [ 174.7466698, -36.7161631 ], [ 174.7466692, -36.7162036 ], [ 174.7460394, -36.7161979 ], [ 174.7460388, -36.7162384 ], [ 174.7456188, -36.7162346 ], [ 174.7456123, -36.7166925 ], [ 174.7475019, -36.7167097 ], [ 174.7475082, -36.7162524 ], [ 174.7470883, -36.7162486 ], [ 174.7470891, -36.7162075 ], [ 174.7468792, -36.7162055 ] ] ], [ [ [ 174.7475258, -36.7150329 ], [ 174.7471058, -36.7150291 ], [ 174.7470987, -36.7155276 ], [ 174.7475187, -36.7155314 ], [ 174.7475258, -36.7150329 ] ] ], [ [ [ 174.7475281, -36.7148668 ], [ 174.7476304, -36.7148677 ], [ 174.7476211, -36.7155233 ], [ 174.7480851, -36.7155276 ], [ 174.7480991, -36.7145397 ], [ 174.7472152, -36.7145315 ], [ 174.7472093, -36.7149476 ], [ 174.7475269, -36.7149505 ], [ 174.7475281, -36.7148668 ] ] ], [ [ [ 174.7482564, -36.714032 ], [ 174.7483142, -36.7137529 ], [ 174.7482671, -36.7137464 ], [ 174.7483533, -36.7133287 ], [ 174.7471919, -36.7136987 ], [ 174.7470342, -36.7136635 ], [ 174.747032, -36.7138285 ], [ 174.7466441, -36.713825 ], [ 174.7466541, -36.7137961 ], [ 174.7463322, -36.713724 ], [ 174.7464089, -36.7136163 ], [ 174.7437385, -36.7135918 ], [ 174.7437352, -36.7138183 ], [ 174.7430866, -36.7138118 ], [ 174.743111, -36.7142583 ], [ 174.7431791, -36.7143113 ], [ 174.7459397, -36.714337 ], [ 174.7459403, -36.7142976 ], [ 174.7470252, -36.7143075 ], [ 174.7470246, -36.714347 ], [ 174.7476891, -36.7143525 ], [ 174.7476936, -36.714027 ], [ 174.7477958, -36.7140279 ], [ 174.7477914, -36.7143534 ], [ 174.7481408, -36.7143566 ], [ 174.7482081, -36.7140316 ], [ 174.7482564, -36.714032 ] ] ], [ [ [ 174.9273384, -37.0462887 ], [ 174.9269165, -37.0467078 ], [ 174.9270037, -37.0469548 ], [ 174.9271738, -37.047121 ], [ 174.9282154, -37.0468595 ], [ 174.9273384, -37.0462887 ] ] ], [ [ [ 174.7489147, -36.6368497 ], [ 174.7488295, -36.6368424 ], [ 174.7484046, -36.6370751 ], [ 174.7491731, -36.6377256 ], [ 174.7496389, -36.6375261 ], [ 174.7496499, -36.637472 ], [ 174.7489147, -36.6368497 ] ] ], [ [ [ 174.7477853, -36.6369371 ], [ 174.7479047, -36.6369381 ], [ 174.748022, -36.6369524 ], [ 174.7481633, -36.6369885 ], [ 174.7484258, -36.6368445 ], [ 174.7482219, -36.6367653 ], [ 174.7480344, -36.6367247 ], [ 174.7478087, -36.636711 ], [ 174.7476082, -36.6367295 ], [ 174.7476648, -36.6369501 ], [ 174.7477853, -36.6369371 ] ] ], [ [ [ 174.7467686, -36.6360204 ], [ 174.746654, -36.6359059 ], [ 174.7465555, -36.6357624 ], [ 174.7465182, -36.6357609 ], [ 174.7464444, -36.6355569 ], [ 174.7464301, -36.6353446 ], [ 174.7461291, -36.6353055 ], [ 174.7453782, -36.6352759 ], [ 174.7453068, -36.6353281 ], [ 174.7452805, -36.6357616 ], [ 174.745194, -36.6362255 ], [ 174.7451788, -36.6364165 ], [ 174.745193, -36.6366401 ], [ 174.7452511, -36.6368944 ], [ 174.7453535, -36.6371407 ], [ 174.7454858, -36.6373564 ], [ 174.7456416, -36.6375454 ], [ 174.7458251, -36.6377175 ], [ 174.746489, -36.6382002 ], [ 174.746952, -36.6377013 ], [ 174.7470525, -36.6372645 ], [ 174.7470377, -36.6372579 ], [ 174.7471123, -36.6371738 ], [ 174.7472416, -36.6370621 ], [ 174.7473018, -36.6370267 ], [ 174.7473374, -36.6370665 ], [ 174.7474618, -36.6370063 ], [ 174.7476182, -36.636959 ], [ 174.7475287, -36.6366883 ], [ 174.7474877, -36.636629 ], [ 174.7476595, -36.6365998 ], [ 174.7476731, -36.636289 ], [ 174.7475278, -36.6364007 ], [ 174.7473923, -36.6362867 ], [ 174.7471577, -36.6362335 ], [ 174.7470082, -36.636174 ], [ 174.7468705, -36.6360965 ], [ 174.7467686, -36.6360204 ] ] ], [ [ [ 174.747705, -36.6366515 ], [ 174.7480525, -36.6366613 ], [ 174.7480541, -36.6366208 ], [ 174.7481212, -36.6366227 ], [ 174.7481258, -36.6365165 ], [ 174.7480588, -36.6365146 ], [ 174.7480707, -36.636244 ], [ 174.7477437, -36.6362347 ], [ 174.7477224, -36.6362511 ], [ 174.747705, -36.6366515 ] ] ], [ [ [ 174.7475225, -36.6360867 ], [ 174.7476066, -36.6360911 ], [ 174.7476348, -36.6360695 ], [ 174.7479779, -36.6360647 ], [ 174.7479737, -36.6358888 ], [ 174.7479411, -36.6358893 ], [ 174.7479397, -36.6358047 ], [ 174.7474498, -36.6355248 ], [ 174.747214, -36.6354327 ], [ 174.7470293, -36.6354246 ], [ 174.7467241, -36.6353831 ], [ 174.7467318, -36.635496 ], [ 174.7467549, -36.6355861 ], [ 174.7468448, -36.6357549 ], [ 174.7469937, -36.6359033 ], [ 174.7471032, -36.6359732 ], [ 174.7472001, -36.6360181 ], [ 174.7473571, -36.6360652 ], [ 174.7475225, -36.6360867 ] ] ] ] } },
{ "type": "Feature", "properties": { "category": "18m*" }, "geometry": { "type": "MultiPolygon", "coordinates": [ [ [ [ 174.7592186, -36.8662314 ], [ 174.7592555, -36.8662826 ], [ 174.7593551, -36.866242 ], [ 174.7594109, -36.8663183 ], [ 174.759705, -36.8661893 ], [ 174.7595122, -36.8659334 ], [ 174.7593149, -36.8660098 ], [ 174.7589384, -36.8660332 ], [ 174.7589563, -36.8660571 ], [ 174.7589211, -36.8660724 ], [ 174.7588976, -36.8660982 ], [ 174.7588912, -36.8661296 ], [ 174.7590219, -36.8663186 ], [ 174.7592186, -36.8662314 ] ] ], [ [ [ 174.7597989, -36.8658132 ], [ 174.759667, -36.8658737 ], [ 174.7598487, -36.8661143 ], [ 174.7600759, -36.8659639 ], [ 174.7602617, -36.8658584 ], [ 174.7600328, -36.8656335 ], [ 174.7597989, -36.8658132 ] ] ], [ [ [ 174.7604638, -36.8653351 ], [ 174.7603807, -36.8653987 ], [ 174.7603619, -36.8653803 ], [ 174.7600328, -36.8656335 ], [ 174.7604705, -36.8660633 ], [ 174.76099, -36.8657131 ], [ 174.7605411, -36.8652665 ], [ 174.7605124, -36.8652645 ], [ 174.7604448, -36.8653165 ], [ 174.7604638, -36.8653351 ] ] ], [ [ [ 174.7585421, -36.8658747 ], [ 174.7590805, -36.8658432 ], [ 174.7593051, -36.8658097 ], [ 174.7596361, -36.8656743 ], [ 174.7597118, -36.8656293 ], [ 174.7599128, -36.8654752 ], [ 174.7601028, -36.8653283 ], [ 174.759828, -36.8652712 ], [ 174.7596748, -36.8652393 ], [ 174.7596155, -36.8654103 ], [ 174.7590908, -36.8654924 ], [ 174.7586654, -36.865516 ], [ 174.7585421, -36.8658747 ] ] ], [ [ [ 174.7607973, -36.8650428 ], [ 174.7608212, -36.8651104 ], [ 174.7609121, -36.8652567 ], [ 174.7611683, -36.8655623 ], [ 174.7612947, -36.8656888 ], [ 174.7614953, -36.8655586 ], [ 174.7612892, -36.8653534 ], [ 174.7611904, -36.8653334 ], [ 174.7610323, -36.865186 ], [ 174.7611549, -36.8647954 ], [ 174.7611304, -36.8647902 ], [ 174.7611434, -36.8647486 ], [ 174.7608628, -36.8646922 ], [ 174.7608113, -36.8648587 ], [ 174.76085, -36.8648667 ], [ 174.7607973, -36.8650428 ] ] ], [ [ [ 174.7606912, -36.8640958 ], [ 174.7607749, -36.8638338 ], [ 174.7601724, -36.8637005 ], [ 174.7600804, -36.8639677 ], [ 174.7596889, -36.8651036 ], [ 174.7599563, -36.8651637 ], [ 174.760236, -36.8652266 ], [ 174.7604444, -36.8650675 ], [ 174.7605244, -36.8649303 ], [ 174.7607675, -36.8641275 ], [ 174.7607532, -36.8641084 ], [ 174.7606912, -36.8640958 ] ] ], [ [ [ 174.7608665, -36.8646798 ], [ 174.7611326, -36.8647357 ], [ 174.7611863, -36.864561 ], [ 174.7615929, -36.8646444 ], [ 174.7617001, -36.8642897 ], [ 174.7610509, -36.8641615 ], [ 174.761024, -36.8641755 ], [ 174.7608665, -36.8646798 ] ] ], [ [ [ 174.7606947, -36.8615628 ], [ 174.7605967, -36.8617287 ], [ 174.760315, -36.8622056 ], [ 174.7599539, -36.8634642 ], [ 174.7605159, -36.8635884 ], [ 174.7606975, -36.8630188 ], [ 174.7607508, -36.8628517 ], [ 174.760668, -36.8628333 ], [ 174.7607096, -36.8627156 ], [ 174.7608497, -36.862747 ], [ 174.7605769, -36.863602 ], [ 174.7608288, -36.8636577 ], [ 174.7613709, -36.8619449 ], [ 174.7618184, -36.8611752 ], [ 174.7615097, -36.8610541 ], [ 174.7610887, -36.860896 ], [ 174.7606947, -36.8615628 ] ] ], [ [ [ 174.8509871, -36.8992556 ], [ 174.8504698, -36.8995469 ], [ 174.8517985, -36.9004617 ], [ 174.8519546, -36.9002939 ], [ 174.8519116, -36.900228 ], [ 174.8522679, -36.8999032 ], [ 174.8516434, -36.8995915 ], [ 174.8516268, -36.8996055 ], [ 174.8514385, -36.8994894 ], [ 174.8513016, -36.8993723 ], [ 174.8513272, -36.8993576 ], [ 174.8513164, -36.8993638 ], [ 174.8512199, -36.8992897 ], [ 174.8509871, -36.8992556 ] ] ], [ [ [ 174.8519572, -36.8994171 ], [ 174.8522246, -36.8995779 ], [ 174.8522404, -36.8995336 ], [ 174.8531806, -36.8997522 ], [ 174.8531922, -36.8997772 ], [ 174.8532624, -36.8995826 ], [ 174.8517157, -36.8992228 ], [ 174.851707, -36.8992362 ], [ 174.8519572, -36.8994171 ] ] ], [ [ [ 174.8507839, -36.8991078 ], [ 174.8507072, -36.8990441 ], [ 174.8504642, -36.8989718 ], [ 174.8503327, -36.8989485 ], [ 174.8493287, -36.8986853 ], [ 174.8500523, -36.8995602 ], [ 174.8507478, -36.8991628 ], [ 174.8507839, -36.8991078 ] ] ], [ [ [ 174.8535178, -36.8990429 ], [ 174.8516793, -36.8986998 ], [ 174.851675, -36.8987144 ], [ 174.851795, -36.8989552 ], [ 174.8534123, -36.8993329 ], [ 174.8535178, -36.8990429 ] ] ], [ [ [ 174.8519981, -36.8976326 ], [ 174.8516952, -36.8986464 ], [ 174.8528269, -36.8988576 ], [ 174.8528347, -36.8988309 ], [ 174.8535595, -36.8989662 ], [ 174.8536334, -36.898746 ], [ 174.8529729, -36.898603 ], [ 174.8530039, -36.8984959 ], [ 174.8534703, -36.898583 ], [ 174.8535395, -36.898344 ], [ 174.853013, -36.8982457 ], [ 174.8531427, -36.8978056 ], [ 174.8520804, -36.8975926 ], [ 174.8519981, -36.8976326 ] ] ], [ [ [ 174.8499214, -36.8983472 ], [ 174.8505079, -36.8984848 ], [ 174.8509222, -36.8986702 ], [ 174.8510217, -36.8986958 ], [ 174.8510505, -36.8986049 ], [ 174.8504554, -36.8977787 ], [ 174.850235, -36.8975187 ], [ 174.8499214, -36.8983472 ] ] ], [ [ [ 174.8506802, -36.8973474 ], [ 174.8506549, -36.8973709 ], [ 174.8506102, -36.8975308 ], [ 174.8506085, -36.8976309 ], [ 174.8512588, -36.898533 ], [ 174.8514462, -36.8985721 ], [ 174.8514931, -36.8985451 ], [ 174.8517708, -36.8976163 ], [ 174.8517212, -36.8975509 ], [ 174.8506802, -36.8973474 ] ] ], [ [ [ 174.8481308, -36.8979661 ], [ 174.8481512, -36.8980352 ], [ 174.8483347, -36.8980766 ], [ 174.8484722, -36.8980775 ], [ 174.8486852, -36.8981215 ], [ 174.8487168, -36.8981193 ], [ 174.848945, -36.8979411 ], [ 174.8490988, -36.8978011 ], [ 174.8491007, -36.8977786 ], [ 174.8490831, -36.8977622 ], [ 174.8490408, -36.8977498 ], [ 174.8485707, -36.8976366 ], [ 174.8485788, -36.8976144 ], [ 174.8482732, -36.8975417 ], [ 174.8481828, -36.8975995 ], [ 174.8481718, -36.897712 ], [ 174.8481273, -36.8978824 ], [ 174.8481308, -36.8979661 ] ] ], [ [ [ 174.8481137, -36.8972372 ], [ 174.8481268, -36.8973267 ], [ 174.8481628, -36.8973997 ], [ 174.8487067, -36.8975384 ], [ 174.8488413, -36.8975488 ], [ 174.8489722, -36.8975247 ], [ 174.8491036, -36.8974566 ], [ 174.849195, -36.8973547 ], [ 174.8492336, -36.8972346 ], [ 174.8492278, -36.8971516 ], [ 174.849188, -36.8970571 ], [ 174.8489395, -36.8967114 ], [ 174.848895, -36.8967034 ], [ 174.8486784, -36.8967972 ], [ 174.8484173, -36.8968694 ], [ 174.8482893, -36.8969325 ], [ 174.8482259, -36.8969838 ], [ 174.8481781, -36.8970451 ], [ 174.8481137, -36.8972372 ] ] ], [ [ [ 174.8510399, -36.8971837 ], [ 174.8510445, -36.8971716 ], [ 174.8513039, -36.897235 ], [ 174.8517867, -36.8973313 ], [ 174.8518679, -36.8972918 ], [ 174.8519444, -36.8970365 ], [ 174.850794, -36.8968144 ], [ 174.8505109, -36.8971166 ], [ 174.8506117, -36.8971393 ], [ 174.8507984, -36.8971251 ], [ 174.8510399, -36.8971837 ] ] ], [ [ [ 174.8493549, -36.8973233 ], [ 174.8493051, -36.8974254 ], [ 174.8492409, -36.8975009 ], [ 174.8492304, -36.8975373 ], [ 174.8493544, -36.8975685 ], [ 174.8499201, -36.8970538 ], [ 174.8498528, -36.8969441 ], [ 174.8493939, -36.8963074 ], [ 174.8493196, -36.8963122 ], [ 174.8491899, -36.8964803 ], [ 174.8490479, -36.8966058 ], [ 174.8490426, -36.8966332 ], [ 174.8493085, -36.897003 ], [ 174.8493656, -36.8971416 ], [ 174.8493719, -36.8972329 ], [ 174.8493549, -36.8973233 ] ] ] ] } },
{ "type": "Feature", "properties": { "category": "19.5m" }, "geometry": { "type": "MultiPolygon", "coordinates": [ [ [ [ 174.8525205, -36.9010601 ], [ 174.8525877, -36.9009986 ], [ 174.8504698, -36.8995469 ], [ 174.8498243, -36.8999108 ], [ 174.8498205, -36.8999667 ], [ 174.8523018, -36.9017111 ], [ 174.8523735, -36.901705 ], [ 174.8527366, -36.9013676 ], [ 174.8526606, -36.9011548 ], [ 174.8525205, -36.9010601 ] ] ], [ [ [ 174.8410527, -36.8915129 ], [ 174.8411082, -36.8916785 ], [ 174.8410952, -36.8916395 ], [ 174.8410527, -36.8915129 ] ] ], [ [ [ 174.8581085, -36.8786738 ], [ 174.8594484, -36.8789047 ], [ 174.8595706, -36.8784623 ], [ 174.85816, -36.8782191 ], [ 174.8581085, -36.8786738 ] ] ], [ [ [ 174.8562215, -36.8746157 ], [ 174.8566236, -36.8747841 ], [ 174.8570781, -36.874865 ], [ 174.8571828, -36.8744897 ], [ 174.8569113, -36.8744271 ], [ 174.8566671, -36.8743407 ], [ 174.8564602, -36.8742411 ], [ 174.8562174, -36.8740953 ], [ 174.8559068, -36.8744232 ], [ 174.8562215, -36.8746157 ] ] ], [ [ [ 174.8541702, -36.8731944 ], [ 174.8540958, -36.8733156 ], [ 174.855885, -36.8744099 ], [ 174.8561956, -36.874082 ], [ 174.8540466, -36.8727679 ], [ 174.8539485, -36.8730589 ], [ 174.8541702, -36.8731944 ] ] ] ] } },
{ "type": "Feature", "properties": { "category": "19.5m*" }, "geometry": { "type": "MultiPolygon", "coordinates": [ [ [ [ 174.8576157, -36.9004202 ], [ 174.8562586, -36.8995256 ], [ 174.8559657, -36.8998123 ], [ 174.8573344, -36.9006953 ], [ 174.8576157, -36.9004202 ] ] ], [ [ [ 174.8553812, -36.8992498 ], [ 174.8555035, -36.8994044 ], [ 174.8555988, -36.8995705 ], [ 174.8559393, -36.8997948 ], [ 174.8562321, -36.8995082 ], [ 174.8560608, -36.8993761 ], [ 174.8559106, -36.8991925 ], [ 174.8558325, -36.8990266 ], [ 174.8557208, -36.8986507 ], [ 174.8552317, -36.898744 ], [ 174.8553812, -36.8992498 ] ] ], [ [ [ 174.8584251, -36.8995974 ], [ 174.8584651, -36.8996032 ], [ 174.8584957, -36.8995939 ], [ 174.8597584, -36.8981257 ], [ 174.8597608, -36.8980932 ], [ 174.8597458, -36.8980699 ], [ 174.8590562, -36.8976894 ], [ 174.8589967, -36.8977073 ], [ 174.8585049, -36.8982722 ], [ 174.8584061, -36.8983289 ], [ 174.8583142, -36.8983393 ], [ 174.8582262, -36.8983198 ], [ 174.8577888, -36.8980768 ], [ 174.8575247, -36.8983809 ], [ 174.8575409, -36.8984234 ], [ 174.857522, -36.8988598 ], [ 174.8571594, -36.8989417 ], [ 174.8571622, -36.8989867 ], [ 174.8571409, -36.8990279 ], [ 174.8571017, -36.8990568 ], [ 174.8570307, -36.8990773 ], [ 174.8569881, -36.8991042 ], [ 174.8565928, -36.8994916 ], [ 174.8565824, -36.8995165 ], [ 174.8565912, -36.8995484 ], [ 174.8577761, -36.900334 ], [ 174.8578129, -36.9003462 ], [ 174.857852, -36.9003399 ], [ 174.8583578, -36.8997609 ], [ 174.8583698, -36.8997269 ], [ 174.8583403, -36.8996845 ], [ 174.857979, -36.8994849 ], [ 174.8578616, -36.899469 ], [ 174.8578137, -36.8994493 ], [ 174.8577804, -36.8994153 ], [ 174.8577681, -36.8993793 ], [ 174.857792, -36.8993109 ], [ 174.8578625, -36.8992724 ], [ 174.857947, -36.8992785 ], [ 174.8579965, -36.899311 ], [ 174.8580288, -36.8993673 ], [ 174.8580659, -36.8993991 ], [ 174.8584251, -36.8995974 ] ] ], [ [ [ 174.8574919, -36.8986546 ], [ 174.857262, -36.8985258 ], [ 174.8570719, -36.8985018 ], [ 174.8564132, -36.8986274 ], [ 174.856378, -36.8985083 ], [ 174.8558853, -36.8985655 ], [ 174.8560112, -36.8989896 ], [ 174.8560761, -36.8991268 ], [ 174.8561351, -36.8992091 ], [ 174.8562257, -36.8993023 ], [ 174.8564172, -36.8994337 ], [ 174.8564579, -36.8994345 ], [ 174.8564862, -36.8994214 ], [ 174.8568823, -36.8990345 ], [ 174.8569069, -36.8989957 ], [ 174.8569218, -36.898928 ], [ 174.8569612, -36.8988882 ], [ 174.8570021, -36.8988718 ], [ 174.8570598, -36.8988692 ], [ 174.8571064, -36.898884 ], [ 174.8571416, -36.8989115 ], [ 174.8574779, -36.8988355 ], [ 174.8574919, -36.8986546 ] ] ], [ [ [ 174.8566245, -36.8979101 ], [ 174.8574433, -36.8983688 ], [ 174.8574909, -36.898362 ], [ 174.8577551, -36.8980579 ], [ 174.8565629, -36.8973901 ], [ 174.8564992, -36.8973839 ], [ 174.8559058, -36.8978092 ], [ 174.8558164, -36.8979054 ], [ 174.855771, -36.8980035 ], [ 174.8557591, -36.898093 ], [ 174.8557675, -36.8981647 ], [ 174.8558315, -36.8983832 ], [ 174.8563037, -36.8982565 ], [ 174.8562297, -36.8980061 ], [ 174.8566245, -36.8979101 ] ] ], [ [ [ 174.8557915, -36.8970902 ], [ 174.8558241, -36.8971819 ], [ 174.8558654, -36.8972237 ], [ 174.8560761, -36.8974113 ], [ 174.8561111, -36.897428 ], [ 174.8561662, -36.8974194 ], [ 174.8563017, -36.8973135 ], [ 174.8563781, -36.8971897 ], [ 174.8565629, -36.8965282 ], [ 174.8565597, -36.8964961 ], [ 174.8565125, -36.8964629 ], [ 174.8554561, -36.8962725 ], [ 174.8551004, -36.896209 ], [ 174.8550538, -36.896219 ], [ 174.8550293, -36.896245 ], [ 174.8545048, -36.8980631 ], [ 174.8550609, -36.8981664 ], [ 174.8552253, -36.8987226 ], [ 174.8557144, -36.8986294 ], [ 174.8555799, -36.8981626 ], [ 174.8555749, -36.8980635 ], [ 174.85559, -36.8979732 ], [ 174.8556347, -36.8978657 ], [ 174.8557041, -36.8977704 ], [ 174.8557772, -36.8977024 ], [ 174.8559753, -36.8975577 ], [ 174.8559917, -36.8975278 ], [ 174.8559745, -36.8974849 ], [ 174.8557334, -36.8972709 ], [ 174.8555901, -36.8972124 ], [ 174.8555658, -36.8971808 ], [ 174.8555577, -36.8971357 ], [ 174.8555746, -36.8970927 ], [ 174.8556129, -36.8970599 ], [ 174.8556654, -36.8970435 ], [ 174.8557229, -36.8970474 ], [ 174.8557915, -36.8970902 ] ] ], [ [ [ 174.8521335, -36.8974162 ], [ 174.8531798, -36.8976261 ], [ 174.8542972, -36.8978311 ], [ 174.8547069, -36.896411 ], [ 174.8524892, -36.8959924 ], [ 174.8520831, -36.8973495 ], [ 174.8521335, -36.8974162 ] ] ], [ [ [ 174.8558103, -36.8955231 ], [ 174.8564621, -36.895459 ], [ 174.8565347, -36.8954008 ], [ 174.8565389, -36.8951262 ], [ 174.8561499, -36.8951456 ], [ 174.8557993, -36.8951324 ], [ 174.8554501, -36.8950888 ], [ 174.8553788, -36.8951123 ], [ 174.8553633, -36.8951296 ], [ 174.8551091, -36.895974 ], [ 174.8551171, -36.8960106 ], [ 174.8551546, -36.8960326 ], [ 174.856606, -36.8962949 ], [ 174.8568206, -36.8963457 ], [ 174.8571472, -36.8964475 ], [ 174.8572082, -36.8964394 ], [ 174.8574357, -36.8962258 ], [ 174.8570703, -36.8959774 ], [ 174.8565788, -36.8958943 ], [ 174.8566133, -36.8957702 ], [ 174.8557984, -36.8956235 ], [ 174.8558103, -36.8955231 ] ] ], [ [ [ 174.8529455, -36.8944448 ], [ 174.8525579, -36.8957631 ], [ 174.852608, -36.8958284 ], [ 174.8547018, -36.896224 ], [ 174.8547701, -36.8961903 ], [ 174.8551654, -36.8948734 ], [ 174.855115, -36.8948073 ], [ 174.8530273, -36.8944055 ], [ 174.8529455, -36.8944448 ] ] ] ] } },
{ "type": "Feature", "properties": { "category": "21m" }, "geometry": { "type": "MultiPolygon", "coordinates": [ [ [ [ 174.7830159, -36.927065 ], [ 174.7831428, -36.9281096 ], [ 174.7836589, -36.9280633 ], [ 174.7834994, -36.926783 ], [ 174.7829748, -36.9268393 ], [ 174.7828009, -36.9269105 ], [ 174.7826598, -36.9270187 ], [ 174.782834, -36.9270764 ], [ 174.7830159, -36.927065 ] ] ], [ [ [ 174.7846259, -36.9266854 ], [ 174.7837238, -36.926762 ], [ 174.7838381, -36.9276777 ], [ 174.7842887, -36.927641 ], [ 174.7842845, -36.9276069 ], [ 174.784742, -36.9275683 ], [ 174.7846259, -36.9266854 ] ] ], [ [ [ 174.7804996, -36.9268319 ], [ 174.7811909, -36.926773 ], [ 174.7812267, -36.9267371 ], [ 174.7810656, -36.9255966 ], [ 174.7795878, -36.9257223 ], [ 174.7796404, -36.9260644 ], [ 174.7801516, -36.9260155 ], [ 174.7801945, -36.9263087 ], [ 174.780423, -36.9262892 ], [ 174.7804996, -36.9268319 ] ] ], [ [ [ 174.7812946, -36.92561 ], [ 174.7814512, -36.9267181 ], [ 174.7814962, -36.926747 ], [ 174.7824208, -36.9266682 ], [ 174.782457, -36.9266323 ], [ 174.7823097, -36.9255239 ], [ 174.782265, -36.9254949 ], [ 174.7813304, -36.9255742 ], [ 174.7812946, -36.92561 ] ] ], [ [ [ 174.78253, -36.9254726 ], [ 174.7826796, -36.9265993 ], [ 174.7827409, -36.926639 ], [ 174.7828598, -36.926625 ], [ 174.783024, -36.9265827 ], [ 174.7834688, -36.9265355 ], [ 174.7833192, -36.9254036 ], [ 174.78253, -36.9254726 ] ] ], [ [ [ 174.7825007, -36.9247087 ], [ 174.7824902, -36.9245363 ], [ 174.782477, -36.9245372 ], [ 174.7824563, -36.924377 ], [ 174.7824674, -36.9243753 ], [ 174.7824511, -36.9242303 ], [ 174.7824366, -36.9242305 ], [ 174.7823888, -36.9238839 ], [ 174.7823516, -36.9238598 ], [ 174.781078, -36.9239695 ], [ 174.7812637, -36.9253851 ], [ 174.7812808, -36.9253959 ], [ 174.78258, -36.9252841 ], [ 174.7825007, -36.9247087 ] ] ], [ [ [ 174.7825318, -36.9240671 ], [ 174.7826876, -36.9252749 ], [ 174.7832945, -36.9252235 ], [ 174.7831033, -36.9237999 ], [ 174.7824908, -36.9238496 ], [ 174.7825203, -36.9240677 ], [ 174.7825318, -36.9240671 ] ] ], [ [ [ 174.7830848, -36.92365 ], [ 174.7830306, -36.9232094 ], [ 174.7810015, -36.9233852 ], [ 174.7810589, -36.9238212 ], [ 174.7830848, -36.92365 ] ] ], [ [ [ 174.7346573, -36.8842069 ], [ 174.7346916, -36.8842538 ], [ 174.7347786, -36.8842728 ], [ 174.7351083, -36.8843271 ], [ 174.7352473, -36.8843217 ], [ 174.7353364, -36.8842318 ], [ 174.7354307, -36.8840035 ], [ 174.7355397, -36.8836789 ], [ 174.7355018, -36.883628 ], [ 174.7353648, -36.8835351 ], [ 174.735105, -36.8834809 ], [ 174.7350475, -36.8834956 ], [ 174.7348145, -36.8837175 ], [ 174.7346573, -36.8842069 ] ] ] ] } },
{ "type": "Feature", "properties": { "category": "21m*" }, "geometry": { "type": "MultiPolygon", "coordinates": [ [ [ [ 174.7576544, -36.8680646 ], [ 174.7575732, -36.8680772 ], [ 174.7577087, -36.8683393 ], [ 174.7577951, -36.8682997 ], [ 174.7577763, -36.8685262 ], [ 174.7598501, -36.8686376 ], [ 174.7603954, -36.8685716 ], [ 174.7605822, -36.8686647 ], [ 174.7607266, -36.868383 ], [ 174.7601023, -36.8682749 ], [ 174.7601099, -36.8682401 ], [ 174.7586115, -36.8680651 ], [ 174.7586074, -36.8681152 ], [ 174.7582878, -36.8680736 ], [ 174.7576544, -36.8680646 ] ] ], [ [ [ 174.7568084, -36.8670409 ], [ 174.7565693, -36.8672176 ], [ 174.7557939, -36.8677169 ], [ 174.7561385, -36.8682593 ], [ 174.7573207, -36.8677667 ], [ 174.7568084, -36.8670409 ] ] ], [ [ [ 174.754221, -36.8673593 ], [ 174.7543156, -36.8672909 ], [ 174.7543561, -36.8672804 ], [ 174.7547019, -36.8675892 ], [ 174.7547496, -36.8675886 ], [ 174.754923, -36.8674615 ], [ 174.7543625, -36.8669675 ], [ 174.7543127, -36.867004 ], [ 174.7541928, -36.8673501 ], [ 174.754221, -36.8673593 ] ] ], [ [ [ 174.7578107, -36.867601 ], [ 174.7581078, -36.8675411 ], [ 174.758437, -36.8675055 ], [ 174.7586926, -36.8674985 ], [ 174.7579344, -36.8664243 ], [ 174.7578079, -36.8663018 ], [ 174.7576197, -36.8664269 ], [ 174.7570027, -36.866895 ], [ 174.7570114, -36.8669615 ], [ 174.757524, -36.8676872 ], [ 174.7578107, -36.867601 ] ] ], [ [ [ 174.7547448, -36.8662327 ], [ 174.7545348, -36.8668692 ], [ 174.7545355, -36.8669288 ], [ 174.7545708, -36.8669811 ], [ 174.7550718, -36.8674241 ], [ 174.754923, -36.8674615 ], [ 174.7550285, -36.8675439 ], [ 174.7551296, -36.8675153 ], [ 174.7552377, -36.8675688 ], [ 174.7556365, -36.8674742 ], [ 174.7558093, -36.8674114 ], [ 174.7564387, -36.8670051 ], [ 174.756444, -36.8669679 ], [ 174.7553386, -36.8658418 ], [ 174.7547448, -36.8662327 ] ] ], [ [ [ 174.7591328, -36.8667463 ], [ 174.7586225, -36.8660519 ], [ 174.7583835, -36.8660653 ], [ 174.7579772, -36.8662068 ], [ 174.7585403, -36.8670054 ], [ 174.7591328, -36.8667463 ] ] ], [ [ [ 174.7565452, -36.8669215 ], [ 174.7567448, -36.8668111 ], [ 174.7570706, -36.866563 ], [ 174.7558975, -36.8653669 ], [ 174.7553533, -36.8657101 ], [ 174.7565452, -36.8669215 ] ] ], [ [ [ 174.7583898, -36.8657797 ], [ 174.7585931, -36.865209 ], [ 174.758162, -36.8651084 ], [ 174.7581284, -36.8652094 ], [ 174.7578791, -36.8651507 ], [ 174.7576532, -36.864748 ], [ 174.757545, -36.864787 ], [ 174.7573397, -36.8647703 ], [ 174.7572986, -36.8650982 ], [ 174.7573024, -36.8651714 ], [ 174.7578326, -36.8660635 ], [ 174.7581772, -36.8659312 ], [ 174.7581482, -36.8658824 ], [ 174.7583529, -36.8658038 ], [ 174.7583898, -36.8657797 ] ] ], [ [ [ 174.7596748, -36.8652393 ], [ 174.7588231, -36.8650566 ], [ 174.7586654, -36.865516 ], [ 174.7590908, -36.8654924 ], [ 174.7596155, -36.8654103 ], [ 174.7596748, -36.8652393 ] ] ], [ [ [ 174.7564311, -36.8645482 ], [ 174.7567468, -36.8643528 ], [ 174.756152, -36.8640619 ], [ 174.7556021, -36.8644599 ], [ 174.7560706, -36.8649236 ], [ 174.7558036, -36.8650936 ], [ 174.7571342, -36.8664426 ], [ 174.7571821, -36.8664436 ], [ 174.7575904, -36.8661364 ], [ 174.7576005, -36.8660935 ], [ 174.7571581, -36.8653493 ], [ 174.7569484, -36.8654296 ], [ 174.7562735, -36.8647952 ], [ 174.7564096, -36.8647089 ], [ 174.7563816, -36.8646812 ], [ 174.7564936, -36.8646101 ], [ 174.7564311, -36.8645482 ] ] ], [ [ [ 174.7570609, -36.8651853 ], [ 174.7570929, -36.8649303 ], [ 174.7569235, -36.8649166 ], [ 174.7567941, -36.8650055 ], [ 174.7570074, -36.8652059 ], [ 174.7570609, -36.8651853 ] ] ], [ [ [ 174.7584772, -36.8639859 ], [ 174.7584741, -36.8639929 ], [ 174.7578277, -36.8638473 ], [ 174.7577353, -36.8641147 ], [ 174.7588754, -36.8643617 ], [ 174.7591769, -36.8634939 ], [ 174.7591711, -36.8634837 ], [ 174.758022, -36.8632258 ], [ 174.7578563, -36.8637596 ], [ 174.7586769, -36.8639444 ], [ 174.7586275, -36.8640274 ], [ 174.7584772, -36.8639859 ] ] ], [ [ [ 174.7576294, -36.8637082 ], [ 174.7576969, -36.8636766 ], [ 174.7578272, -36.8632571 ], [ 174.7578044, -36.8631773 ], [ 174.7569709, -36.8629929 ], [ 174.7567963, -36.8635219 ], [ 174.7576294, -36.8637082 ] ] ], [ [ [ 174.785023, -36.92798 ], [ 174.7854889, -36.928142 ], [ 174.7856502, -36.9282303 ], [ 174.7859931, -36.9285542 ], [ 174.7862315, -36.92847 ], [ 174.7859621, -36.9281317 ], [ 174.7857465, -36.926568 ], [ 174.784847, -36.9266442 ], [ 174.785023, -36.92798 ] ] ], [ [ [ 174.7860737, -36.926563 ], [ 174.7859835, -36.9266335 ], [ 174.786179, -36.9280502 ], [ 174.7861935, -36.9280835 ], [ 174.7864367, -36.928391 ], [ 174.7872388, -36.9283191 ], [ 174.7870946, -36.9280862 ], [ 174.7870332, -36.9280477 ], [ 174.7869487, -36.9277994 ], [ 174.7872398, -36.9277694 ], [ 174.7867016, -36.9266164 ], [ 174.7862543, -36.9265662 ], [ 174.7860737, -36.926563 ] ] ], [ [ [ 174.7891703, -36.9240572 ], [ 174.7892502, -36.9247241 ], [ 174.790042, -36.9246549 ], [ 174.7899814, -36.924188 ], [ 174.7898071, -36.9242067 ], [ 174.7897791, -36.9239938 ], [ 174.7891703, -36.9240572 ] ] ], [ [ [ 174.7888702, -36.9235222 ], [ 174.7878607, -36.9236141 ], [ 174.7880151, -36.9248148 ], [ 174.7880294, -36.924824 ], [ 174.7890256, -36.9247438 ], [ 174.7888702, -36.9235222 ] ] ], [ [ [ 174.7610635, -36.868202 ], [ 174.7614804, -36.8683393 ], [ 174.7617321, -36.8683308 ], [ 174.7620909, -36.8682609 ], [ 174.7629535, -36.8678971 ], [ 174.7635379, -36.8675932 ], [ 174.7635355, -36.8675031 ], [ 174.7634997, -36.867396 ], [ 174.7634403, -36.8673554 ], [ 174.7632628, -36.8672931 ], [ 174.7618289, -36.8672842 ], [ 174.7617654, -36.8673506 ], [ 174.7617894, -36.8673572 ], [ 174.7616965, -36.8674542 ], [ 174.762596, -36.8677232 ], [ 174.762565, -36.8677843 ], [ 174.7616443, -36.8675089 ], [ 174.7614347, -36.8677278 ], [ 174.7614111, -36.8677207 ], [ 174.7613429, -36.8677933 ], [ 174.7613814, -36.8678047 ], [ 174.7612316, -36.8679708 ], [ 174.7611892, -36.8679569 ], [ 174.7610635, -36.868202 ] ] ], [ [ [ 174.7607484, -36.8682458 ], [ 174.7608703, -36.8680066 ], [ 174.7609729, -36.8678498 ], [ 174.7612705, -36.8675302 ], [ 174.7612946, -36.8675451 ], [ 174.7616053, -36.8672231 ], [ 174.761673, -36.8669055 ], [ 174.76152, -36.8665278 ], [ 174.7612392, -36.8666573 ], [ 174.7612757, -36.8667044 ], [ 174.7612564, -36.8667189 ], [ 174.7594033, -36.8675606 ], [ 174.7593374, -36.8679036 ], [ 174.7599427, -36.8679841 ], [ 174.7601504, -36.8680328 ], [ 174.7603571, -36.8681012 ], [ 174.7605552, -36.8681858 ], [ 174.7607484, -36.8682458 ] ] ], [ [ [ 174.7599681, -36.8665389 ], [ 174.7586247, -36.8671236 ], [ 174.7588, -36.8673719 ], [ 174.7593673, -36.8674195 ], [ 174.7603109, -36.8669972 ], [ 174.7599681, -36.8665389 ] ] ], [ [ [ 174.759705, -36.8661893 ], [ 174.7594109, -36.8663183 ], [ 174.7593551, -36.866242 ], [ 174.7592555, -36.8662826 ], [ 174.7592186, -36.8662314 ], [ 174.7590219, -36.8663186 ], [ 174.7592858, -36.8666801 ], [ 174.7598809, -36.8664216 ], [ 174.759705, -36.8661893 ] ] ], [ [ [ 174.7610838, -36.8658291 ], [ 174.7601172, -36.8664794 ], [ 174.7604589, -36.8669283 ], [ 174.7611884, -36.8665919 ], [ 174.7612249, -36.8666389 ], [ 174.7615117, -36.8665067 ], [ 174.7613604, -36.8661348 ], [ 174.7613003, -36.866038 ], [ 174.7611024, -36.8658305 ], [ 174.7610838, -36.8658291 ] ] ], [ [ [ 174.7604705, -36.8660633 ], [ 174.7602617, -36.8658584 ], [ 174.7600759, -36.8659639 ], [ 174.7598487, -36.8661143 ], [ 174.7600321, -36.8663572 ], [ 174.7604705, -36.8660633 ] ] ], [ [ [ 174.7619208, -36.8669784 ], [ 174.7619213, -36.8670303 ], [ 174.7619616, -36.867081 ], [ 174.7620307, -36.8671044 ], [ 174.7632521, -36.8671272 ], [ 174.7633803, -36.8667315 ], [ 174.7633538, -36.866726 ], [ 174.7639812, -36.8647805 ], [ 174.7639475, -36.8647419 ], [ 174.7627137, -36.8644927 ], [ 174.7619208, -36.8669784 ] ] ], [ [ [ 174.7611549, -36.8647954 ], [ 174.7610323, -36.865186 ], [ 174.7611904, -36.8653334 ], [ 174.7612892, -36.8653534 ], [ 174.7614953, -36.8655586 ], [ 174.7612947, -36.8656888 ], [ 174.7615573, -36.8659459 ], [ 174.761819, -36.8665925 ], [ 174.7618444, -36.8665924 ], [ 174.762528, -36.8644555 ], [ 174.7617001, -36.8642897 ], [ 174.7615929, -36.8646444 ], [ 174.7611863, -36.864561 ], [ 174.7611326, -36.8647357 ], [ 174.7608665, -36.8646798 ], [ 174.7608628, -36.8646922 ], [ 174.7611434, -36.8647486 ], [ 174.7611304, -36.8647902 ], [ 174.7611549, -36.8647954 ] ] ], [ [ [ 174.7600078, -36.8636639 ], [ 174.7593463, -36.8635165 ], [ 174.7588774, -36.8648976 ], [ 174.7589014, -36.8649313 ], [ 174.7595242, -36.8650671 ], [ 174.7600078, -36.8636639 ] ] ] ] } },
{ "type": "Feature", "properties": { "category": "22.5m" }, "geometry": { "type": "MultiPolygon", "coordinates": [ [ [ [ 174.6520434, -36.914414 ], [ 174.6521259, -36.9137509 ], [ 174.6514345, -36.9136155 ], [ 174.6512407, -36.9142547 ], [ 174.6520434, -36.914414 ] ] ], [ [ [ 174.6517342, -36.9126282 ], [ 174.651444, -36.9135836 ], [ 174.6521299, -36.9137179 ], [ 174.6521505, -36.9135524 ], [ 174.6525712, -36.9121665 ], [ 174.6525335, -36.9121167 ], [ 174.651925, -36.9119977 ], [ 174.6516834, -36.9119229 ], [ 174.6515792, -36.9121403 ], [ 174.6513056, -36.9120557 ], [ 174.6510911, -36.9125031 ], [ 174.6517342, -36.9126282 ] ] ], [ [ [ 174.6582208, -36.9131904 ], [ 174.6574812, -36.9127613 ], [ 174.6555246, -36.9117842 ], [ 174.6554162, -36.9119242 ], [ 174.6552315, -36.911832 ], [ 174.6552838, -36.911664 ], [ 174.6552337, -36.911639 ], [ 174.6551778, -36.9118191 ], [ 174.6550095, -36.9117861 ], [ 174.6549821, -36.9118763 ], [ 174.6545435, -36.9117904 ], [ 174.6541682, -36.9130283 ], [ 174.6541338, -36.9130215 ], [ 174.6541882, -36.9128528 ], [ 174.6541608, -36.9128134 ], [ 174.65401, -36.9127839 ], [ 174.65415, -36.9123223 ], [ 174.653253, -36.9122157 ], [ 174.6531854, -36.9124385 ], [ 174.6529666, -36.9123941 ], [ 174.6530288, -36.912189 ], [ 174.6528045, -36.9121625 ], [ 174.6525242, -36.9130864 ], [ 174.6548755, -36.9135467 ], [ 174.6549419, -36.9135145 ], [ 174.6550336, -36.913219 ], [ 174.6561893, -36.9134467 ], [ 174.656355, -36.9129176 ], [ 174.655849, -36.912665 ], [ 174.6558935, -36.9126226 ], [ 174.6573989, -36.9133742 ], [ 174.6573378, -36.9135707 ], [ 174.6575564, -36.9136161 ], [ 174.6575514, -36.9136321 ], [ 174.6581561, -36.9137574 ], [ 174.6582061, -36.9132227 ], [ 174.6582208, -36.9131904 ] ], [ [ 174.6539258, -36.9125412 ], [ 174.6540573, -36.9125669 ], [ 174.6540049, -36.9127397 ], [ 174.653805, -36.9126938 ], [ 174.6538766, -36.9124577 ], [ 174.6539197, -36.9124661 ], [ 174.6539065, -36.9125095 ], [ 174.6539258, -36.9125412 ] ] ], [ [ [ 174.6498672, -36.9113612 ], [ 174.649462, -36.9112359 ], [ 174.6494048, -36.9112446 ], [ 174.6491127, -36.9114585 ], [ 174.6494642, -36.9115672 ], [ 174.6498672, -36.9113612 ] ] ], [ [ [ 174.6562386, -36.9107371 ], [ 174.6554544, -36.9103036 ], [ 174.6550033, -36.9108294 ], [ 174.6555644, -36.9110117 ], [ 174.6561022, -36.9111137 ], [ 174.6562386, -36.9107371 ] ] ], [ [ [ 174.6550584, -36.9102847 ], [ 174.6539291, -36.9102834 ], [ 174.6539296, -36.9098307 ], [ 174.652985, -36.9098296 ], [ 174.6528152, -36.9097708 ], [ 174.6526858, -36.9100121 ], [ 174.653277, -36.910225 ], [ 174.6532718, -36.9102361 ], [ 174.6547897, -36.9107588 ], [ 174.6551517, -36.9103362 ], [ 174.6550584, -36.9102847 ] ] ], [ [ [ 174.6479721, -36.9096958 ], [ 174.6477809, -36.9099643 ], [ 174.6473449, -36.909854 ], [ 174.647399, -36.9096733 ], [ 174.6471906, -36.9095963 ], [ 174.6473747, -36.9091386 ], [ 174.6471199, -36.9091125 ], [ 174.6468283, -36.9089047 ], [ 174.6461998, -36.9098041 ], [ 174.6472148, -36.9102892 ], [ 174.6472079, -36.9103121 ], [ 174.6477595, -36.9104338 ], [ 174.6479972, -36.9105788 ], [ 174.6484336, -36.9105963 ], [ 174.6486303, -36.9104523 ], [ 174.6492345, -36.910657 ], [ 174.6492557, -36.9106145 ], [ 174.6485697, -36.9104024 ], [ 174.6488466, -36.9098585 ], [ 174.6487905, -36.9098389 ], [ 174.6481256, -36.9097225 ], [ 174.6482483, -36.9092785 ], [ 174.6480949, -36.9092517 ], [ 174.6479721, -36.9096958 ] ] ], [ [ [ 174.6342981, -36.8864118 ], [ 174.6341058, -36.8868378 ], [ 174.6344886, -36.8870525 ], [ 174.6346811, -36.8866265 ], [ 174.6349323, -36.8858009 ], [ 174.6350746, -36.8854854 ], [ 174.6348654, -36.8854245 ], [ 174.6348437, -36.8854326 ], [ 174.6347827, -36.8855644 ], [ 174.6344791, -36.885476 ], [ 174.6341401, -36.8862299 ], [ 174.6341234, -36.8863139 ], [ 174.6342981, -36.8864118 ] ] ], [ [ [ 174.6350862, -36.8854601 ], [ 174.6353166, -36.8849487 ], [ 174.6347868, -36.8847946 ], [ 174.6345561, -36.8853056 ], [ 174.6350862, -36.8854601 ] ] ], [ [ [ 174.6353224, -36.884936 ], [ 174.6354705, -36.8846079 ], [ 174.6349404, -36.8844535 ], [ 174.6347925, -36.8847818 ], [ 174.6353224, -36.884936 ] ] ], [ [ [ 174.6360933, -36.8836152 ], [ 174.6356764, -36.8833423 ], [ 174.6352487, -36.8837694 ], [ 174.6350168, -36.8842829 ], [ 174.6355473, -36.8844375 ], [ 174.635778, -36.8839262 ], [ 174.6360933, -36.8836152 ] ] ], [ [ [ 174.63858, -36.8811634 ], [ 174.6385695, -36.8811024 ], [ 174.6381757, -36.8808814 ], [ 174.6358417, -36.8831797 ], [ 174.6362584, -36.8834524 ], [ 174.63858, -36.8811634 ] ] ], [ [ [ 174.6289895, -36.8804575 ], [ 174.6290078, -36.8804288 ], [ 174.6290327, -36.8800192 ], [ 174.628582, -36.880002 ], [ 174.6285548, -36.8804593 ], [ 174.6289462, -36.8804738 ], [ 174.6289895, -36.8804575 ] ] ], [ [ [ 174.6379413, -36.8791245 ], [ 174.6366744, -36.8784707 ], [ 174.6366008, -36.8785834 ], [ 174.6364798, -36.8785158 ], [ 174.636388, -36.8786218 ], [ 174.6354605, -36.8780562 ], [ 174.635385, -36.8782317 ], [ 174.6354335, -36.8795445 ], [ 174.6354755, -36.8795847 ], [ 174.6358911, -36.8796692 ], [ 174.6358643, -36.8797103 ], [ 174.6369498, -36.8800579 ], [ 174.6369874, -36.880022 ], [ 174.6370209, -36.8800325 ], [ 174.6369834, -36.8800684 ], [ 174.6372992, -36.8801682 ], [ 174.6379935, -36.8805577 ], [ 174.6380235, -36.8805204 ], [ 174.6382084, -36.8806242 ], [ 174.6381783, -36.8806616 ], [ 174.6385489, -36.8808697 ], [ 174.6391949, -36.8799822 ], [ 174.6390436, -36.879961 ], [ 174.6389254, -36.8799134 ], [ 174.6384695, -36.879586 ], [ 174.6383479, -36.8794626 ], [ 174.6382869, -36.879332 ], [ 174.6381279, -36.8791788 ], [ 174.6379413, -36.8791245 ] ], [ [ 174.6371104, -36.8792265 ], [ 174.6372229, -36.8792483 ], [ 174.6373278, -36.8792876 ], [ 174.637488, -36.8793193 ], [ 174.6374776, -36.8793291 ], [ 174.6373018, -36.8793019 ], [ 174.6371204, -36.8792477 ], [ 174.6370017, -36.8791986 ], [ 174.6369086, -36.879189 ], [ 174.6368724, -36.8791734 ], [ 174.6368454, -36.8791327 ], [ 174.6368022, -36.8790023 ], [ 174.6367501, -36.8789135 ], [ 174.6366842, -36.878852 ], [ 174.6365389, -36.8787481 ], [ 174.6365465, -36.8787365 ], [ 174.6367326, -36.8788454 ], [ 174.6368033, -36.8789172 ], [ 174.6368568, -36.8790023 ], [ 174.6368706, -36.8791217 ], [ 174.6368898, -36.8791562 ], [ 174.6369388, -36.8791734 ], [ 174.6369862, -36.8791747 ], [ 174.6371104, -36.8792265 ] ] ], [ [ [ 174.6299919, -36.8737242 ], [ 174.6301989, -36.8738999 ], [ 174.6302393, -36.8738692 ], [ 174.6304501, -36.874048 ], [ 174.6306914, -36.8738645 ], [ 174.630142, -36.8733985 ], [ 174.6294869, -36.873897 ], [ 174.6307183, -36.8749471 ], [ 174.6312884, -36.8745135 ], [ 174.631249, -36.87448 ], [ 174.6313957, -36.8743684 ], [ 174.6312562, -36.8743438 ], [ 174.6308752, -36.8740205 ], [ 174.630634, -36.8742041 ], [ 174.6304848, -36.8740775 ], [ 174.6307261, -36.873894 ], [ 174.6306991, -36.8738711 ], [ 174.6303035, -36.8741634 ], [ 174.6301303, -36.8740164 ], [ 174.630178, -36.8739802 ], [ 174.6299309, -36.8737706 ], [ 174.6299919, -36.8737242 ] ] ], [ [ [ 174.6282499, -36.873519 ], [ 174.6279595, -36.8734933 ], [ 174.6279496, -36.8734997 ], [ 174.6277716, -36.8748023 ], [ 174.627901, -36.874854 ], [ 174.6289993, -36.8740184 ], [ 174.6284888, -36.8735852 ], [ 174.628391, -36.8735499 ], [ 174.6282499, -36.873519 ] ] ], [ [ [ 174.9582373, -37.1101897 ], [ 174.9587638, -37.1122736 ], [ 174.9589694, -37.1128264 ], [ 174.9594101, -37.1131133 ], [ 174.9631052, -37.1149987 ], [ 174.9641932, -37.1118075 ], [ 174.962586, -37.1114631 ], [ 174.9626252, -37.1095248 ], [ 174.9625974, -37.109333 ], [ 174.9616089, -37.1091722 ], [ 174.9617021, -37.1083896 ], [ 174.9595889, -37.1082275 ], [ 174.95963, -37.1071675 ], [ 174.9598566, -37.1050593 ], [ 174.9598638, -37.1042353 ], [ 174.9590198, -37.1041679 ], [ 174.9589464, -37.1042163 ], [ 174.9583607, -37.1092305 ], [ 174.9582373, -37.1101897 ] ] ], [ [ [ 174.9590709, -37.1038792 ], [ 174.9591335, -37.1039172 ], [ 174.9591767, -37.1039758 ], [ 174.9594866, -37.1040235 ], [ 174.9602631, -37.1040855 ], [ 174.9604495, -37.1024562 ], [ 174.9597146, -37.1024049 ], [ 174.9595648, -37.1026125 ], [ 174.9592985, -37.1028954 ], [ 174.9592024, -37.1030461 ], [ 174.9591445, -37.1031938 ], [ 174.9590993, -37.1034864 ], [ 174.9591418, -37.1035092 ], [ 174.9591367, -37.103554 ], [ 174.9590919, -37.1035508 ], [ 174.9590595, -37.1038376 ], [ 174.9590709, -37.1038792 ] ] ], [ [ [ 174.956588, -37.1001681 ], [ 174.9566423, -37.0998165 ], [ 174.9563412, -37.099802 ], [ 174.9563446, -37.0997718 ], [ 174.9562782, -37.099775 ], [ 174.9563117, -37.0994916 ], [ 174.9552985, -37.0994149 ], [ 174.9552788, -37.0995818 ], [ 174.9544642, -37.0995201 ], [ 174.9544433, -37.0998823 ], [ 174.9542476, -37.1008691 ], [ 174.9537073, -37.10229 ], [ 174.9535829, -37.1025307 ], [ 174.9530107, -37.1035294 ], [ 174.9546405, -37.1036541 ], [ 174.9547863, -37.1024162 ], [ 174.9550102, -37.1024332 ], [ 174.9548704, -37.1036174 ], [ 174.9549313, -37.1036763 ], [ 174.9572059, -37.1038481 ], [ 174.9572575, -37.1038359 ], [ 174.9582523, -37.1038988 ], [ 174.9585845, -37.1039321 ], [ 174.9586001, -37.1038049 ], [ 174.9586515, -37.1037684 ], [ 174.9587065, -37.1036321 ], [ 174.9586618, -37.1036287 ], [ 174.9586671, -37.1035838 ], [ 174.9587205, -37.1035879 ], [ 174.9587882, -37.1032107 ], [ 174.9588487, -37.1030659 ], [ 174.9590153, -37.1028009 ], [ 174.9593457, -37.1024378 ], [ 174.9594605, -37.1022602 ], [ 174.9594675, -37.1022307 ], [ 174.9594167, -37.1022231 ], [ 174.9594369, -37.1021363 ], [ 174.9594878, -37.1021439 ], [ 174.9594963, -37.1021173 ], [ 174.9595485, -37.1017772 ], [ 174.9595199, -37.1017494 ], [ 174.9590609, -37.1017143 ], [ 174.959018, -37.102073 ], [ 174.9590586, -37.1021123 ], [ 174.9591649, -37.1021205 ], [ 174.9591478, -37.1022639 ], [ 174.9588174, -37.1022386 ], [ 174.9588834, -37.1016872 ], [ 174.9586032, -37.1016657 ], [ 174.9586209, -37.1015169 ], [ 174.9571323, -37.1014155 ], [ 174.9572743, -37.1002201 ], [ 174.956588, -37.1001681 ] ] ], [ [ [ 174.9088173, -36.936649 ], [ 174.9087588, -36.9367245 ], [ 174.909001, -36.9367821 ], [ 174.9093816, -36.9368336 ], [ 174.9095046, -36.9368916 ], [ 174.9095157, -36.9367894 ], [ 174.9094627, -36.9367124 ], [ 174.9094471, -36.9366644 ], [ 174.9094916, -36.9364094 ], [ 174.9094363, -36.9363471 ], [ 174.9089603, -36.936283 ], [ 174.9088827, -36.9363273 ], [ 174.9088505, -36.9364814 ], [ 174.9088128, -36.9365899 ], [ 174.9088173, -36.936649 ] ] ], [ [ [ 174.9119496, -36.935738 ], [ 174.9117587, -36.9356482 ], [ 174.9116546, -36.9356178 ], [ 174.9110439, -36.935519 ], [ 174.9108033, -36.9355329 ], [ 174.9107403, -36.9355157 ], [ 174.9106958, -36.9354855 ], [ 174.9106667, -36.9354448 ], [ 174.9104145, -36.9354193 ], [ 174.9103363, -36.935466 ], [ 174.9102753, -36.9357575 ], [ 174.9106219, -36.9358042 ], [ 174.9106398, -36.9357166 ], [ 174.9111304, -36.9357886 ], [ 174.9114977, -36.9359057 ], [ 174.9118432, -36.9362181 ], [ 174.9120013, -36.9361317 ], [ 174.9121761, -36.9360726 ], [ 174.9122165, -36.9359969 ], [ 174.9121016, -36.9358551 ], [ 174.9119496, -36.935738 ] ] ], [ [ [ 174.9125973, -36.9360334 ], [ 174.9128787, -36.9361151 ], [ 174.913079, -36.9362176 ], [ 174.9133425, -36.9359035 ], [ 174.9134939, -36.9355155 ], [ 174.9103323, -36.9349377 ], [ 174.9102648, -36.9352643 ], [ 174.9106999, -36.9353084 ], [ 174.9107433, -36.9352807 ], [ 174.9107955, -36.9352659 ], [ 174.9108644, -36.9352676 ], [ 174.9110517, -36.935345 ], [ 174.9112118, -36.935384 ], [ 174.9116597, -36.935451 ], [ 174.9118486, -36.9355029 ], [ 174.9120201, -36.9355792 ], [ 174.9121144, -36.9356363 ], [ 174.9122388, -36.9357344 ], [ 174.9123829, -36.9358969 ], [ 174.9125973, -36.9360334 ] ] ], [ [ [ 174.9098619, -36.9350194 ], [ 174.9099044, -36.9349794 ], [ 174.9099442, -36.9347891 ], [ 174.9098771, -36.9345113 ], [ 174.9098611, -36.9344986 ], [ 174.9097352, -36.9344919 ], [ 174.9097364, -36.9344848 ], [ 174.9096243, -36.9344724 ], [ 174.9092555, -36.9345149 ], [ 174.9091984, -36.934548 ], [ 174.9091646, -36.9346024 ], [ 174.9090971, -36.9348689 ], [ 174.9090873, -36.9350158 ], [ 174.9090942, -36.9352356 ], [ 174.9090808, -36.9353801 ], [ 174.9089321, -36.9360909 ], [ 174.9089876, -36.9361534 ], [ 174.9094637, -36.9362173 ], [ 174.9095411, -36.9361731 ], [ 174.9097844, -36.9350089 ], [ 174.9098619, -36.9350194 ] ] ], [ [ [ 174.9092909, -36.9338135 ], [ 174.9092516, -36.9338353 ], [ 174.9091608, -36.9342689 ], [ 174.909228, -36.9343241 ], [ 174.910062, -36.9342279 ], [ 174.9101713, -36.9337062 ], [ 174.9100703, -36.9336848 ], [ 174.9100093, -36.9337178 ], [ 174.9099897, -36.9337618 ], [ 174.9099322, -36.9337945 ], [ 174.9098527, -36.9338207 ], [ 174.9097547, -36.9338002 ], [ 174.9095859, -36.9337866 ], [ 174.9092909, -36.9338135 ] ] ], [ [ [ 174.909514, -36.9337104 ], [ 174.9096751, -36.9337121 ], [ 174.9096813, -36.9336899 ], [ 174.9097592, -36.933706 ], [ 174.9098275, -36.9337033 ], [ 174.9098873, -36.9336768 ], [ 174.9100517, -36.9335432 ], [ 174.9100842, -36.9334736 ], [ 174.9102151, -36.932948 ], [ 174.910202, -36.9329291 ], [ 174.9096362, -36.9327856 ], [ 174.9096058, -36.9327971 ], [ 174.909529, -36.9329495 ], [ 174.9095602, -36.9330545 ], [ 174.9095489, -36.9331177 ], [ 174.9092661, -36.9336791 ], [ 174.9093993, -36.9337224 ], [ 174.909514, -36.9337104 ] ] ], [ [ [ 174.9087578, -36.9328683 ], [ 174.9086952, -36.9329573 ], [ 174.9083719, -36.9333344 ], [ 174.9083779, -36.9333602 ], [ 174.9088838, -36.9336396 ], [ 174.908935, -36.9336272 ], [ 174.9092419, -36.9330181 ], [ 174.909287, -36.9329675 ], [ 174.909402, -36.9329083 ], [ 174.9094709, -36.9327715 ], [ 174.9094517, -36.9327388 ], [ 174.9088489, -36.932586 ], [ 174.908791, -36.9326174 ], [ 174.9087578, -36.9328683 ] ] ], [ [ [ 174.907717, -36.9329701 ], [ 174.9077219, -36.9329881 ], [ 174.9079993, -36.9331413 ], [ 174.9079936, -36.933148 ], [ 174.9081961, -36.9332598 ], [ 174.908221, -36.9332561 ], [ 174.9085934, -36.9328217 ], [ 174.908617, -36.9325736 ], [ 174.9085911, -36.9325221 ], [ 174.9083611, -36.9323579 ], [ 174.9083367, -36.9323584 ], [ 174.9080287, -36.9326063 ], [ 174.907717, -36.9329701 ] ] ], [ [ [ 174.907817, -36.928774 ], [ 174.9078845, -36.9286681 ], [ 174.9079568, -36.9286311 ], [ 174.9084567, -36.9287234 ], [ 174.9085119, -36.9286956 ], [ 174.9086093, -36.9283553 ], [ 174.9085743, -36.9283105 ], [ 174.9079065, -36.9281872 ], [ 174.9078678, -36.9281935 ], [ 174.9074893, -36.9284205 ], [ 174.9074423, -36.9285019 ], [ 174.9074393, -36.9285471 ], [ 174.9076352, -36.9290233 ], [ 174.9076486, -36.9290939 ], [ 174.9075307, -36.9293934 ], [ 174.9079531, -36.9293964 ], [ 174.9083178, -36.9293727 ], [ 174.9083111, -36.9293292 ], [ 174.9082712, -36.9292807 ], [ 174.9082638, -36.9292363 ], [ 174.9082929, -36.9291738 ], [ 174.9083348, -36.9291441 ], [ 174.9083877, -36.9291296 ], [ 174.9084536, -36.9288994 ], [ 174.908419, -36.9288551 ], [ 174.9082451, -36.928823 ], [ 174.90822, -36.9289104 ], [ 174.9078457, -36.9288412 ], [ 174.907817, -36.928774 ] ] ], [ [ [ 174.9096364, -36.9287476 ], [ 174.9096775, -36.9286622 ], [ 174.9097116, -36.9286239 ], [ 174.9098258, -36.9285535 ], [ 174.9098654, -36.9284999 ], [ 174.909911, -36.9279562 ], [ 174.9098808, -36.9279506 ], [ 174.9095572, -36.927974 ], [ 174.9091453, -36.9280717 ], [ 174.9089578, -36.9281039 ], [ 174.9088921, -36.9280918 ], [ 174.9086941, -36.9287832 ], [ 174.90873, -36.9288292 ], [ 174.9090199, -36.9288827 ], [ 174.9091628, -36.9292209 ], [ 174.9094398, -36.9291394 ], [ 174.909682, -36.9290524 ], [ 174.9096307, -36.9288359 ], [ 174.9096364, -36.9287476 ] ] ], [ [ [ 174.9103862, -36.9287761 ], [ 174.9107283, -36.9286644 ], [ 174.9109604, -36.928607 ], [ 174.9112429, -36.9285615 ], [ 174.9112948, -36.9285304 ], [ 174.9115349, -36.9276918 ], [ 174.9104267, -36.9274872 ], [ 174.910356, -36.9277339 ], [ 174.9103847, -36.9277707 ], [ 174.9106209, -36.9278143 ], [ 174.9105832, -36.9279461 ], [ 174.9101393, -36.9278712 ], [ 174.9100928, -36.9278868 ], [ 174.9100272, -36.9285533 ], [ 174.9099931, -36.9286147 ], [ 174.9099124, -36.9286825 ], [ 174.9102018, -36.9286983 ], [ 174.9101887, -36.928853 ], [ 174.9103862, -36.9287761 ] ] ], [ [ [ 174.9082086, -36.9275645 ], [ 174.9081816, -36.9275991 ], [ 174.9080009, -36.9280225 ], [ 174.9080353, -36.9280723 ], [ 174.9086121, -36.9281788 ], [ 174.9086679, -36.9281507 ], [ 174.9088138, -36.9276415 ], [ 174.9087765, -36.9276026 ], [ 174.9084119, -36.9275291 ], [ 174.9083336, -36.927518 ], [ 174.9082584, -36.9275329 ], [ 174.9082086, -36.9275645 ] ] ], [ [ [ 174.6586344, -36.9120157 ], [ 174.6581999, -36.9118148 ], [ 174.6575134, -36.9115457 ], [ 174.656372, -36.9114313 ], [ 174.6562808, -36.9114074 ], [ 174.6559796, -36.9117965 ], [ 174.6576507, -36.9126339 ], [ 174.6576658, -36.9126136 ], [ 174.657938, -36.9127735 ], [ 174.6582084, -36.9129081 ], [ 174.6581901, -36.9129465 ], [ 174.6583429, -36.9130023 ], [ 174.6588854, -36.9120237 ], [ 174.6586344, -36.9120157 ] ] ] ] } },
{ "type": "Feature", "properties": { "category": "22.5m*" }, "geometry": { "type": "MultiPolygon", "coordinates": [ [ [ [ 174.7806378, -36.8707984 ], [ 174.7803064, -36.8710447 ], [ 174.7806633, -36.8713547 ], [ 174.7809946, -36.8711086 ], [ 174.7806378, -36.8707984 ] ] ], [ [ [ 174.7797701, -36.8711987 ], [ 174.7801556, -36.8709136 ], [ 174.7802832, -36.8710244 ], [ 174.7806145, -36.8707783 ], [ 174.7802093, -36.8704262 ], [ 174.7794908, -36.8709574 ], [ 174.7797701, -36.8711987 ] ] ], [ [ [ 174.7803752, -36.8703034 ], [ 174.7808069, -36.8706785 ], [ 174.7810692, -36.8704846 ], [ 174.7806368, -36.8701101 ], [ 174.7803752, -36.8703034 ] ] ], [ [ [ 174.7803086, -36.8668617 ], [ 174.7803776, -36.8668034 ], [ 174.7804691, -36.8668281 ], [ 174.7806233, -36.8666753 ], [ 174.7805878, -36.8666163 ], [ 174.7806049, -36.8665575 ], [ 174.7806782, -36.8665037 ], [ 174.780782, -36.8664739 ], [ 174.7805316, -36.8662905 ], [ 174.7803457, -36.8663862 ], [ 174.7799043, -36.8671037 ], [ 174.7796341, -36.8676629 ], [ 174.7795131, -36.8678038 ], [ 174.7788544, -36.8702903 ], [ 174.7788062, -36.8705088 ], [ 174.7787822, -36.87073 ], [ 174.7791152, -36.8704819 ], [ 174.779429, -36.870756 ], [ 174.7807087, -36.8698103 ], [ 174.7807137, -36.8697223 ], [ 174.7806278, -36.869657 ], [ 174.7805925, -36.8696155 ], [ 174.7803965, -36.8694705 ], [ 174.7801045, -36.8692942 ], [ 174.7798901, -36.8690946 ], [ 174.7798779, -36.8690938 ], [ 174.7796482, -36.8692817 ], [ 174.7795569, -36.8693323 ], [ 174.7794532, -36.8693238 ], [ 174.779305, -36.8692704 ], [ 174.7792909, -36.8692379 ], [ 174.7794089, -36.8692691 ], [ 174.7794362, -36.8692866 ], [ 174.779489, -36.8692888 ], [ 174.7795867, -36.8692665 ], [ 174.7796662, -36.8692303 ], [ 174.7798675, -36.8690656 ], [ 174.7798144, -36.8689775 ], [ 174.7797739, -36.8688716 ], [ 174.7797558, -36.8686807 ], [ 174.7798129, -36.8684197 ], [ 174.7799049, -36.8681088 ], [ 174.7799913, -36.8678853 ], [ 174.7801444, -36.8676711 ], [ 174.7801836, -36.8675648 ], [ 174.7802092, -36.8675328 ], [ 174.7802905, -36.8674831 ], [ 174.7802998, -36.8674591 ], [ 174.7802933, -36.8671381 ], [ 174.7803564, -36.866978 ], [ 174.7803623, -36.8669348 ], [ 174.7803453, -36.8668935 ], [ 174.7803086, -36.8668617 ] ] ], [ [ [ 174.7818593, -36.8680511 ], [ 174.7817005, -36.8679978 ], [ 174.7816718, -36.8679152 ], [ 174.7817458, -36.8677651 ], [ 174.781644, -36.8675553 ], [ 174.7817504, -36.8673966 ], [ 174.7817257, -36.8672266 ], [ 174.7817287, -36.8671543 ], [ 174.7814589, -36.8671259 ], [ 174.7812431, -36.8672955 ], [ 174.781294, -36.8676072 ], [ 174.7807885, -36.8678404 ], [ 174.7806925, -36.8676381 ], [ 174.7804004, -36.8677156 ], [ 174.78021, -36.8677895 ], [ 174.7801123, -36.8679337 ], [ 174.7799995, -36.8682489 ], [ 174.7798956, -36.8686436 ], [ 174.7798913, -36.8687758 ], [ 174.7799216, -36.8688978 ], [ 174.7799973, -36.8690294 ], [ 174.7800932, -36.8691271 ], [ 174.7805429, -36.8694282 ], [ 174.7808132, -36.8696495 ], [ 174.7808955, -36.8696732 ], [ 174.7822001, -36.8687174 ], [ 174.7822726, -36.868706 ], [ 174.7821518, -36.8685736 ], [ 174.7820475, -36.8685635 ], [ 174.7819654, -36.8684678 ], [ 174.781914, -36.8683483 ], [ 174.7819413, -36.8681943 ], [ 174.7818593, -36.8680511 ] ] ], [ [ [ 174.7799869, -36.8645065 ], [ 174.7798648, -36.8646194 ], [ 174.7807203, -36.8652163 ], [ 174.7807831, -36.8654248 ], [ 174.7811508, -36.8649555 ], [ 174.7800045, -36.8641551 ], [ 174.7797804, -36.8643625 ], [ 174.7799869, -36.8645065 ] ] ], [ [ [ 174.755684, -36.8555789 ], [ 174.7554198, -36.855454 ], [ 174.7553127, -36.8556002 ], [ 174.7545946, -36.855264 ], [ 174.7545564, -36.8552591 ], [ 174.7545201, -36.8552818 ], [ 174.754515, -36.8553066 ], [ 174.754829, -36.8572014 ], [ 174.7549004, -36.8572303 ], [ 174.7550612, -36.857159 ], [ 174.7553702, -36.8569551 ], [ 174.7552941, -36.8566891 ], [ 174.7552339, -36.8563356 ], [ 174.755309, -36.8557902 ], [ 174.7554068, -36.8556443 ], [ 174.7555784, -36.8557246 ], [ 174.755684, -36.8555789 ] ] ], [ [ [ 174.7549522, -36.8531087 ], [ 174.7547469, -36.8530955 ], [ 174.7547271, -36.8531482 ], [ 174.7542178, -36.8530183 ], [ 174.7541519, -36.8530623 ], [ 174.754235, -36.8535779 ], [ 174.7551064, -36.8538047 ], [ 174.7550458, -36.8539333 ], [ 174.7542953, -36.853738 ], [ 174.7542636, -36.8537559 ], [ 174.7544622, -36.8549604 ], [ 174.7544977, -36.8549917 ], [ 174.7556344, -36.855524 ], [ 174.7560423, -36.8545376 ], [ 174.7560291, -36.8545336 ], [ 174.7561247, -36.8543094 ], [ 174.7556372, -36.8536684 ], [ 174.755304, -36.8533001 ], [ 174.7551442, -36.8531052 ], [ 174.7549522, -36.8531087 ] ] ] ] } },
{ "type": "Feature", "properties": { "category": "22m" }, "geometry": { "type": "MultiPolygon", "coordinates": [ [ [ [ 174.7230997, -36.9013623 ], [ 174.7231482, -36.9013532 ], [ 174.7231857, -36.9013267 ], [ 174.7233602, -36.9011238 ], [ 174.7229178, -36.9008015 ], [ 174.7228291, -36.9006433 ], [ 174.7227597, -36.9007242 ], [ 174.7222923, -36.9004654 ], [ 174.7220207, -36.9007821 ], [ 174.7230429, -36.9013478 ], [ 174.7230997, -36.9013623 ] ] ], [ [ [ 174.7127538, -36.8983098 ], [ 174.7130964, -36.8985389 ], [ 174.7131705, -36.8985566 ], [ 174.713239, -36.8985276 ], [ 174.7135085, -36.8982139 ], [ 174.7131367, -36.8980084 ], [ 174.7130453, -36.8980294 ], [ 174.7127538, -36.8983098 ] ] ], [ [ [ 174.7118965, -36.8704928 ], [ 174.7117433, -36.8705688 ], [ 174.7114549, -36.8706576 ], [ 174.7109077, -36.8709252 ], [ 174.7109251, -36.8709479 ], [ 174.7106681, -36.8711125 ], [ 174.7106941, -36.8711462 ], [ 174.7111814, -36.8710407 ], [ 174.712065, -36.8708323 ], [ 174.7121378, -36.8708067 ], [ 174.7118965, -36.8704928 ] ] ], [ [ [ 174.7103181, -36.8711302 ], [ 174.7105261, -36.8710839 ], [ 174.7105956, -36.8710496 ], [ 174.7106079, -36.8710656 ], [ 174.7106284, -36.871061 ], [ 174.7107802, -36.8709639 ], [ 174.7107524, -36.8709278 ], [ 174.7114179, -36.8705976 ], [ 174.7117064, -36.8705088 ], [ 174.7118529, -36.870436 ], [ 174.7116132, -36.8701242 ], [ 174.7099902, -36.8709003 ], [ 174.710013, -36.8711475 ], [ 174.7103181, -36.8711302 ] ] ], [ [ [ 174.7102404, -36.8705056 ], [ 174.7100586, -36.8702665 ], [ 174.7098632, -36.8703625 ], [ 174.7098493, -36.8703452 ], [ 174.7098791, -36.8704802 ], [ 174.7099356, -36.8705493 ], [ 174.7100158, -36.8705802 ], [ 174.7100864, -36.8705776 ], [ 174.7102404, -36.8705056 ] ] ], [ [ [ 174.7138664, -36.8690753 ], [ 174.7134928, -36.8692255 ], [ 174.7118072, -36.8700314 ], [ 174.7123578, -36.8707477 ], [ 174.7127656, -36.8705883 ], [ 174.7125098, -36.8702552 ], [ 174.7129021, -36.8700748 ], [ 174.7131502, -36.8703975 ], [ 174.7141792, -36.8698862 ], [ 174.7138664, -36.8690753 ] ] ], [ [ [ 174.7101587, -36.8693129 ], [ 174.7099806, -36.8690785 ], [ 174.710389, -36.8688781 ], [ 174.7102023, -36.8686325 ], [ 174.7093853, -36.8690332 ], [ 174.7097503, -36.8695133 ], [ 174.7104343, -36.8704129 ], [ 174.7112569, -36.8700198 ], [ 174.7105671, -36.8691125 ], [ 174.7101587, -36.8693129 ] ] ], [ [ [ 174.7114508, -36.8699271 ], [ 174.7122736, -36.8695337 ], [ 174.711933, -36.8690857 ], [ 174.7111162, -36.8694866 ], [ 174.7114508, -36.8699271 ] ] ], [ [ [ 174.7140688, -36.8694138 ], [ 174.7142554, -36.8693755 ], [ 174.7141212, -36.8689974 ], [ 174.7139292, -36.8690535 ], [ 174.7140688, -36.8694138 ] ] ], [ [ [ 174.7130007, -36.8685616 ], [ 174.712519, -36.868798 ], [ 174.7126259, -36.8689386 ], [ 174.7122326, -36.8691318 ], [ 174.7124676, -36.8694409 ], [ 174.7133487, -36.8690196 ], [ 174.7130007, -36.8685616 ] ] ], [ [ [ 174.7141435, -36.8681937 ], [ 174.7133, -36.8686077 ], [ 174.7135481, -36.8689342 ], [ 174.7140302, -36.8687725 ], [ 174.714505, -36.8686691 ], [ 174.7141435, -36.8681937 ] ] ], [ [ [ 174.7149547, -36.8681486 ], [ 174.7149373, -36.8681258 ], [ 174.7145144, -36.8683334 ], [ 174.7147338, -36.8686222 ], [ 174.7165452, -36.8682511 ], [ 174.7165748, -36.868211 ], [ 174.7164674, -36.8678728 ], [ 174.7164165, -36.8678391 ], [ 174.7163073, -36.8678346 ], [ 174.7163871, -36.868086 ], [ 174.7158564, -36.8681336 ], [ 174.7149547, -36.8681486 ] ] ], [ [ [ 174.7184411, -36.8678819 ], [ 174.7183101, -36.8674694 ], [ 174.7177537, -36.8675834 ], [ 174.7169186, -36.8679378 ], [ 174.7169239, -36.8679547 ], [ 174.7167848, -36.8679832 ], [ 174.7168399, -36.8681567 ], [ 174.7168897, -36.8681804 ], [ 174.7180879, -36.8679359 ], [ 174.7184411, -36.8678819 ] ] ], [ [ [ 174.6505149, -36.8493132 ], [ 174.6505279, -36.8492756 ], [ 174.6505065, -36.8492405 ], [ 174.6501161, -36.8490116 ], [ 174.6500014, -36.8491373 ], [ 174.6504396, -36.8493957 ], [ 174.6505149, -36.8493132 ] ] ], [ [ [ 174.6502968, -36.8486889 ], [ 174.6501754, -36.8488218 ], [ 174.6502119, -36.8488432 ], [ 174.6502776, -36.8488477 ], [ 174.6504626, -36.8489559 ], [ 174.6504424, -36.8489782 ], [ 174.6506408, -36.8490938 ], [ 174.6506806, -36.8491006 ], [ 174.650724, -36.8490835 ], [ 174.650809, -36.848991 ], [ 174.6502968, -36.8486889 ] ] ], [ [ [ 174.6524938, -36.8433266 ], [ 174.6525224, -36.8433639 ], [ 174.6522249, -36.8435128 ], [ 174.652203, -36.8434857 ], [ 174.6521435, -36.8435274 ], [ 174.6520405, -36.8436071 ], [ 174.6518228, -36.8437087 ], [ 174.6517976, -36.8437561 ], [ 174.651784, -36.8438491 ], [ 174.6519556, -36.8439134 ], [ 174.6518926, -36.8439986 ], [ 174.6517713, -36.8444333 ], [ 174.6517424, -36.8448256 ], [ 174.6523691, -36.8448556 ], [ 174.6524258, -36.8440895 ], [ 174.6522602, -36.8440274 ], [ 174.6523728, -36.8438778 ], [ 174.6524093, -36.8438523 ], [ 174.6525136, -36.8437793 ], [ 174.6529911, -36.84354 ], [ 174.6528846, -36.8434207 ], [ 174.6528179, -36.8434194 ], [ 174.6526916, -36.843256 ], [ 174.6526486, -36.8432491 ], [ 174.6524938, -36.8433266 ] ] ], [ [ [ 174.6530278, -36.8431791 ], [ 174.6531981, -36.8433698 ], [ 174.6535316, -36.8432026 ], [ 174.6533775, -36.8430039 ], [ 174.6530278, -36.8431791 ] ] ], [ [ [ 174.651533, -36.8433531 ], [ 174.6514768, -36.8433508 ], [ 174.6514971, -36.8430766 ], [ 174.6515534, -36.8430789 ], [ 174.6516449, -36.8418451 ], [ 174.6515882, -36.8418427 ], [ 174.6516332, -36.841237 ], [ 174.6515866, -36.8412259 ], [ 174.6507477, -36.8413874 ], [ 174.6508794, -36.8418133 ], [ 174.6510275, -36.8418194 ], [ 174.6509127, -36.8436024 ], [ 174.6515126, -36.8436273 ], [ 174.651533, -36.8433531 ] ] ], [ [ [ 174.6516518, -36.8410231 ], [ 174.6514373, -36.8403706 ], [ 174.6511741, -36.8404265 ], [ 174.651216, -36.840554 ], [ 174.6508947, -36.8406223 ], [ 174.6510642, -36.8411382 ], [ 174.6516518, -36.8410231 ] ] ], [ [ [ 174.651954, -36.8408663 ], [ 174.6520213, -36.8408988 ], [ 174.652421, -36.8408202 ], [ 174.6522347, -36.8402532 ], [ 174.6517259, -36.8403615 ], [ 174.6517778, -36.8405192 ], [ 174.6518415, -36.8405057 ], [ 174.651954, -36.8408663 ] ] ], [ [ [ 174.6514269, -36.8403387 ], [ 174.6513212, -36.8400162 ], [ 174.6513823, -36.8400022 ], [ 174.6513177, -36.8398294 ], [ 174.6509004, -36.839918 ], [ 174.650958, -36.8400933 ], [ 174.6509917, -36.8400861 ], [ 174.6510976, -36.8404086 ], [ 174.6514269, -36.8403387 ] ] ], [ [ [ 174.6516902, -36.8388329 ], [ 174.6513048, -36.8389164 ], [ 174.6512766, -36.8389399 ], [ 174.6512715, -36.8389786 ], [ 174.6517259, -36.8403615 ], [ 174.6521619, -36.8402686 ], [ 174.6516902, -36.8388329 ] ] ], [ [ [ 174.7231971, -36.8122184 ], [ 174.7233796, -36.8122409 ], [ 174.7234321, -36.8119655 ], [ 174.723251, -36.8119431 ], [ 174.7231971, -36.8122184 ] ] ], [ [ [ 174.7231856, -36.812277 ], [ 174.7231722, -36.812257 ], [ 174.7232341, -36.811941 ], [ 174.7226522, -36.8118692 ], [ 174.72258, -36.8122475 ], [ 174.7229718, -36.8122863 ], [ 174.7229785, -36.8122514 ], [ 174.7231856, -36.812277 ] ] ], [ [ [ 174.7223586, -36.8122165 ], [ 174.7224329, -36.8118422 ], [ 174.721066, -36.8116735 ], [ 174.7209945, -36.8120481 ], [ 174.7223586, -36.8122165 ] ] ], [ [ [ 174.7121348, -36.8117269 ], [ 174.7124134, -36.8116843 ], [ 174.7127011, -36.8116618 ], [ 174.7127119, -36.8119094 ], [ 174.7128827, -36.8119063 ], [ 174.7128692, -36.811598 ], [ 174.7133761, -36.8116117 ], [ 174.7138424, -36.8116916 ], [ 174.7138572, -36.8114638 ], [ 174.7140653, -36.8114726 ], [ 174.714332, -36.811535 ], [ 174.714673, -36.8115225 ], [ 174.7148256, -36.8114611 ], [ 174.7149096, -36.8114581 ], [ 174.7148969, -36.8112138 ], [ 174.7149641, -36.8112116 ], [ 174.715091, -36.8111447 ], [ 174.7150675, -36.8108079 ], [ 174.7139883, -36.8108448 ], [ 174.7139865, -36.8108719 ], [ 174.7134267, -36.8108911 ], [ 174.7134285, -36.810864 ], [ 174.7112063, -36.81094 ], [ 174.71126, -36.811954 ], [ 174.7113549, -36.811906 ], [ 174.7121348, -36.8117269 ] ] ], [ [ [ 174.7179134, -36.8110283 ], [ 174.718615, -36.8111325 ], [ 174.7187191, -36.8106856 ], [ 174.7185033, -36.8106664 ], [ 174.7184925, -36.8107091 ], [ 174.7180029, -36.8106366 ], [ 174.7179134, -36.8110283 ] ] ], [ [ [ 174.7155098, -36.8106711 ], [ 174.7157534, -36.8107071 ], [ 174.7158152, -36.810437 ], [ 174.7155716, -36.8104009 ], [ 174.7155098, -36.8106711 ] ] ], [ [ [ 174.7046524, -36.8063245 ], [ 174.704183, -36.8064191 ], [ 174.7041691, -36.8064855 ], [ 174.7042028, -36.8065533 ], [ 174.7045005, -36.8068143 ], [ 174.7047482, -36.8066316 ], [ 174.7046524, -36.8063245 ] ] ], [ [ [ 174.7043576, -36.8058082 ], [ 174.704422, -36.8060146 ], [ 174.7045479, -36.8059893 ], [ 174.704478, -36.8057653 ], [ 174.704374, -36.8057863 ], [ 174.7043576, -36.8058082 ] ] ], [ [ [ 174.7245915, -36.7944569 ], [ 174.724658, -36.7940498 ], [ 174.7241552, -36.7939966 ], [ 174.7240887, -36.7944038 ], [ 174.7245915, -36.7944569 ] ] ], [ [ [ 174.7213872, -36.7814816 ], [ 174.7215781, -36.7815486 ], [ 174.7218227, -36.7810949 ], [ 174.7221609, -36.781214 ], [ 174.7222587, -36.7810344 ], [ 174.7217435, -36.7808526 ], [ 174.7217227, -36.7808592 ], [ 174.7213872, -36.7814816 ] ] ], [ [ [ 174.720229, -36.7815295 ], [ 174.7207126, -36.7818274 ], [ 174.7208469, -36.7817993 ], [ 174.721293, -36.7809725 ], [ 174.7212414, -36.7809544 ], [ 174.7214778, -36.780516 ], [ 174.7210126, -36.7803536 ], [ 174.7205724, -36.7811688 ], [ 174.720229, -36.7815295 ] ] ], [ [ [ 174.721029, -36.7803235 ], [ 174.7214832, -36.780482 ], [ 174.721573, -36.7804535 ], [ 174.7216274, -36.7803527 ], [ 174.7211106, -36.7801723 ], [ 174.721029, -36.7803235 ] ] ], [ [ [ 174.7198401, -36.7742355 ], [ 174.7203842, -36.7741958 ], [ 174.72015, -36.7739371 ], [ 174.7198092, -36.7739619 ], [ 174.7198401, -36.7742355 ] ] ], [ [ [ 174.7219708, -36.7704913 ], [ 174.7225164, -36.7706821 ], [ 174.7225669, -36.7705055 ], [ 174.7225901, -36.7703369 ], [ 174.7226504, -36.7702986 ], [ 174.722152, -36.7699401 ], [ 174.722052, -36.7700053 ], [ 174.7221026, -36.7700306 ], [ 174.7219708, -36.7704913 ] ] ], [ [ [ 174.720123, -36.7690861 ], [ 174.7207644, -36.7691662 ], [ 174.720778, -36.7690858 ], [ 174.7203838, -36.7687421 ], [ 174.720194, -36.7687183 ], [ 174.720123, -36.7690861 ] ] ], [ [ [ 174.7418659, -36.9045669 ], [ 174.741885, -36.9046168 ], [ 174.7424946, -36.90504 ], [ 174.7426983, -36.9044045 ], [ 174.7419909, -36.9042584 ], [ 174.7419071, -36.904513 ], [ 174.7418852, -36.9045084 ], [ 174.7418659, -36.9045669 ] ] ], [ [ [ 174.7262751, -36.9033416 ], [ 174.7255329, -36.9037619 ], [ 174.727341, -36.9047786 ], [ 174.7277971, -36.9042227 ], [ 174.7277746, -36.9041349 ], [ 174.7262751, -36.9033416 ] ] ], [ [ [ 174.7423846, -36.9031376 ], [ 174.7423612, -36.9031491 ], [ 174.7423138, -36.903291 ], [ 174.7422907, -36.9032862 ], [ 174.7422775, -36.9033259 ], [ 174.7422966, -36.9033298 ], [ 174.7420483, -36.9040828 ], [ 174.7425404, -36.9041845 ], [ 174.7428462, -36.903231 ], [ 174.7423846, -36.9031376 ] ] ], [ [ [ 174.7249465, -36.9027143 ], [ 174.7245603, -36.9030869 ], [ 174.7245835, -36.9031039 ], [ 174.7245385, -36.9031434 ], [ 174.7244822, -36.903103 ], [ 174.724357, -36.9032143 ], [ 174.7242865, -36.9032599 ], [ 174.7243798, -36.9033124 ], [ 174.7245847, -36.9031817 ], [ 174.725429, -36.9036517 ], [ 174.7261218, -36.9032605 ], [ 174.7256991, -36.9030369 ], [ 174.7256868, -36.903044 ], [ 174.7253951, -36.9029355 ], [ 174.7253423, -36.9029063 ], [ 174.7253278, -36.9029149 ], [ 174.7249647, -36.9027151 ], [ 174.7249465, -36.9027143 ] ] ], [ [ [ 174.7428387, -36.9026166 ], [ 174.7425571, -36.9025583 ], [ 174.7424938, -36.9027438 ], [ 174.7424724, -36.9027394 ], [ 174.7424547, -36.9027925 ], [ 174.7424763, -36.902797 ], [ 174.7424359, -36.9029207 ], [ 174.7424567, -36.9029492 ], [ 174.7427108, -36.9030018 ], [ 174.7428387, -36.9026166 ] ] ], [ [ [ 174.7288008, -36.9032284 ], [ 174.7284325, -36.9030243 ], [ 174.7280706, -36.9034493 ], [ 174.7269162, -36.9028388 ], [ 174.7270103, -36.902724 ], [ 174.7260973, -36.9019521 ], [ 174.7258034, -36.9018013 ], [ 174.7261255, -36.9014769 ], [ 174.726099, -36.9014595 ], [ 174.7257744, -36.9017864 ], [ 174.7253112, -36.9015489 ], [ 174.7248498, -36.9015996 ], [ 174.7249214, -36.9013079 ], [ 174.7249049, -36.9013039 ], [ 174.7247989, -36.901736 ], [ 174.7246058, -36.9016291 ], [ 174.7241924, -36.9013236 ], [ 174.7241606, -36.9013607 ], [ 174.7236519, -36.9010506 ], [ 174.7235331, -36.9011664 ], [ 174.7233263, -36.9014046 ], [ 174.7233089, -36.901442 ], [ 174.7233155, -36.9014818 ], [ 174.7233526, -36.9015191 ], [ 174.7257704, -36.9028572 ], [ 174.7280708, -36.9040739 ], [ 174.7281384, -36.9040819 ], [ 174.7281973, -36.9040539 ], [ 174.7288175, -36.9033256 ], [ 174.7288283, -36.9032708 ], [ 174.7288008, -36.9032284 ] ] ], [ [ [ 174.7415789, -36.9028382 ], [ 174.7421375, -36.9029557 ], [ 174.742405, -36.9021677 ], [ 174.742399, -36.9021589 ], [ 174.7418393, -36.9020412 ], [ 174.7415789, -36.9028382 ] ] ], [ [ [ 174.7424673, -36.9019781 ], [ 174.7427238, -36.9011955 ], [ 174.7427172, -36.9011867 ], [ 174.7423519, -36.9011099 ], [ 174.7420918, -36.9019069 ], [ 174.7424561, -36.9019835 ], [ 174.7424673, -36.9019781 ] ] ], [ [ [ 174.7428707, -36.9007467 ], [ 174.7431454, -36.8999082 ], [ 174.7432459, -36.8996457 ], [ 174.7432239, -36.8996408 ], [ 174.7433545, -36.8992427 ], [ 174.7427907, -36.8991241 ], [ 174.7426608, -36.8995226 ], [ 174.7416681, -36.8993138 ], [ 174.7413508, -36.9002865 ], [ 174.7423435, -36.900495 ], [ 174.7422135, -36.9008935 ], [ 174.7427747, -36.9010112 ], [ 174.7428023, -36.9009986 ], [ 174.7428837, -36.9007506 ], [ 174.7428707, -36.9007467 ] ] ], [ [ [ 174.7438666, -36.9001435 ], [ 174.7439736, -36.8998045 ], [ 174.7434754, -36.8997026 ], [ 174.7433665, -36.9000348 ], [ 174.7438666, -36.9001435 ] ] ], [ [ [ 174.743759, -36.8988651 ], [ 174.7436757, -36.8991193 ], [ 174.7436538, -36.899115 ], [ 174.7435196, -36.8995249 ], [ 174.7440293, -36.8996286 ], [ 174.7442395, -36.8989632 ], [ 174.743759, -36.8988651 ] ] ], [ [ [ 174.7436729, -36.8982705 ], [ 174.7431076, -36.8981516 ], [ 174.7428477, -36.8989487 ], [ 174.743412, -36.8990674 ], [ 174.7436729, -36.8982705 ] ] ], [ [ [ 174.7277977, -36.8983137 ], [ 174.7275458, -36.8981925 ], [ 174.7274863, -36.8981898 ], [ 174.7274422, -36.8982085 ], [ 174.7273342, -36.8983443 ], [ 174.7276556, -36.8985014 ], [ 174.7277977, -36.8983137 ] ] ], [ [ [ 174.743446, -36.8980354 ], [ 174.7436904, -36.8980868 ], [ 174.7437391, -36.8980642 ], [ 174.7439771, -36.8973377 ], [ 174.7435621, -36.8972512 ], [ 174.7433668, -36.8978739 ], [ 174.7434904, -36.8978999 ], [ 174.743446, -36.8980354 ] ] ], [ [ [ 174.7331119, -36.8969233 ], [ 174.7329197, -36.8968282 ], [ 174.7326414, -36.8971909 ], [ 174.7330693, -36.8974026 ], [ 174.7333158, -36.8971084 ], [ 174.7333274, -36.8970284 ], [ 174.7333087, -36.8969889 ], [ 174.7331296, -36.8969002 ], [ 174.7331119, -36.8969233 ] ] ], [ [ [ 174.7438506, -36.896358 ], [ 174.7437346, -36.8967169 ], [ 174.7437015, -36.8967099 ], [ 174.7435855, -36.8970688 ], [ 174.7440424, -36.8971643 ], [ 174.744167, -36.8967788 ], [ 174.7441801, -36.8967815 ], [ 174.7442307, -36.8966246 ], [ 174.7442177, -36.8966218 ], [ 174.7442744, -36.8964464 ], [ 174.7438506, -36.896358 ] ] ], [ [ [ 174.7368152, -36.8905602 ], [ 174.7372641, -36.8906538 ], [ 174.7373207, -36.8904783 ], [ 174.7368718, -36.8903848 ], [ 174.7368152, -36.8905602 ] ] ], [ [ [ 174.7374282, -36.8879289 ], [ 174.7370973, -36.8878597 ], [ 174.7369937, -36.8881814 ], [ 174.7373245, -36.8882506 ], [ 174.7374282, -36.8879289 ] ] ], [ [ [ 174.7425306, -36.8859026 ], [ 174.7429678, -36.8859941 ], [ 174.7430264, -36.885819 ], [ 174.7425872, -36.8857271 ], [ 174.7425306, -36.8859026 ] ] ], [ [ [ 174.7325335, -36.8840957 ], [ 174.7324639, -36.8841317 ], [ 174.7323729, -36.8844167 ], [ 174.7313952, -36.8851643 ], [ 174.7312844, -36.8853116 ], [ 174.7312295, -36.8853386 ], [ 174.731155, -36.8853467 ], [ 174.7310829, -36.8853279 ], [ 174.7310284, -36.8852856 ], [ 174.7301437, -36.88575 ], [ 174.7325458, -36.886245 ], [ 174.7326839, -36.8858124 ], [ 174.7327123, -36.8858184 ], [ 174.7328805, -36.8852916 ], [ 174.7327164, -36.8852579 ], [ 174.7329472, -36.8845349 ], [ 174.7335198, -36.8846529 ], [ 174.7336332, -36.884298 ], [ 174.7335916, -36.8842462 ], [ 174.7325335, -36.8840957 ] ] ], [ [ [ 174.7367594, -36.8658664 ], [ 174.7372069, -36.8661791 ], [ 174.737048, -36.8652364 ], [ 174.7367036, -36.865192 ], [ 174.7366963, -36.8654403 ], [ 174.7367594, -36.8658664 ] ] ], [ [ [ 174.7367379, -36.8650123 ], [ 174.7368026, -36.8646876 ], [ 174.7367498, -36.8646792 ], [ 174.7368238, -36.8643774 ], [ 174.7365028, -36.8643266 ], [ 174.7364277, -36.8646329 ], [ 174.7365, -36.8646433 ], [ 174.7364341, -36.8649733 ], [ 174.7367379, -36.8650123 ] ] ], [ [ [ 174.7367383, -36.86382 ], [ 174.7365152, -36.8637013 ], [ 174.7364225, -36.8640789 ], [ 174.7367244, -36.8641267 ], [ 174.736764, -36.8639653 ], [ 174.7367383, -36.86382 ] ] ], [ [ [ 174.7364983, -36.8636922 ], [ 174.7367369, -36.8634241 ], [ 174.736518, -36.8632923 ], [ 174.7362274, -36.8636041 ], [ 174.7364983, -36.8636922 ] ] ], [ [ [ 174.7261152, -36.8134587 ], [ 174.7266167, -36.8135465 ], [ 174.7267488, -36.8133726 ], [ 174.7261863, -36.8132494 ], [ 174.7261152, -36.8134587 ] ] ], [ [ [ 174.7269282, -36.8134504 ], [ 174.726983, -36.8133988 ], [ 174.7274248, -36.8137019 ], [ 174.7277573, -36.8133885 ], [ 174.7269649, -36.8128448 ], [ 174.7266832, -36.8131102 ], [ 174.7267723, -36.8133435 ], [ 174.7269282, -36.8134504 ] ] ], [ [ [ 174.7244324, -36.8125935 ], [ 174.7242298, -36.8125685 ], [ 174.7242636, -36.8123907 ], [ 174.7238983, -36.8123262 ], [ 174.7238792, -36.8124259 ], [ 174.7237928, -36.8124152 ], [ 174.7238683, -36.8120194 ], [ 174.7234692, -36.8119701 ], [ 174.7234133, -36.8122633 ], [ 174.7236435, -36.8122917 ], [ 174.7234699, -36.8132058 ], [ 174.7238259, -36.8132499 ], [ 174.723868, -36.8130281 ], [ 174.7241355, -36.813061 ], [ 174.7242244, -36.8125955 ], [ 174.7244608, -36.8126247 ], [ 174.7250734, -36.81293 ], [ 174.7247852, -36.8144254 ], [ 174.7255168, -36.8145158 ], [ 174.726001, -36.8131065 ], [ 174.7250787, -36.8129032 ], [ 174.7251232, -36.8126682 ], [ 174.7246817, -36.8125077 ], [ 174.7244605, -36.8124458 ], [ 174.7244324, -36.8125935 ] ] ], [ [ [ 174.72777, -36.8131001 ], [ 174.7277705, -36.8131573 ], [ 174.7280202, -36.8133278 ], [ 174.7281366, -36.8132465 ], [ 174.727845, -36.8130475 ], [ 174.72777, -36.8131001 ] ] ], [ [ [ 174.724274, -36.8123363 ], [ 174.7244711, -36.8123905 ], [ 174.7247071, -36.8124566 ], [ 174.7251339, -36.8126119 ], [ 174.7252101, -36.8122125 ], [ 174.7239496, -36.8120572 ], [ 174.7239086, -36.8122718 ], [ 174.724274, -36.8123363 ] ] ], [ [ [ 174.7268196, -36.8123345 ], [ 174.7266527, -36.8122201 ], [ 174.726529, -36.812307 ], [ 174.7275163, -36.8129837 ], [ 174.7275939, -36.8129832 ], [ 174.7276714, -36.8129289 ], [ 174.7274371, -36.8127689 ], [ 174.7276774, -36.8126003 ], [ 174.7278772, -36.8127844 ], [ 174.7281345, -36.8126038 ], [ 174.728141, -36.8125263 ], [ 174.7279862, -36.8123837 ], [ 174.7281149, -36.8122934 ], [ 174.7282697, -36.812436 ], [ 174.7283661, -36.8124413 ], [ 174.7284176, -36.8124052 ], [ 174.7282178, -36.8122211 ], [ 174.7285542, -36.8119851 ], [ 174.7281656, -36.8116269 ], [ 174.7276115, -36.8120157 ], [ 174.7274704, -36.8119965 ], [ 174.7274242, -36.8119634 ], [ 174.7273716, -36.8119484 ], [ 174.7268196, -36.8123345 ] ] ], [ [ [ 174.7259122, -36.8107645 ], [ 174.7260468, -36.8110873 ], [ 174.7260144, -36.811096 ], [ 174.7264953, -36.8122528 ], [ 174.7265422, -36.8122399 ], [ 174.7266489, -36.8121582 ], [ 174.7265434, -36.8119093 ], [ 174.7265922, -36.8118959 ], [ 174.7265729, -36.8118493 ], [ 174.7268974, -36.8117609 ], [ 174.7267256, -36.8113482 ], [ 174.7266466, -36.8113687 ], [ 174.7265942, -36.8112382 ], [ 174.7265061, -36.811261 ], [ 174.7264474, -36.8111321 ], [ 174.7266084, -36.8110902 ], [ 174.7265019, -36.8108553 ], [ 174.7270892, -36.8108151 ], [ 174.7270164, -36.8101087 ], [ 174.7257771, -36.8101971 ], [ 174.7256863, -36.810308 ], [ 174.7258771, -36.8107669 ], [ 174.7259122, -36.8107645 ] ] ], [ [ [ 174.7380126, -36.8108441 ], [ 174.738033, -36.8105984 ], [ 174.7377816, -36.8105844 ], [ 174.7377504, -36.8108398 ], [ 174.7380126, -36.8108441 ] ] ], [ [ [ 174.7369978, -36.8103565 ], [ 174.7369363, -36.8096145 ], [ 174.7358462, -36.8096731 ], [ 174.7358769, -36.8103004 ], [ 174.7369978, -36.8103565 ] ] ], [ [ [ 174.7435293, -36.7947894 ], [ 174.7438953, -36.7950919 ], [ 174.744227, -36.7948331 ], [ 174.7442282, -36.794769 ], [ 174.7439014, -36.794499 ], [ 174.7435293, -36.7947894 ] ] ], [ [ [ 174.7248064, -36.7915259 ], [ 174.7247216, -36.7915172 ], [ 174.7245523, -36.7916559 ], [ 174.7247438, -36.7918145 ], [ 174.7247941, -36.7920686 ], [ 174.7251774, -36.7917667 ], [ 174.7248064, -36.7915259 ] ] ], [ [ [ 174.7400269, -36.7599853 ], [ 174.7395193, -36.7598303 ], [ 174.7389835, -36.7602953 ], [ 174.7393649, -36.7605231 ], [ 174.739331, -36.760547 ], [ 174.7395984, -36.7607923 ], [ 174.7399928, -36.760514 ], [ 174.7397254, -36.7602687 ], [ 174.7398776, -36.7601613 ], [ 174.7400269, -36.7599853 ] ] ], [ [ [ 174.7398529, -36.7587823 ], [ 174.7395705, -36.75868 ], [ 174.7390898, -36.7596991 ], [ 174.7395193, -36.7598303 ], [ 174.7404798, -36.7601235 ], [ 174.7406119, -36.7599254 ], [ 174.7409635, -36.7591806 ], [ 174.7409239, -36.7591098 ], [ 174.7398529, -36.7587823 ] ] ], [ [ [ 174.754479, -36.9097841 ], [ 174.7548513, -36.9102354 ], [ 174.754994, -36.9101596 ], [ 174.754612, -36.9096957 ], [ 174.7545501, -36.9096959 ], [ 174.754479, -36.9097841 ] ] ], [ [ [ 174.7580802, -36.9093057 ], [ 174.7571256, -36.9093791 ], [ 174.7567512, -36.9094078 ], [ 174.7568074, -36.9098808 ], [ 174.7567938, -36.9098819 ], [ 174.7568069, -36.9099683 ], [ 174.7568499, -36.9099572 ], [ 174.7570657, -36.9100039 ], [ 174.7570185, -36.9098699 ], [ 174.757144, -36.9102249 ], [ 174.7575923, -36.91019 ], [ 174.7575541, -36.9098732 ], [ 174.7575708, -36.9098328 ], [ 174.7576136, -36.9097968 ], [ 174.758134, -36.9097568 ], [ 174.7580802, -36.9093057 ] ] ], [ [ [ 174.7556547, -36.9098587 ], [ 174.7558946, -36.9098959 ], [ 174.755989, -36.9100104 ], [ 174.7561528, -36.9099239 ], [ 174.756142, -36.9099107 ], [ 174.7567843, -36.9098604 ], [ 174.7567307, -36.9094094 ], [ 174.7560488, -36.909462 ], [ 174.7548145, -36.9096126 ], [ 174.7550781, -36.9099326 ], [ 174.7553348, -36.9097962 ], [ 174.7555536, -36.9099124 ], [ 174.7556547, -36.9098587 ] ] ], [ [ [ 174.7540204, -36.9096146 ], [ 174.7542886, -36.9096848 ], [ 174.7543969, -36.9095508 ], [ 174.7543706, -36.909491 ], [ 174.7540992, -36.9094204 ], [ 174.7540204, -36.9096146 ] ] ], [ [ [ 174.7572223, -36.8998619 ], [ 174.7575178, -36.9001318 ], [ 174.7575107, -36.9001545 ], [ 174.7576475, -36.9002795 ], [ 174.7578129, -36.8997582 ], [ 174.7571884, -36.8996303 ], [ 174.7571399, -36.8997245 ], [ 174.7572223, -36.8998619 ] ] ], [ [ [ 174.7738007, -36.8994583 ], [ 174.7740315, -36.8987237 ], [ 174.7735157, -36.898513 ], [ 174.7732228, -36.899446 ], [ 174.7732666, -36.8996259 ], [ 174.7738203, -36.8995388 ], [ 174.7738007, -36.8994583 ] ] ], [ [ [ 174.7438383, -36.8986905 ], [ 174.7442949, -36.8987877 ], [ 174.7443999, -36.8984551 ], [ 174.743925, -36.8983579 ], [ 174.743821, -36.8986757 ], [ 174.7438383, -36.8986905 ] ] ], [ [ [ 174.7729063, -36.8986274 ], [ 174.7732136, -36.8986896 ], [ 174.7732812, -36.8984771 ], [ 174.7729723, -36.8984202 ], [ 174.7729063, -36.8986274 ] ] ], [ [ [ 174.773062, -36.8981314 ], [ 174.7729834, -36.8983795 ], [ 174.7732925, -36.8984421 ], [ 174.7733629, -36.8982212 ], [ 174.7733381, -36.8981878 ], [ 174.773062, -36.8981314 ] ] ], [ [ [ 174.7741997, -36.8977961 ], [ 174.773792, -36.8976295 ], [ 174.7735721, -36.8983329 ], [ 174.7739746, -36.8984971 ], [ 174.7740297, -36.8983212 ], [ 174.7740957, -36.8983482 ], [ 174.7741952, -36.8981906 ], [ 174.7740847, -36.8981455 ], [ 174.7741997, -36.8977961 ] ] ], [ [ [ 174.7728881, -36.8979087 ], [ 174.7734271, -36.8980189 ], [ 174.7735266, -36.8977049 ], [ 174.7729883, -36.8975932 ], [ 174.7728881, -36.8979087 ] ] ], [ [ [ 174.7742569, -36.8976238 ], [ 174.7741817, -36.8975931 ], [ 174.7742933, -36.8972394 ], [ 174.7739573, -36.8971024 ], [ 174.773799, -36.8976072 ], [ 174.7742088, -36.8977733 ], [ 174.7742569, -36.8976238 ] ] ], [ [ [ 174.7732152, -36.8969775 ], [ 174.773071, -36.8969476 ], [ 174.7728822, -36.8975429 ], [ 174.7735348, -36.8976783 ], [ 174.773828, -36.8967217 ], [ 174.7733363, -36.8966202 ], [ 174.7732152, -36.8969775 ] ] ], [ [ [ 174.774061, -36.8967722 ], [ 174.7739585, -36.8970992 ], [ 174.7743611, -36.8972636 ], [ 174.7744764, -36.8969033 ], [ 174.7740612, -36.8967384 ], [ 174.774061, -36.8967722 ] ] ], [ [ [ 174.7450219, -36.8963512 ], [ 174.7445685, -36.8962589 ], [ 174.7445802, -36.89628 ], [ 174.744424, -36.8967556 ], [ 174.7444371, -36.8967583 ], [ 174.7441901, -36.8975183 ], [ 174.7450115, -36.8976857 ], [ 174.7450695, -36.897507 ], [ 174.744893, -36.8974702 ], [ 174.7451343, -36.8967243 ], [ 174.7449161, -36.8966783 ], [ 174.7450219, -36.8963512 ] ] ], [ [ [ 174.7745791, -36.8968829 ], [ 174.7746377, -36.8967839 ], [ 174.7746476, -36.8967371 ], [ 174.7747066, -36.8966407 ], [ 174.774036, -36.8963759 ], [ 174.7740583, -36.8966964 ], [ 174.7744881, -36.8968672 ], [ 174.7744939, -36.896849 ], [ 174.7745791, -36.8968829 ] ] ], [ [ [ 174.7440205, -36.8958323 ], [ 174.7439073, -36.8961824 ], [ 174.744311, -36.8962668 ], [ 174.7443363, -36.8962547 ], [ 174.7444445, -36.8959201 ], [ 174.7440205, -36.8958323 ] ] ], [ [ [ 174.7744002, -36.8930325 ], [ 174.7743818, -36.8930285 ], [ 174.7744939, -36.8924614 ], [ 174.7740998, -36.8923815 ], [ 174.7739713, -36.892791 ], [ 174.7740109, -36.8927992 ], [ 174.7739871, -36.8929923 ], [ 174.7743927, -36.8930728 ], [ 174.7744002, -36.8930325 ] ] ], [ [ [ 174.7745347, -36.8921723 ], [ 174.7746982, -36.891264 ], [ 174.7746818, -36.8912443 ], [ 174.7741955, -36.8911483 ], [ 174.7740127, -36.891747 ], [ 174.7740465, -36.8917531 ], [ 174.7739193, -36.8921582 ], [ 174.774526, -36.8922811 ], [ 174.774545, -36.8921744 ], [ 174.7745347, -36.8921723 ] ] ], [ [ [ 174.7747363, -36.8910516 ], [ 174.7748861, -36.8902437 ], [ 174.7745033, -36.8901658 ], [ 174.7742441, -36.8909713 ], [ 174.7747134, -36.891064 ], [ 174.7747363, -36.8910516 ] ] ], [ [ [ 174.7553884, -36.8886945 ], [ 174.7554862, -36.8883756 ], [ 174.7553261, -36.8883406 ], [ 174.7552283, -36.8886595 ], [ 174.7553884, -36.8886945 ] ] ], [ [ [ 174.7474429, -36.8865554 ], [ 174.7463908, -36.8863347 ], [ 174.7462758, -36.8866861 ], [ 174.7470206, -36.8868419 ], [ 174.7470638, -36.8867101 ], [ 174.7473467, -36.8867694 ], [ 174.7474429, -36.8865554 ] ] ], [ [ [ 174.7485053, -36.8855767 ], [ 174.7482513, -36.8855232 ], [ 174.7483256, -36.885296 ], [ 174.7481672, -36.8852608 ], [ 174.7480172, -36.8857188 ], [ 174.7484292, -36.88581 ], [ 174.7485053, -36.8855767 ] ] ], [ [ [ 174.7479586, -36.8851079 ], [ 174.7480498, -36.8848292 ], [ 174.7476827, -36.884752 ], [ 174.7475915, -36.8850308 ], [ 174.7479586, -36.8851079 ] ] ], [ [ [ 174.7486341, -36.8851762 ], [ 174.7487846, -36.8847163 ], [ 174.7483728, -36.884625 ], [ 174.7482223, -36.885085 ], [ 174.7486341, -36.8851762 ] ] ], [ [ [ 174.7518522, -36.8757312 ], [ 174.7515997, -36.8756774 ], [ 174.7514932, -36.8760079 ], [ 174.7521152, -36.8761395 ], [ 174.7522209, -36.8758242 ], [ 174.7522557, -36.8757905 ], [ 174.7523065, -36.8755257 ], [ 174.7519452, -36.8754484 ], [ 174.7518522, -36.8757312 ] ] ], [ [ [ 174.7476162, -36.7921246 ], [ 174.7476411, -36.7920625 ], [ 174.7476388, -36.7919754 ], [ 174.7474443, -36.7918132 ], [ 174.7471117, -36.7920712 ], [ 174.7470365, -36.7920085 ], [ 174.7466243, -36.7923301 ], [ 174.7469775, -36.7926228 ], [ 174.7476162, -36.7921246 ] ] ], [ [ [ 174.7478914, -36.7917943 ], [ 174.7480562, -36.791781 ], [ 174.748691, -36.7912856 ], [ 174.7483534, -36.7910057 ], [ 174.748151, -36.7911637 ], [ 174.7480575, -36.7910854 ], [ 174.7475311, -36.7914963 ], [ 174.7478914, -36.7917943 ] ] ], [ [ [ 174.7669268, -36.7737569 ], [ 174.766343, -36.773603 ], [ 174.7662082, -36.7739407 ], [ 174.7670125, -36.7741533 ], [ 174.7672306, -36.7736304 ], [ 174.767525, -36.773708 ], [ 174.7677282, -36.7737616 ], [ 174.7678324, -36.7735057 ], [ 174.7678063, -36.7734642 ], [ 174.767642, -36.7734209 ], [ 174.766536, -36.7731292 ], [ 174.7663642, -36.7735508 ], [ 174.766948, -36.7737047 ], [ 174.7669268, -36.7737569 ] ] ], [ [ [ 174.7655748, -36.7733423 ], [ 174.7655705, -36.7733528 ], [ 174.7657174, -36.7733915 ], [ 174.7657217, -36.773381 ], [ 174.76615, -36.773494 ], [ 174.7663216, -36.7730726 ], [ 174.7641234, -36.7724932 ], [ 174.7640365, -36.7725603 ], [ 174.7641476, -36.7728757 ], [ 174.765279, -36.7731745 ], [ 174.7655197, -36.7732949 ], [ 174.7655075, -36.7733246 ], [ 174.7655748, -36.7733423 ] ] ], [ [ [ 174.7636115, -36.7725375 ], [ 174.7634124, -36.77272 ], [ 174.7638816, -36.7730456 ], [ 174.7639501, -36.7729816 ], [ 174.7637656, -36.772483 ], [ 174.7636115, -36.7725375 ] ] ], [ [ [ 174.7664894, -36.7726613 ], [ 174.7661295, -36.7725687 ], [ 174.7660751, -36.7725809 ], [ 174.765388, -36.7724041 ], [ 174.7653538, -36.7724221 ], [ 174.7652787, -36.7726065 ], [ 174.766392, -36.7729003 ], [ 174.7664894, -36.7726613 ] ] ], [ [ [ 174.7674499, -36.7731793 ], [ 174.7674929, -36.7731618 ], [ 174.7676539, -36.7727668 ], [ 174.7672646, -36.772664 ], [ 174.7674582, -36.772189 ], [ 174.7669714, -36.7720606 ], [ 174.7666281, -36.7729029 ], [ 174.766676, -36.7729752 ], [ 174.7674499, -36.7731793 ] ] ], [ [ [ 174.7633624, -36.7723991 ], [ 174.7633253, -36.7723397 ], [ 174.763295, -36.7723169 ], [ 174.762952, -36.7721962 ], [ 174.7627763, -36.7723483 ], [ 174.7625507, -36.7725522 ], [ 174.7627706, -36.7727045 ], [ 174.7625891, -36.7728677 ], [ 174.7627998, -36.7730138 ], [ 174.7633473, -36.7724969 ], [ 174.7633619, -36.7724655 ], [ 174.7633624, -36.7723991 ] ] ], [ [ [ 174.7645258, -36.7724081 ], [ 174.7652573, -36.7726008 ], [ 174.7656047, -36.7717481 ], [ 174.7652406, -36.7716522 ], [ 174.7651287, -36.7719266 ], [ 174.7648692, -36.771858 ], [ 174.7648266, -36.7719625 ], [ 174.7647189, -36.771934 ], [ 174.7645258, -36.7724081 ] ] ], [ [ [ 174.764444, -36.7716121 ], [ 174.7643732, -36.7715977 ], [ 174.7643036, -36.7716123 ], [ 174.7640046, -36.7717703 ], [ 174.7638746, -36.7718891 ], [ 174.7638039, -36.7720072 ], [ 174.7637623, -36.7721109 ], [ 174.7638002, -36.7722165 ], [ 174.7644379, -36.7723848 ], [ 174.7645966, -36.7719952 ], [ 174.7644205, -36.7719685 ], [ 174.7641718, -36.7719966 ], [ 174.7639201, -36.7719302 ], [ 174.763941, -36.7718788 ], [ 174.7641114, -36.7719237 ], [ 174.7645235, -36.7718841 ], [ 174.764635, -36.7719009 ], [ 174.7646817, -36.7717861 ], [ 174.7646694, -36.7717842 ], [ 174.764637, -36.7717339 ], [ 174.764444, -36.7716121 ] ] ], [ [ [ 174.7662977, -36.7725528 ], [ 174.7665108, -36.7726091 ], [ 174.7671565, -36.7710241 ], [ 174.7671136, -36.7709558 ], [ 174.7664896, -36.7707914 ], [ 174.7663727, -36.7707979 ], [ 174.7662692, -36.7708723 ], [ 174.7662505, -36.770918 ], [ 174.766895, -36.7710871 ], [ 174.7662977, -36.7725528 ] ] ], [ [ [ 174.8046396, -36.9711253 ], [ 174.8035228, -36.9718468 ], [ 174.8029185, -36.9721828 ], [ 174.8028996, -36.9722043 ], [ 174.8028967, -36.972237 ], [ 174.8030943, -36.9724783 ], [ 174.8048043, -36.9717619 ], [ 174.8054944, -36.9712728 ], [ 174.8054309, -36.9711603 ], [ 174.8050773, -36.9709648 ], [ 174.8047846, -36.9709205 ], [ 174.8047318, -36.9710348 ], [ 174.8046396, -36.9711253 ] ] ], [ [ [ 174.7964776, -36.9702979 ], [ 174.7961044, -36.9703577 ], [ 174.7960621, -36.970394 ], [ 174.7961108, -36.9709975 ], [ 174.7961321, -36.9709919 ], [ 174.7961391, -36.971009 ], [ 174.7961124, -36.971016 ], [ 174.7961216, -36.9711002 ], [ 174.796163, -36.9712528 ], [ 174.7962363, -36.9713975 ], [ 174.7963395, -36.9715299 ], [ 174.7977913, -36.9730772 ], [ 174.7978637, -36.9731928 ], [ 174.7982199, -36.9731086 ], [ 174.7995205, -36.9725004 ], [ 174.7997039, -36.9712836 ], [ 174.7975854, -36.9710781 ], [ 174.7969955, -36.9702143 ], [ 174.7969364, -36.9701752 ], [ 174.7968691, -36.9701767 ], [ 174.7966934, -36.9702392 ], [ 174.7964776, -36.9702979 ] ] ], [ [ [ 174.8036616, -36.9714794 ], [ 174.8031153, -36.9709293 ], [ 174.803019, -36.970921 ], [ 174.8027313, -36.9706343 ], [ 174.8027416, -36.9705571 ], [ 174.8022695, -36.9700874 ], [ 174.8022304, -36.9700726 ], [ 174.8018834, -36.9700452 ], [ 174.8018437, -36.9700771 ], [ 174.8018264, -36.9701782 ], [ 174.8018103, -36.9703603 ], [ 174.801814, -36.9705073 ], [ 174.8018575, -36.9707675 ], [ 174.8019471, -36.9710194 ], [ 174.8020372, -36.9711897 ], [ 174.8021683, -36.9713764 ], [ 174.8027036, -36.9720137 ], [ 174.8027279, -36.9720314 ], [ 174.8027679, -36.9720376 ], [ 174.80338, -36.9717063 ], [ 174.8036456, -36.9715348 ], [ 174.8036641, -36.9715056 ], [ 174.8036616, -36.9714794 ] ] ], [ [ [ 174.8045166, -36.9707397 ], [ 174.8043337, -36.9705575 ], [ 174.8042614, -36.9705512 ], [ 174.8037931, -36.9700846 ], [ 174.8038009, -36.9700267 ], [ 174.8033451, -36.9695732 ], [ 174.8032999, -36.9695428 ], [ 174.8032322, -36.9695197 ], [ 174.8031735, -36.9695147 ], [ 174.8031012, -36.9695256 ], [ 174.8030371, -36.9695547 ], [ 174.802568, -36.9698625 ], [ 174.8025187, -36.9699476 ], [ 174.8025291, -36.970041 ], [ 174.8025654, -36.9700924 ], [ 174.8038258, -36.9713483 ], [ 174.8038597, -36.9713665 ], [ 174.8038924, -36.9713677 ], [ 174.8045041, -36.9709786 ], [ 174.8045602, -36.9708962 ], [ 174.8045657, -36.9708373 ], [ 174.8045528, -36.9707911 ], [ 174.8045166, -36.9707397 ] ] ], [ [ [ 174.8004574, -36.9705631 ], [ 174.8004492, -36.9706176 ], [ 174.800874, -36.9706588 ], [ 174.8009685, -36.9700316 ], [ 174.8009006, -36.9700249 ], [ 174.8009333, -36.9698069 ], [ 174.8002878, -36.9697442 ], [ 174.8003493, -36.9693352 ], [ 174.8005869, -36.9693581 ], [ 174.8005459, -36.969631 ], [ 174.8011746, -36.9696919 ], [ 174.8010024, -36.9708372 ], [ 174.7981139, -36.9705575 ], [ 174.7982369, -36.9697394 ], [ 174.7983728, -36.9697526 ], [ 174.798422, -36.9694253 ], [ 174.7992715, -36.9695076 ], [ 174.7993668, -36.9688737 ], [ 174.7989759, -36.9687568 ], [ 174.7986354, -36.9686206 ], [ 174.7985791, -36.9686144 ], [ 174.7985147, -36.9686316 ], [ 174.7984744, -36.9686637 ], [ 174.7977507, -36.9695484 ], [ 174.7976275, -36.9696846 ], [ 174.7973988, -36.9698823 ], [ 174.7971228, -36.9700578 ], [ 174.7976945, -36.970895 ], [ 174.7984635, -36.9709697 ], [ 174.7984553, -36.9710242 ], [ 174.8015998, -36.9713293 ], [ 174.8018141, -36.9712348 ], [ 174.8017247, -36.9710582 ], [ 174.8016686, -36.9709125 ], [ 174.8016182, -36.9707263 ], [ 174.8015902, -36.9705371 ], [ 174.8015848, -36.9703465 ], [ 174.8015968, -36.9701943 ], [ 174.8017385, -36.9692519 ], [ 174.8017129, -36.9691836 ], [ 174.8016809, -36.9691581 ], [ 174.8016293, -36.9691401 ], [ 174.8006342, -36.9690433 ], [ 174.8006197, -36.9691402 ], [ 174.800042, -36.9690843 ], [ 174.8000297, -36.969166 ], [ 174.7995029, -36.969115 ], [ 174.7994783, -36.9692787 ], [ 174.7997671, -36.9693066 ], [ 174.7996954, -36.969784 ], [ 174.7990496, -36.9697213 ], [ 174.7990642, -36.9696259 ], [ 174.7985713, -36.9695782 ], [ 174.7985223, -36.9699054 ], [ 174.7984371, -36.9698971 ], [ 174.7983552, -36.9704424 ], [ 174.7988648, -36.9704917 ], [ 174.798912, -36.9701777 ], [ 174.7996426, -36.9702492 ], [ 174.7995995, -36.9705355 ], [ 174.8000244, -36.9705766 ], [ 174.8000327, -36.970522 ], [ 174.8004574, -36.9705631 ] ] ], [ [ [ 174.8042811, -36.9691233 ], [ 174.8038938, -36.9691926 ], [ 174.8035006, -36.9692354 ], [ 174.8033997, -36.9693797 ], [ 174.8035306, -36.9694685 ], [ 174.8046926, -36.9706261 ], [ 174.8047573, -36.9707132 ], [ 174.8047894, -36.9708112 ], [ 174.8052113, -36.9707716 ], [ 174.8042811, -36.9691233 ] ] ], [ [ [ 174.8019403, -36.9696565 ], [ 174.8019748, -36.9696874 ], [ 174.8020729, -36.9697154 ], [ 174.8023111, -36.9697473 ], [ 174.8024578, -36.9696964 ], [ 174.8029685, -36.9693751 ], [ 174.8029723, -36.9692507 ], [ 174.8026731, -36.9692383 ], [ 174.8021007, -36.9691859 ], [ 174.8020495, -36.9691928 ], [ 174.802003, -36.9692163 ], [ 174.801964, -36.9692719 ], [ 174.8019245, -36.9695277 ], [ 174.8019403, -36.9696565 ] ] ], [ [ [ 174.797754, -36.9680494 ], [ 174.7974184, -36.9677199 ], [ 174.7959552, -36.9686522 ], [ 174.7953428, -36.9687128 ], [ 174.7954753, -36.9701754 ], [ 174.7955026, -36.9701997 ], [ 174.7955422, -36.9702072 ], [ 174.7961753, -36.9701657 ], [ 174.7964684, -36.9701109 ], [ 174.7967866, -36.9700067 ], [ 174.7969617, -36.9699258 ], [ 174.7971445, -36.9698195 ], [ 174.7973116, -36.9696975 ], [ 174.7974325, -36.9695898 ], [ 174.7974612, -36.9695058 ], [ 174.7974191, -36.96943 ], [ 174.7975703, -36.9692452 ], [ 174.7976602, -36.9692652 ], [ 174.7977411, -36.9692297 ], [ 174.7982678, -36.9685858 ], [ 174.7982706, -36.9684711 ], [ 174.7982243, -36.9683987 ], [ 174.7979581, -36.9682165 ], [ 174.797754, -36.9680494 ] ] ], [ [ [ 174.7975527, -36.9673916 ], [ 174.7980656, -36.9678948 ], [ 174.7983049, -36.9680787 ], [ 174.7985663, -36.9682421 ], [ 174.7988954, -36.9684046 ], [ 174.799195, -36.9685181 ], [ 174.7992805, -36.9683514 ], [ 174.7982583, -36.9672995 ], [ 174.7983902, -36.9672155 ], [ 174.7974077, -36.9662299 ], [ 174.7972057, -36.9663979 ], [ 174.7971159, -36.9667449 ], [ 174.7975527, -36.9673916 ] ] ], [ [ [ 174.8404313, -36.941542 ], [ 174.8407881, -36.9413226 ], [ 174.8407254, -36.941257 ], [ 174.8402234, -36.9415245 ], [ 174.8398161, -36.9410985 ], [ 174.8393899, -36.9413193 ], [ 174.8389325, -36.9407514 ], [ 174.8379271, -36.9412728 ], [ 174.8383843, -36.9418408 ], [ 174.8384225, -36.9418209 ], [ 174.8389285, -36.9424238 ], [ 174.8386867, -36.9425504 ], [ 174.8389956, -36.9429298 ], [ 174.8393739, -36.9427324 ], [ 174.8396832, -36.9431118 ], [ 174.8402082, -36.9428377 ], [ 174.8404036, -36.9427352 ], [ 174.8400953, -36.9423556 ], [ 174.8399015, -36.9424562 ], [ 174.8408398, -36.9419662 ], [ 174.8404313, -36.941542 ] ] ], [ [ [ 174.8396084, -36.9401476 ], [ 174.839617, -36.9400968 ], [ 174.8388271, -36.9392674 ], [ 174.8378678, -36.9397174 ], [ 174.8381028, -36.9400387 ], [ 174.8381635, -36.9400103 ], [ 174.8386902, -36.9406611 ], [ 174.8391974, -36.9403982 ], [ 174.8396084, -36.9401476 ] ] ], [ [ [ 174.8427581, -36.9381663 ], [ 174.8427245, -36.9380598 ], [ 174.8421766, -36.9381768 ], [ 174.8426918, -36.9380664 ], [ 174.8426338, -36.9378825 ], [ 174.8426172, -36.9378301 ], [ 174.8425214, -36.9375264 ], [ 174.8420473, -36.9377488 ], [ 174.8394553, -36.938965 ], [ 174.8390231, -36.939168 ], [ 174.8393661, -36.9395273 ], [ 174.839416, -36.9395797 ], [ 174.8398697, -36.9400545 ], [ 174.8404495, -36.9399342 ], [ 174.8403833, -36.9398004 ], [ 174.8404306, -36.9398884 ], [ 174.8407618, -36.9398238 ], [ 174.8407776, -36.9398687 ], [ 174.8410979, -36.9398045 ], [ 174.8410892, -36.9397595 ], [ 174.8417469, -36.9396224 ], [ 174.8416178, -36.9392188 ], [ 174.8409573, -36.9393515 ], [ 174.8408815, -36.9391115 ], [ 174.8408006, -36.9389326 ], [ 174.8415617, -36.9387139 ], [ 174.8415936, -36.9389116 ], [ 174.8421551, -36.9387448 ], [ 174.8423867, -36.9394916 ], [ 174.8427515, -36.9394171 ], [ 174.8427654, -36.939461 ], [ 174.8431388, -36.9393847 ], [ 174.8427581, -36.9381663 ] ] ], [ [ [ 174.7786398, -36.9166182 ], [ 174.7787321, -36.9167957 ], [ 174.7791127, -36.9167638 ], [ 174.7790761, -36.9164905 ], [ 174.7786295, -36.9165314 ], [ 174.7786398, -36.9166182 ] ] ], [ [ [ 174.7777365, -36.9159797 ], [ 174.7778255, -36.9164139 ], [ 174.7782412, -36.9163789 ], [ 174.7780195, -36.915937 ], [ 174.7778187, -36.9159888 ], [ 174.7777365, -36.9159797 ] ] ], [ [ [ 174.7743375, -36.8943176 ], [ 174.7745093, -36.8943857 ], [ 174.7745157, -36.8943638 ], [ 174.7748523, -36.8944974 ], [ 174.7749684, -36.8940856 ], [ 174.7748777, -36.8940665 ], [ 174.7749159, -36.8939322 ], [ 174.7753362, -36.8940177 ], [ 174.7753062, -36.8934712 ], [ 174.7747701, -36.8935058 ], [ 174.7746723, -36.8935403 ], [ 174.7745831, -36.8936099 ], [ 174.7745292, -36.8937168 ], [ 174.7745035, -36.8938426 ], [ 174.7744732, -36.8938362 ], [ 174.7743837, -36.8941538 ], [ 174.7743375, -36.8943176 ] ] ], [ [ [ 174.7745979, -36.8931575 ], [ 174.7746236, -36.8932008 ], [ 174.7752926, -36.8931749 ], [ 174.7754312, -36.8923963 ], [ 174.7751758, -36.8920626 ], [ 174.7750465, -36.8917567 ], [ 174.7748506, -36.8917344 ], [ 174.7745979, -36.8931575 ] ] ], [ [ [ 174.7752776, -36.8904988 ], [ 174.7755032, -36.890301 ], [ 174.7755792, -36.8903166 ], [ 174.7755901, -36.8902829 ], [ 174.775649, -36.8902947 ], [ 174.775841, -36.8894862 ], [ 174.7758123, -36.889373 ], [ 174.775574, -36.8894022 ], [ 174.7753164, -36.8893936 ], [ 174.7752646, -36.8894211 ], [ 174.775052, -36.890594 ], [ 174.7751758, -36.8906084 ], [ 174.7752776, -36.8904988 ] ] ], [ [ [ 174.774522, -36.8899827 ], [ 174.7748847, -36.8900565 ], [ 174.7749184, -36.8900383 ], [ 174.7749585, -36.8898134 ], [ 174.7750556, -36.8892834 ], [ 174.7746804, -36.8892127 ], [ 174.7745759, -36.8896078 ], [ 174.774454, -36.8895835 ], [ 174.7744162, -36.8897031 ], [ 174.7745985, -36.8897402 ], [ 174.774522, -36.8899827 ] ] ], [ [ [ 174.7742621, -36.8890772 ], [ 174.7750642, -36.8892286 ], [ 174.7751223, -36.8888981 ], [ 174.7750938, -36.8888647 ], [ 174.7743639, -36.8887278 ], [ 174.7742621, -36.8890772 ] ] ], [ [ [ 174.775287, -36.8877886 ], [ 174.7752749, -36.8877761 ], [ 174.7746091, -36.8877017 ], [ 174.7745266, -36.8881779 ], [ 174.7746297, -36.8881982 ], [ 174.7744974, -36.8884101 ], [ 174.7744676, -36.888561 ], [ 174.7751335, -36.8886859 ], [ 174.775164, -36.8886692 ], [ 174.775287, -36.8877886 ] ] ], [ [ [ 174.7753115, -36.8875962 ], [ 174.775378, -36.8870556 ], [ 174.7754001, -36.8866515 ], [ 174.7753833, -36.886629 ], [ 174.7746791, -36.8865933 ], [ 174.774595, -36.8870306 ], [ 174.774725, -36.8870348 ], [ 174.7746411, -36.8875214 ], [ 174.7753115, -36.8875962 ] ] ], [ [ [ 174.7748281, -36.8857139 ], [ 174.7748068, -36.8857376 ], [ 174.7747729, -36.8864161 ], [ 174.7753672, -36.8864441 ], [ 174.7754022, -36.886432 ], [ 174.7754496, -36.8863848 ], [ 174.7754828, -36.8858362 ], [ 174.7748281, -36.8857139 ] ] ], [ [ [ 174.7743628, -36.8855566 ], [ 174.7750279, -36.8856806 ], [ 174.7751047, -36.8851502 ], [ 174.7744665, -36.8850305 ], [ 174.7743628, -36.8855566 ] ] ], [ [ [ 174.7755153, -36.8850408 ], [ 174.7755737, -36.8841473 ], [ 174.7749969, -36.8840401 ], [ 174.7749732, -36.8844744 ], [ 174.7748679, -36.8844539 ], [ 174.7748645, -36.8846074 ], [ 174.7750294, -36.8846414 ], [ 174.7749897, -36.8849422 ], [ 174.7755153, -36.8850408 ] ] ], [ [ [ 174.7761316, -36.8843911 ], [ 174.7761541, -36.8839501 ], [ 174.7764133, -36.883961 ], [ 174.7764498, -36.8834133 ], [ 174.7759086, -36.8833901 ], [ 174.7758493, -36.8834329 ], [ 174.7757899, -36.8843798 ], [ 174.7761316, -36.8843911 ] ] ], [ [ [ 174.7750527, -36.8828404 ], [ 174.7749953, -36.8833496 ], [ 174.7756178, -36.8834657 ], [ 174.7756945, -36.8824414 ], [ 174.7751949, -36.8823482 ], [ 174.7750527, -36.8828404 ] ] ], [ [ [ 174.7767371, -36.8832507 ], [ 174.7767482, -36.8831285 ], [ 174.7763046, -36.8829136 ], [ 174.7763779, -36.8819064 ], [ 174.7764535, -36.8816407 ], [ 174.7764307, -36.8816373 ], [ 174.7765194, -36.8812309 ], [ 174.7760178, -36.8811578 ], [ 174.7758645, -36.8832052 ], [ 174.7759178, -36.8832529 ], [ 174.7766775, -36.8832853 ], [ 174.7767371, -36.8832507 ] ] ], [ [ [ 174.7757082, -36.8822579 ], [ 174.7757991, -36.8810452 ], [ 174.7753357, -36.8809487 ], [ 174.7751931, -36.8816446 ], [ 174.7750513, -36.8821355 ], [ 174.7757082, -36.8822579 ] ] ], [ [ [ 174.8126027, -36.880292 ], [ 174.8124087, -36.880309 ], [ 174.8122128, -36.8803584 ], [ 174.812041, -36.8804174 ], [ 174.8120341, -36.8804357 ], [ 174.8122291, -36.8806729 ], [ 174.8125077, -36.8806007 ], [ 174.8127369, -36.8806037 ], [ 174.8128081, -36.8803069 ], [ 174.8126027, -36.880292 ] ] ], [ [ [ 174.8117618, -36.8801188 ], [ 174.8118766, -36.8802498 ], [ 174.8119121, -36.8802576 ], [ 174.8122284, -36.8801457 ], [ 174.8121555, -36.8799918 ], [ 174.8117618, -36.8801188 ] ] ], [ [ [ 174.8262082, -36.8771085 ], [ 174.8266775, -36.8767976 ], [ 174.82673, -36.8768497 ], [ 174.82702, -36.8766576 ], [ 174.8266532, -36.8763001 ], [ 174.8259162, -36.8766441 ], [ 174.8258015, -36.8767122 ], [ 174.8262082, -36.8771085 ] ] ], [ [ [ 174.8252773, -36.876791 ], [ 174.8255031, -36.8766595 ], [ 174.8255353, -36.8766277 ], [ 174.8255627, -36.8765691 ], [ 174.8255644, -36.8764506 ], [ 174.8251143, -36.8764254 ], [ 174.8251131, -36.8764391 ], [ 174.8250133, -36.876497 ], [ 174.8252773, -36.876791 ] ] ], [ [ [ 174.8282325, -36.8751143 ], [ 174.8281543, -36.8751357 ], [ 174.8279479, -36.8754777 ], [ 174.8275451, -36.8757992 ], [ 174.8273107, -36.8759228 ], [ 174.827104, -36.8760876 ], [ 174.8268244, -36.8762194 ], [ 174.8268314, -36.876247 ], [ 174.8271585, -36.8765658 ], [ 174.8273275, -36.8764539 ], [ 174.8274427, -36.8769684 ], [ 174.8283395, -36.8768214 ], [ 174.8285396, -36.8769309 ], [ 174.8286901, -36.8776141 ], [ 174.8287235, -36.8776081 ], [ 174.8285807, -36.8769604 ], [ 174.8292837, -36.8768604 ], [ 174.8293863, -36.8764798 ], [ 174.8292855, -36.8760442 ], [ 174.8291569, -36.875814 ], [ 174.8289952, -36.8756667 ], [ 174.8291151, -36.8755265 ], [ 174.8288451, -36.8753659 ], [ 174.8282325, -36.8751143 ] ] ], [ [ [ 174.8263645, -36.8757323 ], [ 174.826373, -36.8757414 ], [ 174.8261464, -36.8758638 ], [ 174.8262176, -36.8759975 ], [ 174.8258118, -36.8762166 ], [ 174.825798, -36.8764058 ], [ 174.8258282, -36.8764362 ], [ 174.8258762, -36.8764422 ], [ 174.8268228, -36.8759303 ], [ 174.8265436, -36.8756305 ], [ 174.8263645, -36.8757323 ] ] ], [ [ [ 174.8321856, -36.8724749 ], [ 174.8320448, -36.8725189 ], [ 174.8321097, -36.8727473 ], [ 174.8323141, -36.8727003 ], [ 174.8323577, -36.8726728 ], [ 174.8323748, -36.8726348 ], [ 174.83239, -36.8724885 ], [ 174.8321856, -36.8724749 ] ] ], [ [ [ 174.8153433, -36.8559475 ], [ 174.8149096, -36.8556186 ], [ 174.8147735, -36.8555364 ], [ 174.8145197, -36.8554996 ], [ 174.8144766, -36.8556916 ], [ 174.8144707, -36.8557787 ], [ 174.8144917, -36.8558654 ], [ 174.8145704, -36.8559804 ], [ 174.8149563, -36.856277 ], [ 174.8153433, -36.8559475 ] ] ], [ [ [ 174.8640916, -36.9744193 ], [ 174.8645792, -36.974685 ], [ 174.8649056, -36.974299 ], [ 174.8646068, -36.9739779 ], [ 174.8644627, -36.9739806 ], [ 174.8640916, -36.9744193 ] ] ], [ [ [ 174.8647486, -36.9737944 ], [ 174.8651497, -36.9742255 ], [ 174.8653114, -36.9741285 ], [ 174.8648985, -36.9736845 ], [ 174.8647547, -36.9737643 ], [ 174.8647486, -36.9737944 ] ] ], [ [ [ 174.8649408, -36.9736611 ], [ 174.8652504, -36.973994 ], [ 174.8660071, -36.9736039 ], [ 174.865695, -36.9732423 ], [ 174.8649408, -36.9736611 ] ] ], [ [ [ 174.864511, -36.9735469 ], [ 174.8645757, -36.9736166 ], [ 174.8646145, -36.9736216 ], [ 174.8648877, -36.9734697 ], [ 174.8645552, -36.9731121 ], [ 174.8646101, -36.9730793 ], [ 174.8646862, -36.9729938 ], [ 174.8646857, -36.9729494 ], [ 174.8642702, -36.9725027 ], [ 174.8641985, -36.9724946 ], [ 174.8637704, -36.9727508 ], [ 174.864267, -36.9732845 ], [ 174.8642479, -36.9732959 ], [ 174.8644918, -36.9735584 ], [ 174.864511, -36.9735469 ] ] ], [ [ [ 174.8628802, -36.9717937 ], [ 174.8637315, -36.9727091 ], [ 174.8641787, -36.9724414 ], [ 174.8641843, -36.9724105 ], [ 174.863955, -36.9721641 ], [ 174.8640099, -36.9721312 ], [ 174.8636607, -36.9717553 ], [ 174.8636022, -36.9717886 ], [ 174.8635553, -36.9717625 ], [ 174.863314, -36.9715033 ], [ 174.8628899, -36.9717445 ], [ 174.8628802, -36.9717937 ] ] ], [ [ [ 174.8634157, -36.9714454 ], [ 174.863369, -36.971472 ], [ 174.8636027, -36.9717231 ], [ 174.8636607, -36.9717553 ], [ 174.8636891, -36.9717392 ], [ 174.8634157, -36.9714454 ] ] ], [ [ [ 174.8618026, -36.9710301 ], [ 174.8616164, -36.9711414 ], [ 174.8618244, -36.9713654 ], [ 174.8617695, -36.9713982 ], [ 174.8615615, -36.9711743 ], [ 174.861092, -36.971455 ], [ 174.8617236, -36.9721104 ], [ 174.8622758, -36.9715161 ], [ 174.8618272, -36.9710329 ], [ 174.8618026, -36.9710301 ] ] ], [ [ [ 174.8622126, -36.9703227 ], [ 174.8617515, -36.970544 ], [ 174.8617444, -36.9705729 ], [ 174.8619453, -36.970789 ], [ 174.8619243, -36.9707987 ], [ 174.8620799, -36.9709661 ], [ 174.8621008, -36.9709563 ], [ 174.8627246, -36.9716265 ], [ 174.8627875, -36.9716345 ], [ 174.8628892, -36.9715766 ], [ 174.8625803, -36.9712428 ], [ 174.8628368, -36.9710897 ], [ 174.8626391, -36.9708243 ], [ 174.8625309, -36.97075 ], [ 174.8625887, -36.9707223 ], [ 174.8624535, -36.9705408 ], [ 174.8623961, -36.9705688 ], [ 174.8622126, -36.9703227 ] ] ], [ [ [ 174.8605575, -36.9703068 ], [ 174.8605436, -36.9702918 ], [ 174.8602068, -36.9704934 ], [ 174.8602636, -36.9705546 ], [ 174.8601539, -36.9706203 ], [ 174.8596534, -36.9700821 ], [ 174.8585712, -36.9707375 ], [ 174.8585734, -36.9707886 ], [ 174.8588245, -36.9710605 ], [ 174.858902, -36.971185 ], [ 174.8589348, -36.9713077 ], [ 174.8589441, -36.9715155 ], [ 174.8589865, -36.9716237 ], [ 174.8594978, -36.9721733 ], [ 174.8595381, -36.972178 ], [ 174.8595683, -36.9721678 ], [ 174.8616627, -36.9709156 ], [ 174.8616718, -36.9708656 ], [ 174.8605812, -36.9696901 ], [ 174.8606003, -36.9696786 ], [ 174.8605117, -36.9695832 ], [ 174.8604912, -36.9695808 ], [ 174.8601398, -36.969791 ], [ 174.8602519, -36.9699119 ], [ 174.8602673, -36.9699027 ], [ 174.8606124, -36.9702739 ], [ 174.8605575, -36.9703068 ] ] ], [ [ [ 174.8601, -36.9698149 ], [ 174.8597632, -36.9700165 ], [ 174.8601665, -36.9704501 ], [ 174.8604583, -36.9702754 ], [ 174.8604697, -36.9702123 ], [ 174.8601, -36.9698149 ] ] ], [ [ [ 174.8584056, -36.9706028 ], [ 174.8598613, -36.9697319 ], [ 174.8598696, -36.9696859 ], [ 174.8594348, -36.9692173 ], [ 174.8592657, -36.969093 ], [ 174.8591244, -36.968941 ], [ 174.8576642, -36.9698506 ], [ 174.8583577, -36.9705972 ], [ 174.8584056, -36.9706028 ] ] ], [ [ [ 174.8610911, -36.9698355 ], [ 174.8612175, -36.9699661 ], [ 174.8611924, -36.969979 ], [ 174.8615584, -36.9703791 ], [ 174.8616155, -36.9703979 ], [ 174.8621241, -36.9701541 ], [ 174.8617832, -36.969696 ], [ 174.8632994, -36.9689654 ], [ 174.862987, -36.9685593 ], [ 174.8609022, -36.9695918 ], [ 174.8608875, -36.9696514 ], [ 174.8610688, -36.9698463 ], [ 174.8610911, -36.9698355 ] ] ], [ [ [ 174.8610795, -36.9691341 ], [ 174.8608146, -36.969261 ], [ 174.8604578, -36.9688774 ], [ 174.8602678, -36.9689717 ], [ 174.8607001, -36.9694501 ], [ 174.86074, -36.9694565 ], [ 174.8611999, -36.9692362 ], [ 174.8611134, -36.9691433 ], [ 174.8610795, -36.9691341 ] ] ], [ [ [ 174.8596246, -36.9686293 ], [ 174.8592325, -36.9688735 ], [ 174.8593675, -36.9690188 ], [ 174.8595366, -36.9691431 ], [ 174.8599865, -36.9696158 ], [ 174.860044, -36.9696226 ], [ 174.86034, -36.9694455 ], [ 174.8603428, -36.9694316 ], [ 174.860229, -36.9693123 ], [ 174.8602482, -36.9693008 ], [ 174.8602091, -36.9692587 ], [ 174.860189, -36.9692708 ], [ 174.8600398, -36.9691125 ], [ 174.8600605, -36.9690987 ], [ 174.8599255, -36.9689532 ], [ 174.8599063, -36.9689648 ], [ 174.8597408, -36.9687865 ], [ 174.8597596, -36.9687748 ], [ 174.8596246, -36.9686293 ] ] ], [ [ [ 174.8600154, -36.9687002 ], [ 174.8602341, -36.9689354 ], [ 174.8604241, -36.9688411 ], [ 174.8603903, -36.9688048 ], [ 174.8605731, -36.9687143 ], [ 174.8605817, -36.9686778 ], [ 174.8603864, -36.9684679 ], [ 174.8600283, -36.9686455 ], [ 174.8600154, -36.9687002 ] ] ], [ [ [ 174.8606957, -36.9687179 ], [ 174.8605189, -36.9688056 ], [ 174.8605102, -36.9688421 ], [ 174.8608121, -36.9691665 ], [ 174.860862, -36.9691744 ], [ 174.861103, -36.9690589 ], [ 174.8611236, -36.9690811 ], [ 174.8611354, -36.9690754 ], [ 174.86126, -36.9692094 ], [ 174.8619791, -36.96885 ], [ 174.86178, -36.9685936 ], [ 174.8623966, -36.9682877 ], [ 174.8624328, -36.9683343 ], [ 174.8619035, -36.9685969 ], [ 174.8618925, -36.9686346 ], [ 174.8620372, -36.9688209 ], [ 174.8628975, -36.9683907 ], [ 174.863042, -36.9683693 ], [ 174.8623632, -36.9674867 ], [ 174.8615333, -36.9678992 ], [ 174.8618507, -36.9682401 ], [ 174.8607851, -36.9687682 ], [ 174.8609496, -36.9689282 ], [ 174.8609923, -36.968984 ], [ 174.8609529, -36.9690034 ], [ 174.8606957, -36.9687179 ] ] ], [ [ [ 174.8590395, -36.9680081 ], [ 174.8586433, -36.9675872 ], [ 174.8585614, -36.9675752 ], [ 174.8581866, -36.9677642 ], [ 174.8583433, -36.9679307 ], [ 174.8582895, -36.9679633 ], [ 174.8581292, -36.9677932 ], [ 174.857731, -36.9679941 ], [ 174.8587915, -36.9691201 ], [ 174.8591618, -36.9688894 ], [ 174.8585891, -36.9682814 ], [ 174.8586436, -36.9682483 ], [ 174.8592222, -36.9688626 ], [ 174.8595955, -36.9686302 ], [ 174.8590204, -36.9680197 ], [ 174.8590395, -36.9680081 ] ] ], [ [ [ 174.8616928, -36.9682538 ], [ 174.86171, -36.9681809 ], [ 174.8614748, -36.9679281 ], [ 174.8604681, -36.9684274 ], [ 174.8606846, -36.9686602 ], [ 174.8608211, -36.968686 ], [ 174.8616928, -36.9682538 ] ] ], [ [ [ 174.8598031, -36.9684862 ], [ 174.8598427, -36.9684922 ], [ 174.8603014, -36.9682648 ], [ 174.8602833, -36.9682414 ], [ 174.861491, -36.9676423 ], [ 174.8614984, -36.9676181 ], [ 174.8611705, -36.967192 ], [ 174.8606901, -36.9674302 ], [ 174.8602053, -36.9668001 ], [ 174.8597312, -36.9684099 ], [ 174.8598031, -36.9684862 ] ] ], [ [ [ 174.8631939, -36.9670756 ], [ 174.8626155, -36.9673626 ], [ 174.8625979, -36.967339 ], [ 174.862375, -36.9674496 ], [ 174.8626716, -36.9678353 ], [ 174.863152, -36.967597 ], [ 174.8632174, -36.967682 ], [ 174.8635179, -36.967497 ], [ 174.8631939, -36.9670756 ] ] ], [ [ [ 174.858303, -36.9668802 ], [ 174.8582979, -36.9669048 ], [ 174.8583114, -36.9669338 ], [ 174.8584534, -36.9670844 ], [ 174.8584694, -36.9670886 ], [ 174.8586401, -36.9672505 ], [ 174.8588609, -36.9674852 ], [ 174.8591616, -36.9672145 ], [ 174.8589379, -36.9669911 ], [ 174.8589509, -36.9669798 ], [ 174.858606, -36.9666114 ], [ 174.858303, -36.9668802 ] ] ], [ [ [ 174.8628795, -36.9664535 ], [ 174.8614231, -36.9671757 ], [ 174.8616628, -36.967522 ], [ 174.8617211, -36.9675282 ], [ 174.8633197, -36.9667356 ], [ 174.8630338, -36.9663643 ], [ 174.8628723, -36.9664443 ], [ 174.8628795, -36.9664535 ] ] ], [ [ [ 174.8688074, -36.9633641 ], [ 174.8689823, -36.9635886 ], [ 174.8691678, -36.9636968 ], [ 174.8694344, -36.9636982 ], [ 174.869562, -36.9632303 ], [ 174.8700304, -36.9632039 ], [ 174.8699991, -36.9628478 ], [ 174.8698384, -36.9628583 ], [ 174.8696783, -36.9628844 ], [ 174.8695547, -36.9629185 ], [ 174.8693924, -36.9629844 ], [ 174.8691396, -36.9631169 ], [ 174.868808, -36.9633451 ], [ 174.8688074, -36.9633641 ] ] ], [ [ [ 174.8743192, -36.9612942 ], [ 174.8743533, -36.9613304 ], [ 174.8744718, -36.961413 ], [ 174.8744269, -36.9614545 ], [ 174.8742993, -36.9613661 ], [ 174.874246, -36.9613472 ], [ 174.8738359, -36.9613663 ], [ 174.8738022, -36.9609831 ], [ 174.8737882, -36.9609628 ], [ 174.8737657, -36.9609576 ], [ 174.8737609, -36.9609028 ], [ 174.8742504, -36.9608735 ], [ 174.8742694, -36.9608559 ], [ 174.8742676, -36.9608116 ], [ 174.8743077, -36.9608005 ], [ 174.8743177, -36.9609138 ], [ 174.8742879, -36.9610208 ], [ 174.8746061, -36.9610093 ], [ 174.8744362, -36.9605932 ], [ 174.8742928, -36.960382 ], [ 174.8741063, -36.9601859 ], [ 174.8738685, -36.9599916 ], [ 174.8736289, -36.9598402 ], [ 174.873602, -36.9598349 ], [ 174.8733702, -36.9600478 ], [ 174.8733717, -36.9600654 ], [ 174.8728323, -36.9600959 ], [ 174.8728804, -36.9606438 ], [ 174.8734198, -36.9606133 ], [ 174.8734733, -36.9607538 ], [ 174.8734926, -36.9609731 ], [ 174.8734243, -36.9609769 ], [ 174.8734651, -36.9614423 ], [ 174.8734993, -36.9614404 ], [ 174.8735185, -36.9616596 ], [ 174.8734279, -36.9618008 ], [ 174.8732572, -36.9618105 ], [ 174.8732357, -36.9615655 ], [ 174.8729924, -36.9615792 ], [ 174.8729902, -36.961554 ], [ 174.8729828, -36.9614696 ], [ 174.8732944, -36.961452 ], [ 174.8732535, -36.9609862 ], [ 174.8731852, -36.9609901 ], [ 174.8731564, -36.9606612 ], [ 174.8728833, -36.9606767 ], [ 174.8729051, -36.9607305 ], [ 174.8728883, -36.9607337 ], [ 174.8729099, -36.9607853 ], [ 174.8728929, -36.9607863 ], [ 174.8729147, -36.9608401 ], [ 174.8728977, -36.9608411 ], [ 174.8729196, -36.9608949 ], [ 174.8729025, -36.9608959 ], [ 174.8729244, -36.9609497 ], [ 174.8729073, -36.9609507 ], [ 174.8729292, -36.9610045 ], [ 174.8729123, -36.9610077 ], [ 174.872934, -36.9610593 ], [ 174.8729172, -36.9610626 ], [ 174.8729388, -36.9611141 ], [ 174.872922, -36.9611174 ], [ 174.8729436, -36.961169 ], [ 174.8726875, -36.9611834 ], [ 174.8726931, -36.9612466 ], [ 174.8724677, -36.9612594 ], [ 174.8724463, -36.9610153 ], [ 174.8726853, -36.9610018 ], [ 174.8726068, -36.9601068 ], [ 174.8716794, -36.9604098 ], [ 174.8718602, -36.9624703 ], [ 174.8729681, -36.9624169 ], [ 174.8746801, -36.9623128 ], [ 174.8746794, -36.9615941 ], [ 174.8746336, -36.9610735 ], [ 174.8743524, -36.9610898 ], [ 174.8743027, -36.9611217 ], [ 174.8743065, -36.9612552 ], [ 174.8743192, -36.9612942 ] ] ], [ [ [ 174.8738946, -36.9612532 ], [ 174.8739677, -36.9613041 ], [ 174.8741725, -36.9612925 ], [ 174.874236, -36.9612338 ], [ 174.8742144, -36.9609873 ], [ 174.8741413, -36.9609364 ], [ 174.8739364, -36.960948 ], [ 174.8738729, -36.9610066 ], [ 174.8738946, -36.9612532 ] ] ], [ [ [ 174.8653152, -36.9604719 ], [ 174.8654308, -36.9605732 ], [ 174.8657134, -36.9603654 ], [ 174.8656209, -36.9602843 ], [ 174.8655725, -36.9602827 ], [ 174.8653152, -36.9604719 ] ] ], [ [ [ 174.8456726, -36.9485103 ], [ 174.8457251, -36.9483991 ], [ 174.8457489, -36.9483158 ], [ 174.8457994, -36.9479881 ], [ 174.8457811, -36.9478038 ], [ 174.8455919, -36.947182 ], [ 174.8433149, -36.9476415 ], [ 174.8433014, -36.9478058 ], [ 174.8434385, -36.9481063 ], [ 174.8436611, -36.9480409 ], [ 174.8441748, -36.9491683 ], [ 174.8446187, -36.9492006 ], [ 174.8445621, -36.9492802 ], [ 174.8450033, -36.9494825 ], [ 174.8456726, -36.9485103 ] ] ], [ [ [ 174.8449116, -36.9471958 ], [ 174.8455557, -36.9470659 ], [ 174.8452458, -36.9460813 ], [ 174.8449116, -36.946145 ], [ 174.8448851, -36.9460605 ], [ 174.8447364, -36.9459063 ], [ 174.844488, -36.9460586 ], [ 174.8445885, -36.946164 ], [ 174.8449116, -36.9471958 ] ] ], [ [ [ 174.8474986, -36.9473036 ], [ 174.8476655, -36.9470794 ], [ 174.8475245, -36.9466312 ], [ 174.8472964, -36.9459442 ], [ 174.8473043, -36.9459415 ], [ 174.8470283, -36.9450563 ], [ 174.8461445, -36.9452328 ], [ 174.8453184, -36.9453977 ], [ 174.8456827, -36.9465437 ], [ 174.8456272, -36.9465547 ], [ 174.8456592, -36.9466621 ], [ 174.8456918, -36.9466554 ], [ 174.845821, -36.9470582 ], [ 174.8457883, -36.9470647 ], [ 174.8459843, -36.9475983 ], [ 174.8474986, -36.9473036 ] ] ], [ [ [ 174.8459505, -36.9446139 ], [ 174.8465171, -36.9445033 ], [ 174.846656, -36.9449427 ], [ 174.8469717, -36.9448784 ], [ 174.8462748, -36.942678 ], [ 174.8453953, -36.9428555 ], [ 174.8445853, -36.9430188 ], [ 174.8445357, -36.9430855 ], [ 174.8445668, -36.943184 ], [ 174.8446, -36.9431772 ], [ 174.8446454, -36.943321 ], [ 174.8446122, -36.9433278 ], [ 174.8450752, -36.9447906 ], [ 174.8459505, -36.9446139 ] ] ], [ [ [ 174.8446528, -36.9404821 ], [ 174.8438329, -36.9406528 ], [ 174.8438159, -36.9406759 ], [ 174.8439492, -36.9410968 ], [ 174.8439162, -36.9411037 ], [ 174.8444495, -36.9428231 ], [ 174.8445026, -36.9428487 ], [ 174.84539, -36.9426696 ], [ 174.8462196, -36.9425037 ], [ 174.8455268, -36.9403012 ], [ 174.8446528, -36.9404821 ] ] ], [ [ [ 174.8400409, -36.9401576 ], [ 174.8400077, -36.9401858 ], [ 174.8400162, -36.9402147 ], [ 174.8404115, -36.9406292 ], [ 174.840471, -36.9406168 ], [ 174.8408491, -36.9410138 ], [ 174.840957, -36.9410438 ], [ 174.8434652, -36.9405308 ], [ 174.8434899, -36.9404974 ], [ 174.843174, -36.9395181 ], [ 174.8400409, -36.9401576 ] ] ], [ [ [ 174.8419255, -36.939161 ], [ 174.842055, -36.9395594 ], [ 174.8423867, -36.9394916 ], [ 174.8422635, -36.9390964 ], [ 174.8419255, -36.939161 ] ] ], [ [ [ 174.8454468, -36.9401204 ], [ 174.8454632, -36.9400904 ], [ 174.8447751, -36.9379249 ], [ 174.8438961, -36.9380997 ], [ 174.8430265, -36.9382802 ], [ 174.8435801, -36.9400445 ], [ 174.8437553, -36.9400113 ], [ 174.8439098, -36.9404489 ], [ 174.8445944, -36.9403067 ], [ 174.8454122, -36.9401376 ], [ 174.8454468, -36.9401204 ] ] ], [ [ [ 174.8841744, -36.9090109 ], [ 174.8844075, -36.9090527 ], [ 174.8844892, -36.909011 ], [ 174.8846865, -36.9083058 ], [ 174.8846118, -36.9082604 ], [ 174.8838125, -36.9086062 ], [ 174.8838133, -36.9088723 ], [ 174.8841072, -36.9089257 ], [ 174.8841034, -36.9088672 ], [ 174.8840669, -36.9088562 ], [ 174.8840631, -36.9086366 ], [ 174.8841093, -36.9086365 ], [ 174.8841091, -36.9085901 ], [ 174.8841734, -36.9085895 ], [ 174.8841744, -36.9090109 ] ] ], [ [ [ 174.9043885, -36.9029314 ], [ 174.9049441, -36.9029912 ], [ 174.9050471, -36.9014598 ], [ 174.9050847, -36.9013024 ], [ 174.9053667, -36.9004095 ], [ 174.9046509, -36.9002456 ], [ 174.9044818, -36.9006349 ], [ 174.904386, -36.9009089 ], [ 174.9042882, -36.901086 ], [ 174.9042111, -36.9015069 ], [ 174.9041615, -36.9019645 ], [ 174.9041869, -36.9022087 ], [ 174.9042914, -36.9024873 ], [ 174.9043313, -36.9027339 ], [ 174.9043885, -36.9029314 ] ] ], [ [ [ 174.906081, -36.9004352 ], [ 174.9056926, -36.9003462 ], [ 174.9055685, -36.9006959 ], [ 174.9059329, -36.9007795 ], [ 174.9059395, -36.9007574 ], [ 174.9059821, -36.9007136 ], [ 174.906081, -36.9004352 ] ] ] ] } },
{ "type": "Feature", "properties": { "category": "22m*" }, "geometry": { "type": "MultiPolygon", "coordinates": [ [ [ [ 174.7421283, -36.9056579 ], [ 174.7423517, -36.9056444 ], [ 174.7426375, -36.9053788 ], [ 174.7420272, -36.9049552 ], [ 174.7419668, -36.9050113 ], [ 174.7419427, -36.9049492 ], [ 174.7417893, -36.9049876 ], [ 174.7417655, -36.9049826 ], [ 174.7417469, -36.9050402 ], [ 174.7417144, -36.9050334 ], [ 174.7416887, -36.9051132 ], [ 174.7417016, -36.9051159 ], [ 174.7414907, -36.9057686 ], [ 174.7420546, -36.905886 ], [ 174.7421283, -36.9056579 ] ] ], [ [ [ 174.7411953, -36.9047547 ], [ 174.7411418, -36.9047748 ], [ 174.7409459, -36.9051078 ], [ 174.740713, -36.9055052 ], [ 174.7412715, -36.9056388 ], [ 174.7414117, -36.905205 ], [ 174.741403, -36.9052032 ], [ 174.7415617, -36.9047132 ], [ 174.7415313, -36.9046347 ], [ 174.7414138, -36.9045527 ], [ 174.7411953, -36.9047547 ] ] ], [ [ [ 174.7417424, -36.9032357 ], [ 174.741823, -36.9032527 ], [ 174.7418056, -36.9033058 ], [ 174.7417657, -36.9032975 ], [ 174.7417026, -36.9034915 ], [ 174.7416359, -36.9034774 ], [ 174.7416983, -36.9032861 ], [ 174.7416724, -36.9032245 ], [ 174.7417272, -36.9030566 ], [ 174.7411847, -36.9029425 ], [ 174.7408694, -36.9039091 ], [ 174.7414075, -36.9042842 ], [ 174.7414123, -36.9042697 ], [ 174.7416324, -36.9044232 ], [ 174.7416592, -36.9044166 ], [ 174.7420803, -36.9031307 ], [ 174.7417701, -36.9030655 ], [ 174.7417267, -36.9031984 ], [ 174.7417424, -36.9032357 ] ] ], [ [ [ 174.7245152, -36.9025939 ], [ 174.7245561, -36.9025434 ], [ 174.7245659, -36.9025132 ], [ 174.7245415, -36.9024552 ], [ 174.7243916, -36.9023517 ], [ 174.7244231, -36.9023317 ], [ 174.7200198, -36.899898 ], [ 174.71994, -36.8999294 ], [ 174.7198466, -36.9011883 ], [ 174.7204509, -36.9014969 ], [ 174.7205528, -36.9014325 ], [ 174.7212437, -36.9018241 ], [ 174.7218643, -36.9021952 ], [ 174.7227146, -36.9026524 ], [ 174.7229457, -36.9025059 ], [ 174.7241679, -36.9031933 ], [ 174.7239924, -36.9030165 ], [ 174.7243348, -36.9027528 ], [ 174.7244269, -36.9026754 ], [ 174.7244145, -36.9026659 ], [ 174.7245025, -36.9025855 ], [ 174.7245152, -36.9025939 ] ], [ [ 174.7205328, -36.9008312 ], [ 174.7205189, -36.9008027 ], [ 174.720533, -36.9007939 ], [ 174.7207632, -36.9012299 ], [ 174.7207755, -36.901292 ], [ 174.720759, -36.9013024 ], [ 174.7207396, -36.9012074 ], [ 174.7205328, -36.9008312 ] ] ], [ [ [ 174.7178798, -36.9002791 ], [ 174.7196409, -36.900873 ], [ 174.7196837, -36.9003136 ], [ 174.7180713, -36.8999128 ], [ 174.7178798, -36.9002791 ] ] ], [ [ [ 174.7222698, -36.900453 ], [ 174.7218418, -36.9002162 ], [ 174.7218911, -36.9001588 ], [ 174.7203232, -36.8992956 ], [ 174.7202672, -36.8993551 ], [ 174.7199732, -36.8989849 ], [ 174.7196974, -36.8991055 ], [ 174.7196678, -36.8991374 ], [ 174.7196603, -36.8991766 ], [ 174.7196764, -36.8992141 ], [ 174.7200784, -36.8997103 ], [ 174.7219982, -36.9007696 ], [ 174.7222698, -36.900453 ] ] ], [ [ [ 174.7380657, -36.8866605 ], [ 174.7382934, -36.8867077 ], [ 174.7383512, -36.8865313 ], [ 174.7381226, -36.8864835 ], [ 174.7380657, -36.8866605 ] ] ], [ [ [ 174.7386444, -36.8848939 ], [ 174.7386262, -36.8849499 ], [ 174.7386309, -36.8850146 ], [ 174.7386585, -36.8850609 ], [ 174.7387781, -36.8851204 ], [ 174.7391741, -36.885203 ], [ 174.7393011, -36.88481 ], [ 174.7391356, -36.8847755 ], [ 174.7391577, -36.8847068 ], [ 174.7387453, -36.884621 ], [ 174.7386595, -36.8848868 ], [ 174.7386444, -36.8848939 ] ] ], [ [ [ 174.7378785, -36.8849349 ], [ 174.7381186, -36.8849313 ], [ 174.7382408, -36.8849517 ], [ 174.738312, -36.8849415 ], [ 174.7383712, -36.8849081 ], [ 174.7384264, -36.8848152 ], [ 174.7385397, -36.8844642 ], [ 174.7381029, -36.8843734 ], [ 174.7380066, -36.8846715 ], [ 174.7378213, -36.8846329 ], [ 174.7377336, -36.8849043 ], [ 174.7378785, -36.8849349 ] ] ], [ [ [ 174.7476612, -36.88472 ], [ 174.7480582, -36.8848035 ], [ 174.7481103, -36.8846442 ], [ 174.7480869, -36.8846392 ], [ 174.7481565, -36.8844266 ], [ 174.7481798, -36.8844315 ], [ 174.7482311, -36.8842748 ], [ 174.7478343, -36.8841929 ], [ 174.7476612, -36.88472 ] ] ], [ [ [ 174.7476946, -36.884121 ], [ 174.7482437, -36.8842359 ], [ 174.7483569, -36.8838851 ], [ 174.747809, -36.8837699 ], [ 174.7476946, -36.884121 ] ] ], [ [ [ 174.730894, -36.8817721 ], [ 174.7309027, -36.8817328 ], [ 174.7305754, -36.8813214 ], [ 174.7305289, -36.8813131 ], [ 174.7303612, -36.881399 ], [ 174.7301189, -36.8824948 ], [ 174.7298967, -36.8824632 ], [ 174.7301559, -36.8812893 ], [ 174.7304067, -36.8811605 ], [ 174.7304171, -36.8811232 ], [ 174.7302508, -36.8809141 ], [ 174.7302088, -36.8809102 ], [ 174.7301126, -36.8809831 ], [ 174.7283881, -36.8811478 ], [ 174.7279926, -36.8829564 ], [ 174.7294739, -36.8836613 ], [ 174.7300836, -36.8837475 ], [ 174.7291764, -36.8865877 ], [ 174.729673, -36.88669 ], [ 174.7299518, -36.8862611 ], [ 174.7301168, -36.8857444 ], [ 174.7310181, -36.8852713 ], [ 174.7310021, -36.8851941 ], [ 174.7310448, -36.8851199 ], [ 174.7310848, -36.8850939 ], [ 174.7312281, -36.8850411 ], [ 174.7321188, -36.8843557 ], [ 174.73219, -36.8842528 ], [ 174.732249, -36.8840745 ], [ 174.7317719, -36.8830262 ], [ 174.7316616, -36.8828268 ], [ 174.7310716, -36.8819954 ], [ 174.730894, -36.8817721 ] ] ], [ [ [ 174.7320567, -36.8817767 ], [ 174.7323127, -36.8819514 ], [ 174.7323457, -36.8819199 ], [ 174.7330943, -36.8812064 ], [ 174.7337385, -36.8805202 ], [ 174.7332159, -36.8801932 ], [ 174.7333354, -36.8802654 ], [ 174.7337366, -36.8798377 ], [ 174.7333473, -36.8795111 ], [ 174.7317139, -36.8807613 ], [ 174.7319436, -36.8810507 ], [ 174.7315719, -36.8813347 ], [ 174.7317935, -36.8816138 ], [ 174.7318651, -36.8815819 ], [ 174.7319138, -36.8816359 ], [ 174.7319425, -36.8816378 ], [ 174.7320567, -36.8817767 ] ] ], [ [ [ 174.7019456, -36.8802556 ], [ 174.7020666, -36.8798266 ], [ 174.7020322, -36.8797573 ], [ 174.7011445, -36.8792819 ], [ 174.7008281, -36.8796574 ], [ 174.7019456, -36.8802556 ] ] ], [ [ [ 174.7017668, -36.8793947 ], [ 174.7017812, -36.879377 ], [ 174.7020131, -36.8794998 ], [ 174.7019986, -36.8795198 ], [ 174.7021366, -36.879586 ], [ 174.7022678, -36.8791201 ], [ 174.7014386, -36.8786764 ], [ 174.7011243, -36.8790528 ], [ 174.7017668, -36.8793947 ] ] ], [ [ [ 174.7020583, -36.8787971 ], [ 174.7020857, -36.8788116 ], [ 174.7020683, -36.8788326 ], [ 174.7020891, -36.878861 ], [ 174.7020163, -36.8789487 ], [ 174.7022768, -36.8790881 ], [ 174.7023829, -36.8787123 ], [ 174.7023691, -36.8786846 ], [ 174.7022168, -36.878603 ], [ 174.7020583, -36.8787971 ] ] ], [ [ [ 174.7715614, -36.9111794 ], [ 174.7714256, -36.9115913 ], [ 174.771687, -36.9116444 ], [ 174.7714367, -36.9124645 ], [ 174.7714694, -36.9125433 ], [ 174.7724528, -36.9127368 ], [ 174.7728845, -36.9114479 ], [ 174.7722321, -36.9113155 ], [ 174.7722407, -36.9112894 ], [ 174.7719555, -36.9112314 ], [ 174.7717628, -36.9111924 ], [ 174.7717542, -36.9112185 ], [ 174.7715614, -36.9111794 ] ] ], [ [ [ 174.7575464, -36.8989299 ], [ 174.757144, -36.8988476 ], [ 174.757068, -36.8989515 ], [ 174.7569349, -36.8993477 ], [ 174.7569748, -36.8994039 ], [ 174.7573716, -36.8994807 ], [ 174.7575464, -36.8989299 ] ] ], [ [ [ 174.7565647, -36.8989907 ], [ 174.7564558, -36.8990801 ], [ 174.7563135, -36.8990507 ], [ 174.756126, -36.8990993 ], [ 174.7563182, -36.8994227 ], [ 174.7567272, -36.8992586 ], [ 174.7568816, -36.8988106 ], [ 174.756867, -36.8987906 ], [ 174.7566464, -36.8987452 ], [ 174.7565647, -36.8989907 ] ] ], [ [ [ 174.7737767, -36.8953885 ], [ 174.7733416, -36.8952998 ], [ 174.7732861, -36.8954755 ], [ 174.7734071, -36.8955002 ], [ 174.7734706, -36.8964606 ], [ 174.7738177, -36.8965323 ], [ 174.7737542, -36.8955711 ], [ 174.7737437, -36.8955687 ], [ 174.7737895, -36.8954052 ], [ 174.7737767, -36.8953885 ] ] ], [ [ [ 174.7744346, -36.8959793 ], [ 174.7747947, -36.8947012 ], [ 174.7742863, -36.8944994 ], [ 174.7739807, -36.8955846 ], [ 174.7739961, -36.895803 ], [ 174.7744346, -36.8959793 ] ] ], [ [ [ 174.7576388, -36.8953564 ], [ 174.758085, -36.8954181 ], [ 174.7581458, -36.8952265 ], [ 174.7577085, -36.8951369 ], [ 174.7576388, -36.8953564 ] ] ], [ [ [ 174.773318, -36.8951055 ], [ 174.7738531, -36.895217 ], [ 174.7740867, -36.8943319 ], [ 174.7735885, -36.8942178 ], [ 174.773318, -36.8951055 ] ] ], [ [ [ 174.7741752, -36.8939423 ], [ 174.7742227, -36.8937904 ], [ 174.7737194, -36.8936882 ], [ 174.7736118, -36.8940356 ], [ 174.7741245, -36.8941389 ], [ 174.774149, -36.8941269 ], [ 174.7742004, -36.8939469 ], [ 174.7741752, -36.8939423 ] ] ], [ [ [ 174.7604924, -36.887588 ], [ 174.7599258, -36.8874645 ], [ 174.7599066, -36.8875257 ], [ 174.760055, -36.8875585 ], [ 174.7599446, -36.8879107 ], [ 174.7603633, -36.8880026 ], [ 174.7604924, -36.887588 ] ] ], [ [ [ 174.7490041, -36.8836567 ], [ 174.7486882, -36.883587 ], [ 174.7486356, -36.8837505 ], [ 174.748659, -36.8837554 ], [ 174.7486102, -36.8839073 ], [ 174.7488965, -36.8839712 ], [ 174.7490041, -36.8836567 ] ] ], [ [ [ 174.7478351, -36.8827668 ], [ 174.7476952, -36.8831997 ], [ 174.747974, -36.8832593 ], [ 174.7478295, -36.8837061 ], [ 174.7483542, -36.8838163 ], [ 174.7486383, -36.8829374 ], [ 174.7478351, -36.8827668 ] ] ], [ [ [ 174.7493648, -36.8827992 ], [ 174.748968, -36.8827156 ], [ 174.7489162, -36.8828768 ], [ 174.7489395, -36.8828815 ], [ 174.7487537, -36.8834605 ], [ 174.7491259, -36.8835428 ], [ 174.7493648, -36.8827992 ] ] ], [ [ [ 174.7483165, -36.8823056 ], [ 174.7483951, -36.8823223 ], [ 174.7482795, -36.8826733 ], [ 174.7486949, -36.8827618 ], [ 174.7487868, -36.8824771 ], [ 174.7488098, -36.8824819 ], [ 174.7488572, -36.8823352 ], [ 174.748343, -36.8822259 ], [ 174.7483165, -36.8823056 ] ] ], [ [ [ 174.7490849, -36.8823967 ], [ 174.7490377, -36.8825429 ], [ 174.7494708, -36.8826342 ], [ 174.7496627, -36.8820505 ], [ 174.7498659, -36.8820931 ], [ 174.7500117, -36.881648 ], [ 174.7493699, -36.8815128 ], [ 174.7491793, -36.8821047 ], [ 174.7491662, -36.8821018 ], [ 174.7490718, -36.882394 ], [ 174.7490849, -36.8823967 ] ] ], [ [ [ 174.7494371, -36.8813389 ], [ 174.7497212, -36.8813988 ], [ 174.7498027, -36.8811468 ], [ 174.7495185, -36.8810867 ], [ 174.7494371, -36.8813389 ] ] ], [ [ [ 174.7510381, -36.8783631 ], [ 174.7508697, -36.8788907 ], [ 174.7517781, -36.8790837 ], [ 174.7517832, -36.8790678 ], [ 174.7519462, -36.8791024 ], [ 174.7521248, -36.8785602 ], [ 174.751089, -36.8783413 ], [ 174.7510792, -36.8783719 ], [ 174.7510381, -36.8783631 ] ] ], [ [ [ 174.7517418, -36.8775595 ], [ 174.7516161, -36.8779443 ], [ 174.7514779, -36.8779151 ], [ 174.7514689, -36.8779431 ], [ 174.7514287, -36.8779346 ], [ 174.7513783, -36.8779649 ], [ 174.7512831, -36.8782563 ], [ 174.7519942, -36.8784098 ], [ 174.752639, -36.8764377 ], [ 174.7516653, -36.8762324 ], [ 174.7514602, -36.8768504 ], [ 174.7514939, -36.8768576 ], [ 174.751437, -36.8770326 ], [ 174.7514709, -36.8770399 ], [ 174.751445, -36.8771196 ], [ 174.7512357, -36.8770742 ], [ 174.7511059, -36.8774733 ], [ 174.7506926, -36.8773865 ], [ 174.7506868, -36.8774042 ], [ 174.75131, -36.8775363 ], [ 174.7513306, -36.8774728 ], [ 174.7517418, -36.8775595 ] ] ], [ [ [ 174.7842957, -36.9160529 ], [ 174.7842266, -36.916044 ], [ 174.7840223, -36.9160641 ], [ 174.7840718, -36.9164706 ], [ 174.7839073, -36.9164879 ], [ 174.7839301, -36.9166204 ], [ 174.7844248, -36.916581 ], [ 174.7843711, -36.9161379 ], [ 174.7843469, -36.9160874 ], [ 174.7842957, -36.9160529 ] ] ], [ [ [ 174.7840067, -36.9154735 ], [ 174.7838622, -36.9154865 ], [ 174.7839221, -36.9158905 ], [ 174.7843318, -36.9158544 ], [ 174.7843056, -36.9156527 ], [ 174.7840358, -36.9156766 ], [ 174.7840067, -36.9154735 ] ] ], [ [ [ 174.7746033, -36.9075263 ], [ 174.7749751, -36.907602 ], [ 174.7749015, -36.9073035 ], [ 174.7746885, -36.9072598 ], [ 174.7746033, -36.9075263 ] ] ], [ [ [ 174.8429932, -36.9035583 ], [ 174.8432036, -36.9034914 ], [ 174.8433384, -36.9033752 ], [ 174.8437092, -36.9028449 ], [ 174.8439276, -36.9024358 ], [ 174.8442823, -36.9020531 ], [ 174.8441869, -36.9020159 ], [ 174.8441477, -36.9020806 ], [ 174.8440988, -36.9020642 ], [ 174.8432036, -36.9017116 ], [ 174.8431694, -36.9016905 ], [ 174.8431426, -36.9016552 ], [ 174.8421446, -36.903304 ], [ 174.8427565, -36.9035337 ], [ 174.8429932, -36.9035583 ] ] ], [ [ [ 174.8992917, -36.9004566 ], [ 174.8993818, -36.9004718 ], [ 174.8996361, -36.9003396 ], [ 174.8996595, -36.9003436 ], [ 174.900295, -36.9000132 ], [ 174.9020509, -36.8990667 ], [ 174.9021041, -36.8989241 ], [ 174.9015376, -36.8982332 ], [ 174.9008053, -36.8986205 ], [ 174.9010694, -36.8989426 ], [ 174.9008535, -36.8990568 ], [ 174.9007632, -36.8989458 ], [ 174.9003779, -36.899091 ], [ 174.9003428, -36.8990357 ], [ 174.9002434, -36.8990772 ], [ 174.9001007, -36.8988569 ], [ 174.8995366, -36.8990925 ], [ 174.899703, -36.8992979 ], [ 174.8987546, -36.8997974 ], [ 174.8992917, -36.9004566 ] ] ], [ [ [ 174.8319964, -36.8966626 ], [ 174.8323062, -36.8966491 ], [ 174.8325679, -36.896091 ], [ 174.832247, -36.8960618 ], [ 174.8319575, -36.8960742 ], [ 174.8319964, -36.8966626 ] ] ], [ [ [ 174.8646028, -36.8825306 ], [ 174.8649706, -36.8825949 ], [ 174.8650579, -36.8822727 ], [ 174.8646889, -36.8822083 ], [ 174.8646028, -36.8825306 ] ] ], [ [ [ 174.7972769, -36.8819696 ], [ 174.7976786, -36.8822018 ], [ 174.7983909, -36.8813307 ], [ 174.7990179, -36.8813875 ], [ 174.799348, -36.8813054 ], [ 174.7995721, -36.8813257 ], [ 174.7996614, -36.881048 ], [ 174.799651, -36.8810188 ], [ 174.7996209, -36.8810005 ], [ 174.7977684, -36.8808328 ], [ 174.797737, -36.8810567 ], [ 174.7986152, -36.8811362 ], [ 174.7985731, -36.8811877 ], [ 174.7977294, -36.8811114 ], [ 174.7976977, -36.8813375 ], [ 174.7972769, -36.8819696 ] ] ], [ [ [ 174.8003951, -36.8813488 ], [ 174.8004835, -36.8810336 ], [ 174.7999571, -36.8809856 ], [ 174.7999053, -36.8810143 ], [ 174.7998146, -36.8812964 ], [ 174.8003951, -36.8813488 ] ] ], [ [ [ 174.7962766, -36.8806818 ], [ 174.7960857, -36.8810922 ], [ 174.7964891, -36.8811289 ], [ 174.7966892, -36.8811583 ], [ 174.7966679, -36.881209 ], [ 174.7972884, -36.8815678 ], [ 174.7974783, -36.8812826 ], [ 174.7975445, -36.8808124 ], [ 174.7968598, -36.8807503 ], [ 174.7962888, -36.8806715 ], [ 174.7962766, -36.8806818 ] ] ], [ [ [ 174.8112618, -36.880863 ], [ 174.8112729, -36.8810622 ], [ 174.8113754, -36.8811849 ], [ 174.8115882, -36.8810736 ], [ 174.8116763, -36.8811825 ], [ 174.8120637, -36.8809802 ], [ 174.8120634, -36.8808006 ], [ 174.8118333, -36.8805203 ], [ 174.8112618, -36.880863 ] ] ], [ [ [ 174.8105744, -36.8806781 ], [ 174.8108435, -36.8809107 ], [ 174.8111397, -36.8807099 ], [ 174.8107548, -36.8803599 ], [ 174.8105754, -36.8804873 ], [ 174.8105744, -36.8806781 ] ] ], [ [ [ 174.7947395, -36.8809705 ], [ 174.7958556, -36.8810716 ], [ 174.7960492, -36.8806309 ], [ 174.7949325, -36.8805299 ], [ 174.7947395, -36.8809705 ] ] ], [ [ [ 174.8109635, -36.8805044 ], [ 174.8111698, -36.8806918 ], [ 174.8117021, -36.8803657 ], [ 174.8114946, -36.8801286 ], [ 174.8109635, -36.8805044 ] ] ], [ [ [ 174.7990159, -36.880552 ], [ 174.7987441, -36.8805274 ], [ 174.7987635, -36.8803897 ], [ 174.7983238, -36.8803629 ], [ 174.7982964, -36.8806527 ], [ 174.7989929, -36.8807158 ], [ 174.7990159, -36.880552 ] ] ], [ [ [ 174.798021, -36.8806274 ], [ 174.7980758, -36.8805911 ], [ 174.7981108, -36.8802211 ], [ 174.7975525, -36.8801699 ], [ 174.7974945, -36.8805792 ], [ 174.798021, -36.8806274 ] ] ], [ [ [ 174.7971003, -36.8802059 ], [ 174.7971073, -36.8801568 ], [ 174.796409, -36.8800929 ], [ 174.7962461, -36.8802831 ], [ 174.7962154, -36.8804622 ], [ 174.7974606, -36.8805761 ], [ 174.7975079, -36.8802432 ], [ 174.7971003, -36.8802059 ] ] ] ] } },
{ "type": "Feature", "properties": { "category": "24m*" }, "geometry": { "type": "MultiPolygon", "coordinates": [ [ [ [ 174.7942239, -36.8903494 ], [ 174.7943135, -36.8903516 ], [ 174.7944154, -36.890328 ], [ 174.7945097, -36.8902832 ], [ 174.7951473, -36.8898704 ], [ 174.7951837, -36.889776 ], [ 174.7949491, -36.8895192 ], [ 174.792734, -36.8878949 ], [ 174.7918974, -36.8887223 ], [ 174.7933989, -36.8898233 ], [ 174.7940929, -36.8903018 ], [ 174.7942239, -36.8903494 ] ] ], [ [ [ 174.7940824, -36.8877682 ], [ 174.7930759, -36.8872692 ], [ 174.7930547, -36.8872902 ], [ 174.7932443, -36.8873904 ], [ 174.7928765, -36.8877542 ], [ 174.7951178, -36.8893973 ], [ 174.7953997, -36.8897052 ], [ 174.7959906, -36.8893218 ], [ 174.7960299, -36.8893532 ], [ 174.7963501, -36.889156 ], [ 174.7962253, -36.8890785 ], [ 174.7962381, -36.8890485 ], [ 174.794425, -36.8879538 ], [ 174.7940824, -36.8877682 ] ] ], [ [ [ 174.7121802, -36.8866961 ], [ 174.7117326, -36.8871117 ], [ 174.7120798, -36.88734 ], [ 174.7134873, -36.8859585 ], [ 174.7131488, -36.885736 ], [ 174.7127961, -36.8860364 ], [ 174.712845, -36.8860686 ], [ 174.7121954, -36.8867061 ], [ 174.7121802, -36.8866961 ] ] ], [ [ [ 174.7139357, -36.8851367 ], [ 174.7132015, -36.8857242 ], [ 174.7135061, -36.8859401 ], [ 174.7141444, -36.8853135 ], [ 174.7141275, -36.8852519 ], [ 174.7139357, -36.8851367 ] ] ], [ [ [ 174.7141708, -36.8852094 ], [ 174.715157, -36.8842412 ], [ 174.7151829, -36.8842583 ], [ 174.7153712, -36.8840734 ], [ 174.7153681, -36.8840601 ], [ 174.7151289, -36.8838983 ], [ 174.7147512, -36.8842939 ], [ 174.7148042, -36.8843287 ], [ 174.7140536, -36.8851044 ], [ 174.7140601, -36.8851429 ], [ 174.7141708, -36.8852094 ] ] ] ] } },
{ "type": "Feature", "properties": { "category": "25m" }, "geometry": { "type": "MultiPolygon", "coordinates": [ [ [ [ 174.7576974, -36.7828049 ], [ 174.7582366, -36.7823849 ], [ 174.7582912, -36.7819513 ], [ 174.7557459, -36.7816604 ], [ 174.7559521, -36.7803313 ], [ 174.7554482, -36.7802708 ], [ 174.7552393, -36.7804706 ], [ 174.7551308, -36.7811734 ], [ 174.7545975, -36.7816413 ], [ 174.7548516, -36.7817343 ], [ 174.7550724, -36.7817708 ], [ 174.754728, -36.782254 ], [ 174.7545623, -36.7824023 ], [ 174.7545394, -36.7825516 ], [ 174.7547725, -36.7827453 ], [ 174.7540004, -36.7833464 ], [ 174.7548712, -36.7840696 ], [ 174.7550905, -36.7842037 ], [ 174.7551528, -36.7842555 ], [ 174.755169, -36.7843169 ], [ 174.7554165, -36.7845224 ], [ 174.7554818, -36.7845305 ], [ 174.7571949, -36.7831963 ], [ 174.756803, -36.7828707 ], [ 174.7571269, -36.7826185 ], [ 174.7573865, -36.7825466 ], [ 174.7576974, -36.7828049 ] ] ], [ [ [ 174.7585043, -36.7806374 ], [ 174.7585332, -36.780521 ], [ 174.7582022, -36.7804934 ], [ 174.7576234, -36.7800918 ], [ 174.7575867, -36.7801259 ], [ 174.756849, -36.7796141 ], [ 174.7562266, -36.7801869 ], [ 174.757568, -36.7803347 ], [ 174.757543, -36.780513 ], [ 174.7585062, -36.7806252 ], [ 174.7585043, -36.7806374 ] ] ] ] } },
{ "type": "Feature", "properties": { "category": "27m" }, "geometry": { "type": "MultiPolygon", "coordinates": [ [ [ [ 174.7740997, -36.9121759 ], [ 174.774481, -36.9122533 ], [ 174.774392, -36.9125327 ], [ 174.7752995, -36.9127167 ], [ 174.7750905, -36.9126744 ], [ 174.7749734, -36.9130404 ], [ 174.7751823, -36.9130828 ], [ 174.7755546, -36.9131582 ], [ 174.7757704, -36.9124831 ], [ 174.7752411, -36.9123758 ], [ 174.7751969, -36.9123412 ], [ 174.7741167, -36.9121225 ], [ 174.7740997, -36.9121759 ] ] ], [ [ [ 174.6552315, -36.911832 ], [ 174.6554162, -36.9119242 ], [ 174.6555246, -36.9117842 ], [ 174.6552838, -36.911664 ], [ 174.6552315, -36.911832 ] ] ], [ [ [ 174.6548173, -36.9114312 ], [ 174.6546344, -36.9114912 ], [ 174.6545435, -36.9117904 ], [ 174.6549821, -36.9118763 ], [ 174.6550095, -36.9117861 ], [ 174.6551778, -36.9118191 ], [ 174.6552337, -36.911639 ], [ 174.6548173, -36.9114312 ] ] ], [ [ [ 174.6544592, -36.9113029 ], [ 174.6544248, -36.9112354 ], [ 174.6533834, -36.9107155 ], [ 174.6532507, -36.9106912 ], [ 174.6528582, -36.9119857 ], [ 174.6538685, -36.912106 ], [ 174.6539857, -36.912098 ], [ 174.6540741, -36.9120741 ], [ 174.6541634, -36.912029 ], [ 174.6542337, -36.9119659 ], [ 174.6542811, -36.9118903 ], [ 174.6544592, -36.9113029 ] ] ], [ [ [ 174.6496964, -36.9111139 ], [ 174.6518981, -36.911795 ], [ 174.6519927, -36.911824 ], [ 174.6526368, -36.9119502 ], [ 174.6528828, -36.91114 ], [ 174.6522249, -36.9110111 ], [ 174.6521806, -36.911129 ], [ 174.6502612, -36.9105332 ], [ 174.6498775, -36.9108983 ], [ 174.6496798, -36.911043 ], [ 174.6496964, -36.9111139 ] ] ], [ [ [ 174.6559796, -36.9117965 ], [ 174.6562808, -36.9114074 ], [ 174.6557411, -36.9112639 ], [ 174.6548922, -36.9109889 ], [ 174.6531934, -36.9104062 ], [ 174.6559796, -36.9117965 ] ] ], [ [ [ 174.6524765, -36.9109475 ], [ 174.6528886, -36.9110282 ], [ 174.6529895, -36.9106949 ], [ 174.6529642, -36.9106621 ], [ 174.6525844, -36.9105908 ], [ 174.6525908, -36.9105698 ], [ 174.6519095, -36.9104451 ], [ 174.6507659, -36.9100532 ], [ 174.6504528, -36.9103511 ], [ 174.6507258, -36.9104466 ], [ 174.6507603, -36.9103856 ], [ 174.651918, -36.9107453 ], [ 174.6525052, -36.9108528 ], [ 174.6524765, -36.9109475 ] ] ], [ [ [ 174.6487905, -36.9098389 ], [ 174.6488466, -36.9098585 ], [ 174.6485697, -36.9104024 ], [ 174.6492557, -36.9106145 ], [ 174.6492345, -36.910657 ], [ 174.6486303, -36.9104523 ], [ 174.6484336, -36.9105963 ], [ 174.648295, -36.9105909 ], [ 174.6479072, -36.9108744 ], [ 174.6482688, -36.9109972 ], [ 174.6481808, -36.9111196 ], [ 174.6479172, -36.91103 ], [ 174.6478499, -36.9111586 ], [ 174.6487629, -36.9114689 ], [ 174.6497147, -36.9107721 ], [ 174.6505072, -36.9100185 ], [ 174.6505083, -36.9099906 ], [ 174.6501169, -36.9098538 ], [ 174.6501285, -36.9098323 ], [ 174.6488494, -36.9093844 ], [ 174.6482483, -36.9092785 ], [ 174.6481256, -36.9097225 ], [ 174.6487905, -36.9098389 ] ] ], [ [ [ 174.7561708, -36.9083369 ], [ 174.7561979, -36.9085898 ], [ 174.7559505, -36.9091993 ], [ 174.7562474, -36.9091741 ], [ 174.7562022, -36.9092231 ], [ 174.7566244, -36.9091921 ], [ 174.7565735, -36.9088203 ], [ 174.7572146, -36.9081247 ], [ 174.7563273, -36.9079513 ], [ 174.7561708, -36.9083369 ] ] ], [ [ [ 174.6520964, -36.9099641 ], [ 174.6512602, -36.9097396 ], [ 174.6510134, -36.9096554 ], [ 174.6508852, -36.9098974 ], [ 174.6518112, -36.9102134 ], [ 174.6519163, -36.9102258 ], [ 174.6520155, -36.9101953 ], [ 174.6520835, -36.9101296 ], [ 174.6521283, -36.9100529 ], [ 174.6521314, -36.9100092 ], [ 174.6520802, -36.9099912 ], [ 174.6520964, -36.9099641 ] ] ], [ [ [ 174.6526858, -36.9100121 ], [ 174.6528152, -36.9097708 ], [ 174.6524017, -36.9096277 ], [ 174.6523652, -36.9096533 ], [ 174.6524628, -36.9099321 ], [ 174.6526858, -36.9100121 ] ] ], [ [ [ 174.6475534, -36.9091568 ], [ 174.6473747, -36.9091386 ], [ 174.6471906, -36.9095963 ], [ 174.647399, -36.9096733 ], [ 174.6473449, -36.909854 ], [ 174.6477809, -36.9099643 ], [ 174.6479721, -36.9096958 ], [ 174.6480949, -36.9092517 ], [ 174.6475534, -36.9091568 ] ] ], [ [ [ 174.6522075, -36.9098748 ], [ 174.6520813, -36.9095169 ], [ 174.650819, -36.9090802 ], [ 174.6507182, -36.9092681 ], [ 174.6507903, -36.9092931 ], [ 174.6508309, -36.9093986 ], [ 174.6522075, -36.9098748 ] ] ], [ [ [ 174.6520021, -36.9092921 ], [ 174.6517334, -36.9085346 ], [ 174.6514226, -36.9086057 ], [ 174.6514642, -36.9087231 ], [ 174.651291, -36.9090461 ], [ 174.6520021, -36.9092921 ] ] ], [ [ [ 174.6523532, -36.8422622 ], [ 174.652358, -36.8421988 ], [ 174.6518463, -36.8421744 ], [ 174.6517481, -36.8434998 ], [ 174.6539096, -36.8424171 ], [ 174.6539314, -36.8423414 ], [ 174.6537366, -36.8420902 ], [ 174.6534386, -36.8418722 ], [ 174.6529108, -36.8416601 ], [ 174.6528644, -36.8422866 ], [ 174.6523532, -36.8422622 ] ] ], [ [ [ 174.7260025, -36.8131001 ], [ 174.7262442, -36.8123914 ], [ 174.7262422, -36.8123578 ], [ 174.7262099, -36.8123275 ], [ 174.7261335, -36.8122992 ], [ 174.7252154, -36.8121853 ], [ 174.72508, -36.8128991 ], [ 174.7260025, -36.8131001 ] ] ], [ [ [ 174.7209186, -36.8112107 ], [ 174.720935, -36.8114739 ], [ 174.7215745, -36.8115528 ], [ 174.7220747, -36.8116146 ], [ 174.7220579, -36.811302 ], [ 174.7219144, -36.8112843 ], [ 174.7219221, -36.8112016 ], [ 174.7215535, -36.8112165 ], [ 174.721533, -36.8108901 ], [ 174.7223677, -36.8108563 ], [ 174.7224133, -36.8116565 ], [ 174.7260368, -36.8121028 ], [ 174.7261408, -36.8120041 ], [ 174.7260375, -36.8117511 ], [ 174.7259997, -36.8117464 ], [ 174.7259353, -36.8115886 ], [ 174.7259732, -36.8115932 ], [ 174.7259031, -36.8114213 ], [ 174.7258706, -36.8114299 ], [ 174.7258003, -36.8112577 ], [ 174.7258328, -36.8112491 ], [ 174.7257901, -36.8111447 ], [ 174.725739, -36.8110969 ], [ 174.7256705, -36.81109 ], [ 174.7254013, -36.8111607 ], [ 174.7255548, -36.8115369 ], [ 174.725403, -36.8115182 ], [ 174.7254415, -36.8116126 ], [ 174.7243002, -36.8114722 ], [ 174.7243406, -36.8111772 ], [ 174.7242688, -36.8111196 ], [ 174.7240297, -36.8111587 ], [ 174.7240259, -36.8110076 ], [ 174.7239552, -36.8109794 ], [ 174.7239611, -36.8108213 ], [ 174.7240207, -36.8107971 ], [ 174.7240102, -36.8103748 ], [ 174.7239429, -36.8103774 ], [ 174.7239368, -36.8101293 ], [ 174.7238446, -36.8101246 ], [ 174.7234723, -36.8101459 ], [ 174.7230847, -36.810238 ], [ 174.7223729, -36.8105219 ], [ 174.7223508, -36.8105528 ], [ 174.7222596, -36.8105532 ], [ 174.7215319, -36.8108715 ], [ 174.721179, -36.8110259 ], [ 174.7213235, -36.8111531 ], [ 174.7210389, -36.8111646 ], [ 174.7209186, -36.8112107 ] ] ], [ [ [ 174.725667, -36.8109205 ], [ 174.7256755, -36.8108654 ], [ 174.7255382, -36.8105289 ], [ 174.7250075, -36.8105499 ], [ 174.7250608, -36.8106804 ], [ 174.7250833, -36.8106795 ], [ 174.7251792, -36.811075 ], [ 174.7256169, -36.8109587 ], [ 174.725667, -36.8109205 ] ] ], [ [ [ 174.7445368, -36.8016684 ], [ 174.7444985, -36.8019414 ], [ 174.7444667, -36.8019385 ], [ 174.7444544, -36.8020266 ], [ 174.7453456, -36.8021075 ], [ 174.7453132, -36.8020153 ], [ 174.7453514, -36.8017423 ], [ 174.7445368, -36.8016684 ] ] ], [ [ [ 174.7471236, -36.801433 ], [ 174.7465911, -36.8009893 ], [ 174.7456686, -36.8015398 ], [ 174.7455668, -36.8015305 ], [ 174.745506, -36.8019645 ], [ 174.7459219, -36.8023086 ], [ 174.7459945, -36.8023095 ], [ 174.7471236, -36.801433 ] ] ], [ [ [ 174.7453705, -36.8016058 ], [ 174.7454276, -36.8011983 ], [ 174.74533, -36.8010576 ], [ 174.7449959, -36.8007056 ], [ 174.7446438, -36.8006738 ], [ 174.7445241, -36.8015291 ], [ 174.7453705, -36.8016058 ] ] ], [ [ [ 174.7468297, -36.8005071 ], [ 174.7467039, -36.8002095 ], [ 174.7459167, -36.8004255 ], [ 174.7452469, -36.8004164 ], [ 174.7452808, -36.8001746 ], [ 174.7453365, -36.8001796 ], [ 174.7454068, -36.7996782 ], [ 174.7453511, -36.7996732 ], [ 174.7453229, -36.7998176 ], [ 174.7452865, -36.7998569 ], [ 174.7452337, -36.7998815 ], [ 174.7447609, -36.7998386 ], [ 174.744669, -36.8004936 ], [ 174.74507, -36.8005299 ], [ 174.7450966, -36.8005128 ], [ 174.7455189, -36.800958 ], [ 174.7457268, -36.8012579 ], [ 174.7464726, -36.8009235 ], [ 174.7464325, -36.8008657 ], [ 174.7466, -36.8007357 ], [ 174.7465688, -36.8007097 ], [ 174.7468297, -36.8005071 ] ] ], [ [ [ 174.7220071, -36.7841834 ], [ 174.7224722, -36.7843177 ], [ 174.7226021, -36.7844861 ], [ 174.7230013, -36.7844597 ], [ 174.7233507, -36.7840363 ], [ 174.7231687, -36.7834274 ], [ 174.7228383, -36.7834445 ], [ 174.7225804, -36.7834237 ], [ 174.7222646, -36.7833564 ], [ 174.7221243, -36.7833597 ], [ 174.7220283, -36.7833834 ], [ 174.7216957, -36.7835134 ], [ 174.7216564, -36.7836052 ], [ 174.7220071, -36.7841834 ] ] ], [ [ [ 174.7228175, -36.7811822 ], [ 174.7227433, -36.7812055 ], [ 174.7223682, -36.781073 ], [ 174.7222703, -36.7812525 ], [ 174.7218227, -36.7810949 ], [ 174.7215781, -36.7815486 ], [ 174.7213872, -36.7814816 ], [ 174.7211879, -36.7818514 ], [ 174.7211749, -36.7820007 ], [ 174.7210388, -36.7822355 ], [ 174.7210561, -36.7826149 ], [ 174.7214203, -36.7832158 ], [ 174.7215697, -36.7833348 ], [ 174.7215909, -36.7833406 ], [ 174.7220156, -36.7831832 ], [ 174.7221597, -36.7831627 ], [ 174.7223007, -36.7831664 ], [ 174.7223207, -36.7830971 ], [ 174.722356, -36.7830926 ], [ 174.7225227, -36.7831749 ], [ 174.7225115, -36.783206 ], [ 174.7225694, -36.783215 ], [ 174.7226046, -36.7832428 ], [ 174.7228598, -36.7832632 ], [ 174.7232173, -36.7832426 ], [ 174.7234444, -36.7820239 ], [ 174.7234349, -36.7820206 ], [ 174.7235272, -36.7818514 ], [ 174.7238098, -36.7819508 ], [ 174.7240009, -36.7816003 ], [ 174.7228175, -36.7811822 ] ] ], [ [ [ 174.852341, -36.9821634 ], [ 174.8516318, -36.9808329 ], [ 174.8522245, -36.9807807 ], [ 174.8522203, -36.9807406 ], [ 174.8538119, -36.9806004 ], [ 174.8538327, -36.980773 ], [ 174.8545814, -36.980715 ], [ 174.8544516, -36.9796273 ], [ 174.8544142, -36.9796026 ], [ 174.8512995, -36.9798427 ], [ 174.8513346, -36.9798945 ], [ 174.8514013, -36.9804733 ], [ 174.8513816, -36.980436 ], [ 174.8513916, -36.9805224 ], [ 174.8515477, -36.9808543 ], [ 174.8522476, -36.9821752 ], [ 174.852341, -36.9821634 ] ] ], [ [ [ 174.8509657, -36.9783001 ], [ 174.85089, -36.9785741 ], [ 174.8505867, -36.9787286 ], [ 174.8511518, -36.9795141 ], [ 174.8512657, -36.9795874 ], [ 174.8513784, -36.9796241 ], [ 174.8515431, -36.9796414 ], [ 174.8518997, -36.9796159 ], [ 174.851927, -36.9795835 ], [ 174.852176, -36.9787009 ], [ 174.8516565, -36.9786092 ], [ 174.851705, -36.9784321 ], [ 174.8509657, -36.9783001 ] ] ], [ [ [ 174.8500109, -36.9779267 ], [ 174.8504463, -36.9785335 ], [ 174.8505121, -36.9785476 ], [ 174.8506895, -36.9784616 ], [ 174.8507752, -36.9781506 ], [ 174.8505362, -36.9781081 ], [ 174.8503078, -36.9777898 ], [ 174.8505704, -36.9767922 ], [ 174.8500957, -36.9767096 ], [ 174.8499832, -36.9767118 ], [ 174.8499391, -36.9766892 ], [ 174.8499101, -36.9766462 ], [ 174.8499131, -36.9765973 ], [ 174.8499398, -36.9765625 ], [ 174.8496782, -36.976517 ], [ 174.8496951, -36.9764546 ], [ 174.8491367, -36.976355 ], [ 174.8491097, -36.9764537 ], [ 174.8491281, -36.9766157 ], [ 174.8495053, -36.9771265 ], [ 174.8500109, -36.9779267 ] ] ], [ [ [ 174.8470764, -36.9762026 ], [ 174.8466911, -36.9765936 ], [ 174.8483436, -36.9776833 ], [ 174.8485279, -36.9775046 ], [ 174.846741, -36.9748221 ], [ 174.8464928, -36.9751002 ], [ 174.8459877, -36.97481 ], [ 174.8459538, -36.9748479 ], [ 174.8464199, -36.9751157 ], [ 174.846431, -36.9751694 ], [ 174.8460871, -36.9755542 ], [ 174.8465753, -36.9758741 ], [ 174.8461822, -36.9762601 ], [ 174.846214, -36.976281 ], [ 174.8466071, -36.9758949 ], [ 174.8470764, -36.9762026 ] ] ], [ [ [ 174.8441037, -36.94595 ], [ 174.8435782, -36.946271 ], [ 174.8437808, -36.9464926 ], [ 174.8443085, -36.9461687 ], [ 174.8441037, -36.94595 ] ] ], [ [ [ 174.843569, -36.9453585 ], [ 174.8432205, -36.9449934 ], [ 174.8429593, -36.9451535 ], [ 174.8425468, -36.9453492 ], [ 174.8427999, -36.9456928 ], [ 174.8433048, -36.9462105 ], [ 174.8439238, -36.9458309 ], [ 174.843715, -36.945611 ], [ 174.8437532, -36.9455876 ], [ 174.8435472, -36.9453718 ], [ 174.843569, -36.9453585 ] ] ], [ [ [ 174.8440371, -36.9455866 ], [ 174.8441423, -36.9456968 ], [ 174.8443924, -36.9455434 ], [ 174.8442873, -36.9454333 ], [ 174.8440371, -36.9455866 ] ] ], [ [ [ 174.8438636, -36.9449444 ], [ 174.8438363, -36.944961 ], [ 174.8436283, -36.9447432 ], [ 174.8433564, -36.94491 ], [ 174.8435645, -36.9451278 ], [ 174.8435863, -36.9451145 ], [ 174.8436629, -36.9451947 ], [ 174.8439402, -36.9450246 ], [ 174.8438636, -36.9449444 ] ] ], [ [ [ 174.8414555, -36.9451783 ], [ 174.8417165, -36.9455328 ], [ 174.8428328, -36.9450029 ], [ 174.8433038, -36.9447141 ], [ 174.8430456, -36.9444234 ], [ 174.8430376, -36.9444272 ], [ 174.8423417, -36.9436883 ], [ 174.8415599, -36.94406 ], [ 174.8421417, -36.9448521 ], [ 174.8414555, -36.9451783 ] ] ], [ [ [ 174.843175, -36.9443619 ], [ 174.8430732, -36.9444102 ], [ 174.8433417, -36.9446908 ], [ 174.8434342, -36.9446341 ], [ 174.843175, -36.9443619 ] ] ], [ [ [ 174.8444952, -36.9438036 ], [ 174.8441198, -36.9438797 ], [ 174.8441952, -36.9441358 ], [ 174.8442254, -36.9441282 ], [ 174.8445532, -36.9446637 ], [ 174.8445293, -36.9446784 ], [ 174.8446294, -36.9447801 ], [ 174.8449081, -36.9449992 ], [ 174.8445367, -36.9438235 ], [ 174.8444952, -36.9438036 ] ] ], [ [ [ 174.8444998, -36.9437091 ], [ 174.8443084, -36.943102 ], [ 174.8442674, -36.9430823 ], [ 174.8433667, -36.9432613 ], [ 174.84359, -36.9434871 ], [ 174.8434793, -36.9435093 ], [ 174.8436342, -36.9437606 ], [ 174.843701, -36.943762 ], [ 174.8437387, -36.9437911 ], [ 174.8437759, -36.943856 ], [ 174.8444998, -36.9437091 ] ] ], [ [ [ 174.8402525, -36.9430305 ], [ 174.8405237, -36.9433647 ], [ 174.8407394, -36.9432519 ], [ 174.8409012, -36.9434505 ], [ 174.8412611, -36.9432623 ], [ 174.8416893, -36.9437885 ], [ 174.8422017, -36.943546 ], [ 174.8414108, -36.9427198 ], [ 174.8415989, -36.9426012 ], [ 174.8414242, -36.9424181 ], [ 174.8402525, -36.9430305 ] ] ], [ [ [ 174.8436217, -36.9429314 ], [ 174.8436166, -36.942915 ], [ 174.8436551, -36.9429075 ], [ 174.8436875, -36.9430126 ], [ 174.8441867, -36.9429133 ], [ 174.8442277, -36.9428586 ], [ 174.8440863, -36.9424052 ], [ 174.8440366, -36.9423815 ], [ 174.8428919, -36.9426207 ], [ 174.8429779, -36.9428984 ], [ 174.8431971, -36.9428548 ], [ 174.8432224, -36.9429701 ], [ 174.8432959, -36.9429554 ], [ 174.8433174, -36.9429927 ], [ 174.8436217, -36.9429314 ] ] ], [ [ [ 174.8408398, -36.9419662 ], [ 174.8400953, -36.9423556 ], [ 174.8404036, -36.9427352 ], [ 174.8411864, -36.9423261 ], [ 174.8408398, -36.9419662 ] ] ], [ [ [ 174.8437261, -36.9414702 ], [ 174.8419976, -36.9418059 ], [ 174.8421034, -36.9419166 ], [ 174.8419969, -36.9419828 ], [ 174.8421462, -36.9421396 ], [ 174.8423736, -36.9419986 ], [ 174.842514, -36.9421448 ], [ 174.8426267, -36.9425123 ], [ 174.8440132, -36.9422225 ], [ 174.8440255, -36.942206 ], [ 174.8438859, -36.9417587 ], [ 174.8438527, -36.9417652 ], [ 174.8437668, -36.94149 ], [ 174.8437261, -36.9414702 ] ] ], [ [ [ 174.8417978, -36.9414952 ], [ 174.8419697, -36.9416799 ], [ 174.8437505, -36.9413245 ], [ 174.8435859, -36.9408001 ], [ 174.8435533, -36.9408068 ], [ 174.8434373, -36.9407515 ], [ 174.8434213, -36.9407268 ], [ 174.8414701, -36.941126 ], [ 174.8416902, -36.9413824 ], [ 174.8417442, -36.9413974 ], [ 174.8423853, -36.9412662 ], [ 174.8424022, -36.9413195 ], [ 174.8418225, -36.9414381 ], [ 174.8417978, -36.9414952 ] ] ], [ [ [ 174.8397271, -36.9403028 ], [ 174.8393266, -36.940547 ], [ 174.8389325, -36.9407514 ], [ 174.8393899, -36.9413193 ], [ 174.8398161, -36.9410985 ], [ 174.8402234, -36.9415245 ], [ 174.8407254, -36.941257 ], [ 174.8398232, -36.9403132 ], [ 174.8397271, -36.9403028 ] ] ], [ [ [ 174.785223, -36.9260182 ], [ 174.7847705, -36.9260536 ], [ 174.7846977, -36.9255117 ], [ 174.7844732, -36.9255312 ], [ 174.7844488, -36.9253497 ], [ 174.783999, -36.9253877 ], [ 174.7839935, -36.9253468 ], [ 174.7836939, -36.9253721 ], [ 174.7836994, -36.925413 ], [ 174.7836142, -36.9254202 ], [ 174.7835565, -36.9254776 ], [ 174.7836665, -36.926297 ], [ 174.7837015, -36.9263366 ], [ 174.7837118, -36.9264301 ], [ 174.7838261, -36.9265067 ], [ 174.783932, -36.9265172 ], [ 174.7849179, -36.9264335 ], [ 174.7851911, -36.9261936 ], [ 174.785223, -36.9260182 ] ] ], [ [ [ 174.7838666, -36.9239534 ], [ 174.783814, -36.9235319 ], [ 174.7838515, -36.9235282 ], [ 174.7838001, -36.9231458 ], [ 174.7832893, -36.923189 ], [ 174.7832593, -36.9232187 ], [ 174.7834044, -36.9243496 ], [ 174.7838635, -36.9243098 ], [ 174.7838175, -36.9239569 ], [ 174.7838666, -36.9239534 ] ] ], [ [ [ 174.784512, -36.9230855 ], [ 174.7839362, -36.9231343 ], [ 174.7840875, -36.9242802 ], [ 174.7846632, -36.9242304 ], [ 174.784512, -36.9230855 ] ] ], [ [ [ 174.7831177, -36.9222057 ], [ 174.783225, -36.9230121 ], [ 174.7836849, -36.9229733 ], [ 174.7835761, -36.9221681 ], [ 174.7831177, -36.9222057 ] ] ], [ [ [ 174.8428007, -36.9144432 ], [ 174.8459532, -36.9139037 ], [ 174.8444252, -36.9141652 ], [ 174.8428007, -36.9144432 ] ] ], [ [ [ 174.7759673, -36.9125958 ], [ 174.7757638, -36.9132457 ], [ 174.7762082, -36.9133335 ], [ 174.7766591, -36.913186 ], [ 174.7763544, -36.9125824 ], [ 174.7763183, -36.912602 ], [ 174.7761394, -36.9122295 ], [ 174.7761194, -36.9122305 ], [ 174.7759977, -36.9126114 ], [ 174.7759673, -36.9125958 ] ] ], [ [ [ 174.7768514, -36.9130871 ], [ 174.7775785, -36.9129082 ], [ 174.7775442, -36.9128422 ], [ 174.7774158, -36.9128108 ], [ 174.7775436, -36.9124017 ], [ 174.7763737, -36.9121382 ], [ 174.7768514, -36.9130871 ] ] ], [ [ [ 174.7765447, -36.9119652 ], [ 174.7765499, -36.9119894 ], [ 174.777635, -36.9122313 ], [ 174.7775128, -36.9114972 ], [ 174.7765447, -36.9119652 ] ] ], [ [ [ 174.9398585, -37.0611426 ], [ 174.9397185, -37.0611083 ], [ 174.9396602, -37.0611403 ], [ 174.9397161, -37.0611123 ], [ 174.9398532, -37.0611533 ], [ 174.9398585, -37.0611426 ] ] ], [ [ [ 174.8963024, -37.0234991 ], [ 174.894533, -37.0225384 ], [ 174.894452, -37.0226681 ], [ 174.8948014, -37.0231848 ], [ 174.8954133, -37.0242672 ], [ 174.895852, -37.0244437 ], [ 174.8969673, -37.02405 ], [ 174.8963024, -37.0234991 ] ] ], [ [ [ 174.8979209, -37.022927 ], [ 174.8979401, -37.0229105 ], [ 174.8976427, -37.0226885 ], [ 174.8976138, -37.0227109 ], [ 174.8968177, -37.0221175 ], [ 174.8966305, -37.0219351 ], [ 174.8958914, -37.0213794 ], [ 174.8958247, -37.0213929 ], [ 174.8955035, -37.02167 ], [ 174.895474, -37.0216477 ], [ 174.8947553, -37.0222557 ], [ 174.8953005, -37.0225469 ], [ 174.896021, -37.022964 ], [ 174.8959839, -37.0230047 ], [ 174.8960868, -37.0230649 ], [ 174.8963385, -37.0232427 ], [ 174.896746, -37.0235698 ], [ 174.8972725, -37.0239427 ], [ 174.8985991, -37.0234762 ], [ 174.8986125, -37.0234118 ], [ 174.8980906, -37.0230228 ], [ 174.8979209, -37.022927 ] ] ], [ [ [ 174.899238, -37.0221287 ], [ 174.8989652, -37.0223229 ], [ 174.8985295, -37.0219664 ], [ 174.8976072, -37.0223842 ], [ 174.8987541, -37.0232394 ], [ 174.8989212, -37.0232932 ], [ 174.8990481, -37.0233175 ], [ 174.9006023, -37.0227695 ], [ 174.9008092, -37.0226967 ], [ 174.9004103, -37.0219782 ], [ 174.9002983, -37.0222208 ], [ 174.9001565, -37.0220704 ], [ 174.9000117, -37.0221903 ], [ 174.8996951, -37.0218546 ], [ 174.8995461, -37.0219227 ], [ 174.8992699, -37.0216297 ], [ 174.8992401, -37.0216433 ], [ 174.8996153, -37.0220413 ], [ 174.8994658, -37.0221095 ], [ 174.899347, -37.0221195 ], [ 174.8992717, -37.0221647 ], [ 174.899238, -37.0221287 ] ] ], [ [ [ 174.894693, -37.0220048 ], [ 174.8947961, -37.0219172 ], [ 174.8947971, -37.0218766 ], [ 174.8946725, -37.0217633 ], [ 174.8944866, -37.0218946 ], [ 174.894693, -37.0220048 ] ] ], [ [ [ 174.8974213, -37.0222448 ], [ 174.8977936, -37.0220762 ], [ 174.8978066, -37.0220861 ], [ 174.8979399, -37.0220255 ], [ 174.8973208, -37.0215637 ], [ 174.8973059, -37.0215661 ], [ 174.897197, -37.0214716 ], [ 174.8964163, -37.0208903 ], [ 174.8963518, -37.0208223 ], [ 174.8958425, -37.0210056 ], [ 174.8959701, -37.0211639 ], [ 174.8974213, -37.0222448 ] ] ], [ [ [ 174.894829, -37.0212892 ], [ 174.894987, -37.0214076 ], [ 174.8949298, -37.0214548 ], [ 174.8947723, -37.0213368 ], [ 174.8946333, -37.0214538 ], [ 174.894999, -37.0217866 ], [ 174.8955507, -37.021318 ], [ 174.895569, -37.0212554 ], [ 174.8955666, -37.0211933 ], [ 174.8955446, -37.0211335 ], [ 174.8955026, -37.0210789 ], [ 174.8951765, -37.0213551 ], [ 174.8949519, -37.0211857 ], [ 174.894829, -37.0212892 ] ] ], [ [ [ 174.8982608, -37.0208922 ], [ 174.8977347, -37.0203243 ], [ 174.8964457, -37.0207886 ], [ 174.8980438, -37.0219784 ], [ 174.8991014, -37.0214973 ], [ 174.8984687, -37.0208164 ], [ 174.8982608, -37.0208922 ] ] ], [ [ [ 174.8945661, -37.0213926 ], [ 174.894916, -37.0210984 ], [ 174.8949216, -37.0210162 ], [ 174.8942281, -37.0202798 ], [ 174.8937758, -37.0205903 ], [ 174.8937692, -37.0206661 ], [ 174.8945661, -37.0213926 ] ] ], [ [ [ 174.8954379, -37.0210268 ], [ 174.8952842, -37.0209028 ], [ 174.8946165, -37.0200704 ], [ 174.894308, -37.0202298 ], [ 174.8951003, -37.0210707 ], [ 174.8952025, -37.0211481 ], [ 174.8952976, -37.0211459 ], [ 174.8954379, -37.0210268 ] ] ], [ [ [ 174.8833534, -36.9953836 ], [ 174.884259, -36.9953927 ], [ 174.8845272, -36.9954252 ], [ 174.8850302, -36.9953915 ], [ 174.8854266, -36.9954451 ], [ 174.8855404, -36.9945445 ], [ 174.8855557, -36.9940806 ], [ 174.8854894, -36.9936178 ], [ 174.8853808, -36.9931444 ], [ 174.8852873, -36.9930095 ], [ 174.8851873, -36.9929141 ], [ 174.8850476, -36.9928236 ], [ 174.8847645, -36.9927528 ], [ 174.8843467, -36.9927971 ], [ 174.8840967, -36.992844 ], [ 174.8840454, -36.9929049 ], [ 174.8840839, -36.9930791 ], [ 174.884137, -36.9931762 ], [ 174.8839872, -36.9934006 ], [ 174.8838926, -36.9934533 ], [ 174.8836985, -36.9936191 ], [ 174.8830814, -36.9938383 ], [ 174.883061, -36.9940212 ], [ 174.883095, -36.9942045 ], [ 174.8828985, -36.9945436 ], [ 174.8821351, -36.9943804 ], [ 174.8808981, -36.9948244 ], [ 174.8809269, -36.9948861 ], [ 174.8808826, -36.9949169 ], [ 174.8808534, -36.9950915 ], [ 174.8808735, -36.9951457 ], [ 174.880931, -36.995186 ], [ 174.8809751, -36.9952488 ], [ 174.8810839, -36.9954522 ], [ 174.88116, -36.9954072 ], [ 174.8814313, -36.9954449 ], [ 174.8818736, -36.9954168 ], [ 174.8833534, -36.9953836 ] ] ], [ [ [ 174.8879561, -36.995085 ], [ 174.888302, -36.9948095 ], [ 174.8884677, -36.9945231 ], [ 174.8884855, -36.994371 ], [ 174.8884403, -36.9942101 ], [ 174.8883965, -36.9940739 ], [ 174.8872226, -36.9923552 ], [ 174.8858078, -36.9927122 ], [ 174.8856892, -36.9928599 ], [ 174.8857141, -36.9930497 ], [ 174.8858736, -36.9934859 ], [ 174.8859281, -36.993814 ], [ 174.8859467, -36.9942252 ], [ 174.8860381, -36.994294 ], [ 174.8863294, -36.9942835 ], [ 174.8866264, -36.9942302 ], [ 174.8870462, -36.9940457 ], [ 174.8870854, -36.9939381 ], [ 174.8867776, -36.9934876 ], [ 174.886851, -36.9934195 ], [ 174.8871035, -36.9933085 ], [ 174.8879809, -36.9945927 ], [ 174.8876361, -36.9947443 ], [ 174.8872958, -36.9942462 ], [ 174.8871617, -36.9942148 ], [ 174.8865068, -36.9945026 ], [ 174.8859942, -36.9945211 ], [ 174.8859196, -36.9945772 ], [ 174.8858381, -36.9951792 ], [ 174.8864879, -36.9951503 ], [ 174.8865096, -36.9954636 ], [ 174.8873516, -36.9954248 ], [ 174.8875127, -36.9953764 ], [ 174.887946, -36.9951248 ], [ 174.8879561, -36.995085 ] ] ], [ [ [ 174.8854687, -36.9921605 ], [ 174.8855616, -36.9922239 ], [ 174.8856261, -36.9922434 ], [ 174.885742, -36.9922472 ], [ 174.8859, -36.992199 ], [ 174.8860587, -36.9921246 ], [ 174.886234, -36.9919953 ], [ 174.8864038, -36.9918251 ], [ 174.8865593, -36.9916106 ], [ 174.8867024, -36.9913209 ], [ 174.8867976, -36.9907437 ], [ 174.8863156, -36.9898088 ], [ 174.8858068, -36.9899784 ], [ 174.8858636, -36.9900162 ], [ 174.885911, -36.9901077 ], [ 174.8858524, -36.9902218 ], [ 174.884179, -36.9907796 ], [ 174.8841567, -36.9908778 ], [ 174.884402, -36.9911038 ], [ 174.8851875, -36.9919231 ], [ 174.8852323, -36.9919126 ], [ 174.8854687, -36.9921605 ] ] ], [ [ [ 174.8553036, -36.9802562 ], [ 174.8551326, -36.9802686 ], [ 174.8550912, -36.9799253 ], [ 174.8547169, -36.9799544 ], [ 174.8547808, -36.9804845 ], [ 174.855326, -36.9804421 ], [ 174.8553036, -36.9802562 ] ] ], [ [ [ 174.854712, -36.9799142 ], [ 174.8549845, -36.9798919 ], [ 174.8549447, -36.9795612 ], [ 174.8547266, -36.9795781 ], [ 174.8546774, -36.9796261 ], [ 174.854712, -36.9799142 ] ] ], [ [ [ 174.8528344, -36.9791416 ], [ 174.8523129, -36.9790466 ], [ 174.8521628, -36.9795937 ], [ 174.8540688, -36.9794462 ], [ 174.8542647, -36.979031 ], [ 174.8528344, -36.9791416 ] ] ], [ [ [ 174.8544484, -36.9794161 ], [ 174.8548688, -36.9793837 ], [ 174.8548411, -36.9788851 ], [ 174.8545649, -36.9789063 ], [ 174.8544234, -36.9792062 ], [ 174.8544484, -36.9794161 ] ] ], [ [ [ 174.8542924, -36.9788472 ], [ 174.8540646, -36.9788043 ], [ 174.8540095, -36.9788506 ], [ 174.8537037, -36.978795 ], [ 174.8537333, -36.9786907 ], [ 174.8532441, -36.9786018 ], [ 174.8532147, -36.9787063 ], [ 174.8527197, -36.9786164 ], [ 174.8527483, -36.9785117 ], [ 174.8524728, -36.9784616 ], [ 174.8523275, -36.9789929 ], [ 174.8528388, -36.9790861 ], [ 174.8542917, -36.9789737 ], [ 174.8543246, -36.978903 ], [ 174.8543189, -36.9788679 ], [ 174.8542924, -36.9788472 ] ] ], [ [ [ 174.8537333, -36.9785046 ], [ 174.8539336, -36.9785411 ], [ 174.8539631, -36.9784365 ], [ 174.8544992, -36.9785338 ], [ 174.8546535, -36.9782071 ], [ 174.8538581, -36.9780626 ], [ 174.8538429, -36.9781163 ], [ 174.8531817, -36.9779961 ], [ 174.8531969, -36.9779425 ], [ 174.8526424, -36.9778417 ], [ 174.8525213, -36.9782844 ], [ 174.8530721, -36.9783845 ], [ 174.8531016, -36.97828 ], [ 174.8537627, -36.9784002 ], [ 174.8537333, -36.9785046 ] ] ], [ [ [ 174.9120281, -36.9293295 ], [ 174.912076, -36.9291025 ], [ 174.912025, -36.9290093 ], [ 174.9119456, -36.9289614 ], [ 174.9118593, -36.9289501 ], [ 174.9117241, -36.928962 ], [ 174.9112116, -36.9289544 ], [ 174.9112171, -36.928941 ], [ 174.9108136, -36.9289946 ], [ 174.9104123, -36.9290978 ], [ 174.9097462, -36.9293507 ], [ 174.9094831, -36.9294727 ], [ 174.9091739, -36.9295868 ], [ 174.9091623, -36.9296265 ], [ 174.9088165, -36.9297039 ], [ 174.9087259, -36.9296525 ], [ 174.9087142, -36.9296297 ], [ 174.9086814, -36.9296213 ], [ 174.9083101, -36.9296665 ], [ 174.9079551, -36.9296876 ], [ 174.9075992, -36.9296875 ], [ 174.9072443, -36.9296661 ], [ 174.9074801, -36.9300948 ], [ 174.9078444, -36.9306375 ], [ 174.9078488, -36.9309158 ], [ 174.9089109, -36.9316064 ], [ 174.9089494, -36.9315744 ], [ 174.9097654, -36.9310897 ], [ 174.9107002, -36.9314357 ], [ 174.9108982, -36.9314494 ], [ 174.9109978, -36.9313959 ], [ 174.9113983, -36.9307069 ], [ 174.9114509, -36.9304955 ], [ 174.9116415, -36.9301789 ], [ 174.9120281, -36.9293295 ] ] ], [ [ [ 174.9139586, -36.9288765 ], [ 174.9143346, -36.9289495 ], [ 174.9143588, -36.9290234 ], [ 174.915508, -36.9292341 ], [ 174.9157582, -36.9292684 ], [ 174.9159491, -36.9292128 ], [ 174.9172047, -36.9283436 ], [ 174.9130129, -36.9275751 ], [ 174.9128224, -36.9285326 ], [ 174.9128219, -36.9286605 ], [ 174.9129222, -36.9287523 ], [ 174.9136919, -36.9288938 ], [ 174.9139586, -36.9288765 ] ] ], [ [ [ 174.912236, -36.9284345 ], [ 174.9123506, -36.9283105 ], [ 174.9124474, -36.9280961 ], [ 174.9125194, -36.9278735 ], [ 174.9115349, -36.9276918 ], [ 174.9112948, -36.9285304 ], [ 174.9112429, -36.9285615 ], [ 174.9116233, -36.9285366 ], [ 174.9118517, -36.9285418 ], [ 174.9120505, -36.9285226 ], [ 174.912236, -36.9284345 ] ] ], [ [ [ 174.9048877, -36.8998547 ], [ 174.9046509, -36.9002456 ], [ 174.9053667, -36.9004095 ], [ 174.9054812, -36.900047 ], [ 174.9054331, -36.8999797 ], [ 174.9048877, -36.8998547 ] ] ], [ [ [ 174.906081, -36.9004352 ], [ 174.9061491, -36.9002434 ], [ 174.9063269, -36.9002907 ], [ 174.9065258, -36.8999187 ], [ 174.9059806, -36.8997305 ], [ 174.9059003, -36.8997612 ], [ 174.9056926, -36.9003462 ], [ 174.906081, -36.9004352 ] ] ] ] } },
{ "type": "Feature", "properties": { "category": "27m*" }, "geometry": { "type": "MultiPolygon", "coordinates": [ [ [ [ 174.7753101, -36.9123331 ], [ 174.7757874, -36.9124299 ], [ 174.7759141, -36.9120346 ], [ 174.7753844, -36.9119272 ], [ 174.775376, -36.9119538 ], [ 174.7749232, -36.9118621 ], [ 174.7749318, -36.9118355 ], [ 174.7742521, -36.9116977 ], [ 174.7741334, -36.9120697 ], [ 174.7752658, -36.9122984 ], [ 174.7753101, -36.9123331 ] ] ], [ [ [ 174.7740332, -36.9116533 ], [ 174.7728932, -36.9114218 ], [ 174.7727608, -36.91182 ], [ 174.7739062, -36.9120521 ], [ 174.7740332, -36.9116533 ] ] ], [ [ [ 174.7763237, -36.9118293 ], [ 174.7767504, -36.9116241 ], [ 174.7767577, -36.9116526 ], [ 174.7775627, -36.9112617 ], [ 174.7772166, -36.9107976 ], [ 174.777021, -36.9108918 ], [ 174.776675, -36.9104245 ], [ 174.7764682, -36.910524 ], [ 174.7759155, -36.9106155 ], [ 174.775961, -36.910793 ], [ 174.7760259, -36.9107823 ], [ 174.7760852, -36.9110083 ], [ 174.776019, -36.9110193 ], [ 174.7761791, -36.9116431 ], [ 174.7762461, -36.911632 ], [ 174.776294, -36.9118188 ], [ 174.7763237, -36.9118293 ] ] ], [ [ [ 174.7753707, -36.9110936 ], [ 174.7754148, -36.9111022 ], [ 174.7754561, -36.911265 ], [ 174.7754802, -36.911285 ], [ 174.7758618, -36.9113599 ], [ 174.7753683, -36.9092596 ], [ 174.7748834, -36.9093294 ], [ 174.7747252, -36.9092974 ], [ 174.7746474, -36.9096699 ], [ 174.7742375, -36.909587 ], [ 174.7740584, -36.9101541 ], [ 174.7736107, -36.9100633 ], [ 174.7732285, -36.911275 ], [ 174.7744878, -36.9115303 ], [ 174.7744795, -36.9115565 ], [ 174.7759307, -36.9118505 ], [ 174.7759678, -36.911817 ], [ 174.77587, -36.9113954 ], [ 174.7754893, -36.9113207 ], [ 174.7754734, -36.9113329 ], [ 174.77549, -36.9113981 ], [ 174.7754459, -36.9113895 ], [ 174.7753707, -36.9110936 ] ] ], [ [ [ 174.7758749, -36.9104376 ], [ 174.776385, -36.9103526 ], [ 174.7767525, -36.910176 ], [ 174.7764128, -36.9097199 ], [ 174.7757825, -36.9100334 ], [ 174.7758749, -36.9104376 ] ] ], [ [ [ 174.7764377, -36.9095147 ], [ 174.7763889, -36.9093633 ], [ 174.7762657, -36.9092169 ], [ 174.7757138, -36.9095161 ], [ 174.7756775, -36.909586 ], [ 174.7757756, -36.9100045 ], [ 174.7765329, -36.909628 ], [ 174.7764377, -36.9095147 ] ] ], [ [ [ 174.7756111, -36.9093029 ], [ 174.7756682, -36.909322 ], [ 174.7761668, -36.9090517 ], [ 174.7759703, -36.9088178 ], [ 174.7759447, -36.9088317 ], [ 174.7758563, -36.9087264 ], [ 174.7762527, -36.9084945 ], [ 174.7761544, -36.9083775 ], [ 174.7754799, -36.9087428 ], [ 174.7756111, -36.9093029 ] ] ], [ [ [ 174.7753299, -36.9090797 ], [ 174.7752073, -36.9085569 ], [ 174.7744916, -36.9086588 ], [ 174.7744696, -36.9088376 ], [ 174.7744064, -36.9090454 ], [ 174.7748913, -36.9091441 ], [ 174.7753299, -36.9090797 ] ] ], [ [ [ 174.7561034, -36.9083282 ], [ 174.7562616, -36.9079385 ], [ 174.7550621, -36.9077043 ], [ 174.7544098, -36.9093107 ], [ 174.7546743, -36.90938 ], [ 174.7547837, -36.9093872 ], [ 174.7558564, -36.9092565 ], [ 174.7561292, -36.9085846 ], [ 174.7561035, -36.9084149 ], [ 174.7561034, -36.9083282 ] ] ], [ [ [ 174.7764402, -36.87397 ], [ 174.7763442, -36.8743237 ], [ 174.7763009, -36.8743162 ], [ 174.7761828, -36.8747635 ], [ 174.7762612, -36.8748576 ], [ 174.7764857, -36.8748976 ], [ 174.7763887, -36.8752595 ], [ 174.7770295, -36.8753689 ], [ 174.7769761, -36.8740627 ], [ 174.7764402, -36.87397 ] ] ], [ [ [ 174.7769665, -36.8738789 ], [ 174.7769248, -36.8731278 ], [ 174.775639, -36.872907 ], [ 174.7755014, -36.8731101 ], [ 174.7754029, -36.873067 ], [ 174.7755247, -36.8728874 ], [ 174.7749238, -36.8727842 ], [ 174.7748885, -36.8728218 ], [ 174.7748056, -36.873133 ], [ 174.7750483, -36.8731747 ], [ 174.774942, -36.8735871 ], [ 174.7753688, -36.8736591 ], [ 174.7753838, -36.8736026 ], [ 174.7769665, -36.8738789 ] ], [ [ 174.7762539, -36.8731533 ], [ 174.7761321, -36.8733602 ], [ 174.7760307, -36.8733217 ], [ 174.7761522, -36.8731153 ], [ 174.7762539, -36.8731533 ] ], [ [ 174.7767647, -36.8735943 ], [ 174.7766629, -36.8735565 ], [ 174.7767814, -36.8733504 ], [ 174.7768831, -36.8733884 ], [ 174.7767647, -36.8735943 ] ] ], [ [ [ 174.7787697, -36.8707393 ], [ 174.7790836, -36.8710113 ], [ 174.779429, -36.870756 ], [ 174.7791152, -36.8704819 ], [ 174.7787697, -36.8707393 ] ] ], [ [ [ 174.7744226, -36.8691241 ], [ 174.7742651, -36.8696066 ], [ 174.7748589, -36.8697362 ], [ 174.7750187, -36.8692433 ], [ 174.7744226, -36.8691241 ] ] ], [ [ [ 174.7785421, -36.8650777 ], [ 174.778538, -36.8650538 ], [ 174.777644, -36.8648631 ], [ 174.7774976, -36.8653425 ], [ 174.7781052, -36.8654685 ], [ 174.7785421, -36.8650777 ] ] ], [ [ [ 174.776639, -36.8651607 ], [ 174.7773656, -36.8653142 ], [ 174.7776418, -36.864416 ], [ 174.7777746, -36.8644452 ], [ 174.777678, -36.8647567 ], [ 174.7786632, -36.8649686 ], [ 174.7797782, -36.8639633 ], [ 174.7771798, -36.8633785 ], [ 174.776639, -36.8651607 ] ] ], [ [ [ 174.7765068, -36.8651325 ], [ 174.7770471, -36.8633491 ], [ 174.7768821, -36.8633144 ], [ 174.7751762, -36.864277 ], [ 174.7741681, -36.8646436 ], [ 174.7765068, -36.8651325 ] ] ], [ [ [ 174.7781172, -36.8533152 ], [ 174.7781263, -36.8533598 ], [ 174.7783794, -36.8536911 ], [ 174.7784143, -36.8537187 ], [ 174.7784611, -36.8537301 ], [ 174.778501, -36.8537255 ], [ 174.7788231, -36.8536028 ], [ 174.7791318, -36.8534846 ], [ 174.7788294, -36.8530063 ], [ 174.77881, -36.853001 ], [ 174.7783806, -36.8531695 ], [ 174.778174, -36.8532507 ], [ 174.7781322, -36.8532809 ], [ 174.7781172, -36.8533152 ] ] ], [ [ [ 174.7852414, -36.9257757 ], [ 174.7852799, -36.9260185 ], [ 174.7852443, -36.926214 ], [ 174.7850027, -36.9264262 ], [ 174.78565, -36.9263707 ], [ 174.7857108, -36.9263103 ], [ 174.7855715, -36.9252575 ], [ 174.7851542, -36.9252926 ], [ 174.7851297, -36.9253603 ], [ 174.7851854, -36.9257811 ], [ 174.7852414, -36.9257757 ] ] ], [ [ [ 174.7835132, -36.9251607 ], [ 174.783554, -36.9251821 ], [ 174.7836568, -36.9251927 ], [ 174.7855432, -36.9250364 ], [ 174.785489, -36.9246325 ], [ 174.7840259, -36.9247539 ], [ 174.7839781, -36.9244002 ], [ 174.7834177, -36.9244488 ], [ 174.7835132, -36.9251607 ] ] ], [ [ [ 174.7850207, -36.924638 ], [ 174.785485, -36.9245997 ], [ 174.7854512, -36.9243317 ], [ 174.7849798, -36.9243714 ], [ 174.7850207, -36.924638 ] ] ], [ [ [ 174.7852776, -36.9230207 ], [ 174.7847162, -36.9230682 ], [ 174.7848397, -36.9239951 ], [ 174.7850244, -36.9239796 ], [ 174.785059, -36.9242443 ], [ 174.7854356, -36.9242126 ], [ 174.7852776, -36.9230207 ] ] ], [ [ [ 174.7858184, -36.9227924 ], [ 174.7857128, -36.9219896 ], [ 174.7858712, -36.9219784 ], [ 174.7858526, -36.9218112 ], [ 174.785352, -36.9218526 ], [ 174.7854787, -36.9228219 ], [ 174.7858184, -36.9227924 ] ] ], [ [ [ 174.7846373, -36.9224658 ], [ 174.7844673, -36.9224806 ], [ 174.784323, -36.9213739 ], [ 174.7836544, -36.9214322 ], [ 174.783855, -36.9229588 ], [ 174.7852538, -36.9228382 ], [ 174.7850574, -36.92134 ], [ 174.7846158, -36.9213785 ], [ 174.7845112, -36.9214986 ], [ 174.7846373, -36.9224658 ] ] ], [ [ [ 174.7829781, -36.9209927 ], [ 174.782958, -36.9210125 ], [ 174.7831031, -36.9220964 ], [ 174.7835623, -36.9220587 ], [ 174.78347, -36.9213043 ], [ 174.7843518, -36.9212351 ], [ 174.7843109, -36.9209078 ], [ 174.7838607, -36.9209458 ], [ 174.7838576, -36.9209184 ], [ 174.7834291, -36.9209546 ], [ 174.7834318, -36.9209806 ], [ 174.783198, -36.921003 ], [ 174.7831923, -36.9209746 ], [ 174.7829781, -36.9209927 ] ] ], [ [ [ 174.7853419, -36.9217747 ], [ 174.7858414, -36.9217355 ], [ 174.7857884, -36.9212436 ], [ 174.7857226, -36.9207884 ], [ 174.7852188, -36.9208301 ], [ 174.7853419, -36.9217747 ] ] ], [ [ [ 174.784992, -36.9208336 ], [ 174.7849771, -36.9208239 ], [ 174.7844447, -36.9208689 ], [ 174.784498, -36.921276 ], [ 174.7844825, -36.9212773 ], [ 174.7844931, -36.9213591 ], [ 174.7850536, -36.9213103 ], [ 174.784992, -36.9208336 ] ] ], [ [ [ 174.7843831, -36.9194829 ], [ 174.7844453, -36.9198771 ], [ 174.7845873, -36.9198634 ], [ 174.7846904, -36.920666 ], [ 174.7849651, -36.9206428 ], [ 174.7847014, -36.9186523 ], [ 174.7846787, -36.9186376 ], [ 174.7842537, -36.9186744 ], [ 174.7843064, -36.919073 ], [ 174.783743, -36.9191223 ], [ 174.7837946, -36.9195255 ], [ 174.7843831, -36.9194829 ] ] ], [ [ [ 174.7862091, -36.9205389 ], [ 174.7859376, -36.9185308 ], [ 174.7849237, -36.9186161 ], [ 174.7851847, -36.9205869 ], [ 174.7852339, -36.9206193 ], [ 174.7862091, -36.9205389 ] ] ], [ [ [ 174.7804475, -36.8741083 ], [ 174.7801, -36.8744325 ], [ 174.7803214, -36.8748208 ], [ 174.7804543, -36.8750038 ], [ 174.7807595, -36.8748201 ], [ 174.7810151, -36.8750559 ], [ 174.7813074, -36.8746221 ], [ 174.7804475, -36.8741083 ] ] ], [ [ [ 174.7815083, -36.8731608 ], [ 174.7814586, -36.8731652 ], [ 174.7806219, -36.8739456 ], [ 174.780628, -36.8739903 ], [ 174.7811387, -36.8742955 ], [ 174.7819481, -36.8734225 ], [ 174.7815083, -36.8731608 ] ] ], [ [ [ 174.7793341, -36.8735058 ], [ 174.77938, -36.8736391 ], [ 174.7793975, -36.8738028 ], [ 174.7796417, -36.8743553 ], [ 174.7798123, -36.8742842 ], [ 174.7812089, -36.8729799 ], [ 174.7806873, -36.8726681 ], [ 174.778948, -36.8711605 ], [ 174.7788602, -36.8713001 ], [ 174.778928, -36.8722027 ], [ 174.7792048, -36.8729771 ], [ 174.7792503, -36.8729655 ], [ 174.7793485, -36.8733423 ], [ 174.7793341, -36.8735058 ] ] ], [ [ [ 174.7805861, -36.8655668 ], [ 174.7804745, -36.8656708 ], [ 174.7805562, -36.8657258 ], [ 174.7807975, -36.8654381 ], [ 174.7807831, -36.8654248 ], [ 174.7807203, -36.8652163 ], [ 174.7798408, -36.8646027 ], [ 174.7796972, -36.8647335 ], [ 174.7795178, -36.8646089 ], [ 174.7793828, -36.8647343 ], [ 174.7805861, -36.8655668 ] ] ], [ [ [ 174.7790822, -36.8549817 ], [ 174.7789593, -36.8547853 ], [ 174.7786659, -36.8548973 ], [ 174.7787921, -36.8550989 ], [ 174.7789989, -36.8555461 ], [ 174.779107, -36.8555013 ], [ 174.7789029, -36.8551752 ], [ 174.7790532, -36.8551144 ], [ 174.7790622, -36.8549897 ], [ 174.7790822, -36.8549817 ] ] ], [ [ [ 174.77974, -36.855179 ], [ 174.7796932, -36.8550744 ], [ 174.7796275, -36.8549726 ], [ 174.7794754, -36.8548231 ], [ 174.7791589, -36.8549491 ], [ 174.7793953, -36.8553349 ], [ 174.77974, -36.855179 ] ] ], [ [ [ 174.7785593, -36.8539978 ], [ 174.7785867, -36.8539875 ], [ 174.7786883, -36.8541498 ], [ 174.7786629, -36.8541593 ], [ 174.7791227, -36.8548934 ], [ 174.7794229, -36.8547745 ], [ 174.7787857, -36.853741 ], [ 174.7787403, -36.8537282 ], [ 174.7784588, -36.8538372 ], [ 174.7785593, -36.8539978 ] ] ], [ [ [ 174.7866019, -36.9259484 ], [ 174.7866073, -36.926063 ], [ 174.7866348, -36.9261765 ], [ 174.7866787, -36.9262858 ], [ 174.7867638, -36.9264351 ], [ 174.7879522, -36.9265678 ], [ 174.7880126, -36.9265208 ], [ 174.7878252, -36.925097 ], [ 174.7873248, -36.9251417 ], [ 174.7868884, -36.9253865 ], [ 174.7866964, -36.9255837 ], [ 174.7866103, -36.9258328 ], [ 174.7866019, -36.9259484 ] ] ], [ [ [ 174.7864778, -36.9260578 ], [ 174.7865079, -36.9257978 ], [ 174.7866532, -36.9254756 ], [ 174.7869148, -36.92524 ], [ 174.7871441, -36.9251287 ], [ 174.787267, -36.9250832 ], [ 174.7872581, -36.9250197 ], [ 174.7871713, -36.9250272 ], [ 174.7871441, -36.9250392 ], [ 174.7867358, -36.9250751 ], [ 174.7867343, -36.9250641 ], [ 174.7860827, -36.925118 ], [ 174.7859176, -36.9251642 ], [ 174.7858273, -36.9251724 ], [ 174.7857898, -36.9251866 ], [ 174.7859312, -36.9262612 ], [ 174.7860437, -36.9263545 ], [ 174.7866328, -36.9264204 ], [ 174.7864778, -36.9260578 ] ] ], [ [ [ 174.7867016, -36.9243264 ], [ 174.7866749, -36.9241233 ], [ 174.786674, -36.9239893 ], [ 174.7866304, -36.923724 ], [ 174.7862892, -36.9237533 ], [ 174.78637, -36.9243542 ], [ 174.7867016, -36.9243264 ] ] ], [ [ [ 174.7863083, -36.9249416 ], [ 174.7861345, -36.9236281 ], [ 174.7859353, -36.9234091 ], [ 174.7858762, -36.9229698 ], [ 174.7855021, -36.9230016 ], [ 174.7857638, -36.9249877 ], [ 174.7863083, -36.9249416 ] ] ], [ [ [ 174.7860159, -36.9233613 ], [ 174.7861338, -36.9233517 ], [ 174.7860803, -36.9229526 ], [ 174.785962, -36.9229626 ], [ 174.7860159, -36.9233613 ] ] ], [ [ [ 174.7859026, -36.9224082 ], [ 174.7859194, -36.9224074 ], [ 174.7859204, -36.9224194 ], [ 174.7859048, -36.9224206 ], [ 174.7859532, -36.9227809 ], [ 174.7875056, -36.9226487 ], [ 174.7872462, -36.9206767 ], [ 174.7871898, -36.9206399 ], [ 174.7858048, -36.920754 ], [ 174.7859232, -36.9216997 ], [ 174.7859673, -36.9216961 ], [ 174.7859813, -36.9218054 ], [ 174.7859419, -36.9218084 ], [ 174.7859452, -36.921837 ], [ 174.7859642, -36.9218356 ], [ 174.7859652, -36.9218446 ], [ 174.7859462, -36.921846 ], [ 174.7859597, -36.9220598 ], [ 174.7859776, -36.9220642 ], [ 174.7859744, -36.9220728 ], [ 174.7859564, -36.9220684 ], [ 174.785894, -36.9222336 ], [ 174.7859116, -36.9222381 ], [ 174.7859091, -36.9222466 ], [ 174.7858895, -36.9222457 ], [ 174.7858827, -36.9222951 ], [ 174.7859026, -36.9224082 ] ] ], [ [ [ 174.8568952, -36.9011632 ], [ 174.8568934, -36.9011466 ], [ 174.8567024, -36.9010246 ], [ 174.8566862, -36.9010409 ], [ 174.8566115, -36.9009934 ], [ 174.8565929, -36.9010128 ], [ 174.8550884, -36.9000539 ], [ 174.8549495, -36.9001968 ], [ 174.85494, -36.9001908 ], [ 174.8546868, -36.9004006 ], [ 174.854811, -36.9004854 ], [ 174.8548589, -36.9004818 ], [ 174.8550686, -36.9002714 ], [ 174.8551222, -36.900305 ], [ 174.8548468, -36.9005818 ], [ 174.85463, -36.9004339 ], [ 174.854374, -36.900677 ], [ 174.8543496, -36.9007222 ], [ 174.8543508, -36.9007507 ], [ 174.854392, -36.9008381 ], [ 174.8543951, -36.9008837 ], [ 174.8543571, -36.9010124 ], [ 174.854356, -36.9010954 ], [ 174.8554334, -36.9018374 ], [ 174.8561468, -36.901536 ], [ 174.8558369, -36.901253 ], [ 174.8552095, -36.9008305 ], [ 174.8552516, -36.9007882 ], [ 174.8558839, -36.901214 ], [ 174.8562084, -36.9015104 ], [ 174.8568027, -36.9012597 ], [ 174.8568952, -36.9011632 ] ] ], [ [ [ 174.8569444, -36.9005674 ], [ 174.8568439, -36.9005028 ], [ 174.85691, -36.9004292 ], [ 174.8564759, -36.9001485 ], [ 174.8564356, -36.9001912 ], [ 174.8563145, -36.9001132 ], [ 174.8563601, -36.9000721 ], [ 174.8559657, -36.8998123 ], [ 174.8556847, -36.900087 ], [ 174.8562177, -36.9004215 ], [ 174.8561826, -36.9004569 ], [ 174.8566201, -36.9007384 ], [ 174.8567033, -36.9006511 ], [ 174.8571197, -36.900919 ], [ 174.8572924, -36.9009832 ], [ 174.8575255, -36.9010272 ], [ 174.8576088, -36.9008266 ], [ 174.8572927, -36.9007456 ], [ 174.8569722, -36.9005395 ], [ 174.8569444, -36.9005674 ] ] ], [ [ [ 174.8530445, -36.9004283 ], [ 174.8523465, -36.8999458 ], [ 174.8522679, -36.8999032 ], [ 174.8519116, -36.900228 ], [ 174.8519546, -36.9002939 ], [ 174.8517985, -36.9004617 ], [ 174.8524952, -36.9009354 ], [ 174.8530445, -36.9004283 ] ] ], [ [ [ 174.9051065, -36.8992499 ], [ 174.9050168, -36.8993922 ], [ 174.9049407, -36.8997042 ], [ 174.9051068, -36.8997422 ], [ 174.9051369, -36.8997631 ], [ 174.9054819, -36.8998422 ], [ 174.9055652, -36.8998049 ], [ 174.9057835, -36.8991897 ], [ 174.905395, -36.8991008 ], [ 174.9051065, -36.8992499 ] ] ], [ [ [ 174.905404, -36.8987909 ], [ 174.9055204, -36.8986848 ], [ 174.9056024, -36.8985405 ], [ 174.9056482, -36.8983127 ], [ 174.9056079, -36.8981143 ], [ 174.9055767, -36.898131 ], [ 174.9056065, -36.8980268 ], [ 174.9055177, -36.8979843 ], [ 174.9054356, -36.8978918 ], [ 174.9049988, -36.8979739 ], [ 174.9046641, -36.8981055 ], [ 174.9046059, -36.8981604 ], [ 174.9045858, -36.8982307 ], [ 174.9046153, -36.8982988 ], [ 174.9048138, -36.8985385 ], [ 174.904586, -36.8986602 ], [ 174.9043282, -36.898355 ], [ 174.9042517, -36.8983216 ], [ 174.9041646, -36.8983234 ], [ 174.9040609, -36.8983715 ], [ 174.9037855, -36.89856 ], [ 174.9037519, -36.8985183 ], [ 174.9029415, -36.8989429 ], [ 174.9029106, -36.898905 ], [ 174.9021567, -36.899303 ], [ 174.9026017, -36.8998309 ], [ 174.903397, -36.9008181 ], [ 174.9039977, -36.9004998 ], [ 174.9042389, -36.9007971 ], [ 174.9042621, -36.9007994 ], [ 174.9042777, -36.9007868 ], [ 174.9043126, -36.9007331 ], [ 174.9043389, -36.9006583 ], [ 174.9042343, -36.9005296 ], [ 174.9042654, -36.9004134 ], [ 174.9044214, -36.9001148 ], [ 174.9046484, -36.8997479 ], [ 174.9046999, -36.8995873 ], [ 174.9047585, -36.8993231 ], [ 174.9048882, -36.8991176 ], [ 174.9051166, -36.8989482 ], [ 174.905404, -36.8987909 ] ] ], [ [ [ 174.8541367, -36.9006933 ], [ 174.8541594, -36.9007103 ], [ 174.8545259, -36.9003623 ], [ 174.8549667, -36.8999969 ], [ 174.8549678, -36.8999884 ], [ 174.8532624, -36.8995826 ], [ 174.8531922, -36.8997772 ], [ 174.8531806, -36.8997522 ], [ 174.8522404, -36.8995336 ], [ 174.8522246, -36.8995779 ], [ 174.8525388, -36.899762 ], [ 174.8526939, -36.899828 ], [ 174.852854, -36.8999181 ], [ 174.8532245, -36.9001425 ], [ 174.853501, -36.8998839 ], [ 174.8534663, -36.8998071 ], [ 174.8532858, -36.8997651 ], [ 174.853301, -36.8997228 ], [ 174.8546009, -36.9000315 ], [ 174.8545906, -36.9000598 ], [ 174.8543829, -36.9002321 ], [ 174.8543739, -36.9002571 ], [ 174.8543158, -36.9002168 ], [ 174.8543199, -36.9002055 ], [ 174.8544682, -36.9000827 ], [ 174.8544592, -36.9000551 ], [ 174.853688, -36.8998701 ], [ 174.8535777, -36.8998965 ], [ 174.853279, -36.9001754 ], [ 174.8535606, -36.9003447 ], [ 174.853984, -36.9007485 ], [ 174.8540259, -36.9007639 ], [ 174.8541367, -36.9006933 ] ] ], [ [ [ 174.9064735, -36.8981798 ], [ 174.9060562, -36.8993549 ], [ 174.9060996, -36.8994283 ], [ 174.9069474, -36.8997209 ], [ 174.9074043, -36.8999396 ], [ 174.9087269, -36.9003961 ], [ 174.9087745, -36.9004026 ], [ 174.9088286, -36.9003865 ], [ 174.9088663, -36.900342 ], [ 174.9090788, -36.899351 ], [ 174.9090723, -36.899155 ], [ 174.9091395, -36.898841 ], [ 174.909086, -36.89877 ], [ 174.9065972, -36.8981267 ], [ 174.9064735, -36.8981798 ] ] ], [ [ [ 174.8535178, -36.8990429 ], [ 174.8534123, -36.8993329 ], [ 174.8537699, -36.8994168 ], [ 174.8538507, -36.8993787 ], [ 174.8539244, -36.8991187 ], [ 174.8535178, -36.8990429 ] ] ], [ [ [ 174.8559446, -36.8997984 ], [ 174.8555988, -36.8995705 ], [ 174.8555035, -36.8994044 ], [ 174.8553812, -36.8992498 ], [ 174.8552317, -36.898744 ], [ 174.8557208, -36.8986507 ], [ 174.8557144, -36.8986294 ], [ 174.8552253, -36.8987226 ], [ 174.8550609, -36.8981664 ], [ 174.8545048, -36.8980631 ], [ 174.8541072, -36.8994427 ], [ 174.8541539, -36.8995077 ], [ 174.8551365, -36.8997455 ], [ 174.8556632, -36.9000733 ], [ 174.8559446, -36.8997984 ] ] ], [ [ [ 174.8535595, -36.8989662 ], [ 174.8537595, -36.8990036 ], [ 174.8537506, -36.8990301 ], [ 174.853845, -36.8990477 ], [ 174.8539146, -36.8988069 ], [ 174.8536334, -36.898746 ], [ 174.8535595, -36.8989662 ] ] ], [ [ [ 174.8535894, -36.8983533 ], [ 174.8535203, -36.8985923 ], [ 174.8539533, -36.8986732 ], [ 174.8540302, -36.8984074 ], [ 174.8538637, -36.8983763 ], [ 174.853856, -36.8984031 ], [ 174.8535894, -36.8983533 ] ] ], [ [ [ 174.8540457, -36.8983539 ], [ 174.8541509, -36.8979901 ], [ 174.8532094, -36.8978179 ], [ 174.8531155, -36.898143 ], [ 174.8531493, -36.8981865 ], [ 174.8540457, -36.8983539 ] ] ] ] } },
{ "type": "Feature", "properties": { "category": "30m" }, "geometry": { "type": "Polygon", "coordinates": [ [ [ 174.6298017, -36.8683203 ], [ 174.6298729, -36.8678334 ], [ 174.6292876, -36.8677817 ], [ 174.6291596, -36.8687119 ], [ 174.6291063, -36.8687072 ], [ 174.6290532, -36.8690925 ], [ 174.6285662, -36.8690495 ], [ 174.6285578, -36.8691106 ], [ 174.6286119, -36.8691154 ], [ 174.6286062, -36.8691477 ], [ 174.62932, -36.8691975 ], [ 174.6294363, -36.8683839 ], [ 174.6318499, -36.8686155 ], [ 174.6315925, -36.8705364 ], [ 174.6284156, -36.8702261 ], [ 174.6283654, -36.8705105 ], [ 174.6289261, -36.8705597 ], [ 174.6288145, -36.8713816 ], [ 174.628832, -36.8713832 ], [ 174.6288083, -36.8715579 ], [ 174.6309421, -36.8717551 ], [ 174.6321404, -36.8708429 ], [ 174.6328586, -36.8709061 ], [ 174.6330103, -36.8697954 ], [ 174.6325523, -36.8694023 ], [ 174.6326688, -36.8685483 ], [ 174.6298017, -36.8683203 ] ] ] } },
{ "type": "Feature", "properties": { "category": "32.5m" }, "geometry": { "type": "MultiPolygon", "coordinates": [ [ [ [ 174.6962121, -36.8979188 ], [ 174.6964708, -36.8983674 ], [ 174.6969065, -36.8982103 ], [ 174.6969455, -36.8981181 ], [ 174.6969877, -36.897625 ], [ 174.6968646, -36.8974537 ], [ 174.696914, -36.8968508 ], [ 174.6970606, -36.8967354 ], [ 174.6970725, -36.8965893 ], [ 174.6967842, -36.8956744 ], [ 174.6963731, -36.8957538 ], [ 174.6943047, -36.8966259 ], [ 174.6944777, -36.8968888 ], [ 174.6946386, -36.897258 ], [ 174.6945962, -36.8979426 ], [ 174.6950177, -36.8979536 ], [ 174.6966036, -36.8972904 ], [ 174.6965941, -36.8974066 ], [ 174.6967202, -36.8975821 ], [ 174.6966591, -36.8976078 ], [ 174.6967389, -36.8977189 ], [ 174.6963042, -36.8978834 ], [ 174.6962131, -36.8978573 ], [ 174.6961512, -36.8978809 ], [ 174.6961806, -36.8979305 ], [ 174.6962121, -36.8979188 ] ] ], [ [ [ 174.7250608, -36.8106804 ], [ 174.7250075, -36.8105499 ], [ 174.7255026, -36.8105303 ], [ 174.725486, -36.8104347 ], [ 174.7254396, -36.8103639 ], [ 174.7253214, -36.8102316 ], [ 174.7252492, -36.8101967 ], [ 174.7243499, -36.8101318 ], [ 174.7243455, -36.8101503 ], [ 174.7239368, -36.8101293 ], [ 174.7239429, -36.8103774 ], [ 174.7240102, -36.8103748 ], [ 174.7240207, -36.8107971 ], [ 174.7239611, -36.8108213 ], [ 174.7239552, -36.8109794 ], [ 174.7240259, -36.8110076 ], [ 174.7240297, -36.8111587 ], [ 174.7242688, -36.8111196 ], [ 174.7243406, -36.8111772 ], [ 174.7243002, -36.8114722 ], [ 174.7254415, -36.8116126 ], [ 174.725403, -36.8115182 ], [ 174.7255548, -36.8115369 ], [ 174.7253747, -36.8110955 ], [ 174.7251792, -36.811075 ], [ 174.7250833, -36.8106795 ], [ 174.7250608, -36.8106804 ] ] ], [ [ [ 174.7662977, -36.7725528 ], [ 174.766895, -36.7710871 ], [ 174.7662505, -36.770918 ], [ 174.7662326, -36.7709623 ], [ 174.7660185, -36.7709057 ], [ 174.7660749, -36.7707676 ], [ 174.7659106, -36.7707213 ], [ 174.7657895, -36.7707058 ], [ 174.7656537, -36.770705 ], [ 174.7655197, -36.7707229 ], [ 174.7653914, -36.7707587 ], [ 174.7652502, -36.7708241 ], [ 174.765215, -36.7708808 ], [ 174.7650983, -36.7709794 ], [ 174.7649189, -36.7711048 ], [ 174.7647041, -36.7713042 ], [ 174.7646696, -36.7713775 ], [ 174.7645499, -36.7714865 ], [ 174.7645398, -36.7715149 ], [ 174.76456, -36.771546 ], [ 174.7648994, -36.7717649 ], [ 174.7651659, -36.7718353 ], [ 174.7652406, -36.7716522 ], [ 174.7656047, -36.7717481 ], [ 174.7653636, -36.7723399 ], [ 174.7660767, -36.7725235 ], [ 174.7660873, -36.7724974 ], [ 174.7662977, -36.7725528 ] ] ] ] } },
{ "type": "Feature", "properties": { "category": "32.5m*" }, "geometry": { "type": "MultiPolygon", "coordinates": [ [ [ [ 174.7576857, -36.8624206 ], [ 174.7575142, -36.8629251 ], [ 174.7585358, -36.8631508 ], [ 174.7587062, -36.8626452 ], [ 174.7576857, -36.8624206 ] ] ], [ [ [ 174.7568527, -36.8622368 ], [ 174.7566785, -36.8627404 ], [ 174.7573166, -36.8628815 ], [ 174.7573418, -36.8628699 ], [ 174.7575005, -36.8624026 ], [ 174.7574813, -36.8623756 ], [ 174.7568527, -36.8622368 ] ] ], [ [ [ 174.7577201, -36.8622774 ], [ 174.757768, -36.8623448 ], [ 174.7587427, -36.8625593 ], [ 174.7590381, -36.8622146 ], [ 174.7590255, -36.8621824 ], [ 174.7588781, -36.8621384 ], [ 174.7588858, -36.8621158 ], [ 174.7583542, -36.861957 ], [ 174.7578656, -36.8618494 ], [ 174.7577201, -36.8622774 ] ] ], [ [ [ 174.7572983, -36.8616416 ], [ 174.7573023, -36.8616296 ], [ 174.7571933, -36.8615964 ], [ 174.7571889, -36.8616087 ], [ 174.7568918, -36.8615083 ], [ 174.756488, -36.8616859 ], [ 174.7562381, -36.8618674 ], [ 174.7560939, -36.8620054 ], [ 174.7554782, -36.8626954 ], [ 174.7556617, -36.8627184 ], [ 174.7559986, -36.862741 ], [ 174.7565697, -36.8627163 ], [ 174.7567444, -36.8622131 ], [ 174.756634, -36.8621888 ], [ 174.756169, -36.8622096 ], [ 174.7561776, -36.8621756 ], [ 174.7562832, -36.8620723 ], [ 174.7563277, -36.8620655 ], [ 174.7563316, -36.8621105 ], [ 174.7566459, -36.8620975 ], [ 174.7575374, -36.8622939 ], [ 174.7577197, -36.8617575 ], [ 174.7572983, -36.8616416 ] ] ], [ [ [ 174.7581129, -36.8613211 ], [ 174.7579012, -36.8617367 ], [ 174.758271, -36.8618414 ], [ 174.7591396, -36.8621125 ], [ 174.7593784, -36.8617045 ], [ 174.7581129, -36.8613211 ] ] ], [ [ [ 174.757099, -36.8614366 ], [ 174.7571059, -36.8614999 ], [ 174.7577456, -36.8616835 ], [ 174.7577989, -36.8615267 ], [ 174.7579371, -36.8612685 ], [ 174.7575856, -36.86116 ], [ 174.7571192, -36.8613788 ], [ 174.757099, -36.8614366 ] ] ], [ [ [ 174.7588804, -36.8631935 ], [ 174.7589006, -36.8632218 ], [ 174.7594734, -36.8633549 ], [ 174.7596913, -36.8628123 ], [ 174.7593949, -36.8627624 ], [ 174.7593783, -36.8627899 ], [ 174.759036, -36.8627151 ], [ 174.7588811, -36.8631673 ], [ 174.7588804, -36.8631935 ] ] ], [ [ [ 174.7598184, -36.8626015 ], [ 174.7598442, -36.862512 ], [ 174.7597721, -36.8624979 ], [ 174.7598141, -36.8623648 ], [ 174.7596528, -36.8623366 ], [ 174.7596406, -36.8623567 ], [ 174.7594062, -36.8622863 ], [ 174.7593314, -36.8622788 ], [ 174.7592463, -36.8623524 ], [ 174.7591771, -36.8624396 ], [ 174.7591303, -36.8624284 ], [ 174.7590005, -36.8625921 ], [ 174.7590056, -36.8626109 ], [ 174.7594285, -36.8627069 ], [ 174.7595236, -36.8625499 ], [ 174.7598184, -36.8626015 ] ] ], [ [ [ 174.7604829, -36.8616011 ], [ 174.7604916, -36.8615862 ], [ 174.7601441, -36.8614569 ], [ 174.7605893, -36.8607081 ], [ 174.7603845, -36.8606315 ], [ 174.7603233, -36.8606275 ], [ 174.7602705, -36.8606427 ], [ 174.7601059, -36.8609602 ], [ 174.7600716, -36.8609471 ], [ 174.7599429, -36.8611669 ], [ 174.7599896, -36.8611844 ], [ 174.7599372, -36.8612854 ], [ 174.7598848, -36.8612657 ], [ 174.7598393, -36.8613434 ], [ 174.7598966, -36.8613635 ], [ 174.7596424, -36.8618526 ], [ 174.7595595, -36.861821 ], [ 174.7595108, -36.8619041 ], [ 174.7595929, -36.8619355 ], [ 174.759487, -36.8620845 ], [ 174.7594727, -36.862123 ], [ 174.7594988, -36.8621924 ], [ 174.7595519, -36.8622347 ], [ 174.759684, -36.8622797 ], [ 174.75978, -36.8621175 ], [ 174.7598652, -36.8619375 ], [ 174.7601374, -36.8614709 ], [ 174.7604829, -36.8616011 ] ] ], [ [ [ 174.7584112, -36.8608991 ], [ 174.7582859, -36.8610034 ], [ 174.7581756, -36.8611931 ], [ 174.7594194, -36.8615701 ], [ 174.7594646, -36.8615545 ], [ 174.7595861, -36.8613199 ], [ 174.7595504, -36.861246 ], [ 174.7585357, -36.8608659 ], [ 174.7584112, -36.8608991 ] ] ], [ [ [ 174.7598161, -36.8608759 ], [ 174.759549, -36.8607749 ], [ 174.7589186, -36.8608276 ], [ 174.7596447, -36.8610996 ], [ 174.7597502, -36.861003 ], [ 174.7598161, -36.8608759 ] ] ] ] } },
{ "type": "Feature", "properties": { "category": "34.5m" }, "geometry": { "type": "MultiPolygon", "coordinates": [ [ [ [ 174.6790236, -36.919027 ], [ 174.6790678, -36.9190243 ], [ 174.6791012, -36.9190067 ], [ 174.6791207, -36.9189787 ], [ 174.6791219, -36.9189467 ], [ 174.6794027, -36.9188879 ], [ 174.6793726, -36.918859 ], [ 174.6799087, -36.9184977 ], [ 174.6788954, -36.9175276 ], [ 174.6788158, -36.917522 ], [ 174.6779281, -36.91812 ], [ 174.6779211, -36.9181838 ], [ 174.6784796, -36.9187184 ], [ 174.6786055, -36.9186326 ], [ 174.6786455, -36.9186167 ], [ 174.6787119, -36.9186145 ], [ 174.6787798, -36.9186442 ], [ 174.6789725, -36.9188303 ], [ 174.6789862, -36.9188856 ], [ 174.678957, -36.9189472 ], [ 174.6789573, -36.9189754 ], [ 174.6789839, -36.9190114 ], [ 174.6790236, -36.919027 ] ] ], [ [ [ 174.6818933, -36.9179463 ], [ 174.6818629, -36.9178591 ], [ 174.6816155, -36.9175289 ], [ 174.6803705, -36.9163341 ], [ 174.6802493, -36.9165558 ], [ 174.6790321, -36.9173763 ], [ 174.6807361, -36.9190075 ], [ 174.6831785, -36.9196604 ], [ 174.6835623, -36.9187401 ], [ 174.6835481, -36.9187172 ], [ 174.6819077, -36.9182759 ], [ 174.6816996, -36.9180767 ], [ 174.6818933, -36.9179463 ] ] ], [ [ [ 174.675977, -36.9176451 ], [ 174.6769299, -36.9185563 ], [ 174.6787136, -36.9173542 ], [ 174.6768095, -36.9155329 ], [ 174.6754904, -36.91642 ], [ 174.6764426, -36.9173307 ], [ 174.675977, -36.9176451 ] ] ], [ [ [ 174.681624, -36.9172565 ], [ 174.6817894, -36.9172258 ], [ 174.6823772, -36.916093 ], [ 174.6823756, -36.9160479 ], [ 174.6823403, -36.9160212 ], [ 174.6807966, -36.9155039 ], [ 174.6804637, -36.9161448 ], [ 174.681624, -36.9172565 ] ] ], [ [ [ 174.6703103, -36.9149931 ], [ 174.6696658, -36.9156514 ], [ 174.6701109, -36.9161099 ], [ 174.6709132, -36.9155694 ], [ 174.6719345, -36.9165459 ], [ 174.6722506, -36.9165063 ], [ 174.6721591, -36.9164189 ], [ 174.6725553, -36.9161519 ], [ 174.6709495, -36.9146156 ], [ 174.6703103, -36.9149931 ] ] ], [ [ [ 174.6800621, -36.9164453 ], [ 174.6813991, -36.9138719 ], [ 174.6813144, -36.913788 ], [ 174.6812552, -36.9137465 ], [ 174.6799968, -36.9133838 ], [ 174.6770256, -36.9153872 ], [ 174.6770187, -36.9154511 ], [ 174.6788868, -36.9172379 ], [ 174.6800621, -36.9164453 ] ] ], [ [ [ 174.6744949, -36.9138836 ], [ 174.6744772, -36.9138245 ], [ 174.6747971, -36.9136088 ], [ 174.6747707, -36.9135837 ], [ 174.6744508, -36.9137994 ], [ 174.6743814, -36.9137752 ], [ 174.6742736, -36.9136721 ], [ 174.6746193, -36.913439 ], [ 174.6739775, -36.9128259 ], [ 174.6736477, -36.913021 ], [ 174.673684, -36.9130554 ], [ 174.6735462, -36.9131368 ], [ 174.6735101, -36.9131022 ], [ 174.6726746, -36.913596 ], [ 174.6727107, -36.9136306 ], [ 174.6726776, -36.9136501 ], [ 174.6726415, -36.9136155 ], [ 174.6721776, -36.9138899 ], [ 174.6722136, -36.9139244 ], [ 174.6721805, -36.913944 ], [ 174.6721445, -36.9139094 ], [ 174.6720893, -36.913942 ], [ 174.6721253, -36.9139766 ], [ 174.6719765, -36.9140646 ], [ 174.6719144, -36.9141013 ], [ 174.6718783, -36.9140667 ], [ 174.671168, -36.9144866 ], [ 174.6711607, -36.9145359 ], [ 174.6729486, -36.9162463 ], [ 174.6734892, -36.9158819 ], [ 174.673497, -36.9158894 ], [ 174.67372, -36.9161029 ], [ 174.6731796, -36.9164672 ], [ 174.6738891, -36.9171459 ], [ 174.6759202, -36.915777 ], [ 174.6754411, -36.9153188 ], [ 174.6754525, -36.9153111 ], [ 174.6755842, -36.9153289 ], [ 174.6756688, -36.9153672 ], [ 174.6758881, -36.9155753 ], [ 174.6759219, -36.9156468 ], [ 174.6759995, -36.9157235 ], [ 174.676577, -36.9153343 ], [ 174.67658, -36.9153139 ], [ 174.6751347, -36.9139317 ], [ 174.6749542, -36.9141647 ], [ 174.6749648, -36.9141787 ], [ 174.6739669, -36.9150175 ], [ 174.6737592, -36.9148187 ], [ 174.6739311, -36.9147029 ], [ 174.6740387, -36.9146654 ], [ 174.6738726, -36.9145068 ], [ 174.67462, -36.9140034 ], [ 174.6744949, -36.9138836 ] ] ], [ [ [ 174.669394, -36.9156258 ], [ 174.6700525, -36.9149626 ], [ 174.668824, -36.9139008 ], [ 174.668333, -36.9142654 ], [ 174.6683476, -36.9143212 ], [ 174.6690279, -36.914908 ], [ 174.66879, -36.9151058 ], [ 174.669394, -36.9156258 ] ] ], [ [ [ 174.6761851, -36.913283 ], [ 174.6762619, -36.9133563 ], [ 174.6762577, -36.913395 ], [ 174.6761214, -36.9134869 ], [ 174.6760088, -36.9134946 ], [ 174.6754533, -36.9138693 ], [ 174.6754449, -36.9139467 ], [ 174.6767643, -36.9152085 ], [ 174.6777578, -36.9145387 ], [ 174.67684, -36.9136614 ], [ 174.6768442, -36.9136227 ], [ 174.6769374, -36.9135599 ], [ 174.6767276, -36.9133405 ], [ 174.6764308, -36.9131053 ], [ 174.6764034, -36.9131054 ], [ 174.6761851, -36.913283 ] ] ], [ [ [ 174.6707992, -36.9135425 ], [ 174.6706905, -36.9134559 ], [ 174.6706763, -36.9134039 ], [ 174.670702, -36.9133474 ], [ 174.6699891, -36.9129127 ], [ 174.6696152, -36.913308 ], [ 174.6689893, -36.9137773 ], [ 174.6702081, -36.9148285 ], [ 174.6711796, -36.9142547 ], [ 174.6712017, -36.9142324 ], [ 174.671207, -36.9142043 ], [ 174.6710335, -36.9139708 ], [ 174.6707992, -36.9135425 ] ] ], [ [ [ 174.6767481, -36.9133259 ], [ 174.6769583, -36.9135458 ], [ 174.6770275, -36.9134991 ], [ 174.6771799, -36.9136448 ], [ 174.677194, -36.9137864 ], [ 174.6774773, -36.9140573 ], [ 174.6776198, -36.9141583 ], [ 174.6779103, -36.9144359 ], [ 174.679369, -36.9134522 ], [ 174.67931, -36.9131856 ], [ 174.676826, -36.9124694 ], [ 174.6765225, -36.9131471 ], [ 174.6767481, -36.9133259 ] ] ], [ [ [ 174.6713421, -36.9128559 ], [ 174.6714092, -36.9129282 ], [ 174.6713552, -36.9129605 ], [ 174.6709192, -36.9124909 ], [ 174.6709732, -36.9124586 ], [ 174.6709064, -36.9123866 ], [ 174.6707958, -36.9124075 ], [ 174.6706184, -36.9125137 ], [ 174.6705034, -36.9123896 ], [ 174.6703241, -36.9125586 ], [ 174.6700057, -36.9128951 ], [ 174.6707205, -36.9133319 ], [ 174.670806, -36.9133078 ], [ 174.6708582, -36.9133185 ], [ 174.6708945, -36.9133401 ], [ 174.6709274, -36.9133945 ], [ 174.6709254, -36.9134985 ], [ 174.6711546, -36.9139193 ], [ 174.6713096, -36.9141178 ], [ 174.6713451, -36.9141338 ], [ 174.6713856, -36.9141309 ], [ 174.6722912, -36.913597 ], [ 174.672258, -36.9135616 ], [ 174.6722855, -36.9135453 ], [ 174.6716927, -36.9129075 ], [ 174.6716754, -36.9128531 ], [ 174.671558, -36.9127267 ], [ 174.671511, -36.9127212 ], [ 174.671349, -36.9128181 ], [ 174.6713421, -36.9128559 ] ] ], [ [ [ 174.6797019, -36.9131066 ], [ 174.6798287, -36.9131431 ], [ 174.6799285, -36.9130757 ], [ 174.6812486, -36.9134556 ], [ 174.6814318, -36.913102 ], [ 174.6821584, -36.9116991 ], [ 174.6821282, -36.9116402 ], [ 174.6810193, -36.9112698 ], [ 174.6807866, -36.9117191 ], [ 174.6803178, -36.9115625 ], [ 174.6802317, -36.9117287 ], [ 174.679869, -36.9116076 ], [ 174.6799668, -36.9114188 ], [ 174.6791527, -36.9112474 ], [ 174.6790698, -36.9113019 ], [ 174.6789781, -36.9116126 ], [ 174.6790026, -36.9116177 ], [ 174.6789822, -36.9117866 ], [ 174.678992, -36.9118797 ], [ 174.6789814, -36.9119406 ], [ 174.6788005, -36.9122719 ], [ 174.6786155, -36.9126595 ], [ 174.6795429, -36.9129267 ], [ 174.6795752, -36.9130701 ], [ 174.6797019, -36.9131066 ] ] ], [ [ [ 174.6761123, -36.9132134 ], [ 174.6761674, -36.9132661 ], [ 174.6764168, -36.9130634 ], [ 174.676501, -36.9131301 ], [ 174.6768003, -36.912462 ], [ 174.6767617, -36.9124509 ], [ 174.6766188, -36.9127698 ], [ 174.6761795, -36.912643 ], [ 174.6763222, -36.912324 ], [ 174.6755719, -36.9121078 ], [ 174.6753609, -36.9120763 ], [ 174.6752793, -36.912095 ], [ 174.6741849, -36.9127427 ], [ 174.6748007, -36.913331 ], [ 174.6754034, -36.9129747 ], [ 174.6753024, -36.9128642 ], [ 174.6754759, -36.9127616 ], [ 174.6757676, -36.9130405 ], [ 174.6753595, -36.9133156 ], [ 174.6751825, -36.9131463 ], [ 174.6748272, -36.9133562 ], [ 174.6750225, -36.9135429 ], [ 174.6753269, -36.9133376 ], [ 174.675501, -36.913429 ], [ 174.6752047, -36.9136537 ], [ 174.6752185, -36.9136669 ], [ 174.6751815, -36.9136949 ], [ 174.675269, -36.9137784 ], [ 174.6753653, -36.9137852 ], [ 174.6759209, -36.9134106 ], [ 174.6759497, -36.913323 ], [ 174.6760416, -36.913261 ], [ 174.675793, -36.9130233 ], [ 174.6761028, -36.9128145 ], [ 174.6761243, -36.9130324 ], [ 174.6761123, -36.9132134 ] ] ], [ [ [ 174.672676, -36.9133145 ], [ 174.6728027, -36.9132396 ], [ 174.6728163, -36.9132316 ], [ 174.6728492, -36.9132683 ], [ 174.6731358, -36.913099 ], [ 174.6732765, -36.9130154 ], [ 174.673238, -36.9129822 ], [ 174.6735273, -36.9128111 ], [ 174.6729571, -36.9123704 ], [ 174.6731721, -36.9122444 ], [ 174.6731973, -36.9121902 ], [ 174.6730685, -36.9120965 ], [ 174.6727347, -36.9123918 ], [ 174.6728463, -36.9124786 ], [ 174.6725403, -36.9126575 ], [ 174.6723989, -36.9125005 ], [ 174.6721529, -36.912633 ], [ 174.6718323, -36.9127472 ], [ 174.6717965, -36.9127746 ], [ 174.6717894, -36.9128075 ], [ 174.6718133, -36.912854 ], [ 174.6723956, -36.9134803 ], [ 174.6725359, -36.9133973 ], [ 174.6725691, -36.9134336 ], [ 174.6727092, -36.9133508 ], [ 174.672676, -36.9133145 ] ] ], [ [ [ 174.6701484, -36.9124448 ], [ 174.6696757, -36.9122635 ], [ 174.6692246, -36.9127402 ], [ 174.6696332, -36.9129894 ], [ 174.6701484, -36.9124448 ] ] ], [ [ [ 174.6714338, -36.9126381 ], [ 174.6714407, -36.9126003 ], [ 174.6713032, -36.9124522 ], [ 174.6712044, -36.9124664 ], [ 174.6710795, -36.9125411 ], [ 174.6710747, -36.9125678 ], [ 174.6712248, -36.9127295 ], [ 174.6712719, -36.912735 ], [ 174.6714338, -36.9126381 ] ] ], [ [ [ 174.6739133, -36.9125826 ], [ 174.6739595, -36.9126113 ], [ 174.6742821, -36.9124208 ], [ 174.6735154, -36.9120874 ], [ 174.6730349, -36.9123694 ], [ 174.6735721, -36.9127846 ], [ 174.6739133, -36.9125826 ] ] ], [ [ [ 174.6693783, -36.9122661 ], [ 174.6694163, -36.9121639 ], [ 174.669125, -36.9120522 ], [ 174.6692152, -36.9119444 ], [ 174.6695822, -36.9120285 ], [ 174.6697852, -36.9118821 ], [ 174.6700178, -36.9115991 ], [ 174.6701409, -36.911607 ], [ 174.6701533, -36.911481 ], [ 174.6697017, -36.9114522 ], [ 174.6693968, -36.911446 ], [ 174.6691537, -36.9114244 ], [ 174.6689207, -36.9113879 ], [ 174.6686907, -36.9113349 ], [ 174.6683134, -36.9112179 ], [ 174.6682698, -36.9113836 ], [ 174.668988, -36.911715 ], [ 174.6690185, -36.9118642 ], [ 174.6685704, -36.9123959 ], [ 174.6694129, -36.9131378 ], [ 174.6694469, -36.9131862 ], [ 174.6696264, -36.9129965 ], [ 174.669209, -36.9127419 ], [ 174.6692766, -36.9126704 ], [ 174.669257, -36.9126584 ], [ 174.6693928, -36.9125149 ], [ 174.6693927, -36.9124885 ], [ 174.6693595, -36.9124453 ], [ 174.6693783, -36.9122661 ] ] ], [ [ [ 174.6698733, -36.9119619 ], [ 174.6698939, -36.9120065 ], [ 174.670358, -36.912113 ], [ 174.6704178, -36.9120894 ], [ 174.6704803, -36.9119631 ], [ 174.6705263, -36.911936 ], [ 174.6706735, -36.9119261 ], [ 174.6708625, -36.9119472 ], [ 174.6709286, -36.9119006 ], [ 174.6709275, -36.9117926 ], [ 174.6708598, -36.9117342 ], [ 174.6701141, -36.9116867 ], [ 174.6700446, -36.9117139 ], [ 174.6698802, -36.911914 ], [ 174.6698733, -36.9119619 ] ] ], [ [ [ 174.6725579, -36.9118109 ], [ 174.6725792, -36.9118783 ], [ 174.6728441, -36.911742 ], [ 174.6726968, -36.9115951 ], [ 174.6745796, -36.9122448 ], [ 174.6748072, -36.9121101 ], [ 174.6744795, -36.9118104 ], [ 174.6748111, -36.9116141 ], [ 174.6747247, -36.9115351 ], [ 174.674299, -36.9115203 ], [ 174.6711053, -36.9115415 ], [ 174.6701981, -36.9114838 ], [ 174.6701901, -36.911565 ], [ 174.6703129, -36.9115728 ], [ 174.6703085, -36.9116177 ], [ 174.6710272, -36.9116635 ], [ 174.6710303, -36.9119748 ], [ 174.6710364, -36.9120198 ], [ 174.6710613, -36.9120421 ], [ 174.6715482, -36.912039 ], [ 174.6715639, -36.9120262 ], [ 174.6715609, -36.9117324 ], [ 174.6715201, -36.9116788 ], [ 174.6715547, -36.9116064 ], [ 174.6716879, -36.9116056 ], [ 174.6717207, -36.9116774 ], [ 174.6716902, -36.9117497 ], [ 174.671693, -36.912038 ], [ 174.6716295, -36.9121614 ], [ 174.6716424, -36.912197 ], [ 174.6716809, -36.9122175 ], [ 174.6718289, -36.9122191 ], [ 174.6719264, -36.9122015 ], [ 174.672168, -36.9120635 ], [ 174.6723511, -36.9119415 ], [ 174.6723262, -36.9118957 ], [ 174.6723223, -36.9118583 ], [ 174.6721149, -36.9118596 ], [ 174.6721142, -36.9117875 ], [ 174.6723731, -36.9117858 ], [ 174.6724247, -36.9117671 ], [ 174.6724787, -36.9117674 ], [ 174.6725277, -36.9117854 ], [ 174.6725579, -36.9118109 ] ] ], [ [ [ 174.67693, -36.9116764 ], [ 174.6767062, -36.9112329 ], [ 174.675831, -36.9114888 ], [ 174.6756073, -36.9118264 ], [ 174.6755968, -36.9118797 ], [ 174.6756164, -36.9119153 ], [ 174.6756632, -36.9119427 ], [ 174.6766508, -36.9122273 ], [ 174.67693, -36.9116764 ] ] ], [ [ [ 174.6807196, -36.9108767 ], [ 174.6807764, -36.9110428 ], [ 174.680904, -36.9110501 ], [ 174.6810276, -36.9110766 ], [ 174.6817487, -36.911317 ], [ 174.682003, -36.9108261 ], [ 174.6816929, -36.9107521 ], [ 174.6815823, -36.9105948 ], [ 174.6830703, -36.9101082 ], [ 174.683139, -36.9100225 ], [ 174.6816304, -36.9105157 ], [ 174.68151, -36.9102798 ], [ 174.6805762, -36.9105887 ], [ 174.6794551, -36.9108571 ], [ 174.6789827, -36.9108087 ], [ 174.6789125, -36.9111829 ], [ 174.6790484, -36.9112116 ], [ 174.6790692, -36.9111479 ], [ 174.6791475, -36.9111644 ], [ 174.6791818, -36.9111483 ], [ 174.6793283, -36.9111791 ], [ 174.6793483, -36.9112067 ], [ 174.680005, -36.9113449 ], [ 174.6800594, -36.9112398 ], [ 174.6801674, -36.9109314 ], [ 174.6804566, -36.9109627 ], [ 174.6805397, -36.9109355 ], [ 174.6805113, -36.9108248 ], [ 174.6806262, -36.9107935 ], [ 174.6806441, -36.910836 ], [ 174.6807509, -36.9108079 ], [ 174.6807776, -36.9108578 ], [ 174.6807196, -36.9108767 ] ] ], [ [ [ 174.6691912, -36.9112429 ], [ 174.6696402, -36.911271 ], [ 174.6745287, -36.9112409 ], [ 174.6750968, -36.9112165 ], [ 174.6751322, -36.9110822 ], [ 174.6752111, -36.9110901 ], [ 174.6757898, -36.9109345 ], [ 174.6758409, -36.9109917 ], [ 174.676211, -36.9104324 ], [ 174.6761829, -36.9103592 ], [ 174.6757251, -36.9101639 ], [ 174.6731353, -36.910358 ], [ 174.6715883, -36.9106324 ], [ 174.6685043, -36.9107161 ], [ 174.6684617, -36.9107314 ], [ 174.6684354, -36.9107624 ], [ 174.6683626, -36.9110349 ], [ 174.668574, -36.9111073 ], [ 174.6689699, -36.9112056 ], [ 174.6691912, -36.9112429 ] ] ], [ [ [ 174.6683742, -36.9101233 ], [ 174.6680721, -36.9100714 ], [ 174.6680344, -36.910213 ], [ 174.6677838, -36.9101701 ], [ 174.6676809, -36.9105566 ], [ 174.6682015, -36.9105425 ], [ 174.6682495, -36.9105277 ], [ 174.668276, -36.9104923 ], [ 174.6683742, -36.9101233 ] ] ], [ [ [ 174.668517, -36.9104703 ], [ 174.668546, -36.9105147 ], [ 174.6686049, -36.9105314 ], [ 174.67156, -36.9104521 ], [ 174.6731003, -36.9101786 ], [ 174.6757714, -36.9099784 ], [ 174.6763676, -36.9102327 ], [ 174.6764139, -36.9102213 ], [ 174.6766522, -36.9098614 ], [ 174.6766874, -36.9097526 ], [ 174.6769753, -36.9093178 ], [ 174.6767382, -36.9092443 ], [ 174.6767465, -36.9090816 ], [ 174.6763348, -36.9090817 ], [ 174.6760747, -36.9090456 ], [ 174.6695026, -36.9095366 ], [ 174.6687953, -36.9095931 ], [ 174.6687472, -36.9096054 ], [ 174.668517, -36.9104703 ] ] ], [ [ [ 174.6696463, -36.9084829 ], [ 174.6693558, -36.9085039 ], [ 174.6693963, -36.9088645 ], [ 174.6688509, -36.9089045 ], [ 174.6684604, -36.9088052 ], [ 174.6682676, -36.9092778 ], [ 174.668779, -36.9094103 ], [ 174.669867, -36.9093301 ], [ 174.6698119, -36.908834 ], [ 174.6696915, -36.9084424 ], [ 174.6696463, -36.9084829 ] ] ], [ [ [ 174.6734892, -36.9072761 ], [ 174.6727909, -36.9086455 ], [ 174.6728423, -36.9090869 ], [ 174.6728668, -36.9091033 ], [ 174.6744293, -36.9089865 ], [ 174.6744498, -36.9089667 ], [ 174.6743932, -36.9084794 ], [ 174.6748789, -36.9075252 ], [ 174.6735794, -36.9070992 ], [ 174.673506, -36.9072422 ], [ 174.6741581, -36.9074521 ], [ 174.6740198, -36.9077232 ], [ 174.6737762, -36.9076451 ], [ 174.6738301, -36.9075395 ], [ 174.6734892, -36.9072761 ] ] ], [ [ [ 174.6730125, -36.9077315 ], [ 174.672704, -36.9076321 ], [ 174.6726465, -36.9077448 ], [ 174.672955, -36.9078442 ], [ 174.6730125, -36.9077315 ] ] ], [ [ [ 174.6766175, -36.90873 ], [ 174.6770331, -36.9087343 ], [ 174.6771577, -36.9087196 ], [ 174.6772826, -36.9086834 ], [ 174.6773871, -36.9086161 ], [ 174.6774383, -36.9086344 ], [ 174.6784298, -36.9068452 ], [ 174.6784119, -36.9068099 ], [ 174.6758935, -36.906001 ], [ 174.6752528, -36.9072701 ], [ 174.675615, -36.9073862 ], [ 174.6755471, -36.9074105 ], [ 174.6754242, -36.9074794 ], [ 174.6751852, -36.9074028 ], [ 174.6746232, -36.9085069 ], [ 174.6746744, -36.9089501 ], [ 174.6746989, -36.9089665 ], [ 174.6758654, -36.9088792 ], [ 174.6762028, -36.9078872 ], [ 174.6766964, -36.9069974 ], [ 174.6761382, -36.906798 ], [ 174.6762129, -36.906651 ], [ 174.676497, -36.9067423 ], [ 174.6765528, -36.9066303 ], [ 174.6766362, -36.906657 ], [ 174.676657, -36.9066152 ], [ 174.676713, -36.9065992 ], [ 174.6767516, -36.9065218 ], [ 174.6769195, -36.9065756 ], [ 174.6769068, -36.9066 ], [ 174.6771458, -36.9066767 ], [ 174.6770553, -36.9067927 ], [ 174.6769242, -36.9068794 ], [ 174.676996, -36.9069024 ], [ 174.6764162, -36.9079483 ], [ 174.6761258, -36.9088017 ], [ 174.6761513, -36.9088097 ], [ 174.6766175, -36.90873 ] ] ], [ [ [ 174.6712019, -36.9085278 ], [ 174.6712258, -36.9087285 ], [ 174.6712597, -36.908726 ], [ 174.6713185, -36.9092213 ], [ 174.6725969, -36.9091234 ], [ 174.6726173, -36.9091036 ], [ 174.6725608, -36.908618 ], [ 174.6729412, -36.9078708 ], [ 174.672305, -36.9076659 ], [ 174.6725206, -36.9072481 ], [ 174.6728324, -36.9073487 ], [ 174.6729013, -36.9072079 ], [ 174.6729351, -36.9072188 ], [ 174.6729398, -36.9072094 ], [ 174.6731725, -36.9072847 ], [ 174.6730966, -36.907434 ], [ 174.6731543, -36.9074526 ], [ 174.6738656, -36.906059 ], [ 174.6739819, -36.9059343 ], [ 174.6742172, -36.9054623 ], [ 174.6731071, -36.905106 ], [ 174.6730338, -36.9051312 ], [ 174.6719843, -36.9072396 ], [ 174.6718927, -36.9072095 ], [ 174.6714665, -36.9080449 ], [ 174.6712996, -36.9079909 ], [ 174.6711951, -36.9080994 ], [ 174.671119, -36.9083098 ], [ 174.6712014, -36.9083266 ], [ 174.6712309, -36.9083511 ], [ 174.6712495, -36.9083906 ], [ 174.6712448, -36.9084326 ], [ 174.6712105, -36.9084825 ], [ 174.6712019, -36.9085278 ] ], [ [ 174.6719898, -36.9077283 ], [ 174.672305, -36.9076659 ], [ 174.6722342, -36.9078056 ], [ 174.6719898, -36.9077283 ] ] ], [ [ [ 174.6710199, -36.9083787 ], [ 174.6710522, -36.9083351 ], [ 174.6711, -36.9083129 ], [ 174.6712251, -36.9079668 ], [ 174.6712737, -36.9079825 ], [ 174.6715064, -36.9078943 ], [ 174.6718612, -36.907199 ], [ 174.6717755, -36.9071707 ], [ 174.6728299, -36.9050524 ], [ 174.672807, -36.9050096 ], [ 174.6719806, -36.9047444 ], [ 174.6713318, -36.9060484 ], [ 174.671149, -36.9059881 ], [ 174.6708553, -36.9063115 ], [ 174.6708694, -36.9063695 ], [ 174.6708464, -36.9064183 ], [ 174.6708048, -36.906448 ], [ 174.6707623, -36.9064595 ], [ 174.670837, -36.9068611 ], [ 174.6707649, -36.9068373 ], [ 174.6705512, -36.9070966 ], [ 174.6706063, -36.9071556 ], [ 174.6706057, -36.9072223 ], [ 174.670582, -36.9072574 ], [ 174.6704989, -36.9073193 ], [ 174.6702871, -36.9077182 ], [ 174.6702923, -36.9078279 ], [ 174.6702714, -36.9078994 ], [ 174.6702373, -36.9079499 ], [ 174.6701682, -36.9080144 ], [ 174.6705548, -36.9081472 ], [ 174.670477, -36.9082996 ], [ 174.6700238, -36.9081441 ], [ 174.6697079, -36.9084277 ], [ 174.6698322, -36.9088324 ], [ 174.6698874, -36.9093286 ], [ 174.6711142, -36.9092365 ], [ 174.6710199, -36.9083787 ] ] ], [ [ [ 174.6802192, -36.9068252 ], [ 174.6801904, -36.906618 ], [ 174.6801951, -36.906425 ], [ 174.6802916, -36.9063699 ], [ 174.6804352, -36.9062207 ], [ 174.680284, -36.9060516 ], [ 174.6802222, -36.9060782 ], [ 174.6801168, -36.9060866 ], [ 174.6799833, -36.9060613 ], [ 174.679334, -36.9058529 ], [ 174.6792741, -36.9058725 ], [ 174.6786035, -36.907102 ], [ 174.6793119, -36.907345 ], [ 174.6793891, -36.9073223 ], [ 174.6794668, -36.9073389 ], [ 174.6795189, -36.9073863 ], [ 174.6795298, -36.9074493 ], [ 174.6794074, -36.9076798 ], [ 174.6801474, -36.907917 ], [ 174.6803074, -36.9079466 ], [ 174.6803375, -36.9078921 ], [ 174.6803876, -36.9078459 ], [ 174.6803032, -36.9078188 ], [ 174.6803336, -36.9077578 ], [ 174.6803649, -36.9077677 ], [ 174.6805138, -36.9074684 ], [ 174.6804518, -36.9074482 ], [ 174.6804172, -36.9073838 ], [ 174.6804163, -36.9073421 ], [ 174.6805917, -36.9073909 ], [ 174.6805842, -36.9072092 ], [ 174.6806131, -36.9071452 ], [ 174.6806945, -36.9070246 ], [ 174.6807012, -36.9069184 ], [ 174.6806912, -36.9068874 ], [ 174.6806665, -36.9068638 ], [ 174.6805835, -36.9068271 ], [ 174.6805275, -36.9068191 ], [ 174.6804924, -36.9068299 ], [ 174.6804634, -36.9069034 ], [ 174.6802192, -36.9068252 ] ] ], [ [ [ 174.6781348, -36.9061482 ], [ 174.6779729, -36.906473 ], [ 174.6785034, -36.9066433 ], [ 174.6785492, -36.9066284 ], [ 174.6786957, -36.9063639 ], [ 174.6781348, -36.9061482 ] ] ], [ [ [ 174.6744268, -36.9055297 ], [ 174.6741806, -36.9060238 ], [ 174.6740638, -36.9061493 ], [ 174.6735918, -36.907075 ], [ 174.6742437, -36.9072842 ], [ 174.674313, -36.9071483 ], [ 174.6749643, -36.9073573 ], [ 174.6756586, -36.9059847 ], [ 174.6756205, -36.9059133 ], [ 174.6744268, -36.9055297 ] ] ], [ [ [ 174.6786777, -36.9062741 ], [ 174.6787335, -36.9062954 ], [ 174.6787874, -36.906198 ], [ 174.678495, -36.9060856 ], [ 174.6784255, -36.9062021 ], [ 174.6786417, -36.9062852 ], [ 174.6786777, -36.9062741 ] ] ], [ [ [ 174.6805661, -36.9060847 ], [ 174.680805, -36.905933 ], [ 174.6806955, -36.905862 ], [ 174.6806451, -36.9058442 ], [ 174.6805625, -36.9058572 ], [ 174.6805019, -36.9059578 ], [ 174.6803239, -36.9060344 ], [ 174.6804638, -36.9061909 ], [ 174.6805661, -36.9060847 ] ] ], [ [ [ 174.6777297, -36.9063949 ], [ 174.6778981, -36.9060573 ], [ 174.6777972, -36.9060185 ], [ 174.6778244, -36.9059989 ], [ 174.6780563, -36.9060881 ], [ 174.678084, -36.906041 ], [ 174.6776216, -36.9050303 ], [ 174.6770466, -36.9051997 ], [ 174.6763964, -36.9049909 ], [ 174.6759774, -36.9058324 ], [ 174.6777297, -36.9063949 ] ] ], [ [ [ 174.6699984, -36.9051614 ], [ 174.669807, -36.9055456 ], [ 174.6698885, -36.9055725 ], [ 174.6696823, -36.9059759 ], [ 174.6698427, -36.9060027 ], [ 174.6706316, -36.9062623 ], [ 174.6707614, -36.9062585 ], [ 174.6708389, -36.9062923 ], [ 174.6711229, -36.9059795 ], [ 174.671319, -36.9055856 ], [ 174.6699984, -36.9051614 ] ] ], [ [ [ 174.6805657, -36.9058303 ], [ 174.6806948, -36.9058205 ], [ 174.6807207, -36.9058378 ], [ 174.6807661, -36.9058389 ], [ 174.6808648, -36.9057385 ], [ 174.6806404, -36.9056222 ], [ 174.6805092, -36.9055318 ], [ 174.6805408, -36.9054744 ], [ 174.6803755, -36.9053092 ], [ 174.6803157, -36.9051646 ], [ 174.6802567, -36.9050791 ], [ 174.6801486, -36.9048598 ], [ 174.6800603, -36.9047995 ], [ 174.679935, -36.9047517 ], [ 174.6796843, -36.9051258 ], [ 174.6801454, -36.9052742 ], [ 174.6800706, -36.90541 ], [ 174.6796095, -36.9052616 ], [ 174.6793669, -36.9057034 ], [ 174.6793905, -36.9057498 ], [ 174.6800659, -36.9059592 ], [ 174.6801385, -36.9059543 ], [ 174.6802133, -36.9059237 ], [ 174.6802597, -36.9058814 ], [ 174.6803406, -36.9057646 ], [ 174.6804111, -36.9057323 ], [ 174.6804709, -36.905734 ], [ 174.6805195, -36.9057545 ], [ 174.6805526, -36.9057885 ], [ 174.6805657, -36.9058303 ] ] ], [ [ [ 174.6720967, -36.9045863 ], [ 174.6757044, -36.9057447 ], [ 174.6757933, -36.9057141 ], [ 174.6761867, -36.9049236 ], [ 174.6724934, -36.9037376 ], [ 174.672078, -36.9045507 ], [ 174.6720967, -36.9045863 ] ] ], [ [ [ 174.6717502, -36.9047188 ], [ 174.6717189, -36.9046602 ], [ 174.670034, -36.9041188 ], [ 174.6699445, -36.9041492 ], [ 174.6696194, -36.9047855 ], [ 174.669657, -36.9048566 ], [ 174.6714025, -36.9054174 ], [ 174.6717502, -36.9047188 ] ] ], [ [ [ 174.6704836, -36.9030918 ], [ 174.6700559, -36.9039307 ], [ 174.6718301, -36.9045006 ], [ 174.6718658, -36.9044884 ], [ 174.6722835, -36.9036701 ], [ 174.6704836, -36.9030918 ] ] ], [ [ [ 174.6731785, -36.9029695 ], [ 174.6731526, -36.9030205 ], [ 174.6729437, -36.9029518 ], [ 174.6726209, -36.903583 ], [ 174.6762311, -36.9047385 ], [ 174.6762702, -36.9047293 ], [ 174.6762958, -36.9047039 ], [ 174.6765562, -36.904181 ], [ 174.6758692, -36.9028974 ], [ 174.6752411, -36.9026913 ], [ 174.6746369, -36.9035835 ], [ 174.6731785, -36.9029695 ] ] ], [ [ [ 174.6754195, -36.9017652 ], [ 174.6753829, -36.9018372 ], [ 174.6749843, -36.9017065 ], [ 174.6748804, -36.9019099 ], [ 174.6744361, -36.9021812 ], [ 174.6744802, -36.902246 ], [ 174.6759371, -36.9027237 ], [ 174.6760138, -36.9027 ], [ 174.6765153, -36.9018638 ], [ 174.6756265, -36.9015188 ], [ 174.6756847, -36.9018522 ], [ 174.6758216, -36.9019051 ], [ 174.6756894, -36.9021257 ], [ 174.6755033, -36.9020647 ], [ 174.6756218, -36.9018316 ], [ 174.6754195, -36.9017652 ] ] ], [ [ [ 174.6855902, -36.9193819 ], [ 174.6861608, -36.9193824 ], [ 174.686162, -36.9181559 ], [ 174.6855913, -36.9181555 ], [ 174.6855399, -36.9181966 ], [ 174.6855389, -36.9193406 ], [ 174.6855902, -36.9193819 ] ] ], [ [ [ 174.684583, -36.9181549 ], [ 174.6840987, -36.9180248 ], [ 174.6836439, -36.9191158 ], [ 174.683687, -36.9191853 ], [ 174.684251, -36.9193369 ], [ 174.6847456, -36.9193372 ], [ 174.6847456, -36.9193812 ], [ 174.6853164, -36.9193817 ], [ 174.6853678, -36.9193405 ], [ 174.6853689, -36.9181966 ], [ 174.6853176, -36.9181553 ], [ 174.684583, -36.9181549 ] ] ], [ [ [ 174.6902839, -36.9170083 ], [ 174.6905577, -36.9188057 ], [ 174.6912638, -36.9187362 ], [ 174.6912183, -36.9184381 ], [ 174.6912517, -36.9184348 ], [ 174.6910457, -36.9170821 ], [ 174.6909431, -36.9170096 ], [ 174.6902839, -36.9170083 ] ] ], [ [ [ 174.6841709, -36.9178531 ], [ 174.6847837, -36.9180177 ], [ 174.6865014, -36.9180188 ], [ 174.6866142, -36.9182001 ], [ 174.6866129, -36.9195049 ], [ 174.6867261, -36.9195052 ], [ 174.6867293, -36.9177253 ], [ 174.6876304, -36.9177271 ], [ 174.6876327, -36.917002 ], [ 174.6867301, -36.9170002 ], [ 174.6867301, -36.9168474 ], [ 174.6866936, -36.9168466 ], [ 174.6867297, -36.9168196 ], [ 174.6867319, -36.9156106 ], [ 174.6865894, -36.9155789 ], [ 174.6846008, -36.9168223 ], [ 174.6841709, -36.9178531 ] ] ], [ [ [ 174.6819532, -36.9173814 ], [ 174.681788, -36.9174129 ], [ 174.6816364, -36.9175152 ], [ 174.6818879, -36.917851 ], [ 174.6819222, -36.9179486 ], [ 174.6820191, -36.9180413 ], [ 174.6820572, -36.9181254 ], [ 174.6836197, -36.9185455 ], [ 174.6836483, -36.9185341 ], [ 174.6844082, -36.9167129 ], [ 174.682612, -36.9161121 ], [ 174.6819532, -36.9173814 ] ] ], [ [ [ 174.6886024, -36.9155041 ], [ 174.6884733, -36.9154339 ], [ 174.6884342, -36.9154289 ], [ 174.6883981, -36.9154421 ], [ 174.688123, -36.9156377 ], [ 174.6880782, -36.9157208 ], [ 174.6880452, -36.9157547 ], [ 174.6879951, -36.9157749 ], [ 174.6879502, -36.9157772 ], [ 174.6878794, -36.9157514 ], [ 174.6878407, -36.9156968 ], [ 174.6878481, -36.9156366 ], [ 174.6878956, -36.9155911 ], [ 174.6869593, -36.9152849 ], [ 174.6869549, -36.9167559 ], [ 174.6869913, -36.9167948 ], [ 174.6870435, -36.9168195 ], [ 174.6909157, -36.9168281 ], [ 174.6909961, -36.9167553 ], [ 174.6908969, -36.916102 ], [ 174.6908697, -36.916102 ], [ 174.6908153, -36.9157825 ], [ 174.6907309, -36.915738 ], [ 174.6906273, -36.9157479 ], [ 174.6905767, -36.9157914 ], [ 174.6905945, -36.915911 ], [ 174.6904162, -36.9159281 ], [ 174.6903894, -36.9157481 ], [ 174.6908377, -36.9157051 ], [ 174.6908087, -36.9155104 ], [ 174.6907707, -36.9154906 ], [ 174.6903586, -36.9155818 ], [ 174.6889593, -36.9155846 ], [ 174.688836, -36.9155731 ], [ 174.6887105, -36.9155445 ], [ 174.6886024, -36.9155041 ] ] ], [ [ [ 174.6829007, -36.9152304 ], [ 174.682837, -36.9152687 ], [ 174.6828093, -36.9153018 ], [ 174.6825447, -36.9158126 ], [ 174.6825409, -36.9158452 ], [ 174.6825578, -36.9158824 ], [ 174.6826034, -36.9159125 ], [ 174.6846123, -36.9165851 ], [ 174.6863422, -36.9155041 ], [ 174.6863101, -36.9153271 ], [ 174.6832088, -36.9143546 ], [ 174.6828412, -36.9150629 ], [ 174.6828887, -36.9150826 ], [ 174.6829167, -36.9151086 ], [ 174.6829336, -36.9151468 ], [ 174.6829289, -36.9151916 ], [ 174.6829007, -36.9152304 ] ] ], [ [ [ 174.6901731, -36.9150109 ], [ 174.6896713, -36.9150121 ], [ 174.6895908, -36.9154463 ], [ 174.6900312, -36.9154429 ], [ 174.6903083, -36.9154049 ], [ 174.6901731, -36.9150109 ] ] ], [ [ [ 174.6925442, -36.9145723 ], [ 174.6920794, -36.9146934 ], [ 174.6925527, -36.9154535 ], [ 174.692282, -36.9154533 ], [ 174.6924094, -36.9157493 ], [ 174.6925237, -36.915783 ], [ 174.6928565, -36.9157836 ], [ 174.692913, -36.9157383 ], [ 174.6929134, -36.9153029 ], [ 174.692868, -36.9151481 ], [ 174.6925753, -36.9146779 ], [ 174.6925442, -36.9145723 ] ] ], [ [ [ 174.6880504, -36.914611 ], [ 174.6879338, -36.9145188 ], [ 174.6878621, -36.9144865 ], [ 174.6874553, -36.9143564 ], [ 174.6874109, -36.9143717 ], [ 174.6869821, -36.9152389 ], [ 174.6870012, -36.9152745 ], [ 174.6879295, -36.9155786 ], [ 174.6880318, -36.9155546 ], [ 174.6883075, -36.9153597 ], [ 174.6883299, -36.9153263 ], [ 174.688324, -36.9152948 ], [ 174.6882311, -36.9151323 ], [ 174.6881138, -36.9147143 ], [ 174.6880504, -36.914611 ] ] ], [ [ [ 174.6882513, -36.9145841 ], [ 174.6883893, -36.9150764 ], [ 174.688424, -36.9151551 ], [ 174.6885169, -36.9152729 ], [ 174.688666, -36.9153749 ], [ 174.6888041, -36.9154251 ], [ 174.6889281, -36.9154452 ], [ 174.6894471, -36.9154466 ], [ 174.6893565, -36.9150128 ], [ 174.6890061, -36.9150136 ], [ 174.6886949, -36.9143252 ], [ 174.6881409, -36.9143314 ], [ 174.6880824, -36.9143866 ], [ 174.6881786, -36.9144707 ], [ 174.6882513, -36.9145841 ] ] ], [ [ [ 174.6827404, -36.9150753 ], [ 174.682806, -36.9150594 ], [ 174.6831769, -36.9143446 ], [ 174.6816472, -36.9138653 ], [ 174.6809007, -36.9153033 ], [ 174.6809249, -36.9153504 ], [ 174.6822877, -36.9158068 ], [ 174.682337, -36.9158128 ], [ 174.6823921, -36.9157945 ], [ 174.6824219, -36.9157624 ], [ 174.682687, -36.9152505 ], [ 174.6826818, -36.9151557 ], [ 174.6826917, -36.9151214 ], [ 174.6827404, -36.9150753 ] ] ], [ [ [ 174.6922161, -36.9137259 ], [ 174.6919077, -36.9138459 ], [ 174.6919144, -36.9139293 ], [ 174.6920393, -36.9141024 ], [ 174.692069, -36.9141747 ], [ 174.6920586, -36.9142398 ], [ 174.6920084, -36.9143493 ], [ 174.6919649, -36.9144983 ], [ 174.6925197, -36.9144547 ], [ 174.6925194, -36.9141951 ], [ 174.6924739, -36.9140401 ], [ 174.6922921, -36.9137467 ], [ 174.6922161, -36.9137259 ] ] ], [ [ [ 174.6867527, -36.9152109 ], [ 174.6873598, -36.9139816 ], [ 174.6862716, -36.913635 ], [ 174.6863138, -36.9135496 ], [ 174.686094, -36.9134809 ], [ 174.6857884, -36.9140826 ], [ 174.6856609, -36.9141158 ], [ 174.6855524, -36.9140813 ], [ 174.6858881, -36.9134165 ], [ 174.6822285, -36.9122718 ], [ 174.6819467, -36.912816 ], [ 174.6836562, -36.9133516 ], [ 174.6835937, -36.9134772 ], [ 174.681882, -36.9129408 ], [ 174.6815897, -36.9135046 ], [ 174.6815772, -36.9135644 ], [ 174.6816053, -36.9136311 ], [ 174.6816717, -36.9136773 ], [ 174.6832479, -36.9141717 ], [ 174.6833208, -36.9140252 ], [ 174.6854116, -36.9146803 ], [ 174.6855312, -36.9148871 ], [ 174.6857403, -36.9149526 ], [ 174.6857607, -36.9149107 ], [ 174.6859697, -36.9149762 ], [ 174.6859493, -36.9150182 ], [ 174.6866638, -36.915242 ], [ 174.6867527, -36.9152109 ] ] ], [ [ [ 174.6956525, -36.9123891 ], [ 174.6924838, -36.9136217 ], [ 174.6924582, -36.913682 ], [ 174.6926486, -36.9139891 ], [ 174.6927039, -36.9141777 ], [ 174.6927042, -36.9144721 ], [ 174.6927499, -36.914627 ], [ 174.6928205, -36.9147405 ], [ 174.6935032, -36.9145544 ], [ 174.6931711, -36.9140185 ], [ 174.6942795, -36.9135877 ], [ 174.6943175, -36.9134029 ], [ 174.6942992, -36.9133733 ], [ 174.6959119, -36.9127459 ], [ 174.6956985, -36.9124017 ], [ 174.6956525, -36.9123891 ] ] ], [ [ [ 174.6972483, -36.911998 ], [ 174.6973862, -36.9120523 ], [ 174.6973887, -36.9120946 ], [ 174.6976312, -36.9120809 ], [ 174.6977715, -36.9120259 ], [ 174.6978316, -36.9119852 ], [ 174.6978779, -36.9119336 ], [ 174.697907, -36.9118743 ], [ 174.6979406, -36.9117287 ], [ 174.6976254, -36.9117404 ], [ 174.6975892, -36.9118078 ], [ 174.6975087, -36.9118393 ], [ 174.6974294, -36.9118249 ], [ 174.6973705, -36.9117803 ], [ 174.6972955, -36.9117527 ], [ 174.6964497, -36.9117842 ], [ 174.6964368, -36.9117955 ], [ 174.6964502, -36.9120277 ], [ 174.6972483, -36.911998 ] ] ], [ [ [ 174.6940082, -36.9128274 ], [ 174.6940344, -36.9127669 ], [ 174.6926322, -36.9104402 ], [ 174.6925432, -36.9104747 ], [ 174.6917856, -36.9115319 ], [ 174.6917631, -36.911696 ], [ 174.6927238, -36.9132963 ], [ 174.6927687, -36.9133089 ], [ 174.6940082, -36.9128274 ] ] ], [ [ [ 174.6974825, -36.9113849 ], [ 174.6973008, -36.9114005 ], [ 174.6973342, -36.9113622 ], [ 174.6972595, -36.9112668 ], [ 174.6972507, -36.9111139 ], [ 174.6972796, -36.9110591 ], [ 174.6972682, -36.9109676 ], [ 174.6955526, -36.9111044 ], [ 174.6954441, -36.9109331 ], [ 174.6951379, -36.9110582 ], [ 174.6957877, -36.9121367 ], [ 174.6958307, -36.9121482 ], [ 174.6958812, -36.9121355 ], [ 174.6962124, -36.9120032 ], [ 174.6962338, -36.9119782 ], [ 174.6962422, -36.9118989 ], [ 174.6962308, -36.9118162 ], [ 174.6961773, -36.9117183 ], [ 174.69613, -36.9116894 ], [ 174.6960104, -36.9116768 ], [ 174.6958339, -36.9117368 ], [ 174.695807, -36.9116921 ], [ 174.695999, -36.9116176 ], [ 174.6958998, -36.9114527 ], [ 174.696407, -36.9114339 ], [ 174.696421, -36.911677 ], [ 174.69669, -36.911667 ], [ 174.6966895, -36.911658 ], [ 174.6967012, -36.9116665 ], [ 174.6974968, -36.9116326 ], [ 174.6975806, -36.9116579 ], [ 174.6976243, -36.9117224 ], [ 174.6979438, -36.9117105 ], [ 174.6978891, -36.9115681 ], [ 174.6978535, -36.9115113 ], [ 174.6978015, -36.9114633 ], [ 174.697737, -36.9114273 ], [ 174.6976635, -36.9114051 ], [ 174.6974825, -36.9113849 ] ] ], [ [ [ 174.6955834, -36.9122149 ], [ 174.6941805, -36.9098885 ], [ 174.6941051, -36.9098675 ], [ 174.692886, -36.9103414 ], [ 174.6928598, -36.910402 ], [ 174.6942472, -36.912704 ], [ 174.6942929, -36.9127168 ], [ 174.6955834, -36.9122149 ] ] ], [ [ [ 174.6953342, -36.9107257 ], [ 174.695409, -36.9107065 ], [ 174.6953511, -36.9105605 ], [ 174.6949062, -36.9106744 ], [ 174.6950729, -36.9109505 ], [ 174.6954056, -36.9108654 ], [ 174.695381, -36.9108035 ], [ 174.6953505, -36.9108113 ], [ 174.6953233, -36.9107426 ], [ 174.6953342, -36.9107257 ] ] ], [ [ [ 174.6950248, -36.9099938 ], [ 174.6949625, -36.9098958 ], [ 174.6948859, -36.9098952 ], [ 174.6945214, -36.9100372 ], [ 174.6948881, -36.9106444 ], [ 174.6954808, -36.9104927 ], [ 174.6952247, -36.9100686 ], [ 174.6950685, -36.9101294 ], [ 174.6949937, -36.9100059 ], [ 174.6950248, -36.9099938 ] ] ], [ [ [ 174.6971143, -36.9084389 ], [ 174.6970738, -36.9084355 ], [ 174.6962022, -36.9088707 ], [ 174.6961846, -36.908848 ], [ 174.6958949, -36.9089937 ], [ 174.6962912, -36.9095016 ], [ 174.696581, -36.9093559 ], [ 174.6964763, -36.9092222 ], [ 174.6973834, -36.9087649 ], [ 174.6971404, -36.9084547 ], [ 174.6971143, -36.9084389 ] ] ], [ [ [ 174.6947891, -36.9081533 ], [ 174.6948775, -36.9081911 ], [ 174.6949712, -36.9082504 ], [ 174.6950662, -36.9083442 ], [ 174.6954903, -36.908886 ], [ 174.6955164, -36.9089019 ], [ 174.6955569, -36.9089053 ], [ 174.6961157, -36.9086278 ], [ 174.6962489, -36.9069413 ], [ 174.6957388, -36.9069153 ], [ 174.6957042, -36.9069671 ], [ 174.6954065, -36.9072565 ], [ 174.6952062, -36.9073903 ], [ 174.6955158, -36.9073812 ], [ 174.6955043, -36.9075278 ], [ 174.6950311, -36.9075036 ], [ 174.6946393, -36.9076814 ], [ 174.6941653, -36.9077699 ], [ 174.6944608, -36.907785 ], [ 174.6944494, -36.9080738 ], [ 174.6945598, -36.9081106 ], [ 174.6946728, -36.9081235 ], [ 174.6947891, -36.9081533 ] ] ], [ [ [ 174.6960495, -36.9068999 ], [ 174.6962515, -36.906908 ], [ 174.6963198, -36.9060441 ], [ 174.6958536, -36.9067432 ], [ 174.6960315, -36.9067523 ], [ 174.696021, -36.9068688 ], [ 174.6960495, -36.9068999 ] ] ], [ [ [ 174.6817619, -36.9060416 ], [ 174.6817899, -36.9060876 ], [ 174.6817736, -36.9061614 ], [ 174.6817283, -36.906173 ], [ 174.6817143, -36.9062435 ], [ 174.6817695, -36.9062613 ], [ 174.681515, -36.9067711 ], [ 174.6827038, -36.9071543 ], [ 174.6827331, -36.9071442 ], [ 174.6832002, -36.9062088 ], [ 174.6831876, -36.9061852 ], [ 174.6825605, -36.9059833 ], [ 174.6822546, -36.9055626 ], [ 174.6819368, -36.9057116 ], [ 174.6819135, -36.905838 ], [ 174.6817889, -36.9059614 ], [ 174.6817619, -36.9060416 ] ] ], [ [ [ 174.6844553, -36.9036947 ], [ 174.6844672, -36.9036351 ], [ 174.6844518, -36.9035861 ], [ 174.6844242, -36.9035522 ], [ 174.6843744, -36.9035213 ], [ 174.6843141, -36.903507 ], [ 174.6832329, -36.9036078 ], [ 174.6823439, -36.9026527 ], [ 174.6821476, -36.9026828 ], [ 174.6815906, -36.9031344 ], [ 174.6816329, -36.9032717 ], [ 174.6818657, -36.9036318 ], [ 174.6817866, -36.9040244 ], [ 174.6818027, -36.9040821 ], [ 174.6817654, -36.9042671 ], [ 174.6818046, -36.9045839 ], [ 174.6827164, -36.9058382 ], [ 174.6832717, -36.906017 ], [ 174.683301, -36.9060069 ], [ 174.6844553, -36.9036947 ] ] ], [ [ [ 174.6810732, -36.9047426 ], [ 174.6811251, -36.9049047 ], [ 174.6811648, -36.9049188 ], [ 174.6811928, -36.9049447 ], [ 174.681276, -36.9050691 ], [ 174.681305, -36.9051747 ], [ 174.6812369, -36.9052302 ], [ 174.6815384, -36.905321 ], [ 174.6819416, -36.905132 ], [ 174.6815847, -36.9046411 ], [ 174.6815377, -36.9042615 ], [ 174.6815797, -36.9040532 ], [ 174.6816177, -36.9040024 ], [ 174.6816878, -36.9036548 ], [ 174.681534, -36.9034167 ], [ 174.6814357, -36.9033426 ], [ 174.6813465, -36.9033463 ], [ 174.680824, -36.9037655 ], [ 174.680704, -36.903938 ], [ 174.6806719, -36.9043537 ], [ 174.6807024, -36.9043876 ], [ 174.6809842, -36.9044362 ], [ 174.6810128, -36.9045474 ], [ 174.6810799, -36.9046552 ], [ 174.6810732, -36.9047426 ] ] ], [ [ [ 174.6973097, -36.9035169 ], [ 174.6973662, -36.9034962 ], [ 174.6974007, -36.9034472 ], [ 174.6974126, -36.9032887 ], [ 174.6973717, -36.9032323 ], [ 174.6973144, -36.9032147 ], [ 174.6967701, -36.9031885 ], [ 174.6967453, -36.9034813 ], [ 174.6973097, -36.9035169 ] ] ], [ [ [ 174.6965981, -36.9025377 ], [ 174.6953085, -36.9024759 ], [ 174.6952598, -36.9030796 ], [ 174.6951927, -36.9030762 ], [ 174.6951905, -36.9031035 ], [ 174.6952534, -36.9031626 ], [ 174.6952228, -36.9035584 ], [ 174.6965072, -36.9036238 ], [ 174.6965981, -36.9025377 ] ] ], [ [ [ 174.6912388, -36.9034934 ], [ 174.6913087, -36.9037074 ], [ 174.6915816, -36.9037286 ], [ 174.6915563, -36.903653 ], [ 174.6916742, -36.903641 ], [ 174.6917626, -36.9036638 ], [ 174.6918177, -36.9036304 ], [ 174.6919419, -36.903621 ], [ 174.6917598, -36.9030629 ], [ 174.6931386, -36.902546 ], [ 174.6926753, -36.9019732 ], [ 174.6919861, -36.9023327 ], [ 174.6920028, -36.9023534 ], [ 174.6919143, -36.9023996 ], [ 174.6903855, -36.9027218 ], [ 174.6903501, -36.9027387 ], [ 174.6909639, -36.9035707 ], [ 174.6912388, -36.9034934 ] ] ], [ [ [ 174.6967363, -36.9035875 ], [ 174.6967237, -36.9037464 ], [ 174.6973221, -36.9037766 ], [ 174.6972985, -36.9040643 ], [ 174.697355, -36.9040878 ], [ 174.6974747, -36.9038958 ], [ 174.6976116, -36.9036359 ], [ 174.6977787, -36.9032529 ], [ 174.6979909, -36.9026282 ], [ 174.6980663, -36.9023205 ], [ 174.6984002, -36.9006145 ], [ 174.6969815, -36.9004612 ], [ 174.6967788, -36.903085 ], [ 174.6973789, -36.9031235 ], [ 174.69744, -36.9031482 ], [ 174.6974962, -36.9031933 ], [ 174.6975297, -36.9032496 ], [ 174.6975375, -36.903312 ], [ 174.6975135, -36.9034925 ], [ 174.697478, -36.9035455 ], [ 174.6974234, -36.9035868 ], [ 174.6973679, -36.9036085 ], [ 174.697295, -36.9036178 ], [ 174.6967363, -36.9035875 ] ] ], [ [ [ 174.6989966, -36.9006789 ], [ 174.6986239, -36.9006387 ], [ 174.6985082, -36.9012298 ], [ 174.6988972, -36.9012718 ], [ 174.6989966, -36.9006789 ] ] ], [ [ [ 174.690888, -36.9019875 ], [ 174.6906237, -36.9021158 ], [ 174.6903664, -36.9021642 ], [ 174.690482, -36.9024885 ], [ 174.6917001, -36.9022317 ], [ 174.6919039, -36.9021594 ], [ 174.6939131, -36.9011047 ], [ 174.6944416, -36.9006157 ], [ 174.6937641, -36.8995405 ], [ 174.6930431, -36.8998001 ], [ 174.6931529, -36.899997 ], [ 174.6930063, -36.9000498 ], [ 174.6929504, -36.9000112 ], [ 174.6928678, -36.8998632 ], [ 174.6911892, -36.9004675 ], [ 174.6917629, -36.9014684 ], [ 174.692025, -36.9013422 ], [ 174.691994, -36.9014192 ], [ 174.6919448, -36.9014853 ], [ 174.6916486, -36.9015912 ], [ 174.6915441, -36.9017061 ], [ 174.6916195, -36.9018132 ], [ 174.6910521, -36.9019836 ], [ 174.6910118, -36.9019931 ], [ 174.690975, -36.9019845 ], [ 174.690888, -36.9019875 ] ], [ [ 174.6929299, -36.900497 ], [ 174.6930755, -36.9007577 ], [ 174.6930398, -36.9007706 ], [ 174.6930503, -36.9007927 ], [ 174.6928344, -36.9009031 ], [ 174.6928281, -36.9008956 ], [ 174.6927037, -36.9009484 ], [ 174.6926731, -36.9008582 ], [ 174.692824, -36.9007322 ], [ 174.6926582, -36.9004352 ], [ 174.6929503, -36.9003303 ], [ 174.6930203, -36.9004557 ], [ 174.6929774, -36.9004711 ], [ 174.6929633, -36.9004663 ], [ 174.692972, -36.9004819 ], [ 174.6929299, -36.900497 ] ], [ [ 174.6920427, -36.9009014 ], [ 174.6921398, -36.900865 ], [ 174.6921757, -36.9009294 ], [ 174.6922435, -36.9009052 ], [ 174.6922331, -36.9008642 ], [ 174.692271, -36.9008407 ], [ 174.6922441, -36.9007922 ], [ 174.6923761, -36.9007446 ], [ 174.6924594, -36.9008939 ], [ 174.6926372, -36.9010489 ], [ 174.6920817, -36.9013148 ], [ 174.6919183, -36.9010219 ], [ 174.6919489, -36.9010109 ], [ 174.6919618, -36.9009657 ], [ 174.6920053, -36.90095 ], [ 174.6920365, -36.9009578 ], [ 174.6920584, -36.9009295 ], [ 174.6920427, -36.9009014 ] ] ], [ [ [ 174.6949312, -36.901911 ], [ 174.6966394, -36.9019935 ], [ 174.696814, -36.8997023 ], [ 174.6965071, -36.8996891 ], [ 174.6964916, -36.8996784 ], [ 174.6965198, -36.8993368 ], [ 174.6966373, -36.8992231 ], [ 174.6968499, -36.8992346 ], [ 174.6968679, -36.899017 ], [ 174.6965294, -36.89894 ], [ 174.6954924, -36.8999096 ], [ 174.6957077, -36.9000576 ], [ 174.6957405, -36.9000556 ], [ 174.6958253, -36.8999761 ], [ 174.6961585, -36.9002052 ], [ 174.6959362, -36.900414 ], [ 174.6955777, -36.9001675 ], [ 174.6956644, -36.9000872 ], [ 174.695662, -36.9000617 ], [ 174.6954705, -36.8999301 ], [ 174.6944349, -36.9009027 ], [ 174.6946906, -36.9014617 ], [ 174.6950562, -36.9014814 ], [ 174.6950137, -36.9016837 ], [ 174.6947707, -36.9016706 ], [ 174.6944263, -36.9009107 ], [ 174.694068, -36.9012467 ], [ 174.693981, -36.901292 ], [ 174.694227, -36.901596 ], [ 174.694417, -36.9014976 ], [ 174.6946238, -36.9014213 ], [ 174.6948573, -36.901949 ], [ 174.6949312, -36.901911 ] ] ], [ [ [ 174.6975862, -36.899235 ], [ 174.6975553, -36.8996787 ], [ 174.6985859, -36.8996167 ], [ 174.6985731, -36.8997992 ], [ 174.6970258, -36.899887 ], [ 174.6969954, -36.9002803 ], [ 174.6984434, -36.9004361 ], [ 174.6988573, -36.8993281 ], [ 174.6989116, -36.899112 ], [ 174.6988884, -36.8991064 ], [ 174.6988528, -36.8991282 ], [ 174.6987937, -36.8992051 ], [ 174.6987111, -36.8992539 ], [ 174.6985899, -36.8992872 ], [ 174.6985467, -36.8992731 ], [ 174.6984492, -36.8991615 ], [ 174.6983123, -36.8991732 ], [ 174.6981545, -36.8992119 ], [ 174.6980673, -36.8992222 ], [ 174.6980657, -36.8992339 ], [ 174.6977654, -36.8992053 ], [ 174.6977661, -36.8991939 ], [ 174.6977116, -36.8991989 ], [ 174.6977648, -36.8991891 ], [ 174.6977651, -36.899181 ], [ 174.6980724, -36.8991957 ], [ 174.6980711, -36.8992055 ], [ 174.6981028, -36.8992057 ], [ 174.6982581, -36.8991727 ], [ 174.6984597, -36.8991549 ], [ 174.6985269, -36.8992122 ], [ 174.6985482, -36.899255 ], [ 174.6985828, -36.8992671 ], [ 174.6986204, -36.8992619 ], [ 174.6988667, -36.8991012 ], [ 174.6988543, -36.8990982 ], [ 174.6990704, -36.8986664 ], [ 174.6974659, -36.8986561 ], [ 174.6974629, -36.8986952 ], [ 174.6971517, -36.8986781 ], [ 174.6971272, -36.8989534 ], [ 174.6970998, -36.8989517 ], [ 174.6970401, -36.8997044 ], [ 174.697239, -36.8994404 ], [ 174.6973838, -36.8993194 ], [ 174.6975893, -36.8992215 ], [ 174.6976976, -36.8992015 ], [ 174.6975862, -36.899235 ] ] ], [ [ [ 174.6926828, -36.8993886 ], [ 174.6910312, -36.8999978 ], [ 174.6911834, -36.9002702 ], [ 174.6932107, -36.8995412 ], [ 174.6930407, -36.899237 ], [ 174.6926828, -36.8993886 ] ] ], [ [ [ 174.6940074, -36.8994525 ], [ 174.6939885, -36.8994954 ], [ 174.6946016, -36.9004678 ], [ 174.6966343, -36.8985595 ], [ 174.6965976, -36.8985201 ], [ 174.6940074, -36.8994525 ] ] ], [ [ [ 174.6951723, -36.8988348 ], [ 174.6949252, -36.8984055 ], [ 174.6942888, -36.8986344 ], [ 174.6945357, -36.8990634 ], [ 174.6951723, -36.8988348 ] ] ], [ [ [ 174.6964708, -36.8983674 ], [ 174.6962121, -36.8979188 ], [ 174.6949902, -36.898386 ], [ 174.6952356, -36.898812 ], [ 174.6964708, -36.8983674 ] ] ], [ [ [ 174.6982075, -36.8966587 ], [ 174.6981373, -36.8984791 ], [ 174.6990022, -36.898485 ], [ 174.6988895, -36.8966694 ], [ 174.6982075, -36.8966587 ] ] ], [ [ [ 174.6972956, -36.8966454 ], [ 174.6971418, -36.8984728 ], [ 174.6978776, -36.8984775 ], [ 174.6979128, -36.8984502 ], [ 174.6979793, -36.8966553 ], [ 174.6972956, -36.8966454 ] ] ], [ [ [ 174.6967015, -36.8946497 ], [ 174.6972773, -36.896463 ], [ 174.6988787, -36.8964818 ], [ 174.6987764, -36.8946686 ], [ 174.6967201, -36.8946319 ], [ 174.6967015, -36.8946497 ] ] ], [ [ [ 174.6924753, -36.8955126 ], [ 174.6924867, -36.8956943 ], [ 174.6928656, -36.8957067 ], [ 174.6931637, -36.8957751 ], [ 174.693411, -36.8958735 ], [ 174.6937511, -36.8960627 ], [ 174.6941869, -36.896486 ], [ 174.6943047, -36.8966259 ], [ 174.6944687, -36.896557 ], [ 174.6943616, -36.8963964 ], [ 174.6962931, -36.895583 ], [ 174.6967319, -36.8954978 ], [ 174.6964717, -36.8946314 ], [ 174.6957912, -36.8946259 ], [ 174.6933717, -36.8956943 ], [ 174.6932728, -36.89555 ], [ 174.6953111, -36.8946499 ], [ 174.6953027, -36.8946225 ], [ 174.6947435, -36.8946156 ], [ 174.693622, -36.8939974 ], [ 174.6933488, -36.89388 ], [ 174.6930154, -36.8937758 ], [ 174.6929164, -36.8937607 ], [ 174.6927959, -36.8937682 ], [ 174.6924142, -36.8938822 ], [ 174.6925438, -36.8941339 ], [ 174.6921045, -36.8942713 ], [ 174.6921394, -36.894439 ], [ 174.6918185, -36.8944292 ], [ 174.691904, -36.894565 ], [ 174.6918517, -36.8945907 ], [ 174.6918993, -36.8946414 ], [ 174.6924753, -36.8955126 ] ] ], [ [ [ 174.6994432, -36.8944118 ], [ 174.6994577, -36.8943939 ], [ 174.6993756, -36.8930538 ], [ 174.6962468, -36.8931734 ], [ 174.6966403, -36.8944531 ], [ 174.6991857, -36.8944921 ], [ 174.6994432, -36.8944118 ] ] ], [ [ [ 174.6941299, -36.8934667 ], [ 174.694349, -36.8941754 ], [ 174.6947893, -36.8943948 ], [ 174.6949692, -36.8944365 ], [ 174.6963879, -36.8944505 ], [ 174.6964011, -36.8944321 ], [ 174.6959837, -36.8930976 ], [ 174.6959455, -36.8931051 ], [ 174.6958227, -36.8927093 ], [ 174.6954285, -36.8927879 ], [ 174.6950305, -36.8931812 ], [ 174.6950612, -36.8932808 ], [ 174.6941299, -36.8934667 ] ] ], [ [ [ 174.6977051, -36.8920308 ], [ 174.6976548, -36.89112 ], [ 174.6963702, -36.891168 ], [ 174.6959465, -36.8918664 ], [ 174.6959194, -36.8919653 ], [ 174.6959118, -36.892101 ], [ 174.6961849, -36.8929944 ], [ 174.6993644, -36.8928712 ], [ 174.6992519, -36.8910601 ], [ 174.6980642, -36.8911046 ], [ 174.6981168, -36.8920151 ], [ 174.6977051, -36.8920308 ] ] ], [ [ [ 174.7013888, -36.9040762 ], [ 174.7013256, -36.9029799 ], [ 174.7005815, -36.9030077 ], [ 174.7006447, -36.9041039 ], [ 174.7013888, -36.9040762 ] ] ], [ [ [ 174.7033306, -36.901228 ], [ 174.7032509, -36.9012722 ], [ 174.7031821, -36.9015736 ], [ 174.7031525, -36.9015694 ], [ 174.7031638, -36.9016965 ], [ 174.7031782, -36.9017232 ], [ 174.7032007, -36.9022505 ], [ 174.7030582, -36.9022833 ], [ 174.7029704, -36.9021146 ], [ 174.7029546, -36.901746 ], [ 174.703069, -36.9012453 ], [ 174.7030139, -36.9011813 ], [ 174.7014704, -36.9009539 ], [ 174.701432, -36.9009808 ], [ 174.7016188, -36.9040475 ], [ 174.7026414, -36.904007 ], [ 174.7026168, -36.9035573 ], [ 174.703628, -36.9035885 ], [ 174.70355, -36.9023137 ], [ 174.7042382, -36.9022933 ], [ 174.704192, -36.9017173 ], [ 174.7045019, -36.9016952 ], [ 174.704491, -36.901399 ], [ 174.7033306, -36.901228 ] ] ], [ [ [ 174.7002054, -36.9020282 ], [ 174.7002133, -36.9019897 ], [ 174.7002409, -36.9019527 ], [ 174.7003234, -36.9019178 ], [ 174.700389, -36.9019234 ], [ 174.7004593, -36.901956 ], [ 174.7005073, -36.9019648 ], [ 174.7012553, -36.9019365 ], [ 174.7012037, -36.9009348 ], [ 174.7011802, -36.9009143 ], [ 174.699505, -36.9007338 ], [ 174.6994056, -36.9013266 ], [ 174.6996045, -36.9013481 ], [ 174.6997107, -36.9019757 ], [ 174.7000254, -36.9027591 ], [ 174.700613, -36.9027767 ], [ 174.7006252, -36.902988 ], [ 174.7013245, -36.9029619 ], [ 174.7012736, -36.9021007 ], [ 174.7012542, -36.9020649 ], [ 174.701202, -36.9020484 ], [ 174.7005138, -36.9020754 ], [ 174.7004672, -36.9020878 ], [ 174.7004011, -36.9021257 ], [ 174.7003416, -36.9021364 ], [ 174.7002925, -36.9021286 ], [ 174.7002442, -36.9021031 ], [ 174.7002179, -36.9020725 ], [ 174.7002054, -36.9020282 ] ] ], [ [ [ 174.7013368, -36.8994035 ], [ 174.7014892, -36.8994264 ], [ 174.7014566, -36.8995685 ], [ 174.7013458, -36.8995516 ], [ 174.7014165, -36.9007201 ], [ 174.7014693, -36.9007686 ], [ 174.7053617, -36.9013428 ], [ 174.7054256, -36.9012978 ], [ 174.7053176, -36.8994996 ], [ 174.7013067, -36.8989071 ], [ 174.7013368, -36.8994035 ] ] ], [ [ [ 174.6990257, -36.8995206 ], [ 174.698889, -36.8998555 ], [ 174.6986685, -36.9004606 ], [ 174.6990906, -36.9005062 ], [ 174.6990257, -36.8995206 ] ] ], [ [ [ 174.6999806, -36.8993255 ], [ 174.6992431, -36.8993528 ], [ 174.6993182, -36.9005307 ], [ 174.7000541, -36.9006101 ], [ 174.6999806, -36.8993255 ] ] ], [ [ [ 174.6998443, -36.899299 ], [ 174.699843, -36.8992765 ], [ 174.6999775, -36.8992715 ], [ 174.6999579, -36.8989269 ], [ 174.6995802, -36.8989408 ], [ 174.6995606, -36.899009 ], [ 174.6997547, -36.8991479 ], [ 174.6997685, -36.8993018 ], [ 174.6998443, -36.899299 ] ] ], [ [ [ 174.7011577, -36.9007287 ], [ 174.7011899, -36.9007048 ], [ 174.701117, -36.8995057 ], [ 174.700621, -36.8995258 ], [ 174.7006148, -36.8994295 ], [ 174.7006125, -36.8993887 ], [ 174.7011084, -36.8993686 ], [ 174.7009521, -36.8968891 ], [ 174.7008671, -36.8968647 ], [ 174.6996083, -36.8982123 ], [ 174.7001615, -36.8985456 ], [ 174.7001935, -36.8991058 ], [ 174.7005936, -36.8990896 ], [ 174.7006042, -36.8992597 ], [ 174.7002038, -36.8992754 ], [ 174.7002814, -36.9006344 ], [ 174.7011577, -36.9007287 ] ] ], [ [ [ 174.6996085, -36.8984388 ], [ 174.6995595, -36.8984548 ], [ 174.699517, -36.8986714 ], [ 174.6992888, -36.8986697 ], [ 174.6992386, -36.898911 ], [ 174.6995382, -36.898819 ], [ 174.6996313, -36.8989119 ], [ 174.6999564, -36.8988999 ], [ 174.6999416, -36.8986389 ], [ 174.6996085, -36.8984388 ] ] ], [ [ [ 174.7007198, -36.8967203 ], [ 174.7006993, -36.8966868 ], [ 174.6993552, -36.8966742 ], [ 174.6994454, -36.8980845 ], [ 174.7007198, -36.8967203 ] ] ], [ [ [ 174.7053832, -36.8957094 ], [ 174.7054225, -36.8956972 ], [ 174.7054946, -36.8957146 ], [ 174.7056544, -36.8957914 ], [ 174.7057333, -36.8958056 ], [ 174.7058317, -36.8957752 ], [ 174.7058715, -36.8957515 ], [ 174.7058692, -36.8957053 ], [ 174.7056242, -36.8954456 ], [ 174.7055788, -36.8953593 ], [ 174.7056029, -36.8952693 ], [ 174.7057672, -36.8951309 ], [ 174.7056986, -36.8949778 ], [ 174.7050668, -36.8945279 ], [ 174.7041878, -36.8953654 ], [ 174.7031187, -36.89595 ], [ 174.7032484, -36.8961012 ], [ 174.7030932, -36.8961869 ], [ 174.7029637, -36.8960356 ], [ 174.7027777, -36.8961383 ], [ 174.7029854, -36.8963809 ], [ 174.7028134, -36.8964759 ], [ 174.7026058, -36.8962332 ], [ 174.7022539, -36.8964286 ], [ 174.7028287, -36.8970999 ], [ 174.703167, -36.8969131 ], [ 174.7031211, -36.8968594 ], [ 174.7033071, -36.8967566 ], [ 174.7036825, -36.897197 ], [ 174.7039483, -36.8972361 ], [ 174.7043547, -36.8969594 ], [ 174.7043665, -36.8968957 ], [ 174.7044159, -36.8968538 ], [ 174.7044963, -36.896841 ], [ 174.7045396, -36.8968524 ], [ 174.7045791, -36.8968793 ], [ 174.7047385, -36.8968782 ], [ 174.7047353, -36.8965622 ], [ 174.7046815, -36.8965588 ], [ 174.7046071, -36.8965195 ], [ 174.7045235, -36.8964253 ], [ 174.7044995, -36.8963069 ], [ 174.70444, -36.8961517 ], [ 174.7043819, -36.8960491 ], [ 174.7043789, -36.8958829 ], [ 174.7043625, -36.8958173 ], [ 174.7042947, -36.8957166 ], [ 174.7042693, -36.8956474 ], [ 174.7041833, -36.8955898 ], [ 174.704129, -36.8955801 ], [ 174.7040547, -36.8955995 ], [ 174.7039521, -36.8956913 ], [ 174.7039161, -36.8956509 ], [ 174.7039626, -36.8956292 ], [ 174.7040263, -36.8955644 ], [ 174.704105, -36.8955387 ], [ 174.7042052, -36.8955492 ], [ 174.7042862, -36.8956118 ], [ 174.7043467, -36.8957069 ], [ 174.7044266, -36.8958912 ], [ 174.7045625, -36.8962785 ], [ 174.7045818, -36.896416 ], [ 174.7046732, -36.8965263 ], [ 174.7047133, -36.8965455 ], [ 174.7047478, -36.8965367 ], [ 174.7048019, -36.8965013 ], [ 174.7049418, -36.8963484 ], [ 174.7050861, -36.8961525 ], [ 174.7050911, -36.8961301 ], [ 174.7052268, -36.8959588 ], [ 174.7053264, -36.8957746 ], [ 174.7053832, -36.8957094 ] ] ], [ [ [ 174.6995711, -36.8959126 ], [ 174.6995379, -36.8960396 ], [ 174.6992843, -36.8960372 ], [ 174.699257, -36.8961679 ], [ 174.6992563, -36.8964207 ], [ 174.6992988, -36.8964923 ], [ 174.7009127, -36.8965076 ], [ 174.700927, -36.8964957 ], [ 174.7008297, -36.8948378 ], [ 174.7002967, -36.8951106 ], [ 174.7001234, -36.8952142 ], [ 174.6999953, -36.8953098 ], [ 174.6998601, -36.8954365 ], [ 174.699747, -36.8955775 ], [ 174.6996411, -36.8957482 ], [ 174.6995711, -36.8959126 ] ] ], [ [ [ 174.6990024, -36.8946705 ], [ 174.6990236, -36.8950604 ], [ 174.699541, -36.8946779 ], [ 174.6994979, -36.8945887 ], [ 174.6992263, -36.8946734 ], [ 174.6990024, -36.8946705 ] ] ], [ [ [ 174.7052081, -36.8937942 ], [ 174.7050165, -36.8936876 ], [ 174.7048076, -36.8936045 ], [ 174.704586, -36.8935465 ], [ 174.7043562, -36.8935149 ], [ 174.7041947, -36.8935118 ], [ 174.7040505, -36.8936147 ], [ 174.7050084, -36.8942598 ], [ 174.7050558, -36.8942565 ], [ 174.7053937, -36.8939332 ], [ 174.7052081, -36.8937942 ] ] ], [ [ [ 174.7007878, -36.8939925 ], [ 174.7007293, -36.8930008 ], [ 174.699601, -36.8930445 ], [ 174.6996803, -36.8943379 ], [ 174.7007878, -36.8939925 ] ] ], [ [ [ 174.7018098, -36.8940383 ], [ 174.7018159, -36.8940519 ], [ 174.7021376, -36.8938974 ], [ 174.7024177, -36.8937071 ], [ 174.7024987, -36.8936222 ], [ 174.7026088, -36.893444 ], [ 174.7026116, -36.8934337 ], [ 174.7025844, -36.8934345 ], [ 174.7025747, -36.8932143 ], [ 174.7027193, -36.8932099 ], [ 174.7022722, -36.8925957 ], [ 174.7009675, -36.89265 ], [ 174.7009351, -36.8926788 ], [ 174.701019, -36.8940188 ], [ 174.7018098, -36.8940383 ] ] ], [ [ [ 174.7022846, -36.8925727 ], [ 174.7028059, -36.8929051 ], [ 174.7031107, -36.8929516 ], [ 174.7031919, -36.8928385 ], [ 174.7033345, -36.8927773 ], [ 174.7034349, -36.8928069 ], [ 174.7035256, -36.8928038 ], [ 174.7035762, -36.8927825 ], [ 174.7036668, -36.8926514 ], [ 174.7029775, -36.8919935 ], [ 174.7028757, -36.8918014 ], [ 174.7022378, -36.891825 ], [ 174.7022846, -36.8925727 ] ] ], [ [ [ 174.700718, -36.8928198 ], [ 174.7006038, -36.8910077 ], [ 174.6994735, -36.8910518 ], [ 174.6995898, -36.8928634 ], [ 174.700718, -36.8928198 ] ] ], [ [ [ 174.7020152, -36.8924249 ], [ 174.7020476, -36.8923961 ], [ 174.7019732, -36.8912133 ], [ 174.7019373, -36.891186 ], [ 174.700893, -36.8911929 ], [ 174.7008442, -36.8912344 ], [ 174.7009212, -36.8924489 ], [ 174.7009648, -36.8924815 ], [ 174.7020152, -36.8924249 ] ] ], [ [ [ 174.6992396, -36.890879 ], [ 174.6991837, -36.8899729 ], [ 174.698053, -36.8900174 ], [ 174.698111, -36.8909214 ], [ 174.6992396, -36.890879 ] ] ], [ [ [ 174.7005263, -36.8897394 ], [ 174.6993981, -36.8897838 ], [ 174.6994654, -36.8908705 ], [ 174.7005645, -36.8908278 ], [ 174.7005922, -36.8908046 ], [ 174.7005263, -36.8897394 ] ] ], [ [ [ 174.7062753, -36.8886656 ], [ 174.708035, -36.8903101 ], [ 174.7083662, -36.8899875 ], [ 174.7071443, -36.8888456 ], [ 174.7066246, -36.8879853 ], [ 174.7060093, -36.8882252 ], [ 174.7062753, -36.8886656 ] ] ], [ [ [ 174.7158949, -36.884187 ], [ 174.7161446, -36.884356 ], [ 174.7161668, -36.8843338 ], [ 174.7162429, -36.8843843 ], [ 174.7162207, -36.8844062 ], [ 174.7173628, -36.8851807 ], [ 174.7187481, -36.8838551 ], [ 174.7172944, -36.8828692 ], [ 174.7158949, -36.884187 ] ] ], [ [ [ 174.7159107, -36.8834081 ], [ 174.7161906, -36.8835971 ], [ 174.7162587, -36.88356 ], [ 174.7165343, -36.8832993 ], [ 174.7162587, -36.8831243 ], [ 174.7161922, -36.8831405 ], [ 174.7159107, -36.8834081 ] ] ], [ [ [ 174.7155788, -36.8837237 ], [ 174.715449, -36.8836346 ], [ 174.7154985, -36.8835786 ], [ 174.7155867, -36.8836098 ], [ 174.7162243, -36.8830036 ], [ 174.7165894, -36.8832468 ], [ 174.7167605, -36.8830842 ], [ 174.7162394, -36.8827229 ], [ 174.7167612, -36.8830835 ], [ 174.7170923, -36.8827687 ], [ 174.7165302, -36.8823832 ], [ 174.7161205, -36.8821021 ], [ 174.7157483, -36.8830797 ], [ 174.7156654, -36.8832559 ], [ 174.7154937, -36.8835272 ], [ 174.7152828, -36.8837654 ], [ 174.715546, -36.8839433 ], [ 174.7161645, -36.8836112 ], [ 174.7158931, -36.8834249 ], [ 174.7155788, -36.8837237 ] ] ], [ [ [ 174.7153006, -36.8834324 ], [ 174.7154656, -36.8831743 ], [ 174.7159395, -36.8819703 ], [ 174.7157968, -36.8818336 ], [ 174.7152361, -36.8827402 ], [ 174.7146269, -36.8832725 ], [ 174.7146678, -36.8833138 ], [ 174.7151279, -36.8836248 ], [ 174.7153006, -36.8834324 ] ] ], [ [ [ 174.7138871, -36.8828221 ], [ 174.7144379, -36.8831943 ], [ 174.7145364, -36.8831893 ], [ 174.7151227, -36.8826774 ], [ 174.7153231, -36.8823545 ], [ 174.7152889, -36.8823311 ], [ 174.7154558, -36.8820599 ], [ 174.715489, -36.8820835 ], [ 174.7157011, -36.8817417 ], [ 174.7155673, -36.8816133 ], [ 174.7151993, -36.8818774 ], [ 174.7152198, -36.8818919 ], [ 174.7149422, -36.882095 ], [ 174.7149212, -36.8820807 ], [ 174.7138871, -36.8828221 ] ] ], [ [ [ 174.7134254, -36.8820037 ], [ 174.7132766, -36.8819031 ], [ 174.7131174, -36.8820558 ], [ 174.7131355, -36.882068 ], [ 174.7129848, -36.8822125 ], [ 174.7137522, -36.8827313 ], [ 174.7140097, -36.8825465 ], [ 174.7139886, -36.8825325 ], [ 174.7154246, -36.8815062 ], [ 174.7146527, -36.881009 ], [ 174.7137053, -36.8815926 ], [ 174.7137765, -36.8816671 ], [ 174.7134254, -36.8820037 ] ] ], [ [ [ 174.7164097, -36.8813696 ], [ 174.7161916, -36.8819123 ], [ 174.7172365, -36.882629 ], [ 174.7178765, -36.8820113 ], [ 174.7169606, -36.8813927 ], [ 174.7167914, -36.8814844 ], [ 174.7166175, -36.8816388 ], [ 174.7164984, -36.8815587 ], [ 174.7168883, -36.8812781 ], [ 174.7169124, -36.8812417 ], [ 174.7168027, -36.8811675 ], [ 174.7168456, -36.8811265 ], [ 174.7168622, -36.881076 ], [ 174.7169798, -36.8809464 ], [ 174.7169758, -36.8809203 ], [ 174.7167931, -36.8807968 ], [ 174.7165983, -36.8810295 ], [ 174.7165286, -36.8811404 ], [ 174.7164097, -36.8813696 ] ] ], [ [ [ 174.7120978, -36.881534 ], [ 174.7122561, -36.8817199 ], [ 174.7129284, -36.8821744 ], [ 174.7132383, -36.8818773 ], [ 174.7131052, -36.8817873 ], [ 174.7133846, -36.8815194 ], [ 174.7135516, -36.8816375 ], [ 174.7136758, -36.881561 ], [ 174.7135697, -36.8814477 ], [ 174.7145608, -36.8808371 ], [ 174.7143454, -36.8802759 ], [ 174.7143132, -36.8802531 ], [ 174.7126542, -36.8804932 ], [ 174.7117769, -36.8807063 ], [ 174.7120978, -36.881534 ] ] ], [ [ [ 174.7154646, -36.881292 ], [ 174.715501, -36.8812882 ], [ 174.7156581, -36.8811161 ], [ 174.7163341, -36.8800194 ], [ 174.7162971, -36.8799794 ], [ 174.7145939, -36.8802144 ], [ 174.7145683, -36.8802462 ], [ 174.7148141, -36.8808807 ], [ 174.7154646, -36.881292 ] ] ], [ [ [ 174.7156825, -36.8814419 ], [ 174.7160151, -36.8817606 ], [ 174.7161981, -36.8813067 ], [ 174.7163236, -36.8810647 ], [ 174.7164836, -36.8808101 ], [ 174.7167663, -36.8804135 ], [ 174.7169678, -36.8802259 ], [ 174.7179894, -36.8790971 ], [ 174.7182962, -36.8787884 ], [ 174.7186371, -36.8785033 ], [ 174.7187868, -36.8783991 ], [ 174.7178635, -36.8777678 ], [ 174.7173094, -36.8782908 ], [ 174.7180482, -36.8787959 ], [ 174.7179018, -36.8789339 ], [ 174.7177846, -36.878854 ], [ 174.7175182, -36.8791055 ], [ 174.7169149, -36.879771 ], [ 174.7166396, -36.8799323 ], [ 174.7158518, -36.8812105 ], [ 174.7156773, -36.8814016 ], [ 174.7156825, -36.8814419 ] ] ], [ [ [ 174.7166943, -36.8787732 ], [ 174.7167554, -36.8787649 ], [ 174.7166876, -36.8784537 ], [ 174.7147208, -36.8787301 ], [ 174.7146933, -36.8787616 ], [ 174.7149534, -36.8799807 ], [ 174.7165491, -36.8797611 ], [ 174.7167532, -36.8796415 ], [ 174.7173387, -36.8789956 ], [ 174.7176128, -36.8787365 ], [ 174.7171393, -36.8784128 ], [ 174.7169058, -36.8784453 ], [ 174.716944, -36.8787394 ], [ 174.7169689, -36.8787555 ], [ 174.7167429, -36.8790107 ], [ 174.7165892, -36.8789624 ], [ 174.7166943, -36.8787732 ] ] ], [ [ [ 174.7117262, -36.8805288 ], [ 174.7126014, -36.8803166 ], [ 174.7147309, -36.8800112 ], [ 174.7144711, -36.8787928 ], [ 174.714432, -36.8787707 ], [ 174.7131017, -36.8789578 ], [ 174.7130728, -36.8788225 ], [ 174.7161626, -36.8783881 ], [ 174.716074, -36.8777068 ], [ 174.7160298, -36.8776799 ], [ 174.7150469, -36.8778183 ], [ 174.7142528, -36.8778255 ], [ 174.7110398, -36.878271 ], [ 174.7113151, -36.8795131 ], [ 174.7117048, -36.8805197 ], [ 174.7117262, -36.8805288 ] ] ], [ [ [ 174.7163855, -36.8783566 ], [ 174.7168849, -36.8782864 ], [ 174.7168821, -36.8782645 ], [ 174.7170683, -36.8782387 ], [ 174.7171391, -36.8781717 ], [ 174.7170093, -36.8781089 ], [ 174.7169358, -36.8780582 ], [ 174.7167639, -36.8780799 ], [ 174.7167544, -36.8779991 ], [ 174.7163436, -36.8780342 ], [ 174.7163855, -36.8783566 ] ] ], [ [ [ 174.7141897, -36.876587 ], [ 174.714005, -36.8766334 ], [ 174.7108206, -36.8770752 ], [ 174.7107927, -36.8771069 ], [ 174.7110017, -36.8780924 ], [ 174.7142321, -36.8776444 ], [ 174.7144144, -36.877643 ], [ 174.7141897, -36.876587 ] ] ], [ [ [ 174.7160062, -36.8774992 ], [ 174.7160419, -36.8774612 ], [ 174.7159614, -36.8768414 ], [ 174.7159172, -36.8768145 ], [ 174.7148822, -36.876958 ], [ 174.7148529, -36.8768227 ], [ 174.7158992, -36.8766776 ], [ 174.7159352, -36.8766396 ], [ 174.7158876, -36.8762743 ], [ 174.7157722, -36.8757371 ], [ 174.7157247, -36.8757051 ], [ 174.7151465, -36.8757102 ], [ 174.7150202, -36.8757409 ], [ 174.714922, -36.8757915 ], [ 174.7148143, -36.8758984 ], [ 174.7145373, -36.8763153 ], [ 174.7146049, -36.8763503 ], [ 174.7145018, -36.8764796 ], [ 174.7144401, -36.8764335 ], [ 174.7143981, -36.87647 ], [ 174.7145198, -36.8766047 ], [ 174.7144461, -36.8766506 ], [ 174.7143259, -36.8765208 ], [ 174.7142153, -36.8765769 ], [ 174.7144422, -36.8776427 ], [ 174.7150259, -36.8776371 ], [ 174.7160062, -36.8774992 ] ] ], [ [ [ 174.7134382, -36.8761603 ], [ 174.7134711, -36.8763131 ], [ 174.7132819, -36.8763393 ], [ 174.7133258, -36.8765437 ], [ 174.7140362, -36.8764411 ], [ 174.7141614, -36.8763926 ], [ 174.714263, -36.8763209 ], [ 174.7143167, -36.8762612 ], [ 174.7145611, -36.8758934 ], [ 174.7145647, -36.8758383 ], [ 174.7145321, -36.8757986 ], [ 174.7143548, -36.8756919 ], [ 174.7142609, -36.8755964 ], [ 174.7138048, -36.8757343 ], [ 174.713883, -36.8760987 ], [ 174.7134718, -36.8761557 ], [ 174.713395, -36.8757984 ], [ 174.7120273, -36.8759882 ], [ 174.7121808, -36.8767028 ], [ 174.7132927, -36.8765483 ], [ 174.7132159, -36.8761911 ], [ 174.7134382, -36.8761603 ] ] ], [ [ [ 174.7172159, -36.8760819 ], [ 174.7166496, -36.8757033 ], [ 174.7160346, -36.8757046 ], [ 174.7160009, -36.8757368 ], [ 174.7160528, -36.875979 ], [ 174.7166554, -36.8760066 ], [ 174.7166212, -36.8761508 ], [ 174.716933, -36.8763556 ], [ 174.7172159, -36.8760819 ] ] ], [ [ [ 174.7180101, -36.8754022 ], [ 174.7169378, -36.8746728 ], [ 174.7158209, -36.8747072 ], [ 174.7157873, -36.8747405 ], [ 174.7159482, -36.8754913 ], [ 174.7159958, -36.8755233 ], [ 174.7167308, -36.8755217 ], [ 174.7174226, -36.8759843 ], [ 174.7177262, -36.8756912 ], [ 174.7177158, -36.8756842 ], [ 174.7180101, -36.8754022 ] ] ], [ [ [ 174.7142465, -36.875577 ], [ 174.7141756, -36.8754339 ], [ 174.7140982, -36.8750823 ], [ 174.7136771, -36.8751407 ], [ 174.7136659, -36.8750888 ], [ 174.7134814, -36.8751144 ], [ 174.7134679, -36.8750516 ], [ 174.7132859, -36.8750769 ], [ 174.7132477, -36.8748993 ], [ 174.711823, -36.8750969 ], [ 174.7118928, -36.8754551 ], [ 174.7118181, -36.8754654 ], [ 174.7118949, -36.8758227 ], [ 174.7137678, -36.8755628 ], [ 174.7138001, -36.8757122 ], [ 174.7142465, -36.875577 ] ] ], [ [ [ 174.7147978, -36.8753063 ], [ 174.7147025, -36.8748916 ], [ 174.7142578, -36.8749534 ], [ 174.7143551, -36.8753996 ], [ 174.7147978, -36.8753063 ] ] ], [ [ [ 174.7157196, -36.8754917 ], [ 174.7155322, -36.874618 ], [ 174.7150314, -36.8746899 ], [ 174.7151377, -36.875184 ], [ 174.7149591, -36.8752088 ], [ 174.7150418, -36.8755426 ], [ 174.7151825, -36.8755255 ], [ 174.7156859, -36.8755239 ], [ 174.7157196, -36.8754917 ] ] ], [ [ [ 174.7144391, -36.8731564 ], [ 174.7137871, -36.8732627 ], [ 174.7138777, -36.8735068 ], [ 174.713947, -36.873508 ], [ 174.7142346, -36.8748451 ], [ 174.7146792, -36.8747834 ], [ 174.7144067, -36.8735163 ], [ 174.7146322, -36.8735204 ], [ 174.7146271, -36.8734451 ], [ 174.7144391, -36.8731564 ] ] ], [ [ [ 174.7135758, -36.8746699 ], [ 174.7139152, -36.8746212 ], [ 174.713956, -36.8745982 ], [ 174.7139802, -36.8745545 ], [ 174.7137589, -36.8735046 ], [ 174.7134162, -36.8734985 ], [ 174.7134177, -36.8734444 ], [ 174.7136869, -36.8734493 ], [ 174.7137986, -36.8734282 ], [ 174.7137057, -36.8731779 ], [ 174.7132519, -36.8732046 ], [ 174.7131969, -36.8732768 ], [ 174.7132428, -36.8734953 ], [ 174.7133235, -36.8734967 ], [ 174.7135758, -36.8746699 ] ] ], [ [ [ 174.7193271, -36.8828875 ], [ 174.7189986, -36.8826739 ], [ 174.7187481, -36.8822798 ], [ 174.71837, -36.8823352 ], [ 174.7184814, -36.8829651 ], [ 174.7185292, -36.8829973 ], [ 174.7186102, -36.8829199 ], [ 174.719014, -36.8831899 ], [ 174.7193271, -36.8828875 ] ] ], [ [ [ 174.7254828, -36.8825033 ], [ 174.7244337, -36.8817987 ], [ 174.7240161, -36.8822993 ], [ 174.725064, -36.8830046 ], [ 174.7254828, -36.8825033 ] ] ], [ [ [ 174.720223, -36.8820752 ], [ 174.7202083, -36.8821193 ], [ 174.720641, -36.8824097 ], [ 174.7208991, -36.8822421 ], [ 174.7213028, -36.8822826 ], [ 174.7213779, -36.8822129 ], [ 174.7218828, -36.8818914 ], [ 174.7219231, -36.8819644 ], [ 174.7226004, -36.8817363 ], [ 174.7225008, -36.8816364 ], [ 174.7226906, -36.8814342 ], [ 174.7225098, -36.8813169 ], [ 174.7203024, -36.882064 ], [ 174.720223, -36.8820752 ] ] ], [ [ [ 174.7180878, -36.8821912 ], [ 174.7196358, -36.8819702 ], [ 174.7188305, -36.88142 ], [ 174.7187819, -36.8814198 ], [ 174.7180396, -36.8821371 ], [ 174.7180356, -36.8821526 ], [ 174.7180512, -36.8821811 ], [ 174.7180878, -36.8821912 ] ] ], [ [ [ 174.7252634, -36.8803889 ], [ 174.7227011, -36.8812519 ], [ 174.7235147, -36.8817949 ], [ 174.7238229, -36.8814936 ], [ 174.7237387, -36.8814487 ], [ 174.7244674, -36.8809682 ], [ 174.7247201, -36.8808397 ], [ 174.7248497, -36.8809733 ], [ 174.7253194, -36.8804088 ], [ 174.7252634, -36.8803889 ] ] ], [ [ [ 174.7199364, -36.8819322 ], [ 174.7202384, -36.8818891 ], [ 174.7216175, -36.881422 ], [ 174.7199591, -36.88029 ], [ 174.71897, -36.8812413 ], [ 174.718975, -36.881288 ], [ 174.7199364, -36.8819322 ] ] ], [ [ [ 174.7261113, -36.8799743 ], [ 174.7257507, -36.8802167 ], [ 174.7255739, -36.8804294 ], [ 174.7259263, -36.8806185 ], [ 174.7260383, -36.8804839 ], [ 174.7263983, -36.8806539 ], [ 174.7262739, -36.8802391 ], [ 174.7262473, -36.8802442 ], [ 174.7261726, -36.8799895 ], [ 174.7261113, -36.8799743 ] ] ], [ [ [ 174.7229479, -36.8802543 ], [ 174.7236498, -36.8807359 ], [ 174.7242891, -36.8805204 ], [ 174.7237662, -36.8801615 ], [ 174.7238663, -36.8800672 ], [ 174.7234477, -36.8797788 ], [ 174.7229479, -36.8802543 ] ] ], [ [ [ 174.7210838, -36.8792109 ], [ 174.7201038, -36.8801508 ], [ 174.7218505, -36.8813431 ], [ 174.7223174, -36.8811851 ], [ 174.7218635, -36.8808751 ], [ 174.7229657, -36.8805042 ], [ 174.7222533, -36.8800145 ], [ 174.7220561, -36.8801997 ], [ 174.7219074, -36.8800967 ], [ 174.7220168, -36.879994 ], [ 174.7220657, -36.8798857 ], [ 174.7210838, -36.8792109 ] ] ], [ [ [ 174.7251684, -36.8802237 ], [ 174.7249815, -36.8800959 ], [ 174.724746, -36.8802329 ], [ 174.7248766, -36.8803225 ], [ 174.7251684, -36.8802237 ] ] ], [ [ [ 174.7271725, -36.8809227 ], [ 174.7272018, -36.8809279 ], [ 174.7272376, -36.8807824 ], [ 174.7272676, -36.8807878 ], [ 174.7273485, -36.8804584 ], [ 174.7276582, -36.8803623 ], [ 174.7275033, -36.8802135 ], [ 174.728704, -36.8794166 ], [ 174.7280085, -36.8787517 ], [ 174.727877, -36.8787805 ], [ 174.7264382, -36.8797537 ], [ 174.7263931, -36.8798636 ], [ 174.7266248, -36.8806354 ], [ 174.7265989, -36.8812524 ], [ 174.7268539, -36.8812594 ], [ 174.7270798, -36.8812999 ], [ 174.7271725, -36.8809227 ] ] ], [ [ [ 174.7185767, -36.879454 ], [ 174.7185428, -36.8793932 ], [ 174.7185654, -36.8793262 ], [ 174.7186055, -36.8792968 ], [ 174.7187136, -36.8792556 ], [ 174.7194092, -36.8785866 ], [ 174.7205955, -36.8793967 ], [ 174.7212538, -36.8787651 ], [ 174.7200297, -36.8779404 ], [ 174.7199052, -36.8779885 ], [ 174.7195617, -36.8781504 ], [ 174.7191494, -36.8783876 ], [ 174.7187934, -36.8786352 ], [ 174.7184672, -36.8789083 ], [ 174.7181732, -36.8792043 ], [ 174.7168202, -36.8807098 ], [ 174.7173458, -36.8810648 ], [ 174.7171313, -36.8812711 ], [ 174.7179818, -36.8818457 ], [ 174.7180539, -36.8818406 ], [ 174.718561, -36.8813525 ], [ 174.7185539, -36.8812885 ], [ 174.7174542, -36.8805457 ], [ 174.7174331, -36.8805075 ], [ 174.7174341, -36.8804663 ], [ 174.7174579, -36.88043 ], [ 174.717498, -36.880405 ], [ 174.7175488, -36.8803968 ], [ 174.7175991, -36.8804067 ], [ 174.7186985, -36.8811492 ], [ 174.7187778, -36.8811436 ], [ 174.7204508, -36.8795358 ], [ 174.7194192, -36.8788314 ], [ 174.7193235, -36.878838 ], [ 174.7188186, -36.8793258 ], [ 174.7187838, -36.8794269 ], [ 174.7187425, -36.8794673 ], [ 174.718658, -36.8794859 ], [ 174.7185767, -36.879454 ] ] ], [ [ [ 174.7222576, -36.8780863 ], [ 174.7212285, -36.8790718 ], [ 174.7229155, -36.8802307 ], [ 174.7232992, -36.8798658 ], [ 174.7231019, -36.8797297 ], [ 174.7232596, -36.8795798 ], [ 174.7232098, -36.8795462 ], [ 174.7231439, -36.8796091 ], [ 174.7229874, -36.879513 ], [ 174.7230505, -36.8794533 ], [ 174.7230248, -36.8794358 ], [ 174.7232594, -36.8792135 ], [ 174.7225267, -36.8787109 ], [ 174.722797, -36.8784565 ], [ 174.7222576, -36.8780863 ] ] ], [ [ [ 174.7253494, -36.8774371 ], [ 174.7251095, -36.8776603 ], [ 174.7257634, -36.8781139 ], [ 174.726896, -36.8792077 ], [ 174.7277539, -36.8786269 ], [ 174.727131, -36.8780313 ], [ 174.7269662, -36.8777545 ], [ 174.7260514, -36.8779244 ], [ 174.7253494, -36.8774371 ] ] ], [ [ [ 174.7202529, -36.8778543 ], [ 174.7213989, -36.8786263 ], [ 174.7223524, -36.8777117 ], [ 174.7223483, -36.8776772 ], [ 174.7219974, -36.8774471 ], [ 174.7207129, -36.8777109 ], [ 174.7202529, -36.8778543 ] ] ], [ [ [ 174.7238384, -36.8774617 ], [ 174.7238491, -36.8775187 ], [ 174.7238977, -36.8775426 ], [ 174.724, -36.8774314 ], [ 174.7239759, -36.8773716 ], [ 174.7240244, -36.8773574 ], [ 174.7240086, -36.8773133 ], [ 174.7237469, -36.8773906 ], [ 174.7235716, -36.8772246 ], [ 174.7230537, -36.8773199 ], [ 174.7224024, -36.8779472 ], [ 174.7230738, -36.8784079 ], [ 174.7234269, -36.8780755 ], [ 174.7236654, -36.8782399 ], [ 174.7239197, -36.8780141 ], [ 174.7236406, -36.8778219 ], [ 174.7237278, -36.8777272 ], [ 174.7235701, -36.8776185 ], [ 174.7235675, -36.8775965 ], [ 174.7235472, -36.8775825 ], [ 174.72368, -36.8774704 ], [ 174.7237378, -36.8774404 ], [ 174.7237985, -36.8774337 ], [ 174.7238384, -36.8774617 ] ] ], [ [ [ 174.7186139, -36.877053 ], [ 174.7180099, -36.8776296 ], [ 174.7189594, -36.8782791 ], [ 174.7194386, -36.8779976 ], [ 174.7197995, -36.8778274 ], [ 174.7200436, -36.8777332 ], [ 174.7196203, -36.8775465 ], [ 174.7194597, -36.8776853 ], [ 174.7193556, -36.8776141 ], [ 174.7193693, -36.8775623 ], [ 174.719341, -36.8775144 ], [ 174.718662, -36.8770497 ], [ 174.7186139, -36.877053 ] ] ], [ [ [ 174.7167923, -36.8775767 ], [ 174.7167606, -36.8777753 ], [ 174.7168317, -36.877779 ], [ 174.7169709, -36.8778769 ], [ 174.7169192, -36.8779243 ], [ 174.7169247, -36.878027 ], [ 174.7170162, -36.8781017 ], [ 174.7171465, -36.8781648 ], [ 174.7176917, -36.8776502 ], [ 174.7167154, -36.8769826 ], [ 174.7167583, -36.8773138 ], [ 174.7168125, -36.8774883 ], [ 174.7167843, -36.8775148 ], [ 174.7167923, -36.8775767 ] ] ], [ [ [ 174.7222758, -36.8773883 ], [ 174.7225203, -36.8775534 ], [ 174.7227947, -36.877285 ], [ 174.7222758, -36.8773883 ] ] ], [ [ [ 174.7253857, -36.8771262 ], [ 174.7254969, -36.8773001 ], [ 174.7261123, -36.8777273 ], [ 174.726699, -36.8776182 ], [ 174.7264058, -36.8773378 ], [ 174.7263797, -36.8773555 ], [ 174.7262697, -36.8772504 ], [ 174.7262959, -36.8772327 ], [ 174.7257906, -36.8767497 ], [ 174.7254704, -36.8767815 ], [ 174.724816, -36.8769122 ], [ 174.7252741, -36.8772301 ], [ 174.7253857, -36.8771262 ] ] ], [ [ [ 174.7204875, -36.8770659 ], [ 174.7204177, -36.8771281 ], [ 174.7206002, -36.8774568 ], [ 174.7204714, -36.8775898 ], [ 174.7206439, -36.8775378 ], [ 174.7210536, -36.8774458 ], [ 174.7217834, -36.8773 ], [ 174.7208981, -36.8767198 ], [ 174.7205229, -36.8770896 ], [ 174.7204875, -36.8770659 ] ] ], [ [ [ 174.7203189, -36.8771508 ], [ 174.7202443, -36.8771386 ], [ 174.7201879, -36.8771084 ], [ 174.7201479, -36.8770632 ], [ 174.7201318, -36.8770175 ], [ 174.7201347, -36.8769681 ], [ 174.7201618, -36.8769164 ], [ 174.7202073, -36.8768781 ], [ 174.7196, -36.876471 ], [ 174.7196745, -36.8763988 ], [ 174.7194528, -36.8762506 ], [ 174.7193014, -36.8763957 ], [ 174.7195694, -36.8765748 ], [ 174.719543, -36.8766001 ], [ 174.7193142, -36.8764472 ], [ 174.7191223, -36.8766297 ], [ 174.7190841, -36.8766041 ], [ 174.7187823, -36.8768937 ], [ 174.7187667, -36.8769423 ], [ 174.7187908, -36.8769753 ], [ 174.7194527, -36.8774275 ], [ 174.7194994, -36.8774417 ], [ 174.7195392, -36.8774391 ], [ 174.7196071, -36.8773965 ], [ 174.7197112, -36.8774678 ], [ 174.7196322, -36.8775361 ], [ 174.7200369, -36.8777147 ], [ 174.7200575, -36.8777073 ], [ 174.7201748, -36.8775355 ], [ 174.7204997, -36.8774374 ], [ 174.7205214, -36.8773957 ], [ 174.7203807, -36.8771423 ], [ 174.7203189, -36.8771508 ] ] ], [ [ [ 174.717259, -36.8765756 ], [ 174.7170202, -36.876413 ], [ 174.7169898, -36.8764427 ], [ 174.7169687, -36.8764289 ], [ 174.7168135, -36.8768119 ], [ 174.7178379, -36.8775121 ], [ 174.7184405, -36.8769371 ], [ 174.7184362, -36.8768983 ], [ 174.7175428, -36.8763011 ], [ 174.717259, -36.8765756 ] ] ], [ [ [ 174.7233605, -36.8758423 ], [ 174.7237772, -36.8754631 ], [ 174.7236632, -36.8753727 ], [ 174.7233969, -36.875242 ], [ 174.7233374, -36.8752622 ], [ 174.7216507, -36.8769256 ], [ 174.7216581, -36.8769837 ], [ 174.7220571, -36.8772447 ], [ 174.7230352, -36.877049 ], [ 174.7239077, -36.8762091 ], [ 174.7233605, -36.8758423 ] ] ], [ [ [ 174.7252886, -36.8765574 ], [ 174.7258104, -36.8765559 ], [ 174.7258922, -36.8763401 ], [ 174.7258466, -36.8762378 ], [ 174.725768, -36.8759861 ], [ 174.7257034, -36.875857 ], [ 174.7256765, -36.8756229 ], [ 174.724705, -36.8766612 ], [ 174.7246671, -36.876473 ], [ 174.7247582, -36.876377 ], [ 174.7247511, -36.8763641 ], [ 174.7247648, -36.8763358 ], [ 174.7248213, -36.8763068 ], [ 174.7255299, -36.87555 ], [ 174.7250182, -36.8754272 ], [ 174.7234043, -36.8769768 ], [ 174.7240459, -36.8768513 ], [ 174.7246983, -36.8766685 ], [ 174.7252886, -36.8765574 ] ] ], [ [ [ 174.7176853, -36.8761599 ], [ 174.7185821, -36.8767598 ], [ 174.7186302, -36.8767563 ], [ 174.7191843, -36.8762258 ], [ 174.7191799, -36.8761871 ], [ 174.7182819, -36.8755863 ], [ 174.7176853, -36.8761599 ] ] ], [ [ [ 174.7193023, -36.8755431 ], [ 174.7187392, -36.8751638 ], [ 174.7184367, -36.8754537 ], [ 174.7190014, -36.8758316 ], [ 174.7193023, -36.8755431 ] ] ], [ [ [ 174.7249698, -36.8751353 ], [ 174.7247165, -36.8749642 ], [ 174.7244745, -36.8751954 ], [ 174.7241871, -36.8750013 ], [ 174.7238453, -36.8755171 ], [ 174.7240053, -36.8756438 ], [ 174.724117, -36.875537 ], [ 174.7244082, -36.8757282 ], [ 174.7249753, -36.8751864 ], [ 174.7249698, -36.8751353 ] ] ], [ [ [ 174.7235474, -36.873382 ], [ 174.723368, -36.8733021 ], [ 174.7233107, -36.8733179 ], [ 174.7227027, -36.8745336 ], [ 174.7213156, -36.8759021 ], [ 174.7216604, -36.8761276 ], [ 174.7211377, -36.876643 ], [ 174.7214223, -36.8768293 ], [ 174.7214765, -36.8768408 ], [ 174.7215184, -36.8768212 ], [ 174.7230682, -36.875293 ], [ 174.7226766, -36.875248 ], [ 174.7225903, -36.8751664 ], [ 174.7230609, -36.8747021 ], [ 174.7235407, -36.8737244 ], [ 174.7233652, -36.8736463 ], [ 174.7235474, -36.873382 ] ] ], [ [ [ 174.718459, -36.8749751 ], [ 174.7183228, -36.8748833 ], [ 174.7186214, -36.8745971 ], [ 174.7179248, -36.8741278 ], [ 174.7178911, -36.8741302 ], [ 174.7173244, -36.8746731 ], [ 174.7173274, -36.8747002 ], [ 174.7181571, -36.8752643 ], [ 174.718459, -36.8749751 ] ] ], [ [ [ 174.7229539, -36.8735272 ], [ 174.7232492, -36.8729724 ], [ 174.7232655, -36.8727171 ], [ 174.7232271, -36.8726653 ], [ 174.7229061, -36.8725423 ], [ 174.7227085, -36.8728755 ], [ 174.7228398, -36.8729733 ], [ 174.7226907, -36.8732247 ], [ 174.7208254, -36.8725102 ], [ 174.7199114, -36.8731549 ], [ 174.7194962, -36.8738279 ], [ 174.7198654, -36.8737905 ], [ 174.7200766, -36.8738105 ], [ 174.7204315, -36.8739811 ], [ 174.7209477, -36.8740934 ], [ 174.7214132, -36.8742627 ], [ 174.7216201, -36.8742489 ], [ 174.7218791, -36.8744938 ], [ 174.7205587, -36.8757966 ], [ 174.7209032, -36.8760221 ], [ 174.7225054, -36.8744406 ], [ 174.7229539, -36.8735272 ] ] ], [ [ [ 174.7180668, -36.8739619 ], [ 174.7180698, -36.873989 ], [ 174.7187744, -36.8744636 ], [ 174.7190951, -36.8741563 ], [ 174.7183721, -36.8736693 ], [ 174.7180668, -36.8739619 ] ] ], [ [ [ 174.7161225, -36.873958 ], [ 174.7161112, -36.8745162 ], [ 174.7170165, -36.8744884 ], [ 174.7171187, -36.8745582 ], [ 174.7171525, -36.874556 ], [ 174.7182865, -36.8734693 ], [ 174.7179865, -36.8731219 ], [ 174.7179549, -36.8731116 ], [ 174.7178299, -36.8731266 ], [ 174.7176894, -36.8731099 ], [ 174.7176392, -36.87312 ], [ 174.7176225, -36.8731403 ], [ 174.7176126, -36.8732284 ], [ 174.7178577, -36.8733935 ], [ 174.7177259, -36.8735197 ], [ 174.7175461, -36.8733987 ], [ 174.7174389, -36.8735414 ], [ 174.7174324, -36.873578 ], [ 174.7174545, -36.8736333 ], [ 174.7174645, -36.8737736 ], [ 174.7174166, -36.8738681 ], [ 174.7173789, -36.8739118 ], [ 174.7172586, -36.873966 ], [ 174.717137, -36.8740423 ], [ 174.717101, -36.8741239 ], [ 174.7169682, -36.8742319 ], [ 174.7169504, -36.8742398 ], [ 174.7168971, -36.8742355 ], [ 174.7168395, -36.8741707 ], [ 174.7167393, -36.8741183 ], [ 174.716628, -36.8739603 ], [ 174.7166015, -36.8738973 ], [ 174.7165272, -36.8738646 ], [ 174.7164009, -36.873872 ], [ 174.7162633, -36.8738992 ], [ 174.71619, -36.8739214 ], [ 174.7161225, -36.873958 ] ] ], [ [ [ 174.7237684, -36.8730276 ], [ 174.7242614, -36.8730762 ], [ 174.7242136, -36.8731072 ], [ 174.7245276, -36.8732867 ], [ 174.7245963, -36.8733551 ], [ 174.724691, -36.8735648 ], [ 174.7254053, -36.8739579 ], [ 174.7253895, -36.873583 ], [ 174.7243567, -36.8730144 ], [ 174.7244654, -36.8723004 ], [ 174.72443, -36.8722491 ], [ 174.7236281, -36.8719482 ], [ 174.7235818, -36.8719689 ], [ 174.7235083, -36.8724514 ], [ 174.7234724, -36.8730141 ], [ 174.7234353, -36.8730837 ], [ 174.7234571, -36.8731346 ], [ 174.7236388, -36.8732155 ], [ 174.7237684, -36.8730276 ] ] ], [ [ [ 174.72538, -36.8726425 ], [ 174.7253458, -36.8726013 ], [ 174.7250315, -36.8725708 ], [ 174.7246681, -36.8724623 ], [ 174.7246028, -36.872891 ], [ 174.7246346, -36.8729475 ], [ 174.7252288, -36.8732746 ], [ 174.7253309, -36.8732772 ], [ 174.7253535, -36.872977 ], [ 174.7253308, -36.8729645 ], [ 174.7253584, -36.8729157 ], [ 174.72538, -36.8726425 ] ] ], [ [ [ 174.7264657, -36.8724824 ], [ 174.7257456, -36.8722121 ], [ 174.7257535, -36.8719094 ], [ 174.7257446, -36.8722117 ], [ 174.725721, -36.8723728 ], [ 174.7257429, -36.8735572 ], [ 174.7258266, -36.8736032 ], [ 174.7258814, -36.8735903 ], [ 174.7264657, -36.8724824 ] ] ], [ [ [ 174.7235589, -36.8717214 ], [ 174.7248229, -36.8721961 ], [ 174.7247736, -36.8722806 ], [ 174.7248374, -36.8723178 ], [ 174.7250652, -36.872397 ], [ 174.7252605, -36.8723996 ], [ 174.7253192, -36.87234 ], [ 174.7253869, -36.8720775 ], [ 174.7234195, -36.8713366 ], [ 174.723036, -36.8715737 ], [ 174.7229664, -36.87203 ], [ 174.7232264, -36.8721296 ], [ 174.7230646, -36.8724023 ], [ 174.7232395, -36.8724693 ], [ 174.7232826, -36.8724486 ], [ 174.72337, -36.8718675 ], [ 174.7233426, -36.8718066 ], [ 174.7234976, -36.8716749 ], [ 174.7235589, -36.8717214 ] ] ], [ [ [ 174.7602538, -36.7984446 ], [ 174.7596368, -36.79759 ], [ 174.7595442, -36.7973393 ], [ 174.7592875, -36.7969676 ], [ 174.7589973, -36.7966484 ], [ 174.7583642, -36.7958898 ], [ 174.7579005, -36.7954102 ], [ 174.757091, -36.7960333 ], [ 174.7553642, -36.7954462 ], [ 174.7544938, -36.796116 ], [ 174.7544846, -36.7961087 ], [ 174.7543713, -36.7961875 ], [ 174.7543587, -36.7962107 ], [ 174.7543681, -36.7962559 ], [ 174.7545619, -36.7963763 ], [ 174.7546126, -36.7963242 ], [ 174.757267, -36.7991562 ], [ 174.7574533, -36.7993098 ], [ 174.7576418, -36.7994432 ], [ 174.7576474, -36.7994367 ], [ 174.7578998, -36.7995772 ], [ 174.7579637, -36.7995004 ], [ 174.7581985, -36.7996209 ], [ 174.7588808, -36.799773 ], [ 174.759229, -36.7998868 ], [ 174.7598333, -36.7997871 ], [ 174.7601029, -36.7997026 ], [ 174.7602619, -36.7991789 ], [ 174.7602538, -36.7984446 ] ] ], [ [ [ 174.7553524, -36.7907612 ], [ 174.755043, -36.7910031 ], [ 174.7553906, -36.7915168 ], [ 174.7553751, -36.791529 ], [ 174.7555214, -36.7917359 ], [ 174.7555956, -36.7918814 ], [ 174.7558291, -36.7921918 ], [ 174.7565273, -36.7930498 ], [ 174.7573363, -36.7924135 ], [ 174.7564625, -36.7916941 ], [ 174.7564746, -36.7916847 ], [ 174.7553524, -36.7907612 ] ] ], [ [ [ 174.7555479, -36.7900458 ], [ 174.7556085, -36.7900982 ], [ 174.7557008, -36.7900278 ], [ 174.7559598, -36.7902477 ], [ 174.759, -36.7878574 ], [ 174.7590004, -36.7878307 ], [ 174.7576889, -36.7867514 ], [ 174.757669, -36.786767 ], [ 174.7564034, -36.7857215 ], [ 174.7563141, -36.7856962 ], [ 174.7562246, -36.7857214 ], [ 174.7543218, -36.7872076 ], [ 174.7543743, -36.7872508 ], [ 174.7542897, -36.7873589 ], [ 174.754306, -36.78743 ], [ 174.7542147, -36.787508 ], [ 174.7541237, -36.7874987 ], [ 174.7538544, -36.7877294 ], [ 174.7541499, -36.7879725 ], [ 174.753736, -36.7882957 ], [ 174.7538959, -36.7888412 ], [ 174.7541913, -36.7894754 ], [ 174.75438, -36.7893271 ], [ 174.7553704, -36.790175 ], [ 174.7555323, -36.7900463 ], [ 174.7555479, -36.7900458 ] ] ], [ [ [ 174.7582443, -36.7862682 ], [ 174.7569186, -36.7851771 ], [ 174.7565903, -36.7854328 ], [ 174.7566461, -36.7855147 ], [ 174.7568871, -36.7857131 ], [ 174.756935, -36.7857763 ], [ 174.7572311, -36.7860505 ], [ 174.7578615, -36.7865692 ], [ 174.7582443, -36.7862682 ] ] ], [ [ [ 174.7564226, -36.7853112 ], [ 174.7566779, -36.7851122 ], [ 174.7562865, -36.7847868 ], [ 174.7567722, -36.7844087 ], [ 174.7563802, -36.7840829 ], [ 174.7556072, -36.7846852 ], [ 174.7563507, -36.7852971 ], [ 174.7564226, -36.7853112 ] ] ], [ [ [ 174.7540004, -36.7833464 ], [ 174.7547725, -36.7827453 ], [ 174.7545394, -36.7825516 ], [ 174.7545623, -36.7824023 ], [ 174.754728, -36.782254 ], [ 174.7550724, -36.7817708 ], [ 174.7548516, -36.7817343 ], [ 174.7545975, -36.7816413 ], [ 174.7544253, -36.7815517 ], [ 174.7542518, -36.7814357 ], [ 174.7542152, -36.7814698 ], [ 174.7541651, -36.7814545 ], [ 174.7536782, -36.7819085 ], [ 174.7535827, -36.7820227 ], [ 174.7535248, -36.7821486 ], [ 174.7533499, -36.7827329 ], [ 174.7534083, -36.7828546 ], [ 174.7540004, -36.7833464 ] ] ], [ [ [ 174.7517382, -36.7836057 ], [ 174.7518126, -36.7835723 ], [ 174.7525715, -36.7829782 ], [ 174.75275, -36.7827376 ], [ 174.7523015, -36.7823632 ], [ 174.7523244, -36.7823066 ], [ 174.7500678, -36.7804578 ], [ 174.7497788, -36.7806868 ], [ 174.7492726, -36.7802734 ], [ 174.7482858, -36.7801621 ], [ 174.7489428, -36.781216 ], [ 174.7493771, -36.7819384 ], [ 174.7504101, -36.7834803 ], [ 174.7505822, -36.783699 ], [ 174.7508458, -36.7835859 ], [ 174.7509994, -36.7836416 ], [ 174.7511532, -36.7838876 ], [ 174.7511713, -36.7838826 ], [ 174.7513661, -36.7837638 ], [ 174.7514154, -36.7836979 ], [ 174.7515931, -36.7836167 ], [ 174.7517382, -36.7836057 ] ] ], [ [ [ 174.7533825, -36.7817398 ], [ 174.7524192, -36.7810733 ], [ 174.7521211, -36.781352 ], [ 174.7518352, -36.7815784 ], [ 174.7523995, -36.7820391 ], [ 174.7526939, -36.7821871 ], [ 174.7528323, -36.7822298 ], [ 174.7529149, -36.7822308 ], [ 174.7532492, -36.7819194 ], [ 174.7533696, -36.7817848 ], [ 174.7533825, -36.7817398 ] ] ], [ [ [ 174.7542754, -36.7809629 ], [ 174.7542719, -36.7809246 ], [ 174.7539094, -36.780673 ], [ 174.75354, -36.7810174 ], [ 174.7530227, -36.7806595 ], [ 174.7528862, -36.7807872 ], [ 174.7527137, -36.7806678 ], [ 174.7528503, -36.7805402 ], [ 174.7515739, -36.779657 ], [ 174.7514687, -36.7797804 ], [ 174.751425, -36.7798084 ], [ 174.7512439, -36.7798453 ], [ 174.7512127, -36.779868 ], [ 174.7511698, -36.7799265 ], [ 174.751136, -36.7799296 ], [ 174.7510354, -36.7798766 ], [ 174.7535426, -36.7816115 ], [ 174.7535821, -36.7816091 ], [ 174.7542754, -36.7809629 ] ] ], [ [ [ 174.7549057, -36.7795712 ], [ 174.7547232, -36.7797414 ], [ 174.7546592, -36.7796971 ], [ 174.7542558, -36.7800733 ], [ 174.754426, -36.7801921 ], [ 174.7540571, -36.7805361 ], [ 174.7544451, -36.7808054 ], [ 174.7563699, -36.7790105 ], [ 174.7559091, -36.7786906 ], [ 174.7558394, -36.7787555 ], [ 174.7558782, -36.7787824 ], [ 174.7558394, -36.7788185 ], [ 174.7558158, -36.778903 ], [ 174.7558923, -36.7789168 ], [ 174.7558879, -36.7789326 ], [ 174.7558113, -36.779004 ], [ 174.7554342, -36.7787434 ], [ 174.7551661, -36.7789933 ], [ 174.7551324, -36.77897 ], [ 174.7546652, -36.7794056 ], [ 174.7549057, -36.7795712 ] ] ], [ [ [ 174.8434148, -36.9172019 ], [ 174.8469625, -36.9175854 ], [ 174.8467138, -36.9166787 ], [ 174.843229, -36.9164358 ], [ 174.843419, -36.9171313 ], [ 174.8434148, -36.9172019 ] ] ], [ [ [ 174.8440835, -36.915888 ], [ 174.8441107, -36.9158692 ], [ 174.8441458, -36.9159019 ], [ 174.8454317, -36.9159915 ], [ 174.8454757, -36.915584 ], [ 174.8452858, -36.9156165 ], [ 174.8429637, -36.9154624 ], [ 174.843229, -36.9164358 ], [ 174.8456291, -36.9166031 ], [ 174.8456678, -36.9162449 ], [ 174.845632, -36.9162424 ], [ 174.8456366, -36.9161993 ], [ 174.8445136, -36.916121 ], [ 174.8442526, -36.9162257 ], [ 174.8441297, -36.9162172 ], [ 174.8440172, -36.9161288 ], [ 174.8440328, -36.9159852 ], [ 174.8441193, -36.9159215 ], [ 174.8440835, -36.915888 ] ] ], [ [ [ 174.8382478, -36.9156144 ], [ 174.8387984, -36.9155377 ], [ 174.8386981, -36.9151248 ], [ 174.8366657, -36.9153265 ], [ 174.8357744, -36.9154149 ], [ 174.8357806, -36.9154428 ], [ 174.8362425, -36.9154448 ], [ 174.8366264, -36.9155064 ], [ 174.8370853, -36.9156119 ], [ 174.8377545, -36.9156431 ], [ 174.8382478, -36.9156144 ] ] ], [ [ [ 174.8457024, -36.91518 ], [ 174.8459156, -36.9151254 ], [ 174.846134, -36.9150534 ], [ 174.8461772, -36.9149899 ], [ 174.8461868, -36.914879 ], [ 174.8461635, -36.9147989 ], [ 174.8461802, -36.9147316 ], [ 174.8459532, -36.9139037 ], [ 174.842691, -36.914462 ], [ 174.8428464, -36.9150318 ], [ 174.8432376, -36.9150611 ], [ 174.8435251, -36.9150997 ], [ 174.8437246, -36.9151502 ], [ 174.844404, -36.9152653 ], [ 174.844698, -36.9152784 ], [ 174.845204, -36.9152691 ], [ 174.8457024, -36.91518 ] ] ], [ [ [ 174.8312498, -36.9145894 ], [ 174.8312387, -36.9145532 ], [ 174.8312661, -36.914484 ], [ 174.831341, -36.9144476 ], [ 174.8314049, -36.914451 ], [ 174.8314915, -36.9144931 ], [ 174.8315473, -36.9144995 ], [ 174.8326333, -36.9144275 ], [ 174.8326958, -36.9143682 ], [ 174.8326067, -36.9134999 ], [ 174.8325329, -36.9134496 ], [ 174.8307441, -36.9135681 ], [ 174.8305209, -36.9136003 ], [ 174.8303169, -36.9136629 ], [ 174.8301307, -36.9137543 ], [ 174.8296244, -36.9140575 ], [ 174.8296105, -36.9141344 ], [ 174.8310073, -36.915638 ], [ 174.8311663, -36.9156922 ], [ 174.8327468, -36.9155329 ], [ 174.8328091, -36.9154713 ], [ 174.8327661, -36.9150526 ], [ 174.8327211, -36.9146145 ], [ 174.8326473, -36.9145643 ], [ 174.8313672, -36.914649 ], [ 174.831317, -36.9146414 ], [ 174.8312771, -36.9146205 ], [ 174.8312498, -36.9145894 ] ] ], [ [ [ 174.8378561, -36.9150259 ], [ 174.837762, -36.9144142 ], [ 174.8378913, -36.9144014 ], [ 174.8380544, -36.9150063 ], [ 174.8387415, -36.9149381 ], [ 174.838785, -36.9148888 ], [ 174.8385354, -36.9139632 ], [ 174.8384805, -36.9139727 ], [ 174.8383768, -36.913588 ], [ 174.8383497, -36.9135739 ], [ 174.837034, -36.9138015 ], [ 174.8354184, -36.9139619 ], [ 174.8353694, -36.9140124 ], [ 174.8355535, -36.9152086 ], [ 174.8356164, -36.915248 ], [ 174.8364983, -36.9151606 ], [ 174.8364042, -36.9145489 ], [ 174.8375923, -36.9144311 ], [ 174.8376864, -36.9150428 ], [ 174.8378561, -36.9150259 ] ] ], [ [ [ 174.8330947, -36.9154982 ], [ 174.8352803, -36.9152813 ], [ 174.8353294, -36.9152308 ], [ 174.8351287, -36.9139267 ], [ 174.8352637, -36.9138124 ], [ 174.8351522, -36.9136823 ], [ 174.8344841, -36.9133333 ], [ 174.8344657, -36.913356 ], [ 174.834186, -36.9133127 ], [ 174.8342655, -36.914043 ], [ 174.8343, -36.9140952 ], [ 174.8343579, -36.9141414 ], [ 174.8344981, -36.9141909 ], [ 174.8345445, -36.9142558 ], [ 174.834544, -36.9143017 ], [ 174.8345184, -36.914347 ], [ 174.8344829, -36.9143739 ], [ 174.8344288, -36.9143913 ], [ 174.834358, -36.9143871 ], [ 174.8342942, -36.9143526 ], [ 174.8342435, -36.9142513 ], [ 174.8341522, -36.9141654 ], [ 174.8341078, -36.9140973 ], [ 174.8340872, -36.9140216 ], [ 174.8340265, -36.9134304 ], [ 174.8339669, -36.913375 ], [ 174.8337873, -36.913367 ], [ 174.8328823, -36.9134268 ], [ 174.8328307, -36.9134757 ], [ 174.8330337, -36.9154549 ], [ 174.8330947, -36.9154982 ] ] ], [ [ [ 174.8325679, -36.9131197 ], [ 174.8324679, -36.9121452 ], [ 174.8323941, -36.912095 ], [ 174.8317873, -36.9121351 ], [ 174.8318429, -36.9126771 ], [ 174.8307182, -36.9127514 ], [ 174.8304887, -36.9127811 ], [ 174.8306037, -36.913308 ], [ 174.8325053, -36.9131789 ], [ 174.8325679, -36.9131197 ] ] ], [ [ [ 174.8408319, -36.9120047 ], [ 174.8408077, -36.9119772 ], [ 174.8407913, -36.9119727 ], [ 174.8399498, -36.9121249 ], [ 174.839841, -36.9121328 ], [ 174.8397328, -36.9121195 ], [ 174.8396158, -36.912078 ], [ 174.8395326, -36.9120244 ], [ 174.8394568, -36.9119416 ], [ 174.8394238, -36.9118783 ], [ 174.8389451, -36.9119611 ], [ 174.8388087, -36.9119098 ], [ 174.8382398, -36.9120085 ], [ 174.8384477, -36.9127823 ], [ 174.84089, -36.9123536 ], [ 174.8408319, -36.9120047 ] ] ], [ [ [ 174.8367589, -36.9126022 ], [ 174.8372849, -36.9125757 ], [ 174.837314, -36.9129471 ], [ 174.8362334, -36.9129531 ], [ 174.8362484, -36.9126277 ], [ 174.8366732, -36.9126064 ], [ 174.8366265, -36.9120094 ], [ 174.8362759, -36.9120271 ], [ 174.8334429, -36.9099129 ], [ 174.8325065, -36.9097831 ], [ 174.8324555, -36.9098206 ], [ 174.8328073, -36.9132487 ], [ 174.8328682, -36.9132901 ], [ 174.8333519, -36.9132581 ], [ 174.8333407, -36.9131486 ], [ 174.8335432, -36.9131352 ], [ 174.8335545, -36.9132447 ], [ 174.8339494, -36.9132186 ], [ 174.8339395, -36.9131224 ], [ 174.8339899, -36.9130736 ], [ 174.8338931, -36.9121317 ], [ 174.8338754, -36.9120875 ], [ 174.8338111, -36.912028 ], [ 174.8337956, -36.9119772 ], [ 174.833804, -36.9119427 ], [ 174.8338339, -36.9119065 ], [ 174.8338709, -36.9118864 ], [ 174.8339237, -36.9118776 ], [ 174.8340036, -36.9119015 ], [ 174.8340472, -36.911962 ], [ 174.8341661, -36.9131186 ], [ 174.8342233, -36.9131801 ], [ 174.83435, -36.9132316 ], [ 174.8351641, -36.913648 ], [ 174.8352874, -36.9137922 ], [ 174.836996, -36.9136228 ], [ 174.8383237, -36.913393 ], [ 174.838367, -36.9133391 ], [ 174.838002, -36.9119848 ], [ 174.8379337, -36.9119434 ], [ 174.836712, -36.9120051 ], [ 174.8367589, -36.9126022 ] ] ], [ [ [ 174.8395506, -36.9103292 ], [ 174.8395138, -36.910344 ], [ 174.8394917, -36.9103792 ], [ 174.8393874, -36.9110964 ], [ 174.839601, -36.9118663 ], [ 174.8396557, -36.911929 ], [ 174.8397191, -36.9119675 ], [ 174.8397935, -36.9119902 ], [ 174.8398761, -36.911995 ], [ 174.8406806, -36.911852 ], [ 174.84076, -36.9118066 ], [ 174.840808, -36.9117538 ], [ 174.8408378, -36.9116792 ], [ 174.840837, -36.9116138 ], [ 174.8404983, -36.9103994 ], [ 174.8404322, -36.910371 ], [ 174.8395506, -36.9103292 ] ] ], [ [ [ 174.8316117, -36.9104249 ], [ 174.8317721, -36.9119874 ], [ 174.8323789, -36.9119473 ], [ 174.8324415, -36.911888 ], [ 174.8322718, -36.9102358 ], [ 174.8322041, -36.9102042 ], [ 174.8316117, -36.9104249 ] ] ], [ [ [ 174.8358271, -36.9106283 ], [ 174.8355766, -36.9104412 ], [ 174.8351079, -36.9108463 ], [ 174.8351108, -36.9109103 ], [ 174.8363212, -36.9118133 ], [ 174.83641, -36.9118388 ], [ 174.8378165, -36.9117677 ], [ 174.8378704, -36.9117106 ], [ 174.8375048, -36.9103543 ], [ 174.836639, -36.9101905 ], [ 174.8365303, -36.9101556 ], [ 174.8364845, -36.9103643 ], [ 174.8363188, -36.9105494 ], [ 174.8358271, -36.9106283 ] ], [ [ 174.8369401, -36.9109249 ], [ 174.8369293, -36.9108842 ], [ 174.8369092, -36.9108726 ], [ 174.8368587, -36.9108797 ], [ 174.8368158, -36.9108539 ], [ 174.8368071, -36.9108644 ], [ 174.8368241, -36.9109292 ], [ 174.8367055, -36.9109491 ], [ 174.8366231, -36.9106388 ], [ 174.8369989, -36.9107493 ], [ 174.8370416, -36.9109071 ], [ 174.8369401, -36.9109249 ] ], [ [ 174.8369601, -36.9111397 ], [ 174.8369163, -36.9109739 ], [ 174.8369336, -36.9109526 ], [ 174.8370485, -36.9109327 ], [ 174.8370979, -36.9111159 ], [ 174.8369601, -36.9111397 ] ] ], [ [ [ 174.8381824, -36.9097544 ], [ 174.8381543, -36.9097777 ], [ 174.8378543, -36.9102571 ], [ 174.83783, -36.9103579 ], [ 174.8378293, -36.9104871 ], [ 174.8382305, -36.9119766 ], [ 174.8388129, -36.9118756 ], [ 174.8389501, -36.9119268 ], [ 174.8394135, -36.9118467 ], [ 174.8392142, -36.9111032 ], [ 174.8393176, -36.9103932 ], [ 174.8393082, -36.9103456 ], [ 174.8392693, -36.9103088 ], [ 174.8382527, -36.9097571 ], [ 174.8382221, -36.9097481 ], [ 174.8381824, -36.9097544 ] ] ], [ [ [ 174.8410006, -36.9119212 ], [ 174.8410731, -36.9122171 ], [ 174.8410997, -36.9122723 ], [ 174.8411538, -36.9123072 ], [ 174.8418373, -36.9121868 ], [ 174.8413763, -36.9105017 ], [ 174.8413481, -36.9099641 ], [ 174.8413486, -36.9097124 ], [ 174.8413785, -36.9092771 ], [ 174.8408661, -36.9092519 ], [ 174.8408297, -36.9097295 ], [ 174.840659, -36.9097211 ], [ 174.8406226, -36.9101988 ], [ 174.8406838, -36.9102018 ], [ 174.8410546, -36.9115624 ], [ 174.8410619, -36.9116812 ], [ 174.8410353, -36.9117685 ], [ 174.8409925, -36.9118364 ], [ 174.8410006, -36.9119212 ] ] ], [ [ [ 174.8404837, -36.909233 ], [ 174.8386109, -36.9091409 ], [ 174.8385292, -36.9091787 ], [ 174.8383109, -36.9095352 ], [ 174.8383153, -36.9095608 ], [ 174.8383403, -36.909586 ], [ 174.8393547, -36.9101364 ], [ 174.8404109, -36.9101884 ], [ 174.8404837, -36.909233 ] ] ], [ [ [ 174.8322444, -36.9099688 ], [ 174.8321556, -36.9091043 ], [ 174.831995, -36.9090382 ], [ 174.8316023, -36.9091847 ], [ 174.8317775, -36.9094879 ], [ 174.8316314, -36.9096885 ], [ 174.83156, -36.9097209 ], [ 174.8316153, -36.91026 ], [ 174.832188, -36.9100467 ], [ 174.8322444, -36.9099688 ] ] ], [ [ [ 174.8347424, -36.9098188 ], [ 174.8350205, -36.9095785 ], [ 174.834972, -36.9094254 ], [ 174.8348361, -36.9093359 ], [ 174.8351651, -36.9089725 ], [ 174.836586, -36.9090424 ], [ 174.836643, -36.9087888 ], [ 174.8365881, -36.9087242 ], [ 174.8361278, -36.9086521 ], [ 174.8355948, -36.9086165 ], [ 174.8354477, -36.9085958 ], [ 174.83523, -36.9085384 ], [ 174.8348153, -36.908378 ], [ 174.8346565, -36.9083325 ], [ 174.8341336, -36.9082541 ], [ 174.8340579, -36.9082521 ], [ 174.833965, -36.908266 ], [ 174.8338789, -36.9082973 ], [ 174.8337915, -36.9083552 ], [ 174.8337409, -36.9085022 ], [ 174.8337582, -36.9085995 ], [ 174.833718, -36.9087244 ], [ 174.8335186, -36.9086831 ], [ 174.8333922, -36.9088838 ], [ 174.8324673, -36.9088369 ], [ 174.8324001, -36.909139 ], [ 174.8323956, -36.9092275 ], [ 174.8324274, -36.9095436 ], [ 174.8324877, -36.9095965 ], [ 174.8335475, -36.9097437 ], [ 174.8349558, -36.9107947 ], [ 174.835463, -36.9103565 ], [ 174.8347424, -36.9098188 ] ] ], [ [ [ 174.8380215, -36.9083108 ], [ 174.837319, -36.9080433 ], [ 174.8372255, -36.9080685 ], [ 174.8369999, -36.9084151 ], [ 174.8369072, -36.9086343 ], [ 174.8368129, -36.9090536 ], [ 174.8366979, -36.9098059 ], [ 174.8376801, -36.9099028 ], [ 174.838527, -36.908589 ], [ 174.8384935, -36.9085105 ], [ 174.8381266, -36.9083708 ], [ 174.8380215, -36.9083108 ] ] ], [ [ [ 174.8420604, -36.9079142 ], [ 174.8417935, -36.9091163 ], [ 174.8421667, -36.9091347 ], [ 174.8423346, -36.9090324 ], [ 174.8426135, -36.9079934 ], [ 174.8420604, -36.9079142 ] ] ], [ [ [ 174.839543, -36.9076072 ], [ 174.8390682, -36.9084062 ], [ 174.8391215, -36.908527 ], [ 174.8403812, -36.9090097 ], [ 174.8406312, -36.9090585 ], [ 174.8408871, -36.9090717 ], [ 174.840894, -36.9089818 ], [ 174.8413299, -36.9090036 ], [ 174.8418954, -36.9073007 ], [ 174.8408815, -36.9072484 ], [ 174.840617, -36.9076938 ], [ 174.8401077, -36.9074986 ], [ 174.8400241, -36.9076393 ], [ 174.8396167, -36.9074832 ], [ 174.839602, -36.907508 ], [ 174.8407039, -36.9079303 ], [ 174.8405467, -36.9081949 ], [ 174.8403614, -36.9081239 ], [ 174.8404597, -36.9079585 ], [ 174.839543, -36.9076072 ] ] ], [ [ [ 174.835493, -36.9084632 ], [ 174.8356404, -36.9084822 ], [ 174.836076, -36.9085065 ], [ 174.8366164, -36.9085888 ], [ 174.8367056, -36.9085473 ], [ 174.8367918, -36.9083436 ], [ 174.8370214, -36.9079907 ], [ 174.8370003, -36.9079199 ], [ 174.836501, -36.9077012 ], [ 174.8357709, -36.9073427 ], [ 174.8354577, -36.9077499 ], [ 174.8352192, -36.9076328 ], [ 174.834791, -36.9078483 ], [ 174.8347504, -36.9078347 ], [ 174.833478, -36.907651 ], [ 174.8333788, -36.9078253 ], [ 174.8327159, -36.9077293 ], [ 174.8324735, -36.9088097 ], [ 174.8333718, -36.9088553 ], [ 174.833498, -36.908655 ], [ 174.8334798, -36.9086303 ], [ 174.8335363, -36.9084543 ], [ 174.8335741, -36.9083712 ], [ 174.8336217, -36.9083062 ], [ 174.8336987, -36.9082356 ], [ 174.833805, -36.908173 ], [ 174.8339205, -36.9081334 ], [ 174.8340412, -36.9081154 ], [ 174.8341825, -36.9081213 ], [ 174.8347449, -36.9082101 ], [ 174.8348932, -36.908255 ], [ 174.8353161, -36.908418 ], [ 174.835493, -36.9084632 ] ] ], [ [ [ 174.8386362, -36.9079793 ], [ 174.8379094, -36.9077005 ], [ 174.8378341, -36.9077219 ], [ 174.837732, -36.9078936 ], [ 174.8385097, -36.908192 ], [ 174.8385015, -36.9082893 ], [ 174.8386444, -36.9083441 ], [ 174.8387359, -36.9083183 ], [ 174.8390466, -36.907802 ], [ 174.8386753, -36.9076596 ], [ 174.8385414, -36.9078821 ], [ 174.8386659, -36.9079299 ], [ 174.8386362, -36.9079793 ] ] ], [ [ [ 174.837842, -36.9076138 ], [ 174.8384642, -36.9078525 ], [ 174.8386056, -36.9076176 ], [ 174.8386747, -36.9075984 ], [ 174.8390764, -36.9077525 ], [ 174.8393859, -36.9072384 ], [ 174.838927, -36.9070606 ], [ 174.8388831, -36.9071334 ], [ 174.838546, -36.9070028 ], [ 174.8385932, -36.9069243 ], [ 174.8374985, -36.906494 ], [ 174.8373214, -36.906785 ], [ 174.8368653, -36.9075943 ], [ 174.8368986, -36.9076684 ], [ 174.8375977, -36.9079425 ], [ 174.837647, -36.907861 ], [ 174.8376841, -36.9078752 ], [ 174.837842, -36.9076138 ] ] ], [ [ [ 174.8375957, -36.9063344 ], [ 174.8375045, -36.9064843 ], [ 174.8382406, -36.9067692 ], [ 174.8383227, -36.90673 ], [ 174.8383789, -36.906636 ], [ 174.8375957, -36.9063344 ] ] ], [ [ [ 174.8039849, -36.896132 ], [ 174.8039535, -36.896121 ], [ 174.803764, -36.8964724 ], [ 174.8035624, -36.8964022 ], [ 174.8037527, -36.8960504 ], [ 174.8037213, -36.8960395 ], [ 174.8034881, -36.8964702 ], [ 174.8024735, -36.8961167 ], [ 174.8027059, -36.8956857 ], [ 174.8026432, -36.8956639 ], [ 174.8024188, -36.8960797 ], [ 174.8021558, -36.895988 ], [ 174.8019697, -36.896249 ], [ 174.8021159, -36.8964001 ], [ 174.8016978, -36.8966596 ], [ 174.8030763, -36.8980737 ], [ 174.8035941, -36.8977458 ], [ 174.8036104, -36.8977531 ], [ 174.8041579, -36.8972192 ], [ 174.8041219, -36.8972025 ], [ 174.8048967, -36.8964469 ], [ 174.8046951, -36.8963766 ], [ 174.8046557, -36.8964495 ], [ 174.8043478, -36.8967498 ], [ 174.8037606, -36.8965477 ], [ 174.8039849, -36.896132 ] ] ], [ [ [ 174.7704518, -36.7942548 ], [ 174.7708487, -36.794083 ], [ 174.770607, -36.7937216 ], [ 174.7704445, -36.7937918 ], [ 174.7704921, -36.7938629 ], [ 174.7702877, -36.7939515 ], [ 174.7702738, -36.7939887 ], [ 174.7704518, -36.7942548 ] ] ], [ [ [ 174.7710532, -36.7939944 ], [ 174.7708644, -36.7937122 ], [ 174.7706961, -36.7937851 ], [ 174.7708848, -36.7940674 ], [ 174.7710532, -36.7939944 ] ] ], [ [ [ 174.7704143, -36.7926967 ], [ 174.7698989, -36.7929662 ], [ 174.7701506, -36.7932778 ], [ 174.7703102, -36.7932764 ], [ 174.7704036, -36.7932885 ], [ 174.7705689, -36.7933483 ], [ 174.7706431, -36.7933235 ], [ 174.7710833, -36.7939814 ], [ 174.7712819, -36.7938954 ], [ 174.7708525, -36.7932536 ], [ 174.770862, -36.7932505 ], [ 174.7704143, -36.7926967 ] ] ], [ [ [ 174.765832, -36.7931131 ], [ 174.7658476, -36.7929826 ], [ 174.7658761, -36.7928912 ], [ 174.7659239, -36.7924619 ], [ 174.7659041, -36.7923785 ], [ 174.765936, -36.7922795 ], [ 174.765918, -36.7922805 ], [ 174.7658895, -36.7921005 ], [ 174.7658957, -36.7919184 ], [ 174.7659881, -36.7917317 ], [ 174.7662526, -36.7914031 ], [ 174.766417, -36.791274 ], [ 174.7665564, -36.7912224 ], [ 174.7654795, -36.7903212 ], [ 174.7653408, -36.7903576 ], [ 174.7652652, -36.7904141 ], [ 174.7651928, -36.7910759 ], [ 174.765109, -36.7915548 ], [ 174.7653477, -36.7944066 ], [ 174.7657569, -36.7956718 ], [ 174.7659434, -36.7959766 ], [ 174.7663813, -36.7960111 ], [ 174.7664507, -36.7958281 ], [ 174.7664699, -36.7957348 ], [ 174.7665115, -36.7956633 ], [ 174.7665299, -36.7955588 ], [ 174.7667943, -36.7955037 ], [ 174.7668638, -36.7952466 ], [ 174.766955, -36.7952368 ], [ 174.7669052, -36.7949744 ], [ 174.7667929, -36.794998 ], [ 174.7667552, -36.7948638 ], [ 174.7666015, -36.794896 ], [ 174.7665583, -36.7947631 ], [ 174.7663593, -36.7948048 ], [ 174.7662421, -36.7947517 ], [ 174.76596, -36.7947105 ], [ 174.7658315, -36.7946555 ], [ 174.7657188, -36.7945736 ], [ 174.7657018, -36.7945288 ], [ 174.7656751, -36.794398 ], [ 174.7656789, -36.7942605 ], [ 174.765722, -36.7941082 ], [ 174.76571, -36.7940314 ], [ 174.765732, -36.7939305 ], [ 174.7657202, -36.7938314 ], [ 174.7657303, -36.7936786 ], [ 174.7657776, -36.7934863 ], [ 174.7657763, -36.7934276 ], [ 174.7658205, -36.7933164 ], [ 174.7658431, -36.7932038 ], [ 174.765832, -36.7931131 ] ] ], [ [ [ 174.7700846, -36.7926517 ], [ 174.7695822, -36.7920296 ], [ 174.7686368, -36.7925233 ], [ 174.7691394, -36.7931454 ], [ 174.7700846, -36.7926517 ] ] ], [ [ [ 174.7688776, -36.7921815 ], [ 174.7686716, -36.7919279 ], [ 174.7684031, -36.7920683 ], [ 174.7686085, -36.7923221 ], [ 174.7688776, -36.7921815 ] ] ], [ [ [ 174.7590562, -36.791735 ], [ 174.7589244, -36.7918387 ], [ 174.7585058, -36.7914942 ], [ 174.7574216, -36.7923464 ], [ 174.7574497, -36.792536 ], [ 174.7577104, -36.7927177 ], [ 174.7583073, -36.7929338 ], [ 174.7596162, -36.7919363 ], [ 174.7587988, -36.7912638 ], [ 174.7586376, -36.7913905 ], [ 174.7590562, -36.791735 ] ] ], [ [ [ 174.7688773, -36.7909922 ], [ 174.7687518, -36.7910496 ], [ 174.768708, -36.7911176 ], [ 174.7686296, -36.7911853 ], [ 174.7689317, -36.7915584 ], [ 174.7686273, -36.7917176 ], [ 174.7687653, -36.7919243 ], [ 174.7689452, -36.7921462 ], [ 174.7695535, -36.7918283 ], [ 174.7688773, -36.7909922 ] ] ], [ [ [ 174.7598594, -36.7910993 ], [ 174.7598815, -36.7911175 ], [ 174.760043, -36.7909906 ], [ 174.7596047, -36.7906303 ], [ 174.7591992, -36.7909491 ], [ 174.7596153, -36.7912913 ], [ 174.7598594, -36.7910993 ] ] ], [ [ [ 174.7686155, -36.7909034 ], [ 174.7687068, -36.7908616 ], [ 174.7683171, -36.7903782 ], [ 174.767767, -36.7906652 ], [ 174.7680569, -36.7910248 ], [ 174.7684033, -36.7908763 ], [ 174.7685137, -36.7908745 ], [ 174.7686155, -36.7909034 ] ] ], [ [ [ 174.7603357, -36.7906894 ], [ 174.7603784, -36.7907247 ], [ 174.7605146, -36.7906125 ], [ 174.7600815, -36.790256 ], [ 174.7597659, -36.7905036 ], [ 174.76016, -36.7908275 ], [ 174.7603357, -36.7906894 ] ] ], [ [ [ 174.7680392, -36.7903068 ], [ 174.7678102, -36.7900226 ], [ 174.7673117, -36.7902826 ], [ 174.7675409, -36.7905669 ], [ 174.7680392, -36.7903068 ] ] ], [ [ [ 174.7665324, -36.7908966 ], [ 174.7665541, -36.7906095 ], [ 174.766496, -36.7904583 ], [ 174.7663917, -36.7903496 ], [ 174.7662023, -36.7902297 ], [ 174.7668003, -36.7899306 ], [ 174.7665718, -36.7896472 ], [ 174.7670991, -36.7893723 ], [ 174.7668827, -36.7891039 ], [ 174.7666191, -36.7892414 ], [ 174.7665055, -36.7893328 ], [ 174.7664873, -36.7893102 ], [ 174.7660803, -36.7895223 ], [ 174.7659555, -36.7896197 ], [ 174.7655463, -36.7898491 ], [ 174.7653916, -36.7899923 ], [ 174.7665063, -36.7909165 ], [ 174.7665324, -36.7908966 ] ] ], [ [ [ 174.7609834, -36.7895461 ], [ 174.760118, -36.7902271 ], [ 174.7604759, -36.7905218 ], [ 174.7607687, -36.7902914 ], [ 174.7609782, -36.7904637 ], [ 174.7616029, -36.7899727 ], [ 174.7615742, -36.7899491 ], [ 174.7615542, -36.7899648 ], [ 174.7610464, -36.7895469 ], [ 174.7609834, -36.7895461 ] ] ], [ [ [ 174.7579697, -36.7911589 ], [ 174.7582823, -36.7914163 ], [ 174.7591492, -36.7907347 ], [ 174.7589758, -36.790592 ], [ 174.7590845, -36.7905066 ], [ 174.7592581, -36.7906495 ], [ 174.7608453, -36.7894009 ], [ 174.7608436, -36.7893479 ], [ 174.7591904, -36.7879872 ], [ 174.7591576, -36.7879869 ], [ 174.7584275, -36.7885611 ], [ 174.7588617, -36.7889184 ], [ 174.7589838, -36.7888224 ], [ 174.7591321, -36.7889443 ], [ 174.7590615, -36.7889999 ], [ 174.7590661, -36.7890089 ], [ 174.7590463, -36.7890244 ], [ 174.7589736, -36.7890539 ], [ 174.7584005, -36.7885824 ], [ 174.7562935, -36.790239 ], [ 174.7571451, -36.7909398 ], [ 174.7569449, -36.7910973 ], [ 174.7566433, -36.7907705 ], [ 174.7561421, -36.790358 ], [ 174.7556775, -36.7907222 ], [ 174.7556767, -36.7907687 ], [ 174.7573521, -36.7921476 ], [ 174.758148, -36.7915218 ], [ 174.7578114, -36.7912449 ], [ 174.7579214, -36.7911584 ], [ 174.7579697, -36.7911589 ] ] ], [ [ [ 174.7595623, -36.7874105 ], [ 174.7592153, -36.7871249 ], [ 174.7588679, -36.7873981 ], [ 174.7592152, -36.7876839 ], [ 174.7595623, -36.7874105 ] ] ], [ [ [ 174.758885, -36.7868529 ], [ 174.7588948, -36.7868452 ], [ 174.7583662, -36.7864259 ], [ 174.7580188, -36.786699 ], [ 174.7587104, -36.7872684 ], [ 174.7590579, -36.7869953 ], [ 174.758885, -36.7868529 ] ] ], [ [ [ 174.7569341, -36.7842826 ], [ 174.7575817, -36.7837782 ], [ 174.7575662, -36.7837653 ], [ 174.7583734, -36.7831365 ], [ 174.7579994, -36.782822 ], [ 174.7565912, -36.7839187 ], [ 174.7565895, -36.7839963 ], [ 174.7569341, -36.7842826 ] ] ] ] } },
{ "type": "Feature", "properties": { "category": "34.5m*" }, "geometry": { "type": "MultiPolygon", "coordinates": [ [ [ [ 174.7038838, -36.8976697 ], [ 174.7037928, -36.8980874 ], [ 174.7033178, -36.8980174 ], [ 174.7034934, -36.8976225 ], [ 174.703085, -36.8971454 ], [ 174.7028321, -36.8971527 ], [ 174.7022257, -36.8964443 ], [ 174.7021412, -36.8964912 ], [ 174.7014542, -36.8966192 ], [ 174.7014564, -36.8966269 ], [ 174.7012533, -36.8966872 ], [ 174.7012078, -36.8967113 ], [ 174.7012094, -36.896723 ], [ 174.7011747, -36.8967284 ], [ 174.7012949, -36.898694 ], [ 174.7013302, -36.8987264 ], [ 174.7052616, -36.899307 ], [ 174.7053036, -36.8992772 ], [ 174.7052423, -36.8983009 ], [ 174.7056269, -36.8970643 ], [ 174.705183, -36.896999 ], [ 174.7045804, -36.8970029 ], [ 174.70453, -36.8970349 ], [ 174.7044665, -36.8970429 ], [ 174.7044052, -36.8970241 ], [ 174.7043606, -36.896977 ], [ 174.7039424, -36.8972617 ], [ 174.7038505, -36.8976647 ], [ 174.7038838, -36.8976697 ] ] ], [ [ [ 174.7081052, -36.8969752 ], [ 174.7079741, -36.8970601 ], [ 174.7075377, -36.8972659 ], [ 174.7074361, -36.8973442 ], [ 174.7073596, -36.8973796 ], [ 174.7070486, -36.8974421 ], [ 174.7069586, -36.8974343 ], [ 174.7069012, -36.8974079 ], [ 174.7068096, -36.8971454 ], [ 174.7069933, -36.8969264 ], [ 174.7070493, -36.8967948 ], [ 174.7070923, -36.896732 ], [ 174.7071288, -36.8967129 ], [ 174.7072658, -36.8966801 ], [ 174.7073144, -36.8966509 ], [ 174.7073214, -36.8965527 ], [ 174.7066893, -36.8963719 ], [ 174.706102, -36.8962855 ], [ 174.7055051, -36.898205 ], [ 174.7059468, -36.8982703 ], [ 174.7060613, -36.8977711 ], [ 174.7081871, -36.8980833 ], [ 174.7083938, -36.8978173 ], [ 174.7084508, -36.8977783 ], [ 174.7086469, -36.8977136 ], [ 174.7088381, -36.8975644 ], [ 174.7088852, -36.8974379 ], [ 174.7085378, -36.8970697 ], [ 174.7083822, -36.8970063 ], [ 174.7082012, -36.8969646 ], [ 174.7081052, -36.8969752 ] ] ], [ [ [ 174.704987, -36.896362 ], [ 174.704867, -36.8965216 ], [ 174.7051043, -36.8965565 ], [ 174.7051075, -36.8968759 ], [ 174.7051963, -36.8968753 ], [ 174.7056088, -36.896936 ], [ 174.705678, -36.8969002 ], [ 174.7059724, -36.8959541 ], [ 174.705332, -36.8958351 ], [ 174.705284, -36.895934 ], [ 174.7050581, -36.896233 ], [ 174.7049821, -36.8963463 ], [ 174.7049755, -36.8963597 ], [ 174.704987, -36.896362 ] ] ], [ [ [ 174.7066959, -36.8963506 ], [ 174.7067374, -36.8962174 ], [ 174.707076, -36.8962084 ], [ 174.7069817, -36.8961245 ], [ 174.7069575, -36.8960744 ], [ 174.70675, -36.8960799 ], [ 174.70656, -36.8960519 ], [ 174.7065916, -36.8959132 ], [ 174.7065644, -36.8958816 ], [ 174.7062424, -36.8958341 ], [ 174.7061086, -36.8962642 ], [ 174.7066959, -36.8963506 ] ] ], [ [ [ 174.7054946, -36.8957146 ], [ 174.7056544, -36.8957914 ], [ 174.7057333, -36.8958056 ], [ 174.7058317, -36.8957752 ], [ 174.7058715, -36.8957515 ], [ 174.7058692, -36.8957053 ], [ 174.7056242, -36.8954456 ], [ 174.7055788, -36.8953593 ], [ 174.7056029, -36.8952693 ], [ 174.7057672, -36.8951309 ], [ 174.7056986, -36.8949778 ], [ 174.7050668, -36.8945279 ], [ 174.7041878, -36.8953654 ], [ 174.7031187, -36.89595 ], [ 174.7032484, -36.8961012 ], [ 174.7030932, -36.8961869 ], [ 174.7029637, -36.8960356 ], [ 174.7027777, -36.8961383 ], [ 174.7029854, -36.8963809 ], [ 174.7028134, -36.8964759 ], [ 174.7026058, -36.8962332 ], [ 174.7022539, -36.8964286 ], [ 174.7028287, -36.8970999 ], [ 174.703167, -36.8969131 ], [ 174.7031211, -36.8968594 ], [ 174.7033071, -36.8967566 ], [ 174.7036825, -36.897197 ], [ 174.7039483, -36.8972361 ], [ 174.7043547, -36.8969594 ], [ 174.7043665, -36.8968957 ], [ 174.7044159, -36.8968538 ], [ 174.7044963, -36.896841 ], [ 174.7045396, -36.8968524 ], [ 174.7045791, -36.8968793 ], [ 174.7047385, -36.8968782 ], [ 174.7047353, -36.8965622 ], [ 174.7046815, -36.8965588 ], [ 174.7046071, -36.8965195 ], [ 174.7045235, -36.8964253 ], [ 174.7044995, -36.8963069 ], [ 174.70444, -36.8961517 ], [ 174.7043819, -36.8960491 ], [ 174.7043789, -36.8958829 ], [ 174.7043625, -36.8958173 ], [ 174.7042947, -36.8957166 ], [ 174.7042693, -36.8956474 ], [ 174.7041833, -36.8955898 ], [ 174.704129, -36.8955801 ], [ 174.7040547, -36.8955995 ], [ 174.7039521, -36.8956913 ], [ 174.7039161, -36.8956509 ], [ 174.7039626, -36.8956292 ], [ 174.7040263, -36.8955644 ], [ 174.704105, -36.8955387 ], [ 174.7042052, -36.8955492 ], [ 174.7042862, -36.8956118 ], [ 174.7043467, -36.8957069 ], [ 174.7044266, -36.8958912 ], [ 174.7045625, -36.8962785 ], [ 174.7045818, -36.896416 ], [ 174.7046732, -36.8965263 ], [ 174.7047133, -36.8965455 ], [ 174.7047478, -36.8965367 ], [ 174.7048019, -36.8965013 ], [ 174.7049418, -36.8963484 ], [ 174.7050861, -36.8961525 ], [ 174.7050911, -36.8961301 ], [ 174.7052268, -36.8959588 ], [ 174.7053264, -36.8957746 ], [ 174.7053832, -36.8957094 ], [ 174.7054225, -36.8956972 ], [ 174.7054946, -36.8957146 ] ] ], [ [ [ 174.702075, -36.895438 ], [ 174.7021605, -36.8952328 ], [ 174.7022983, -36.8951818 ], [ 174.7025572, -36.8951237 ], [ 174.7020083, -36.8948823 ], [ 174.7016895, -36.8949329 ], [ 174.701445, -36.8947541 ], [ 174.7010638, -36.8949411 ], [ 174.701143, -36.8963422 ], [ 174.7012161, -36.8964169 ], [ 174.7013254, -36.8964529 ], [ 174.7018244, -36.896361 ], [ 174.7019923, -36.8963093 ], [ 174.7022354, -36.8962066 ], [ 174.7026248, -36.8960029 ], [ 174.7023096, -36.8956884 ], [ 174.7021173, -36.895586 ], [ 174.7021301, -36.8957861 ], [ 174.7021847, -36.8958479 ], [ 174.7020232, -36.8958545 ], [ 174.7020014, -36.8958388 ], [ 174.7020005, -36.8958233 ], [ 174.701961, -36.8958249 ], [ 174.7019419, -36.895521 ], [ 174.7020394, -36.8955163 ], [ 174.7020349, -36.8954879 ], [ 174.702075, -36.895438 ] ] ], [ [ [ 174.7059723, -36.8955575 ], [ 174.7057847, -36.8951696 ], [ 174.7056265, -36.8952819 ], [ 174.7056047, -36.8953516 ], [ 174.7056494, -36.895431 ], [ 174.7058174, -36.8956058 ], [ 174.7059723, -36.8955575 ] ] ], [ [ [ 174.702106, -36.8954945 ], [ 174.7021561, -36.8955398 ], [ 174.7022763, -36.8956169 ], [ 174.702424, -36.89575 ], [ 174.7026322, -36.8959988 ], [ 174.7040581, -36.8952111 ], [ 174.7049464, -36.8943611 ], [ 174.7039471, -36.8936885 ], [ 174.7035215, -36.8938419 ], [ 174.7034967, -36.893985 ], [ 174.7033923, -36.8941028 ], [ 174.7031417, -36.8943079 ], [ 174.7031313, -36.8945243 ], [ 174.7031114, -36.894511 ], [ 174.7030627, -36.894587 ], [ 174.702912, -36.894704 ], [ 174.7028827, -36.8947617 ], [ 174.7028969, -36.89481 ], [ 174.7029454, -36.8948882 ], [ 174.7030376, -36.8949555 ], [ 174.7030986, -36.894956 ], [ 174.7031449, -36.8950008 ], [ 174.7031329, -36.8950374 ], [ 174.7030923, -36.8950341 ], [ 174.7030327, -36.8951414 ], [ 174.702895, -36.8952551 ], [ 174.7028515, -36.8952695 ], [ 174.702654, -36.8952618 ], [ 174.7025856, -36.8952213 ], [ 174.7025207, -36.8952012 ], [ 174.7023289, -36.8952172 ], [ 174.7022464, -36.8952403 ], [ 174.7022004, -36.8952689 ], [ 174.7021443, -36.8953521 ], [ 174.7021061, -36.8954427 ], [ 174.702106, -36.8954945 ] ] ], [ [ [ 174.7017018, -36.8948973 ], [ 174.7021601, -36.8948245 ], [ 174.7023663, -36.8947271 ], [ 174.7019045, -36.8945285 ], [ 174.7014815, -36.8947362 ], [ 174.7017018, -36.8948973 ] ] ], [ [ [ 174.7054783, -36.8941342 ], [ 174.7052119, -36.894389 ], [ 174.7055829, -36.894655 ], [ 174.7058495, -36.8944179 ], [ 174.7054783, -36.8941342 ] ] ], [ [ [ 174.7026351, -36.8946199 ], [ 174.7027665, -36.8944236 ], [ 174.7027519, -36.8944205 ], [ 174.7028159, -36.8942261 ], [ 174.703034, -36.8942704 ], [ 174.7030596, -36.8942395 ], [ 174.703225, -36.8941316 ], [ 174.7033648, -36.8940569 ], [ 174.7034288, -36.8940039 ], [ 174.7034425, -36.8939537 ], [ 174.7034355, -36.8938653 ], [ 174.7026196, -36.8939919 ], [ 174.7024202, -36.8940769 ], [ 174.7021666, -36.8942203 ], [ 174.7019307, -36.8943189 ], [ 174.7020008, -36.8944813 ], [ 174.7019214, -36.8945202 ], [ 174.7022827, -36.8946756 ], [ 174.7023902, -36.8945144 ], [ 174.7026351, -36.8946199 ] ] ], [ [ [ 174.7095132, -36.8911854 ], [ 174.7092822, -36.8909984 ], [ 174.7094283, -36.8908522 ], [ 174.7090704, -36.8905549 ], [ 174.7086731, -36.8909351 ], [ 174.7092363, -36.8913912 ], [ 174.7095132, -36.8911854 ] ] ], [ [ [ 174.7099362, -36.8912906 ], [ 174.7097883, -36.8914083 ], [ 174.7103965, -36.8919007 ], [ 174.7108379, -36.8916387 ], [ 174.7111685, -36.8919582 ], [ 174.7122053, -36.8912678 ], [ 174.7103508, -36.8894685 ], [ 174.7102932, -36.8894421 ], [ 174.7102455, -36.8894459 ], [ 174.7102063, -36.8894682 ], [ 174.7090924, -36.8905338 ], [ 174.7098061, -36.8911266 ], [ 174.7098143, -36.8911204 ], [ 174.7098633, -36.8912299 ], [ 174.7099362, -36.8912906 ] ] ], [ [ [ 174.7104218, -36.8892532 ], [ 174.7118438, -36.8906334 ], [ 174.712407, -36.8900808 ], [ 174.7108669, -36.8888162 ], [ 174.7104218, -36.8892532 ] ] ], [ [ [ 174.7099466, -36.8894005 ], [ 174.7101708, -36.8891859 ], [ 174.7101811, -36.8891633 ], [ 174.7100934, -36.8885899 ], [ 174.7081859, -36.8904485 ], [ 174.7085411, -36.8907798 ], [ 174.7099676, -36.8894147 ], [ 174.7099466, -36.8894005 ] ] ], [ [ [ 174.7086139, -36.8888006 ], [ 174.7084122, -36.8884668 ], [ 174.7083642, -36.8884371 ], [ 174.7083208, -36.8884414 ], [ 174.7074261, -36.8887901 ], [ 174.7074737, -36.8888753 ], [ 174.7085118, -36.8898455 ], [ 174.7100549, -36.8883417 ], [ 174.7099893, -36.8879179 ], [ 174.7095512, -36.8879617 ], [ 174.7085054, -36.8883694 ], [ 174.7087327, -36.8887448 ], [ 174.7088302, -36.8887792 ], [ 174.7088727, -36.8888207 ], [ 174.7088837, -36.8888588 ], [ 174.7088741, -36.8889011 ], [ 174.7088477, -36.8889331 ], [ 174.7088061, -36.8889558 ], [ 174.7087599, -36.8889636 ], [ 174.7087148, -36.8889577 ], [ 174.7086512, -36.8889173 ], [ 174.7086139, -36.8888006 ] ] ], [ [ [ 174.7103703, -36.8889141 ], [ 174.7104556, -36.8889339 ], [ 174.7120798, -36.88734 ], [ 174.7117326, -36.8871117 ], [ 174.7102987, -36.8884435 ], [ 174.7103703, -36.8889141 ] ] ], [ [ [ 174.7094863, -36.8877855 ], [ 174.7099613, -36.887738 ], [ 174.7098259, -36.8868641 ], [ 174.7093879, -36.8869079 ], [ 174.7068276, -36.8879062 ], [ 174.7072754, -36.8886474 ], [ 174.7094863, -36.8877855 ] ] ], [ [ [ 174.7097101, -36.8861166 ], [ 174.7098066, -36.8857024 ], [ 174.7097633, -36.8856719 ], [ 174.7091399, -36.8858362 ], [ 174.706776, -36.8867754 ], [ 174.7072403, -36.8875439 ], [ 174.7093234, -36.8867315 ], [ 174.7097984, -36.886684 ], [ 174.7097101, -36.8861166 ] ] ], [ [ [ 174.7127884, -36.8857854 ], [ 174.7128167, -36.8858053 ], [ 174.7132047, -36.8854449 ], [ 174.713182, -36.8854291 ], [ 174.7134625, -36.8851685 ], [ 174.7134975, -36.8851929 ], [ 174.7149886, -36.8838035 ], [ 174.7142394, -36.8832971 ], [ 174.7141668, -36.8833019 ], [ 174.7120694, -36.8852529 ], [ 174.7109531, -36.8867989 ], [ 174.7100536, -36.8868643 ], [ 174.710254, -36.8881564 ], [ 174.7127884, -36.8857854 ] ] ], [ [ [ 174.7100513, -36.8846521 ], [ 174.7100063, -36.8845993 ], [ 174.7093985, -36.8845079 ], [ 174.709048, -36.8846745 ], [ 174.7072592, -36.8853714 ], [ 174.7077511, -36.8861852 ], [ 174.7090544, -36.8856678 ], [ 174.7098109, -36.8854686 ], [ 174.7098749, -36.88541 ], [ 174.7100513, -36.8846521 ] ] ], [ [ [ 174.7108162, -36.8866265 ], [ 174.7118849, -36.885147 ], [ 174.7122994, -36.8847617 ], [ 174.7114882, -36.8841974 ], [ 174.712035, -36.8837026 ], [ 174.7121209, -36.8837614 ], [ 174.7133038, -36.8826647 ], [ 174.7116723, -36.881562 ], [ 174.7108564, -36.8821796 ], [ 174.7106771, -36.8829498 ], [ 174.7111467, -36.8830241 ], [ 174.7110785, -36.8833171 ], [ 174.710608, -36.8832464 ], [ 174.7099383, -36.8861224 ], [ 174.7100253, -36.886684 ], [ 174.7108162, -36.8866265 ] ] ], [ [ [ 174.7118087, -36.8841814 ], [ 174.7124469, -36.8846245 ], [ 174.7140274, -36.8831539 ], [ 174.71339, -36.8827231 ], [ 174.7118087, -36.8841814 ] ] ], [ [ [ 174.7096594, -36.8843627 ], [ 174.7101031, -36.8844293 ], [ 174.7106496, -36.8820822 ], [ 174.7101611, -36.8822083 ], [ 174.7096594, -36.8843627 ] ] ], [ [ [ 174.8040154, -36.9024157 ], [ 174.8040423, -36.902521 ], [ 174.8044481, -36.9027779 ], [ 174.8042633, -36.9029669 ], [ 174.8076482, -36.9049945 ], [ 174.8085656, -36.9040561 ], [ 174.8084198, -36.9039382 ], [ 174.8055743, -36.9010194 ], [ 174.8054944, -36.9010131 ], [ 174.8051723, -36.9012374 ], [ 174.8043055, -36.9021202 ], [ 174.8047907, -36.9024275 ], [ 174.8046851, -36.9025355 ], [ 174.8041997, -36.902228 ], [ 174.8040154, -36.9024157 ] ] ], [ [ [ 174.8021023, -36.9022037 ], [ 174.8020897, -36.9022482 ], [ 174.8022295, -36.9025752 ], [ 174.8027196, -36.9024393 ], [ 174.8028582, -36.9024729 ], [ 174.8030781, -36.9022579 ], [ 174.803865, -36.9027296 ], [ 174.8035955, -36.9016767 ], [ 174.8036754, -36.9012861 ], [ 174.8036568, -36.9012653 ], [ 174.8033981, -36.9012314 ], [ 174.8025488, -36.9020619 ], [ 174.8021424, -36.9021714 ], [ 174.8021023, -36.9022037 ] ] ], [ [ [ 174.8031485, -36.9011898 ], [ 174.8031448, -36.9011649 ], [ 174.8026855, -36.9008885 ], [ 174.8024804, -36.901089 ], [ 174.801985, -36.9008051 ], [ 174.8019625, -36.9008365 ], [ 174.8014463, -36.9005974 ], [ 174.8011914, -36.9009523 ], [ 174.8011996, -36.9009773 ], [ 174.8018765, -36.9013005 ], [ 174.802551, -36.9017455 ], [ 174.8025826, -36.901743 ], [ 174.8031485, -36.9011898 ] ] ], [ [ [ 174.8046601, -36.9007914 ], [ 174.8049739, -36.9010922 ], [ 174.8049815, -36.9010872 ], [ 174.8050086, -36.9011117 ], [ 174.8053552, -36.9008702 ], [ 174.8053634, -36.900803 ], [ 174.8042826, -36.8996944 ], [ 174.8042294, -36.8996935 ], [ 174.8038252, -36.9016733 ], [ 174.8039445, -36.9021392 ], [ 174.8039908, -36.902148 ], [ 174.8047907, -36.9013335 ], [ 174.8043681, -36.9010659 ], [ 174.8046601, -36.9007914 ] ] ], [ [ [ 174.8056301, -36.8992733 ], [ 174.8048386, -36.8998061 ], [ 174.8048299, -36.8998729 ], [ 174.8064694, -36.9015545 ], [ 174.807005, -36.9012188 ], [ 174.8086635, -36.9002403 ], [ 174.8082217, -36.8993773 ], [ 174.8071605, -36.8988812 ], [ 174.8067561, -36.8985031 ], [ 174.8058533, -36.8991231 ], [ 174.8058738, -36.8991746 ], [ 174.8062949, -36.8994222 ], [ 174.8065701, -36.8996217 ], [ 174.8067991, -36.8998151 ], [ 174.8069334, -36.8998802 ], [ 174.8069646, -36.8999205 ], [ 174.8069734, -36.8999684 ], [ 174.8069579, -36.900014 ], [ 174.8069216, -36.9000508 ], [ 174.8068703, -36.9000732 ], [ 174.8068238, -36.9000782 ], [ 174.8067814, -36.900105 ], [ 174.8067675, -36.9000908 ], [ 174.8067927, -36.9000749 ], [ 174.8067134, -36.9000338 ], [ 174.8065848, -36.899848 ], [ 174.8064112, -36.8997048 ], [ 174.8060799, -36.8994737 ], [ 174.8057199, -36.8992722 ], [ 174.8056301, -36.8992733 ] ] ], [ [ [ 174.8024975, -36.9000914 ], [ 174.8030714, -36.9003794 ], [ 174.8027798, -36.9007188 ], [ 174.8033061, -36.9010356 ], [ 174.8036926, -36.9010865 ], [ 174.8037185, -36.9010715 ], [ 174.8040399, -36.8994976 ], [ 174.8040152, -36.8994201 ], [ 174.8030581, -36.8984385 ], [ 174.8029943, -36.8984421 ], [ 174.8024137, -36.8992501 ], [ 174.8024216, -36.8992754 ], [ 174.8026703, -36.8994002 ], [ 174.8025667, -36.8995621 ], [ 174.8023088, -36.8994324 ], [ 174.8022783, -36.8994385 ], [ 174.8017301, -36.9002021 ], [ 174.8022463, -36.9004412 ], [ 174.8024975, -36.9000914 ] ] ], [ [ [ 174.8076479, -36.8978881 ], [ 174.8069274, -36.898385 ], [ 174.8073072, -36.8987401 ], [ 174.8084012, -36.8992515 ], [ 174.8078693, -36.8982133 ], [ 174.8079108, -36.8981996 ], [ 174.8077301, -36.8978472 ], [ 174.8076521, -36.8978948 ], [ 174.8076479, -36.8978881 ] ] ], [ [ [ 174.8016828, -36.899117 ], [ 174.8013722, -36.8990425 ], [ 174.8014365, -36.8988685 ], [ 174.8017729, -36.8989495 ], [ 174.8022007, -36.8991476 ], [ 174.8022314, -36.899141 ], [ 174.802844, -36.898288 ], [ 174.8028374, -36.8982122 ], [ 174.8015569, -36.8968982 ], [ 174.8014926, -36.8969018 ], [ 174.8010205, -36.8975514 ], [ 174.8016317, -36.897838 ], [ 174.8010968, -36.898574 ], [ 174.8010103, -36.8986596 ], [ 174.8008335, -36.8988968 ], [ 174.8007415, -36.8989144 ], [ 174.8006086, -36.8988534 ], [ 174.8002811, -36.8992548 ], [ 174.800855, -36.8995232 ], [ 174.8006257, -36.8997827 ], [ 174.8010592, -36.8999852 ], [ 174.8011189, -36.8999022 ], [ 174.8015435, -36.9000988 ], [ 174.8020961, -36.8993293 ], [ 174.8020879, -36.8993046 ], [ 174.8016828, -36.899117 ] ] ], [ [ [ 174.8058678, -36.8967874 ], [ 174.8048967, -36.8964469 ], [ 174.8041219, -36.8972025 ], [ 174.8041579, -36.8972192 ], [ 174.8036104, -36.8977531 ], [ 174.8035941, -36.8977458 ], [ 174.8030763, -36.8980737 ], [ 174.8046456, -36.8996839 ], [ 174.8046667, -36.8996856 ], [ 174.8059316, -36.8988337 ], [ 174.8073772, -36.8978359 ], [ 174.8070522, -36.8972021 ], [ 174.8060849, -36.8968636 ], [ 174.8059544, -36.8968009 ], [ 174.8058678, -36.8967874 ] ] ], [ [ [ 174.8076117, -36.8978179 ], [ 174.8077036, -36.8977875 ], [ 174.8071868, -36.8967759 ], [ 174.8068007, -36.8968764 ], [ 174.8067865, -36.8969106 ], [ 174.807226, -36.8970653 ], [ 174.8076117, -36.8978179 ] ] ], [ [ [ 174.8043478, -36.8967498 ], [ 174.8046557, -36.8964495 ], [ 174.8046951, -36.8963766 ], [ 174.8039849, -36.896132 ], [ 174.8037606, -36.8965477 ], [ 174.8043478, -36.8967498 ] ] ], [ [ [ 174.8035624, -36.8964022 ], [ 174.803764, -36.8964724 ], [ 174.8039535, -36.896121 ], [ 174.8037527, -36.8960504 ], [ 174.8035624, -36.8964022 ] ] ], [ [ [ 174.8024735, -36.8961167 ], [ 174.8034881, -36.8964702 ], [ 174.8037213, -36.8960395 ], [ 174.8027059, -36.8956857 ], [ 174.8024735, -36.8961167 ] ] ], [ [ [ 174.8039907, -36.8951873 ], [ 174.8036502, -36.8958172 ], [ 174.8061066, -36.8966706 ], [ 174.8067603, -36.896455 ], [ 174.8062426, -36.8957726 ], [ 174.8058796, -36.895423 ], [ 174.8060274, -36.8953266 ], [ 174.8058459, -36.8951518 ], [ 174.8052231, -36.8946249 ], [ 174.8044748, -36.8953256 ], [ 174.804461, -36.8953514 ], [ 174.8039907, -36.8951873 ] ] ], [ [ [ 174.7998365, -36.8947507 ], [ 174.8016978, -36.8966596 ], [ 174.8021159, -36.8964001 ], [ 174.8019697, -36.896249 ], [ 174.8021558, -36.895988 ], [ 174.8024188, -36.8960797 ], [ 174.8026432, -36.8956639 ], [ 174.7998854, -36.8947003 ], [ 174.7998543, -36.8946998 ], [ 174.7998316, -36.8947168 ], [ 174.7998365, -36.8947507 ] ] ], [ [ [ 174.8058578, -36.894427 ], [ 174.8064637, -36.8948882 ], [ 174.8067156, -36.8951118 ], [ 174.8068564, -36.895287 ], [ 174.8068982, -36.8952722 ], [ 174.8074119, -36.8960309 ], [ 174.8078947, -36.8951371 ], [ 174.8058578, -36.894427 ] ] ], [ [ [ 174.8018893, -36.895203 ], [ 174.8025676, -36.8954397 ], [ 174.8030176, -36.8946085 ], [ 174.804055, -36.8949705 ], [ 174.8042301, -36.8946776 ], [ 174.8042271, -36.894635 ], [ 174.8028887, -36.893937 ], [ 174.8018817, -36.8951826 ], [ 174.8018893, -36.895203 ] ] ], [ [ [ 174.8005876, -36.8947481 ], [ 174.8016612, -36.8951227 ], [ 174.8023234, -36.8943035 ], [ 174.8013532, -36.8937974 ], [ 174.8005876, -36.8947481 ] ] ], [ [ [ 174.8033961, -36.8933681 ], [ 174.8031017, -36.8936735 ], [ 174.8030116, -36.8937849 ], [ 174.8043202, -36.8944675 ], [ 174.8042878, -36.8945258 ], [ 174.8045051, -36.8946392 ], [ 174.8047257, -36.8942479 ], [ 174.8045246, -36.8940993 ], [ 174.8033961, -36.8933681 ] ] ], [ [ [ 174.8066301, -36.8926731 ], [ 174.8057789, -36.8942505 ], [ 174.8067452, -36.8945869 ], [ 174.8076307, -36.8929461 ], [ 174.8069279, -36.8927013 ], [ 174.8067485, -36.8930339 ], [ 174.8066916, -36.8928121 ], [ 174.8066301, -36.8926731 ] ] ], [ [ [ 174.8051604, -36.8938566 ], [ 174.8055974, -36.8941865 ], [ 174.8058307, -36.893754 ], [ 174.8048319, -36.8934064 ], [ 174.8049561, -36.8932523 ], [ 174.8059204, -36.8935878 ], [ 174.8064825, -36.892546 ], [ 174.8057338, -36.8922852 ], [ 174.805749, -36.8922665 ], [ 174.8049228, -36.8919779 ], [ 174.8040895, -36.892412 ], [ 174.8038846, -36.8926654 ], [ 174.8037528, -36.8928635 ], [ 174.8047829, -36.8934673 ], [ 174.8051604, -36.8938566 ] ] ], [ [ [ 174.8091001, -36.8912567 ], [ 174.8090726, -36.8912478 ], [ 174.8087077, -36.8912753 ], [ 174.8086194, -36.8912925 ], [ 174.8082817, -36.8914067 ], [ 174.8079948, -36.8914715 ], [ 174.807793, -36.8914886 ], [ 174.8074152, -36.8914772 ], [ 174.8071022, -36.8914303 ], [ 174.8068019, -36.8913453 ], [ 174.8044178, -36.8902911 ], [ 174.803884, -36.8910969 ], [ 174.8046642, -36.8914492 ], [ 174.8040389, -36.8922224 ], [ 174.8048465, -36.8918015 ], [ 174.8078358, -36.8928417 ], [ 174.8078467, -36.8928217 ], [ 174.8095174, -36.8933999 ], [ 174.8095916, -36.8933763 ], [ 174.8103673, -36.8919368 ], [ 174.810347, -36.8918956 ], [ 174.8104065, -36.8917851 ], [ 174.8105084, -36.891755 ], [ 174.810535, -36.8917056 ], [ 174.810063, -36.8915415 ], [ 174.8098686, -36.89153 ], [ 174.809813, -36.8916333 ], [ 174.8096122, -36.8915636 ], [ 174.809781, -36.8912499 ], [ 174.8091001, -36.8912567 ] ] ], [ [ [ 174.7159276, -36.8866268 ], [ 174.7159491, -36.8866057 ], [ 174.7155538, -36.8863462 ], [ 174.7159999, -36.8859095 ], [ 174.7160514, -36.885822 ], [ 174.7165766, -36.8859909 ], [ 174.7171993, -36.8853808 ], [ 174.717214, -36.8853377 ], [ 174.7171905, -36.8853041 ], [ 174.7155777, -36.8842112 ], [ 174.7155622, -36.8842124 ], [ 174.7143574, -36.8853932 ], [ 174.7147569, -36.8854698 ], [ 174.7148512, -36.8855003 ], [ 174.7148836, -36.8854751 ], [ 174.7149252, -36.8854885 ], [ 174.7149443, -36.8854596 ], [ 174.7157473, -36.8857237 ], [ 174.7157248, -36.8857461 ], [ 174.7152689, -36.8861934 ], [ 174.7151108, -36.8860895 ], [ 174.7152081, -36.8859816 ], [ 174.7147397, -36.885688 ], [ 174.7148998, -36.8855308 ], [ 174.7147518, -36.885483 ], [ 174.7143454, -36.8854051 ], [ 174.7114401, -36.8882536 ], [ 174.711445, -36.8882922 ], [ 174.7130854, -36.889371 ], [ 174.7131335, -36.8893671 ], [ 174.7146768, -36.8878544 ], [ 174.7141211, -36.8874891 ], [ 174.7148608, -36.8867632 ], [ 174.7149659, -36.8868324 ], [ 174.71524, -36.8865633 ], [ 174.7156902, -36.8868592 ], [ 174.7157119, -36.886838 ], [ 174.7153162, -36.8865788 ], [ 174.7155322, -36.8863673 ], [ 174.7159276, -36.8866268 ] ] ], [ [ [ 174.7186775, -36.8863058 ], [ 174.7174173, -36.885453 ], [ 174.7165258, -36.8863266 ], [ 174.716949, -36.886605 ], [ 174.7167324, -36.8868175 ], [ 174.7175827, -36.8873771 ], [ 174.7186775, -36.8863058 ] ] ], [ [ [ 174.8326132, -36.9158627 ], [ 174.8325926, -36.9157311 ], [ 174.831134, -36.9158783 ], [ 174.8311261, -36.9158998 ], [ 174.8328098, -36.916132 ], [ 174.8329896, -36.9161197 ], [ 174.8329449, -36.9156955 ], [ 174.8329115, -36.9156989 ], [ 174.832924, -36.9158176 ], [ 174.8329132, -36.9158324 ], [ 174.8326132, -36.9158627 ] ] ], [ [ [ 174.8138336, -36.9004674 ], [ 174.8138814, -36.9004399 ], [ 174.8140587, -36.9003621 ], [ 174.8141379, -36.9004005 ], [ 174.8143569, -36.900305 ], [ 174.8146088, -36.9001706 ], [ 174.8147554, -36.9001318 ], [ 174.8153859, -36.8999054 ], [ 174.8155231, -36.8997457 ], [ 174.8154649, -36.8996639 ], [ 174.8133855, -36.8994015 ], [ 174.8116169, -36.9014838 ], [ 174.8103465, -36.901479 ], [ 174.8104516, -36.9017044 ], [ 174.8108071, -36.9021163 ], [ 174.810829, -36.9020905 ], [ 174.8111365, -36.9023832 ], [ 174.8118901, -36.902834 ], [ 174.8124024, -36.9021915 ], [ 174.8126908, -36.9016586 ], [ 174.8127131, -36.9015652 ], [ 174.8127176, -36.901457 ], [ 174.8128774, -36.9013559 ], [ 174.8129271, -36.9013118 ], [ 174.8130319, -36.9011714 ], [ 174.8132465, -36.9009379 ], [ 174.8135605, -36.9006425 ], [ 174.8136033, -36.9006628 ], [ 174.8137412, -36.9005821 ], [ 174.8137881, -36.9005409 ], [ 174.8138336, -36.9004674 ] ] ], [ [ [ 174.8102507, -36.8997635 ], [ 174.8112735, -36.9002084 ], [ 174.8114585, -36.8999124 ], [ 174.8104396, -36.8995019 ], [ 174.8104093, -36.8995099 ], [ 174.8102507, -36.8997635 ] ] ], [ [ [ 174.8125535, -36.8996445 ], [ 174.8128167, -36.8997495 ], [ 174.8131552, -36.8993511 ], [ 174.8131473, -36.8993292 ], [ 174.8127905, -36.899205 ], [ 174.8125535, -36.8996445 ] ] ], [ [ [ 174.8102076, -36.8994288 ], [ 174.8101976, -36.8994045 ], [ 174.8091107, -36.8989661 ], [ 174.8093664, -36.8994839 ], [ 174.8094805, -36.8997535 ], [ 174.8098668, -36.8999334 ], [ 174.8098966, -36.8999263 ], [ 174.8102076, -36.8994288 ] ] ], [ [ [ 174.8162584, -36.8995833 ], [ 174.8163083, -36.8995554 ], [ 174.8163863, -36.8991245 ], [ 174.8154935, -36.89902 ], [ 174.8154113, -36.8994737 ], [ 174.8162584, -36.8995833 ] ] ], [ [ [ 174.8114213, -36.8991875 ], [ 174.8111826, -36.8990913 ], [ 174.8113838, -36.8987156 ], [ 174.8113529, -36.8987049 ], [ 174.8112492, -36.8988984 ], [ 174.8112204, -36.8989077 ], [ 174.8112116, -36.8988901 ], [ 174.8111566, -36.8988711 ], [ 174.8111626, -36.8988598 ], [ 174.8110766, -36.8988301 ], [ 174.8111763, -36.8986434 ], [ 174.8109703, -36.8985718 ], [ 174.81078, -36.8989181 ], [ 174.8105309, -36.8993155 ], [ 174.810541, -36.8993399 ], [ 174.8116811, -36.8997992 ], [ 174.8119336, -36.8993944 ], [ 174.8119415, -36.8993976 ], [ 174.812163, -36.8989867 ], [ 174.8120061, -36.8989322 ], [ 174.8117885, -36.8993358 ], [ 174.8115748, -36.8992495 ], [ 174.8116782, -36.8990572 ], [ 174.8118467, -36.8991022 ], [ 174.8118772, -36.8990945 ], [ 174.811956, -36.8989542 ], [ 174.811962, -36.8989171 ], [ 174.8116295, -36.8988011 ], [ 174.8114213, -36.8991875 ] ] ], [ [ [ 174.8085453, -36.8979849 ], [ 174.8089756, -36.8987088 ], [ 174.8091586, -36.8987825 ], [ 174.8094122, -36.8983771 ], [ 174.8105727, -36.8988455 ], [ 174.8107624, -36.898499 ], [ 174.8085156, -36.8977129 ], [ 174.8084582, -36.8978162 ], [ 174.8085453, -36.8979849 ] ] ], [ [ [ 174.810574, -36.8979399 ], [ 174.8109878, -36.8980846 ], [ 174.8111227, -36.8978352 ], [ 174.8107089, -36.8976904 ], [ 174.810574, -36.8979399 ] ] ], [ [ [ 174.8143724, -36.898073 ], [ 174.8147052, -36.8980187 ], [ 174.8148966, -36.8976651 ], [ 174.814855, -36.8976505 ], [ 174.8151005, -36.8971941 ], [ 174.8151241, -36.8972022 ], [ 174.8152811, -36.8969112 ], [ 174.8142694, -36.8965589 ], [ 174.8132825, -36.8983881 ], [ 174.813919, -36.8986096 ], [ 174.8143724, -36.898073 ] ] ], [ [ [ 174.8089899, -36.8976811 ], [ 174.8092725, -36.8971576 ], [ 174.8089674, -36.897052 ], [ 174.8086362, -36.8969792 ], [ 174.8085046, -36.8975115 ], [ 174.8089899, -36.8976811 ] ] ], [ [ [ 174.807829, -36.8966312 ], [ 174.8077176, -36.8964742 ], [ 174.8076825, -36.8964882 ], [ 174.8077731, -36.8966727 ], [ 174.807796, -36.8967581 ], [ 174.8081064, -36.8973722 ], [ 174.8082929, -36.8974375 ], [ 174.8084393, -36.8968458 ], [ 174.807829, -36.8966312 ] ] ], [ [ [ 174.8133959, -36.8945517 ], [ 174.8132205, -36.894473 ], [ 174.813177, -36.8944848 ], [ 174.8110821, -36.8983745 ], [ 174.8110925, -36.8984062 ], [ 174.8111233, -36.8984274 ], [ 174.8127168, -36.8989815 ], [ 174.8144225, -36.8958193 ], [ 174.8143589, -36.8955886 ], [ 174.8142912, -36.8954309 ], [ 174.8142089, -36.8952809 ], [ 174.814071, -36.8950833 ], [ 174.8138427, -36.8948502 ], [ 174.8137029, -36.8947403 ], [ 174.8135555, -36.8946408 ], [ 174.8133959, -36.8945517 ] ] ], [ [ [ 174.8085576, -36.8963897 ], [ 174.8082773, -36.8963448 ], [ 174.8080815, -36.8964535 ], [ 174.8080346, -36.896446 ], [ 174.8078985, -36.8964969 ], [ 174.8084784, -36.8967083 ], [ 174.8085576, -36.8963897 ] ] ], [ [ [ 174.8111245, -36.8944863 ], [ 174.8109077, -36.8945887 ], [ 174.8091968, -36.8977533 ], [ 174.8102326, -36.8981154 ], [ 174.8105768, -36.8974783 ], [ 174.8111961, -36.8976992 ], [ 174.8129618, -36.8944276 ], [ 174.8129341, -36.8943755 ], [ 174.8127524, -36.8943298 ], [ 174.8125526, -36.894296 ], [ 174.8123454, -36.8942762 ], [ 174.8121413, -36.8942724 ], [ 174.8119419, -36.8942834 ], [ 174.8115342, -36.8943469 ], [ 174.8113443, -36.8944027 ], [ 174.8111245, -36.8944863 ] ] ], [ [ [ 174.8077521, -36.8963091 ], [ 174.8079266, -36.8962598 ], [ 174.8080272, -36.8962092 ], [ 174.807867, -36.8960582 ], [ 174.8076658, -36.8961987 ], [ 174.8077521, -36.8963091 ] ] ], [ [ [ 174.8087862, -36.8954447 ], [ 174.8080519, -36.8951918 ], [ 174.8078117, -36.895638 ], [ 174.8082577, -36.8957922 ], [ 174.808228, -36.8959168 ], [ 174.8086579, -36.8959856 ], [ 174.8087862, -36.8954447 ] ] ], [ [ [ 174.8093256, -36.8963542 ], [ 174.8092559, -36.8964831 ], [ 174.8092434, -36.8967814 ], [ 174.8090943, -36.8967289 ], [ 174.809031, -36.8968825 ], [ 174.8093633, -36.8969898 ], [ 174.8109127, -36.894122 ], [ 174.810877, -36.8940498 ], [ 174.809479, -36.8935635 ], [ 174.808934, -36.8957775 ], [ 174.8090777, -36.8958012 ], [ 174.8090329, -36.8959783 ], [ 174.8088898, -36.8959555 ], [ 174.808844, -36.8961405 ], [ 174.8093715, -36.8962233 ], [ 174.8094122, -36.8962663 ], [ 174.8093863, -36.8963143 ], [ 174.8093256, -36.8963542 ] ] ], [ [ [ 174.809006, -36.8945472 ], [ 174.80912, -36.8940855 ], [ 174.8086049, -36.8939063 ], [ 174.8086742, -36.8937779 ], [ 174.808292, -36.8936449 ], [ 174.8085058, -36.8932487 ], [ 174.8078379, -36.8930182 ], [ 174.8069524, -36.8946591 ], [ 174.8080438, -36.8950392 ], [ 174.8084385, -36.8943075 ], [ 174.8083067, -36.8942616 ], [ 174.8083098, -36.8942333 ], [ 174.8082553, -36.8942143 ], [ 174.8082955, -36.8941398 ], [ 174.8085026, -36.8942118 ], [ 174.8080543, -36.8950428 ], [ 174.8088177, -36.8953086 ], [ 174.8088951, -36.8949958 ], [ 174.8086233, -36.8949012 ], [ 174.8086785, -36.8947988 ], [ 174.8087079, -36.8947895 ], [ 174.8089272, -36.8948658 ], [ 174.8089339, -36.8948387 ], [ 174.8084515, -36.8946706 ], [ 174.8085234, -36.8945373 ], [ 174.8086462, -36.8945802 ], [ 174.8086981, -36.894484 ], [ 174.8087275, -36.8944746 ], [ 174.8087729, -36.8944904 ], [ 174.8087839, -36.8944699 ], [ 174.809006, -36.8945472 ] ] ], [ [ [ 174.8085449, -36.8935868 ], [ 174.8091878, -36.8938105 ], [ 174.8092617, -36.8935117 ], [ 174.8086923, -36.8933135 ], [ 174.8085449, -36.8935868 ] ] ], [ [ [ 174.8123612, -36.8940951 ], [ 174.8125892, -36.8941169 ], [ 174.8129642, -36.8941912 ], [ 174.8133056, -36.8943038 ], [ 174.8135791, -36.8944336 ], [ 174.8136482, -36.8944221 ], [ 174.8139019, -36.8940934 ], [ 174.813549, -36.8939281 ], [ 174.8131762, -36.8937983 ], [ 174.8132384, -36.8936831 ], [ 174.8130153, -36.8936054 ], [ 174.8127955, -36.8935921 ], [ 174.8126721, -36.8931836 ], [ 174.8131248, -36.8930999 ], [ 174.8133955, -36.8922442 ], [ 174.8122663, -36.8920695 ], [ 174.8111159, -36.8942011 ], [ 174.8111353, -36.8942455 ], [ 174.811191, -36.8942598 ], [ 174.8114701, -36.8941727 ], [ 174.8119161, -36.8941031 ], [ 174.812136, -36.8940909 ], [ 174.8123612, -36.8940951 ] ] ], [ [ [ 174.8105744, -36.8920092 ], [ 174.809776, -36.8934901 ], [ 174.8106046, -36.8937785 ], [ 174.8105934, -36.8937986 ], [ 174.8110097, -36.8939432 ], [ 174.8121604, -36.8918094 ], [ 174.8121254, -36.8917383 ], [ 174.8110228, -36.891355 ], [ 174.810927, -36.8914002 ], [ 174.8109064, -36.8913931 ], [ 174.8106641, -36.8918429 ], [ 174.8106839, -36.8918832 ], [ 174.8106246, -36.8919933 ], [ 174.8105744, -36.8920092 ] ] ] ] } },
{ "type": "Feature", "properties": { "category": "48.5m" }, "geometry": { "type": "MultiPolygon", "coordinates": [ [ [ [ 174.8728355, -36.915418 ], [ 174.8727998, -36.9154459 ], [ 174.872703, -36.915445 ], [ 174.8725837, -36.9153466 ], [ 174.8725324, -36.9152256 ], [ 174.8717136, -36.9145509 ], [ 174.8716169, -36.9145499 ], [ 174.8713449, -36.9147629 ], [ 174.8711999, -36.9149038 ], [ 174.8711978, -36.9150311 ], [ 174.8727443, -36.9163054 ], [ 174.8729502, -36.9162581 ], [ 174.8731433, -36.9155501 ], [ 174.8728355, -36.915418 ] ] ], [ [ [ 174.8728532, -36.9151358 ], [ 174.8730046, -36.9152604 ], [ 174.8732165, -36.9152977 ], [ 174.8733698, -36.914735 ], [ 174.872401, -36.9139366 ], [ 174.8718864, -36.9143391 ], [ 174.8718851, -36.9144168 ], [ 174.8726848, -36.9150758 ], [ 174.8728532, -36.9151358 ] ] ], [ [ [ 174.8708493, -36.9147439 ], [ 174.8710078, -36.9147456 ], [ 174.8719089, -36.9140683 ], [ 174.8730117, -36.9132056 ], [ 174.8723815, -36.9126863 ], [ 174.8710405, -36.9137354 ], [ 174.8702585, -36.9130908 ], [ 174.8699364, -36.9131617 ], [ 174.8702005, -36.9139336 ], [ 174.87031, -36.9141653 ], [ 174.8704132, -36.9143211 ], [ 174.8705356, -36.9144664 ], [ 174.8706467, -36.9145748 ], [ 174.8708493, -36.9147439 ] ] ], [ [ [ 174.8695947, -36.9120928 ], [ 174.8696051, -36.9121915 ], [ 174.8698912, -36.9130293 ], [ 174.8702761, -36.9129445 ], [ 174.8705502, -36.9127301 ], [ 174.8701721, -36.9124186 ], [ 174.8705627, -36.9120824 ], [ 174.8704408, -36.9117256 ], [ 174.8697762, -36.911878 ], [ 174.8697036, -36.9119186 ], [ 174.8696565, -36.9119611 ], [ 174.8696148, -36.9120236 ], [ 174.8695947, -36.9120928 ] ] ], [ [ [ 174.8731342, -36.9131098 ], [ 174.873357, -36.9129355 ], [ 174.8738329, -36.9130191 ], [ 174.874371, -36.9110425 ], [ 174.8743181, -36.9109978 ], [ 174.8728832, -36.9111877 ], [ 174.872243, -36.9113286 ], [ 174.8723177, -36.9115476 ], [ 174.8721197, -36.9117024 ], [ 174.8716397, -36.9118081 ], [ 174.8716709, -36.9118995 ], [ 174.8714728, -36.9119431 ], [ 174.8711397, -36.9122298 ], [ 174.8711254, -36.9122764 ], [ 174.8711358, -36.9123067 ], [ 174.8710211, -36.9123319 ], [ 174.8709965, -36.9123531 ], [ 174.8709802, -36.9123409 ], [ 174.8709065, -36.9123571 ], [ 174.8708944, -36.9123218 ], [ 174.870698, -36.9121671 ], [ 174.8706045, -36.9122476 ], [ 174.8706162, -36.9122573 ], [ 174.8704104, -36.9124182 ], [ 174.8707919, -36.9127326 ], [ 174.8704178, -36.9130254 ], [ 174.8710254, -36.9135261 ], [ 174.8710625, -36.9135265 ], [ 174.8723847, -36.9124921 ], [ 174.8725279, -36.9126101 ], [ 174.872882, -36.9123332 ], [ 174.8730013, -36.9124315 ], [ 174.8726473, -36.9127085 ], [ 174.8731342, -36.9131098 ] ] ], [ [ [ 174.8710948, -36.9118257 ], [ 174.8707213, -36.912147 ], [ 174.8709213, -36.9122969 ], [ 174.8713945, -36.91189 ], [ 174.871423, -36.9117968 ], [ 174.8713837, -36.9116818 ], [ 174.8712997, -36.9116433 ], [ 174.8711364, -36.9116793 ], [ 174.8710839, -36.9117409 ], [ 174.8710948, -36.9118257 ] ] ], [ [ [ 174.8720781, -36.911365 ], [ 174.8715295, -36.9114857 ], [ 174.8715945, -36.9116757 ], [ 174.872032, -36.9115795 ], [ 174.8721261, -36.9115058 ], [ 174.8720781, -36.911365 ] ] ] ] } },
{ "type": "Feature", "properties": { "category": "50m" }, "geometry": { "type": "MultiPolygon", "coordinates": [ [ [ [ 174.7365568, -36.8803471 ], [ 174.7361928, -36.8802709 ], [ 174.7360768, -36.8810117 ], [ 174.7364407, -36.8810879 ], [ 174.7365568, -36.8803471 ] ] ], [ [ [ 174.7359167, -36.8803654 ], [ 174.7344533, -36.8800567 ], [ 174.7338797, -36.8806706 ], [ 174.7345346, -36.8810674 ], [ 174.7348838, -36.880695 ], [ 174.7350177, -36.8807631 ], [ 174.7349702, -36.8809048 ], [ 174.7358374, -36.8810877 ], [ 174.7359454, -36.8803996 ], [ 174.7359167, -36.8803654 ] ], [ [ 174.7352721, -36.8808281 ], [ 174.735315, -36.8806964 ], [ 174.7356124, -36.8807591 ], [ 174.7355513, -36.880887 ], [ 174.7352721, -36.8808281 ] ] ], [ [ [ 174.7367584, -36.8798866 ], [ 174.7368084, -36.8797334 ], [ 174.736319, -36.8796304 ], [ 174.736269, -36.8797842 ], [ 174.7362212, -36.8800894 ], [ 174.7365685, -36.8801622 ], [ 174.7366643, -36.879867 ], [ 174.7367584, -36.8798866 ] ] ], [ [ [ 174.734219, -36.8800083 ], [ 174.7340678, -36.8793848 ], [ 174.7327867, -36.8789416 ], [ 174.7320045, -36.8795389 ], [ 174.7326264, -36.8800644 ], [ 174.7333473, -36.8795111 ], [ 174.7337366, -36.8798377 ], [ 174.7333354, -36.8802654 ], [ 174.7337385, -36.8805202 ], [ 174.734219, -36.8800083 ] ] ], [ [ [ 174.7395287, -36.8799528 ], [ 174.7399702, -36.8800446 ], [ 174.740185, -36.8793787 ], [ 174.7387504, -36.8790811 ], [ 174.7386376, -36.8794321 ], [ 174.7396296, -36.8796386 ], [ 174.7395287, -36.8799528 ] ] ], [ [ [ 174.7360474, -36.8797497 ], [ 174.736329, -36.8788867 ], [ 174.7366265, -36.8785045 ], [ 174.7362621, -36.8779632 ], [ 174.7354019, -36.8777977 ], [ 174.7352215, -36.8783502 ], [ 174.7345794, -36.8798959 ], [ 174.735945, -36.8801838 ], [ 174.7359824, -36.8801635 ], [ 174.7360474, -36.8797497 ] ] ], [ [ [ 174.7338684, -36.8786667 ], [ 174.7335545, -36.8786667 ], [ 174.7335545, -36.8785987 ], [ 174.7333835, -36.8785668 ], [ 174.7332265, -36.8785407 ], [ 174.7328478, -36.8785409 ], [ 174.7329128, -36.8787884 ], [ 174.7340592, -36.8791828 ], [ 174.7342992, -36.8788009 ], [ 174.7342562, -36.8787895 ], [ 174.7338685, -36.8787894 ], [ 174.7338684, -36.8786667 ] ] ], [ [ [ 174.7394686, -36.8790431 ], [ 174.7402423, -36.8792037 ], [ 174.7404695, -36.8785018 ], [ 174.7395288, -36.8783067 ], [ 174.7394159, -36.8786577 ], [ 174.7395814, -36.8786921 ], [ 174.7394686, -36.8790431 ] ] ], [ [ [ 174.7285067, -36.8787106 ], [ 174.7286062, -36.8788231 ], [ 174.7288568, -36.8791861 ], [ 174.729148, -36.8795336 ], [ 174.729129, -36.8795463 ], [ 174.7294669, -36.8798713 ], [ 174.7307142, -36.8790338 ], [ 174.731433, -36.8797249 ], [ 174.7325099, -36.8789022 ], [ 174.7324965, -36.8788428 ], [ 174.7306968, -36.8782285 ], [ 174.7298947, -36.8774578 ], [ 174.7298465, -36.8774543 ], [ 174.7285233, -36.8783459 ], [ 174.7284073, -36.8784886 ], [ 174.7285859, -36.878656 ], [ 174.7285067, -36.8787106 ] ] ], [ [ [ 174.7350027, -36.8783041 ], [ 174.7351322, -36.8779076 ], [ 174.7344142, -36.8777566 ], [ 174.7345114, -36.8782007 ], [ 174.7344352, -36.8782115 ], [ 174.7344741, -36.8783887 ], [ 174.7343972, -36.878827 ], [ 174.7347465, -36.8789207 ], [ 174.7350027, -36.8783041 ] ] ], [ [ [ 174.7308351, -36.8780788 ], [ 174.7326253, -36.8786901 ], [ 174.7326512, -36.8786709 ], [ 174.73257, -36.8783618 ], [ 174.7324083, -36.8779136 ], [ 174.7324451, -36.8771394 ], [ 174.7325939, -36.8767846 ], [ 174.7325353, -36.8767553 ], [ 174.7322802, -36.876148 ], [ 174.7314596, -36.8763706 ], [ 174.7314176, -36.8763988 ], [ 174.7316589, -36.8766306 ], [ 174.7315638, -36.8766945 ], [ 174.7313223, -36.8764629 ], [ 174.7300458, -36.8773205 ], [ 174.7308351, -36.8780788 ] ] ], [ [ [ 174.7294638, -36.8767272 ], [ 174.7266385, -36.8767395 ], [ 174.7282685, -36.8782724 ], [ 174.7308534, -36.8765414 ], [ 174.7301952, -36.8766686 ], [ 174.7294638, -36.8767272 ] ] ], [ [ [ 174.7390661, -36.8767052 ], [ 174.7389525, -36.8770589 ], [ 174.7407616, -36.8774381 ], [ 174.7408315, -36.8773993 ], [ 174.7410447, -36.8767391 ], [ 174.7398776, -36.8764971 ], [ 174.7397643, -36.8768495 ], [ 174.7395991, -36.8768151 ], [ 174.7397124, -36.8764626 ], [ 174.7386201, -36.8762357 ], [ 174.7383928, -36.8769427 ], [ 174.738605, -36.8769867 ], [ 174.7387059, -36.8766309 ], [ 174.7390661, -36.8767052 ] ] ], [ [ [ 174.7345588, -36.877058 ], [ 174.734435, -36.8775746 ], [ 174.735188, -36.8777332 ], [ 174.7357479, -36.876021 ], [ 174.7344523, -36.8764284 ], [ 174.7345588, -36.877058 ] ] ], [ [ [ 174.7372297, -36.875488 ], [ 174.7362247, -36.8752761 ], [ 174.7354584, -36.877622 ], [ 174.7362562, -36.8777762 ], [ 174.7370024, -36.8775951 ], [ 174.7405264, -36.8783265 ], [ 174.7407509, -36.8776366 ], [ 174.7407364, -36.8776166 ], [ 174.7368073, -36.8768007 ], [ 174.7372297, -36.875488 ] ] ], [ [ [ 174.7289484, -36.8765468 ], [ 174.7298032, -36.8764105 ], [ 174.7301164, -36.8763764 ], [ 174.7304861, -36.8762986 ], [ 174.7307444, -36.8762844 ], [ 174.7307971, -36.8762731 ], [ 174.7307478, -36.8761015 ], [ 174.7304857, -36.8762162 ], [ 174.7274991, -36.8762249 ], [ 174.7268535, -36.8758623 ], [ 174.7264297, -36.8763574 ], [ 174.7266664, -36.8765535 ], [ 174.7289484, -36.8765468 ] ] ], [ [ [ 174.7411018, -36.8765641 ], [ 174.7414643, -36.8754402 ], [ 174.7409353, -36.8753312 ], [ 174.7406362, -36.8753402 ], [ 174.739769, -36.8755098 ], [ 174.7393813, -36.8755095 ], [ 174.7390563, -36.8754433 ], [ 174.7389647, -36.8757336 ], [ 174.7387991, -36.8756998 ], [ 174.7388906, -36.8754096 ], [ 174.7378284, -36.8751935 ], [ 174.7374861, -36.8754159 ], [ 174.7370823, -36.8766706 ], [ 174.7381746, -36.8768973 ], [ 174.738455, -36.8760142 ], [ 174.7411018, -36.8765641 ] ] ], [ [ [ 174.7307885, -36.8758765 ], [ 174.7308232, -36.8758046 ], [ 174.7304014, -36.8756435 ], [ 174.7305124, -36.8754134 ], [ 174.7303529, -36.8753638 ], [ 174.7300126, -36.8757373 ], [ 174.7300139, -36.876036 ], [ 174.7304278, -36.876035 ], [ 174.7307885, -36.8758765 ] ] ], [ [ [ 174.7340113, -36.8753065 ], [ 174.73399, -36.8752551 ], [ 174.7325725, -36.8756457 ], [ 174.7324139, -36.8757284 ], [ 174.7319467, -36.876045 ], [ 174.7337762, -36.8755655 ], [ 174.7337662, -36.8755424 ], [ 174.734038, -36.8754319 ], [ 174.7344352, -36.87524 ], [ 174.7342317, -36.8752441 ], [ 174.7340113, -36.8753065 ] ] ], [ [ [ 174.726205, -36.8758965 ], [ 174.7262957, -36.8759472 ], [ 174.7265284, -36.8756798 ], [ 174.7261079, -36.8754438 ], [ 174.7260823, -36.8754734 ], [ 174.7261067, -36.8756849 ], [ 174.726205, -36.8758965 ] ] ], [ [ [ 174.7358189, -36.8758036 ], [ 174.7361573, -36.8747679 ], [ 174.7347578, -36.8753563 ], [ 174.733837, -36.8757266 ], [ 174.7339173, -36.8759208 ], [ 174.7343458, -36.8757993 ], [ 174.7344212, -36.8762455 ], [ 174.7358189, -36.8758036 ] ] ], [ [ [ 174.7260732, -36.8752034 ], [ 174.7275698, -36.8760434 ], [ 174.7294245, -36.8760375 ], [ 174.7294224, -36.8755862 ], [ 174.7287193, -36.8751823 ], [ 174.7282547, -36.8755837 ], [ 174.7279601, -36.8754152 ], [ 174.7276973, -36.8757116 ], [ 174.7265742, -36.8750849 ], [ 174.726846, -36.874778 ], [ 174.726662, -36.8746727 ], [ 174.7260815, -36.8746726 ], [ 174.7260805, -36.8748756 ], [ 174.7260461, -36.8749636 ], [ 174.7260484, -36.8751498 ], [ 174.7260732, -36.8752034 ] ] ], [ [ [ 174.7286907, -36.8751658 ], [ 174.7285037, -36.8750584 ], [ 174.7282419, -36.8753539 ], [ 174.7283812, -36.8754335 ], [ 174.7286907, -36.8751658 ] ] ], [ [ [ 174.7406049, -36.8751598 ], [ 174.7409596, -36.8751491 ], [ 174.7415203, -36.8752646 ], [ 174.7416901, -36.8747325 ], [ 174.7411323, -36.8746176 ], [ 174.7410474, -36.8748837 ], [ 174.7408445, -36.8748419 ], [ 174.7405548, -36.8748694 ], [ 174.7405962, -36.874526 ], [ 174.7381247, -36.8746374 ], [ 174.7379933, -36.8750397 ], [ 174.7394096, -36.8753283 ], [ 174.739742, -36.8753285 ], [ 174.7406049, -36.8751598 ] ] ], [ [ [ 174.7320999, -36.8747023 ], [ 174.7320643, -36.8747612 ], [ 174.7316212, -36.8750836 ], [ 174.7319259, -36.8753537 ], [ 174.731974, -36.8753167 ], [ 174.7321429, -36.875484 ], [ 174.7322994, -36.8755702 ], [ 174.732376, -36.8755188 ], [ 174.7338609, -36.8750981 ], [ 174.7337279, -36.8747963 ], [ 174.7338672, -36.8747566 ], [ 174.7335313, -36.8744189 ], [ 174.7331654, -36.8743832 ], [ 174.7320999, -36.8747023 ] ] ], [ [ [ 174.7318249, -36.8746909 ], [ 174.7311382, -36.874503 ], [ 174.7308648, -36.8748026 ], [ 174.7314511, -36.874963 ], [ 174.7318249, -36.8746909 ] ] ], [ [ [ 174.7406936, -36.8743401 ], [ 174.7410837, -36.8744204 ], [ 174.7411761, -36.8741307 ], [ 174.7415535, -36.8742085 ], [ 174.7414545, -36.8743388 ], [ 174.7414071, -36.8744872 ], [ 174.7417461, -36.8745569 ], [ 174.741804, -36.8743976 ], [ 174.7421545, -36.8738023 ], [ 174.7424168, -36.8736238 ], [ 174.7412967, -36.8739053 ], [ 174.7404505, -36.8740352 ], [ 174.7386077, -36.8741057 ], [ 174.7380981, -36.8741499 ], [ 174.7376393, -36.8742334 ], [ 174.7373664, -36.8743036 ], [ 174.737098, -36.8743889 ], [ 174.7370927, -36.8743806 ], [ 174.7368828, -36.8744474 ], [ 174.7364217, -36.8746729 ], [ 174.7362844, -36.875098 ], [ 174.7372869, -36.8753127 ], [ 174.7377756, -36.8749948 ], [ 174.7379489, -36.8744641 ], [ 174.7406936, -36.8743401 ] ] ], [ [ [ 174.7353385, -36.8747856 ], [ 174.7363081, -36.8743066 ], [ 174.7363602, -36.8741472 ], [ 174.7361962, -36.874126 ], [ 174.7361063, -36.8739772 ], [ 174.7360185, -36.8740197 ], [ 174.7346589, -36.8749804 ], [ 174.7347047, -36.8750559 ], [ 174.7353385, -36.8747856 ] ] ], [ [ [ 174.7342457, -36.8749904 ], [ 174.7343425, -36.874963 ], [ 174.7357124, -36.8739945 ], [ 174.735713, -36.8739686 ], [ 174.7356704, -36.873926 ], [ 174.735438, -36.8738198 ], [ 174.7353706, -36.8738187 ], [ 174.7349031, -36.8741141 ], [ 174.7343482, -36.8738691 ], [ 174.7337029, -36.8736903 ], [ 174.7321616, -36.8736659 ], [ 174.7319258, -36.8736404 ], [ 174.7312782, -36.8743498 ], [ 174.732077, -36.8745683 ], [ 174.7323668, -36.8744727 ], [ 174.732365, -36.8745259 ], [ 174.7331502, -36.8742897 ], [ 174.7335908, -36.8743335 ], [ 174.7342457, -36.8749904 ] ] ], [ [ [ 174.7266077, -36.8742696 ], [ 174.7267847, -36.8742942 ], [ 174.7268582, -36.8741142 ], [ 174.7260851, -36.8736686 ], [ 174.7260823, -36.8744912 ], [ 174.72657, -36.8744914 ], [ 174.7266077, -36.8742696 ] ] ], [ [ [ 174.7381214, -36.8739632 ], [ 174.7383639, -36.8739383 ], [ 174.7404117, -36.8738552 ], [ 174.7409104, -36.8737927 ], [ 174.7411625, -36.8737449 ], [ 174.7416464, -36.8736264 ], [ 174.7422471, -36.8734617 ], [ 174.7425292, -36.873341 ], [ 174.7429867, -36.873055 ], [ 174.7428249, -36.8727123 ], [ 174.742307, -36.8728702 ], [ 174.7413626, -36.8730254 ], [ 174.741074, -36.8731296 ], [ 174.7406736, -36.8733723 ], [ 174.7383259, -36.873623 ], [ 174.7366824, -36.8738747 ], [ 174.7365636, -36.8742387 ], [ 174.7369568, -36.8741571 ], [ 174.7370135, -36.8742207 ], [ 174.737224, -36.8741487 ], [ 174.7377148, -36.8740301 ], [ 174.7381214, -36.8739632 ] ] ], [ [ [ 174.7361588, -36.8733495 ], [ 174.7361429, -36.8733317 ], [ 174.735611, -36.8736673 ], [ 174.7356134, -36.8737071 ], [ 174.735834, -36.8738201 ], [ 174.7380285, -36.8734841 ], [ 174.7380444, -36.8734375 ], [ 174.7375858, -36.8731126 ], [ 174.7369062, -36.8729011 ], [ 174.7369188, -36.8729286 ], [ 174.7368562, -36.8729093 ], [ 174.7361588, -36.8733495 ] ], [ [ 174.7366756, -36.8732831 ], [ 174.7366724, -36.8732848 ], [ 174.7365807, -36.8731661 ], [ 174.7366756, -36.8732831 ] ] ], [ [ [ 174.7410015, -36.8726879 ], [ 174.7404607, -36.8726776 ], [ 174.7404548, -36.8728553 ], [ 174.7382719, -36.8728105 ], [ 174.7383674, -36.8734222 ], [ 174.7403743, -36.8732198 ], [ 174.74069, -36.8731352 ], [ 174.7409918, -36.8729519 ], [ 174.7410015, -36.8726879 ] ] ], [ [ [ 174.7297556, -36.8727828 ], [ 174.7320136, -36.8733598 ], [ 174.7324565, -36.8726893 ], [ 174.7302798, -36.8717678 ], [ 174.7299638, -36.8722449 ], [ 174.7297556, -36.8727828 ] ] ], [ [ [ 174.7380386, -36.8715849 ], [ 174.7377481, -36.8715787 ], [ 174.737724, -36.8723035 ], [ 174.7380147, -36.8723097 ], [ 174.7380386, -36.8715849 ] ] ], [ [ [ 174.7325625, -36.8725291 ], [ 174.7330395, -36.8718066 ], [ 174.7320018, -36.871363 ], [ 174.7317896, -36.8716838 ], [ 174.7317163, -36.8716525 ], [ 174.7314469, -36.8720506 ], [ 174.7325625, -36.8725291 ] ] ], [ [ [ 174.7349192, -36.8705296 ], [ 174.7341715, -36.8703271 ], [ 174.7341865, -36.8703848 ], [ 174.7337458, -36.8704606 ], [ 174.7338716, -36.8709347 ], [ 174.7322264, -36.8734245 ], [ 174.7322887, -36.8734863 ], [ 174.7336728, -36.8735028 ], [ 174.7349192, -36.8705296 ] ] ], [ [ [ 174.7361892, -36.8730717 ], [ 174.735668, -36.8725825 ], [ 174.7359228, -36.871906 ], [ 174.7359453, -36.8714661 ], [ 174.7361162, -36.8710667 ], [ 174.7360488, -36.8710485 ], [ 174.7360609, -36.8710201 ], [ 174.7361283, -36.8710384 ], [ 174.7364764, -36.8702247 ], [ 174.736613, -36.8697533 ], [ 174.736588, -36.8695552 ], [ 174.736531, -36.8694631 ], [ 174.7361451, -36.8691753 ], [ 174.7360268, -36.8691337 ], [ 174.735617, -36.8691079 ], [ 174.7355764, -36.8695285 ], [ 174.7339102, -36.8735173 ], [ 174.7339318, -36.8735522 ], [ 174.7344334, -36.8736896 ], [ 174.7344291, -36.8736998 ], [ 174.7348213, -36.873871 ], [ 174.734935, -36.8738635 ], [ 174.7361892, -36.8730717 ] ] ], [ [ [ 174.7363286, -36.872983 ], [ 174.736812, -36.8726751 ], [ 174.7375909, -36.8729066 ], [ 174.7376062, -36.8724493 ], [ 174.7375501, -36.8724376 ], [ 174.737639, -36.8697805 ], [ 174.7373836, -36.869775 ], [ 174.7373795, -36.8700496 ], [ 174.737066, -36.8700429 ], [ 174.7370752, -36.8697683 ], [ 174.7368543, -36.8697636 ], [ 174.7367704, -36.8698156 ], [ 174.7366409, -36.8702626 ], [ 174.7361151, -36.8714918 ], [ 174.7360926, -36.8719291 ], [ 174.7358828, -36.8724865 ], [ 174.7358825, -36.8725684 ], [ 174.735927, -36.8726406 ], [ 174.7363286, -36.872983 ] ] ], [ [ [ 174.7381887, -36.8711101 ], [ 174.7387361, -36.8711219 ], [ 174.7387475, -36.8707798 ], [ 174.7377753, -36.8707589 ], [ 174.7377526, -36.8714431 ], [ 174.7381765, -36.8714543 ], [ 174.7381887, -36.8711101 ] ] ], [ [ [ 174.7377792, -36.8706102 ], [ 174.738204, -36.8706321 ], [ 174.7387507, -36.8706438 ], [ 174.7387776, -36.8698072 ], [ 174.737807, -36.8697868 ], [ 174.7377792, -36.8706102 ] ] ], [ [ [ 174.7378116, -36.8696509 ], [ 174.7385111, -36.8696649 ], [ 174.7385217, -36.8692556 ], [ 174.7382497, -36.8692476 ], [ 174.7382477, -36.8693065 ], [ 174.7378235, -36.8692975 ], [ 174.7378116, -36.8696509 ] ] ], [ [ [ 174.7376573, -36.8692314 ], [ 174.7370935, -36.8692193 ], [ 174.7370798, -36.869631 ], [ 174.7376456, -36.8696574 ], [ 174.7376573, -36.8692314 ] ] ], [ [ [ 174.6284155, -36.870227 ], [ 174.6315925, -36.8705364 ], [ 174.6318499, -36.8686155 ], [ 174.6294363, -36.8683839 ], [ 174.62932, -36.8691975 ], [ 174.6286062, -36.8691477 ], [ 174.6284155, -36.870227 ] ] ], [ [ [ 174.7404786, -36.8791976 ], [ 174.7409019, -36.879286 ], [ 174.7410447, -36.8788443 ], [ 174.7409831, -36.8788313 ], [ 174.7410735, -36.8785517 ], [ 174.7407095, -36.8784757 ], [ 174.7404786, -36.8791976 ] ] ], [ [ [ 174.740767, -36.8783003 ], [ 174.7430252, -36.8787718 ], [ 174.743116, -36.8784929 ], [ 174.7411876, -36.8780896 ], [ 174.7412908, -36.8777711 ], [ 174.7409634, -36.8777007 ], [ 174.740767, -36.8783003 ] ] ], [ [ [ 174.7438839, -36.8772084 ], [ 174.7413013, -36.8766684 ], [ 174.7411075, -36.8772597 ], [ 174.7436843, -36.8777985 ], [ 174.7438839, -36.8772084 ] ] ], [ [ [ 174.7461482, -36.8767807 ], [ 174.7469695, -36.8769484 ], [ 174.7470851, -36.8765959 ], [ 174.746088, -36.8763896 ], [ 174.7459724, -36.8767691 ], [ 174.7461409, -36.8768039 ], [ 174.7461482, -36.8767807 ] ] ], [ [ [ 174.745466, -36.8771033 ], [ 174.7456052, -36.8766718 ], [ 174.7416124, -36.8758334 ], [ 174.7415703, -36.8758528 ], [ 174.7413594, -36.8764933 ], [ 174.7451719, -36.8772908 ], [ 174.7452475, -36.8770575 ], [ 174.745466, -36.8771033 ] ] ], [ [ [ 174.7475779, -36.874319 ], [ 174.7467698, -36.8741669 ], [ 174.7464054, -36.8754151 ], [ 174.747209, -36.875583 ], [ 174.7475779, -36.874319 ] ] ], [ [ [ 174.7439294, -36.8730244 ], [ 174.7439154, -36.8730108 ], [ 174.7438845, -36.8730282 ], [ 174.7438771, -36.8730532 ], [ 174.7436855, -36.8731186 ], [ 174.7436076, -36.8733859 ], [ 174.7462686, -36.8738866 ], [ 174.7464826, -36.8731854 ], [ 174.7447396, -36.8728296 ], [ 174.7446324, -36.8728249 ], [ 174.7445229, -36.8728398 ], [ 174.7439294, -36.8730244 ] ] ], [ [ [ 174.7455296, -36.8722958 ], [ 174.7446821, -36.8725738 ], [ 174.7446459, -36.8726208 ], [ 174.745955, -36.872891 ], [ 174.7460762, -36.8729054 ], [ 174.7462197, -36.872899 ], [ 174.7462061, -36.8729415 ], [ 174.7463718, -36.8729756 ], [ 174.7464133, -36.8728451 ], [ 174.746655, -36.872658 ], [ 174.7466859, -36.87261 ], [ 174.7467258, -36.8725154 ], [ 174.7468481, -36.8720899 ], [ 174.7463101, -36.8721282 ], [ 174.7459302, -36.8721942 ], [ 174.7455296, -36.8722958 ] ] ], [ [ [ 174.7421277, -36.8724693 ], [ 174.7417474, -36.8725822 ], [ 174.7416375, -36.87235 ], [ 174.7415365, -36.8723809 ], [ 174.7415771, -36.8725142 ], [ 174.7412299, -36.8725859 ], [ 174.7412206, -36.8728638 ], [ 174.7422341, -36.8726912 ], [ 174.7421277, -36.8724693 ] ] ], [ [ [ 174.7468309, -36.8714963 ], [ 174.7469082, -36.8714641 ], [ 174.7469389, -36.8714337 ], [ 174.7469548, -36.8713593 ], [ 174.7468877, -36.8709494 ], [ 174.7467223, -36.8709704 ], [ 174.7450805, -36.8712697 ], [ 174.745219, -36.8718077 ], [ 174.7458862, -36.8716883 ], [ 174.7458806, -36.8716676 ], [ 174.7468309, -36.8714963 ] ] ], [ [ [ 174.7448913, -36.8712103 ], [ 174.7447325, -36.870592 ], [ 174.7442399, -36.8707428 ], [ 174.7445159, -36.8713249 ], [ 174.7448913, -36.8712103 ] ] ], [ [ [ 174.7465461, -36.8708208 ], [ 174.7464211, -36.8702547 ], [ 174.7448903, -36.8705243 ], [ 174.7450347, -36.8710924 ], [ 174.7465461, -36.8708208 ] ] ], [ [ [ 174.7446977, -36.8704573 ], [ 174.7445389, -36.8698395 ], [ 174.7440332, -36.8699939 ], [ 174.7443077, -36.8705765 ], [ 174.7446977, -36.8704573 ] ] ], [ [ [ 174.744505, -36.8697081 ], [ 174.74444, -36.869452 ], [ 174.7440736, -36.8695006 ], [ 174.744212, -36.8697975 ], [ 174.744505, -36.8697081 ] ] ], [ [ [ 174.7472675, -36.869941 ], [ 174.7475907, -36.8696273 ], [ 174.7467455, -36.8690676 ], [ 174.7467099, -36.8691023 ], [ 174.7465913, -36.8693642 ], [ 174.7466564, -36.8695 ], [ 174.7466925, -36.8696379 ], [ 174.7472675, -36.869941 ] ] ], [ [ [ 174.7446031, -36.8657827 ], [ 174.7444673, -36.8655239 ], [ 174.7438059, -36.8657459 ], [ 174.7439389, -36.8660027 ], [ 174.7446031, -36.8657827 ] ] ], [ [ [ 174.7453594, -36.8660571 ], [ 174.7452847, -36.865933 ], [ 174.7455555, -36.8658398 ], [ 174.7455274, -36.8657909 ], [ 174.7465024, -36.8654532 ], [ 174.7462403, -36.8649293 ], [ 174.7446579, -36.8654605 ], [ 174.7450292, -36.8661726 ], [ 174.7453594, -36.8660571 ] ] ], [ [ [ 174.7442068, -36.8653432 ], [ 174.7440547, -36.8650505 ], [ 174.743222, -36.8653299 ], [ 174.7433741, -36.8656227 ], [ 174.7442068, -36.8653432 ] ] ], [ [ [ 174.7450957, -36.8647012 ], [ 174.7446792, -36.8648409 ], [ 174.744574, -36.8646382 ], [ 174.7441576, -36.8647778 ], [ 174.744415, -36.8652733 ], [ 174.7452478, -36.8649939 ], [ 174.7450957, -36.8647012 ] ] ], [ [ [ 174.7453072, -36.8646344 ], [ 174.7454593, -36.8649271 ], [ 174.7464704, -36.8645877 ], [ 174.7467431, -36.8643688 ], [ 174.746464, -36.8641443 ], [ 174.7462471, -36.8643188 ], [ 174.7453072, -36.8646344 ] ] ], [ [ [ 174.7461782, -36.8592956 ], [ 174.7463645, -36.8594882 ], [ 174.7470764, -36.8590429 ], [ 174.7469697, -36.8589326 ], [ 174.7469058, -36.8588026 ], [ 174.7460666, -36.8590686 ], [ 174.7461782, -36.8592956 ] ] ], [ [ [ 174.7421584, -36.8578802 ], [ 174.7420873, -36.8572485 ], [ 174.7411887, -36.857314 ], [ 174.7412598, -36.8579457 ], [ 174.7421584, -36.8578802 ] ] ], [ [ [ 174.7468615, -36.8571755 ], [ 174.7465251, -36.8569931 ], [ 174.7461669, -36.8572714 ], [ 174.7466391, -36.8574402 ], [ 174.7468615, -36.8571755 ] ] ], [ [ [ 174.7434617, -36.8566207 ], [ 174.7434217, -36.8563506 ], [ 174.7423351, -36.8564272 ], [ 174.7423767, -36.8566981 ], [ 174.7434617, -36.8566207 ] ] ], [ [ [ 174.7456305, -36.8567431 ], [ 174.7457662, -36.8567333 ], [ 174.7460321, -36.8565987 ], [ 174.7458337, -36.8561454 ], [ 174.745683, -36.8561925 ], [ 174.7455461, -36.8562021 ], [ 174.7456305, -36.8567431 ] ] ], [ [ [ 174.7433974, -36.8561868 ], [ 174.7433085, -36.8556197 ], [ 174.7422059, -36.8557129 ], [ 174.7422855, -36.8562652 ], [ 174.7433974, -36.8561868 ] ] ], [ [ [ 174.7461255, -36.8539747 ], [ 174.7463092, -36.8538798 ], [ 174.7461322, -36.853645 ], [ 174.7460011, -36.8536939 ], [ 174.7461255, -36.8539747 ] ] ], [ [ [ 174.7444898, -36.8533598 ], [ 174.7447373, -36.8533374 ], [ 174.7447029, -36.8531327 ], [ 174.7444586, -36.8531558 ], [ 174.7444898, -36.8533598 ] ] ], [ [ [ 174.7455674, -36.8521546 ], [ 174.7455817, -36.8522184 ], [ 174.7455985, -36.852216 ], [ 174.7456474, -36.8524329 ], [ 174.745723, -36.8526593 ], [ 174.7457633, -36.852654 ], [ 174.7457891, -36.8527281 ], [ 174.7457461, -36.8527357 ], [ 174.745797, -36.8528886 ], [ 174.7461766, -36.8528363 ], [ 174.7458966, -36.8520232 ], [ 174.7458831, -36.8520252 ], [ 174.7457492, -36.8516356 ], [ 174.7457628, -36.8516338 ], [ 174.7457109, -36.8514829 ], [ 174.7453476, -36.8515367 ], [ 174.7455486, -36.8521439 ], [ 174.7451785, -36.8521948 ], [ 174.7451826, -36.8522074 ], [ 174.7455674, -36.8521546 ] ] ], [ [ [ 174.7463019, -36.8517163 ], [ 174.7463202, -36.8517143 ], [ 174.7462167, -36.8514121 ], [ 174.7458235, -36.8514672 ], [ 174.7462348, -36.8526627 ], [ 174.7466004, -36.85251 ], [ 174.7464288, -36.8520145 ], [ 174.7463593, -36.8520242 ], [ 174.7463199, -36.851872 ], [ 174.7463597, -36.8518664 ], [ 174.7463019, -36.8517163 ] ] ], [ [ [ 174.7458285, -36.8502499 ], [ 174.7457796, -36.8502585 ], [ 174.7457529, -36.850119 ], [ 174.745645, -36.8501293 ], [ 174.745583, -36.8498935 ], [ 174.745714, -36.8498806 ], [ 174.7456209, -36.8495768 ], [ 174.7455317, -36.8495853 ], [ 174.7454819, -36.849243 ], [ 174.7453991, -36.8492511 ], [ 174.7454068, -36.8493175 ], [ 174.744935, -36.8493656 ], [ 174.7450178, -36.8496334 ], [ 174.7447087, -36.8496637 ], [ 174.7447757, -36.8498744 ], [ 174.7448451, -36.8500324 ], [ 174.7448864, -36.8502027 ], [ 174.7450052, -36.8501913 ], [ 174.7450447, -36.8503238 ], [ 174.7446021, -36.8504037 ], [ 174.74461, -36.8504283 ], [ 174.7450531, -36.8503485 ], [ 174.7450967, -36.8505166 ], [ 174.7451281, -36.8508572 ], [ 174.7453181, -36.851446 ], [ 174.7456822, -36.8513949 ], [ 174.7452854, -36.850168 ], [ 174.7452295, -36.8501739 ], [ 174.7450536, -36.84963 ], [ 174.7452788, -36.849609 ], [ 174.7454547, -36.8501524 ], [ 174.7453987, -36.8501578 ], [ 174.7457852, -36.8513527 ], [ 174.7458274, -36.8513745 ], [ 174.746217, -36.8513199 ], [ 174.7461315, -36.8510029 ], [ 174.7460655, -36.8510142 ], [ 174.7460201, -36.8508806 ], [ 174.7460991, -36.850867 ], [ 174.7460419, -36.8506987 ], [ 174.7459606, -36.8507124 ], [ 174.7459118, -36.8505613 ], [ 174.7458353, -36.8505745 ], [ 174.7457914, -36.8504191 ], [ 174.745866, -36.8504064 ], [ 174.7458285, -36.8502499 ] ] ], [ [ [ 174.7440822, -36.8497847 ], [ 174.7439144, -36.8492573 ], [ 174.7431862, -36.8493149 ], [ 174.7432635, -36.8498634 ], [ 174.7440822, -36.8497847 ] ] ], [ [ [ 174.7434996, -36.8491507 ], [ 174.7434736, -36.848949 ], [ 174.742971, -36.8489906 ], [ 174.7429975, -36.8491924 ], [ 174.7434996, -36.8491507 ] ] ], [ [ [ 174.7431482, -36.8486267 ], [ 174.7429772, -36.8486408 ], [ 174.7429837, -36.8486914 ], [ 174.7429614, -36.8486932 ], [ 174.7429987, -36.8489837 ], [ 174.7433891, -36.8489514 ], [ 174.7433521, -36.8486628 ], [ 174.743157, -36.848679 ], [ 174.7431482, -36.8486267 ] ] ], [ [ [ 174.7430711, -36.8481841 ], [ 174.7430092, -36.8484126 ], [ 174.7430606, -36.8484532 ], [ 174.7433559, -36.8484282 ], [ 174.7433365, -36.8482253 ], [ 174.7430711, -36.8481841 ] ] ], [ [ [ 174.7445297, -36.8482236 ], [ 174.7444792, -36.848407 ], [ 174.7448765, -36.8483772 ], [ 174.7449631, -36.8475709 ], [ 174.7445546, -36.8475418 ], [ 174.74451, -36.8479409 ], [ 174.7444361, -36.8481999 ], [ 174.7445297, -36.8482236 ] ] ], [ [ [ 174.7430953, -36.8480937 ], [ 174.7434276, -36.8481502 ], [ 174.7435878, -36.8476061 ], [ 174.7432502, -36.8475484 ], [ 174.7430953, -36.8480937 ] ] ], [ [ [ 174.741813, -36.8467302 ], [ 174.7428084, -36.8473372 ], [ 174.7429524, -36.8471976 ], [ 174.7429093, -36.8470918 ], [ 174.7429319, -36.8470689 ], [ 174.7420223, -36.8465086 ], [ 174.741813, -36.8467302 ] ] ], [ [ [ 174.7443158, -36.8462879 ], [ 174.7445625, -36.846474 ], [ 174.7447264, -36.8463444 ], [ 174.7447183, -36.8463382 ], [ 174.7449474, -36.8461612 ], [ 174.744698, -36.8459938 ], [ 174.7443158, -36.8462879 ] ] ], [ [ [ 174.7435235, -36.84675 ], [ 174.7450233, -36.8455763 ], [ 174.7441207, -36.8452905 ], [ 174.7438343, -36.8456165 ], [ 174.7435081, -36.8454096 ], [ 174.7427238, -36.846282 ], [ 174.7434924, -36.8467514 ], [ 174.7435235, -36.84675 ] ] ], [ [ [ 174.7451894, -36.8459801 ], [ 174.7452095, -36.8459619 ], [ 174.7452318, -36.8459773 ], [ 174.7453318, -36.8458841 ], [ 174.7453083, -36.8458674 ], [ 174.7453946, -36.8457897 ], [ 174.7458066, -36.8454722 ], [ 174.7458209, -36.8454775 ], [ 174.7459765, -36.8451712 ], [ 174.7454719, -36.845008 ], [ 174.7451508, -36.8456296 ], [ 174.7447978, -36.8459173 ], [ 174.7453133, -36.8462663 ], [ 174.7453786, -36.8462149 ], [ 174.7452116, -36.8460808 ], [ 174.7452706, -36.8460349 ], [ 174.7451894, -36.8459801 ] ] ], [ [ [ 174.7426053, -36.8462078 ], [ 174.7433944, -36.8453525 ], [ 174.7420278, -36.844907 ], [ 174.7418551, -36.8452494 ], [ 174.7415178, -36.8451408 ], [ 174.7413669, -36.845456 ], [ 174.7426053, -36.8462078 ] ] ], [ [ [ 174.7443125, -36.8446351 ], [ 174.7442486, -36.8449113 ], [ 174.744193, -36.8448936 ], [ 174.7440549, -36.8448129 ], [ 174.743868, -36.8450161 ], [ 174.7441524, -36.8451824 ], [ 174.7450792, -36.8454769 ], [ 174.745349, -36.8449607 ], [ 174.7443125, -36.8446351 ] ] ], [ [ [ 174.7441867, -36.8440486 ], [ 174.7442381, -36.8439469 ], [ 174.7456637, -36.8443845 ], [ 174.7456671, -36.8443278 ], [ 174.7455964, -36.8440968 ], [ 174.7457249, -36.8438462 ], [ 174.7448196, -36.8435409 ], [ 174.7444775, -36.8431284 ], [ 174.7438742, -36.8420833 ], [ 174.7438327, -36.8420858 ], [ 174.7434416, -36.8429053 ], [ 174.7433365, -36.8428715 ], [ 174.7433181, -36.8429102 ], [ 174.7437892, -36.8430504 ], [ 174.7436599, -36.8434182 ], [ 174.7439739, -36.8435215 ], [ 174.7437963, -36.8438953 ], [ 174.7439654, -36.8439489 ], [ 174.743915, -36.8440496 ], [ 174.7437427, -36.8441563 ], [ 174.7436181, -36.8444234 ], [ 174.743442, -36.8443671 ], [ 174.7431389, -36.8447031 ], [ 174.7427599, -36.8445833 ], [ 174.7427251, -36.8446562 ], [ 174.7421948, -36.8444884 ], [ 174.7420538, -36.844797 ], [ 174.7434739, -36.8452598 ], [ 174.7441051, -36.8445738 ], [ 174.7441648, -36.8444532 ], [ 174.7459522, -36.8450163 ], [ 174.74608, -36.8447589 ], [ 174.7456962, -36.8446424 ], [ 174.7457607, -36.8445093 ], [ 174.7443502, -36.8440783 ], [ 174.7443413, -36.8440961 ], [ 174.7441867, -36.8440486 ] ] ], [ [ [ 174.7474962, -36.8769849 ], [ 174.7479879, -36.8770863 ], [ 174.748079, -36.8768015 ], [ 174.747423, -36.8766658 ], [ 174.7473081, -36.8770169 ], [ 174.7474752, -36.8770506 ], [ 174.7474962, -36.8769849 ] ] ], [ [ [ 174.7483598, -36.87592 ], [ 174.7470415, -36.8756495 ], [ 174.7468165, -36.8763556 ], [ 174.7481358, -36.8766259 ], [ 174.7483598, -36.87592 ] ] ], [ [ [ 174.7498133, -36.8761344 ], [ 174.7497423, -36.8763542 ], [ 174.7502348, -36.8764571 ], [ 174.7503519, -36.8760956 ], [ 174.7505174, -36.8761301 ], [ 174.7505995, -36.8758768 ], [ 174.7500212, -36.875497 ], [ 174.7498161, -36.8761257 ], [ 174.7495977, -36.87608 ], [ 174.7498287, -36.8753707 ], [ 174.7489584, -36.8747994 ], [ 174.7483264, -36.8766973 ], [ 174.7486638, -36.8767722 ], [ 174.7487523, -36.876492 ], [ 174.7489269, -36.876529 ], [ 174.7488336, -36.8768078 ], [ 174.7493293, -36.8769105 ], [ 174.749595, -36.8760888 ], [ 174.7498133, -36.8761344 ] ] ], [ [ [ 174.7477976, -36.8743603 ], [ 174.7474272, -36.8756285 ], [ 174.7483899, -36.8758281 ], [ 174.7487661, -36.8746735 ], [ 174.7484857, -36.8744899 ], [ 174.7477976, -36.8743603 ] ] ], [ [ [ 174.7511037, -36.8744423 ], [ 174.7507748, -36.8741267 ], [ 174.7503847, -36.8743893 ], [ 174.7500853, -36.8753045 ], [ 174.7504413, -36.8755386 ], [ 174.7506525, -36.8748943 ], [ 174.7507362, -36.874912 ], [ 174.7507844, -36.8747714 ], [ 174.7507143, -36.874704 ], [ 174.7511037, -36.8744423 ] ] ], [ [ [ 174.7501848, -36.8742874 ], [ 174.7502398, -36.8742503 ], [ 174.7499105, -36.8739343 ], [ 174.7502998, -36.8736724 ], [ 174.7501909, -36.8735667 ], [ 174.7491281, -36.8742782 ], [ 174.7490211, -36.8746067 ], [ 174.7498934, -36.8751783 ], [ 174.7501848, -36.8742874 ] ] ], [ [ [ 174.7491302, -36.8735759 ], [ 174.7489989, -36.8736638 ], [ 174.7487135, -36.87339 ], [ 174.7479271, -36.8739165 ], [ 174.7478487, -36.8741841 ], [ 174.7485875, -36.8743232 ], [ 174.7488289, -36.8744807 ], [ 174.7489281, -36.8741762 ], [ 174.7500459, -36.8734277 ], [ 174.7494742, -36.8728804 ], [ 174.748844, -36.8733026 ], [ 174.7491302, -36.8735759 ] ] ], [ [ [ 174.7493289, -36.8727411 ], [ 174.7483512, -36.8718037 ], [ 174.7469481, -36.8725493 ], [ 174.7467493, -36.8732402 ], [ 174.7466372, -36.8732175 ], [ 174.746435, -36.8739179 ], [ 174.7476292, -36.8741427 ], [ 174.7477245, -36.8738162 ], [ 174.7493289, -36.8727411 ] ] ], [ [ [ 174.7491784, -36.8708219 ], [ 174.7489328, -36.8710425 ], [ 174.7489149, -36.8710265 ], [ 174.748345, -36.8715409 ], [ 174.749107, -36.8722711 ], [ 174.7498194, -36.8718167 ], [ 174.7500111, -36.871859 ], [ 174.7502828, -36.8710675 ], [ 174.7491784, -36.8708219 ] ] ], [ [ [ 174.7477963, -36.8712712 ], [ 174.7475465, -36.8715779 ], [ 174.7476111, -36.8717415 ], [ 174.7478479, -36.871641 ], [ 174.74806, -36.8715242 ], [ 174.7477963, -36.8712712 ] ] ], [ [ [ 174.7475529, -36.8700916 ], [ 174.7469189, -36.8701788 ], [ 174.746977, -36.870212 ], [ 174.7469452, -36.8702486 ], [ 174.7469901, -36.8703694 ], [ 174.7470589, -36.8706385 ], [ 174.7471903, -36.871384 ], [ 174.7472113, -36.8714116 ], [ 174.7472772, -36.8714164 ], [ 174.7474505, -36.871324 ], [ 174.7476569, -36.8710704 ], [ 174.7478666, -36.8708538 ], [ 174.7484203, -36.870177 ], [ 174.7476561, -36.8696706 ], [ 174.7473357, -36.869977 ], [ 174.7475529, -36.8700916 ] ] ], [ [ [ 174.7504388, -36.8706184 ], [ 174.7506555, -36.8703267 ], [ 174.7505669, -36.8698657 ], [ 174.7503134, -36.8699457 ], [ 174.7500433, -36.8700767 ], [ 174.7498088, -36.8702505 ], [ 174.7493054, -36.8707077 ], [ 174.7503287, -36.8709352 ], [ 174.7504388, -36.8706184 ] ] ], [ [ [ 174.7505338, -36.8696807 ], [ 174.7504224, -36.8691006 ], [ 174.7501507, -36.8691751 ], [ 174.7499574, -36.8692525 ], [ 174.7495274, -36.8694794 ], [ 174.748937, -36.8698803 ], [ 174.7479135, -36.8711272 ], [ 174.7482303, -36.871431 ], [ 174.748802, -36.870925 ], [ 174.7487778, -36.8709032 ], [ 174.749147, -36.8705608 ], [ 174.749616, -36.8701434 ], [ 174.7498553, -36.8699602 ], [ 174.750181, -36.8697888 ], [ 174.7505338, -36.8696807 ] ] ], [ [ [ 174.7470799, -36.8685182 ], [ 174.7470945, -36.8685279 ], [ 174.7467685, -36.8688458 ], [ 174.7484507, -36.8699624 ], [ 174.7484849, -36.8699211 ], [ 174.7485801, -36.8699842 ], [ 174.7487687, -36.8697564 ], [ 174.7490562, -36.8695617 ], [ 174.7476158, -36.8682579 ], [ 174.7473737, -36.8684248 ], [ 174.7473294, -36.8683829 ], [ 174.7470799, -36.8685182 ] ] ], [ [ [ 174.7499553, -36.8690388 ], [ 174.7510366, -36.8687455 ], [ 174.7510788, -36.8687111 ], [ 174.7508582, -36.8682113 ], [ 174.7496552, -36.8685404 ], [ 174.7490284, -36.8688639 ], [ 174.7487742, -36.8690361 ], [ 174.7492299, -36.8694459 ], [ 174.7494353, -36.8693068 ], [ 174.7499553, -36.8690388 ] ] ], [ [ [ 174.7477913, -36.8647548 ], [ 174.7472413, -36.8643169 ], [ 174.7466567, -36.8647886 ], [ 174.7464102, -36.8648712 ], [ 174.7466746, -36.8653997 ], [ 174.747211, -36.8652163 ], [ 174.7477913, -36.8647548 ] ], [ [ 174.7468855, -36.8646041 ], [ 174.7470458, -36.8647305 ], [ 174.7470454, -36.8647309 ], [ 174.7468855, -36.8646041 ] ] ], [ [ [ 174.7485211, -36.8641691 ], [ 174.7479701, -36.8637298 ], [ 174.7473401, -36.864237 ], [ 174.7478885, -36.8646774 ], [ 174.7485211, -36.8641691 ] ] ], [ [ [ 174.7475387, -36.8637262 ], [ 174.7472598, -36.8635017 ], [ 174.746621, -36.8640139 ], [ 174.7469022, -36.8642403 ], [ 174.7475387, -36.8637262 ] ] ], [ [ [ 174.7492426, -36.8635805 ], [ 174.7487027, -36.8631437 ], [ 174.7480665, -36.863652 ], [ 174.7486155, -36.8640898 ], [ 174.7492426, -36.8635805 ] ] ], [ [ [ 174.7500805, -36.8633636 ], [ 174.7496175, -36.862991 ], [ 174.7491586, -36.8633583 ], [ 174.7496224, -36.8637316 ], [ 174.7500805, -36.8633636 ] ] ], [ [ [ 174.7483378, -36.8630868 ], [ 174.7480578, -36.8628612 ], [ 174.7474193, -36.8633737 ], [ 174.7476984, -36.863598 ], [ 174.7483378, -36.8630868 ] ] ], [ [ [ 174.7495789, -36.8628941 ], [ 174.7492955, -36.862667 ], [ 174.7487996, -36.8630663 ], [ 174.7490782, -36.8632918 ], [ 174.7495789, -36.8628941 ] ] ], [ [ [ 174.7480249, -36.8625785 ], [ 174.7484977, -36.8629593 ], [ 174.7491351, -36.8624463 ], [ 174.7488564, -36.8622216 ], [ 174.7485377, -36.8624783 ], [ 174.7483437, -36.8623219 ], [ 174.7480249, -36.8625785 ] ] ], [ [ [ 174.7507635, -36.8619397 ], [ 174.7504808, -36.8617138 ], [ 174.7493755, -36.8626026 ], [ 174.7496578, -36.8628293 ], [ 174.7507635, -36.8619397 ] ] ], [ [ [ 174.7484197, -36.8616129 ], [ 174.7492945, -36.862318 ], [ 174.7499323, -36.8618042 ], [ 174.749097, -36.8611317 ], [ 174.7483726, -36.860383 ], [ 174.7476606, -36.8608282 ], [ 174.7484197, -36.8616129 ] ] ], [ [ [ 174.7500917, -36.861676 ], [ 174.7507287, -36.8611629 ], [ 174.7499447, -36.8605313 ], [ 174.7492631, -36.8598268 ], [ 174.748578, -36.860255 ], [ 174.748572, -36.8602935 ], [ 174.7492673, -36.8610122 ], [ 174.7500917, -36.861676 ] ] ], [ [ [ 174.7482345, -36.8602397 ], [ 174.7472653, -36.8592382 ], [ 174.746553, -36.8596832 ], [ 174.7475222, -36.8606846 ], [ 174.7482345, -36.8602397 ] ] ], [ [ [ 174.7491245, -36.8596836 ], [ 174.7481556, -36.8586819 ], [ 174.7474434, -36.8591269 ], [ 174.7484124, -36.8601288 ], [ 174.7491245, -36.8596836 ] ] ], [ [ [ 174.7500557, -36.859102 ], [ 174.749721, -36.8588612 ], [ 174.7490313, -36.8592919 ], [ 174.7493025, -36.8595722 ], [ 174.7500557, -36.859102 ] ] ], [ [ [ 174.7490399, -36.8581297 ], [ 174.7483338, -36.8585707 ], [ 174.7489488, -36.8592065 ], [ 174.7497323, -36.8587173 ], [ 174.7501688, -36.8590314 ], [ 174.7503319, -36.8589293 ], [ 174.7493002, -36.8583689 ], [ 174.7492822, -36.8583801 ], [ 174.7490399, -36.8581297 ] ] ], [ [ [ 174.7472545, -36.8589316 ], [ 174.7479668, -36.8584867 ], [ 174.7478796, -36.8583966 ], [ 174.7478668, -36.8582829 ], [ 174.7469683, -36.8583484 ], [ 174.7469811, -36.8584616 ], [ 174.7471677, -36.8588418 ], [ 174.7472545, -36.8589316 ] ] ], [ [ [ 174.7483779, -36.8580636 ], [ 174.7483477, -36.8577938 ], [ 174.748031, -36.8577294 ], [ 174.7480712, -36.8580859 ], [ 174.7483779, -36.8580636 ] ] ], [ [ [ 174.7478463, -36.8581023 ], [ 174.747799, -36.8576814 ], [ 174.7477176, -36.8576643 ], [ 174.7479202, -36.8574167 ], [ 174.7472406, -36.8570489 ], [ 174.746871, -36.857488 ], [ 174.7469478, -36.8581678 ], [ 174.7478463, -36.8581023 ] ] ], [ [ [ 174.7500199, -36.8576538 ], [ 174.7501964, -36.8574424 ], [ 174.7502871, -36.8571696 ], [ 174.750422, -36.8568421 ], [ 174.7505597, -36.8565635 ], [ 174.750122, -36.856367 ], [ 174.7495895, -36.8574552 ], [ 174.7500199, -36.8576538 ] ] ], [ [ [ 174.749238, -36.8531 ], [ 174.7491882, -36.8530894 ], [ 174.7491124, -36.8529894 ], [ 174.7490099, -36.85304 ], [ 174.7490763, -36.8531763 ], [ 174.7492684, -36.8531199 ], [ 174.7492641, -36.8530924 ], [ 174.749238, -36.8531 ] ] ], [ [ [ 174.7489391, -36.8527386 ], [ 174.7491379, -36.8529768 ], [ 174.7492688, -36.8529123 ], [ 174.7493581, -36.8530204 ], [ 174.7494223, -36.8531279 ], [ 174.7495994, -36.8530615 ], [ 174.7496103, -36.853018 ], [ 174.7494487, -36.8529799 ], [ 174.7496685, -36.8523798 ], [ 174.7493166, -36.8522877 ], [ 174.749259, -36.8524269 ], [ 174.7490133, -36.8527003 ], [ 174.7489391, -36.8527386 ] ] ], [ [ [ 174.7495031, -36.8518368 ], [ 174.7493597, -36.8521835 ], [ 174.749707, -36.8522744 ], [ 174.7498699, -36.8518807 ], [ 174.7495681, -36.8518017 ], [ 174.7495031, -36.8518368 ] ] ], [ [ [ 174.7493281, -36.8514793 ], [ 174.7500129, -36.8516584 ], [ 174.7500864, -36.8514769 ], [ 174.7500575, -36.8514418 ], [ 174.7496002, -36.8513194 ], [ 174.7495974, -36.8513263 ], [ 174.7495042, -36.851302 ], [ 174.7495006, -36.8513107 ], [ 174.7494064, -36.851286 ], [ 174.7493281, -36.8514793 ] ] ], [ [ [ 174.7504069, -36.8498792 ], [ 174.7502414, -36.8497411 ], [ 174.7488227, -36.850836 ], [ 174.7488921, -36.851288 ], [ 174.7489168, -36.8512951 ], [ 174.7506501, -36.8499573 ], [ 174.7504858, -36.8498193 ], [ 174.7504069, -36.8498792 ] ] ], [ [ [ 174.7490586, -36.849732 ], [ 174.7490245, -36.8496583 ], [ 174.749081, -36.8496145 ], [ 174.7491714, -36.8496444 ], [ 174.7492607, -36.8495752 ], [ 174.7497147, -36.8499573 ], [ 174.7502036, -36.8495798 ], [ 174.7500147, -36.8494214 ], [ 174.7500024, -36.8494308 ], [ 174.7498372, -36.8492921 ], [ 174.7496548, -36.8492244 ], [ 174.7494338, -36.8491939 ], [ 174.749438, -36.8492207 ], [ 174.7486396, -36.849301 ], [ 174.7486914, -36.8496337 ], [ 174.7486439, -36.8496827 ], [ 174.7486955, -36.8500136 ], [ 174.7490586, -36.849732 ] ] ], [ [ [ 174.749272, -36.8485228 ], [ 174.7490488, -36.848545 ], [ 174.7490459, -36.8485271 ], [ 174.7484728, -36.8485842 ], [ 174.748553, -36.8490991 ], [ 174.7491309, -36.8490406 ], [ 174.7491388, -36.8490852 ], [ 174.7495956, -36.8490388 ], [ 174.7496073, -36.8490266 ], [ 174.749515, -36.8484904 ], [ 174.7494995, -36.8484808 ], [ 174.7492688, -36.8485039 ], [ 174.749272, -36.8485228 ] ] ], [ [ [ 174.7472386, -36.8465964 ], [ 174.7469376, -36.8464643 ], [ 174.746774, -36.8467105 ], [ 174.7466762, -36.8466653 ], [ 174.7465951, -36.8467847 ], [ 174.746796, -36.8468718 ], [ 174.746713, -36.8469967 ], [ 174.7469101, -36.8470827 ], [ 174.7472386, -36.8465964 ] ] ], [ [ [ 174.7468012, -36.845036 ], [ 174.7468051, -36.8453871 ], [ 174.7468401, -36.8453837 ], [ 174.746697, -36.8457318 ], [ 174.7465478, -36.8459301 ], [ 174.7466248, -36.8459658 ], [ 174.7465192, -36.8461234 ], [ 174.7473203, -36.8464755 ], [ 174.7481747, -36.8451946 ], [ 174.7478867, -36.8450698 ], [ 174.747799, -36.8450434 ], [ 174.7468012, -36.845036 ] ] ], [ [ [ 174.748267, -36.8450599 ], [ 174.7485708, -36.8446049 ], [ 174.7485624, -36.8445828 ], [ 174.7481752, -36.8444205 ], [ 174.7480453, -36.8443802 ], [ 174.7480498, -36.8443708 ], [ 174.7480147, -36.8443592 ], [ 174.7478705, -36.8443474 ], [ 174.7466359, -36.844358 ], [ 174.7466505, -36.8445135 ], [ 174.7466297, -36.8445169 ], [ 174.7466615, -36.8446248 ], [ 174.7466471, -36.8446275 ], [ 174.746657, -36.8446645 ], [ 174.7466912, -36.8446579 ], [ 174.7467613, -36.8449011 ], [ 174.7478366, -36.8449064 ], [ 174.7479574, -36.8449444 ], [ 174.7482393, -36.8450666 ], [ 174.748267, -36.8450599 ] ] ], [ [ [ 174.7498575, -36.8719677 ], [ 174.7492168, -36.8723764 ], [ 174.751386, -36.8744564 ], [ 174.7520136, -36.8724671 ], [ 174.7519988, -36.8724467 ], [ 174.7498575, -36.8719677 ] ] ], [ [ [ 174.750241, -36.8718656 ], [ 174.7508318, -36.8719975 ], [ 174.7509627, -36.8716194 ], [ 174.7508967, -36.8716046 ], [ 174.751025, -36.8712342 ], [ 174.7504995, -36.8711165 ], [ 174.750241, -36.8718656 ] ] ], [ [ [ 174.7542308, -36.8692253 ], [ 174.7548003, -36.8696753 ], [ 174.756337, -36.8689682 ], [ 174.7560981, -36.8685998 ], [ 174.754694, -36.869188 ], [ 174.7546289, -36.8690906 ], [ 174.7542308, -36.8692253 ] ] ], [ [ [ 174.7522184, -36.8694119 ], [ 174.7522999, -36.8691698 ], [ 174.7518521, -36.8690682 ], [ 174.7518794, -36.8689468 ], [ 174.7516802, -36.8689178 ], [ 174.7517216, -36.8687464 ], [ 174.7506396, -36.8690426 ], [ 174.750753, -36.8696331 ], [ 174.7509634, -36.8696111 ], [ 174.7522184, -36.8694119 ] ] ], [ [ [ 174.7522967, -36.8686126 ], [ 174.7522026, -36.8688874 ], [ 174.7523568, -36.8689993 ], [ 174.7525037, -36.8685705 ], [ 174.7524899, -36.8685597 ], [ 174.7522967, -36.8686126 ] ] ], [ [ [ 174.7528321, -36.8691339 ], [ 174.7529384, -36.8691189 ], [ 174.7530312, -36.8690895 ], [ 174.7531241, -36.8688237 ], [ 174.753327, -36.868324 ], [ 174.7527121, -36.8684768 ], [ 174.7525075, -36.869064 ], [ 174.7526538, -36.8691188 ], [ 174.7528321, -36.8691339 ] ] ], [ [ [ 174.7555226, -36.8679051 ], [ 174.7549849, -36.8679909 ], [ 174.7545781, -36.8680907 ], [ 174.7542994, -36.8681936 ], [ 174.7542067, -36.8682425 ], [ 174.7541035, -36.8683355 ], [ 174.7540398, -36.868449 ], [ 174.7539181, -36.8691159 ], [ 174.7540557, -36.8690828 ], [ 174.7545445, -36.8689219 ], [ 174.7559349, -36.8683443 ], [ 174.7556857, -36.8679586 ], [ 174.7556181, -36.8679193 ], [ 174.7555226, -36.8679051 ] ] ], [ [ [ 174.7531334, -36.8679783 ], [ 174.753272, -36.867887 ], [ 174.7533738, -36.867787 ], [ 174.7534618, -36.867655 ], [ 174.7534296, -36.8675785 ], [ 174.7524679, -36.8677698 ], [ 174.7510758, -36.8681518 ], [ 174.7512967, -36.8686719 ], [ 174.7518142, -36.86853 ], [ 174.7518054, -36.8685092 ], [ 174.7521893, -36.8683121 ], [ 174.7529535, -36.8680577 ], [ 174.7531334, -36.8679783 ] ] ], [ [ [ 174.7548323, -36.865329 ], [ 174.754528, -36.8660149 ], [ 174.7546736, -36.8661151 ], [ 174.754714, -36.8661036 ], [ 174.7552533, -36.8657551 ], [ 174.7548323, -36.865329 ] ] ], [ [ [ 174.7665932, -36.8648297 ], [ 174.7665107, -36.8650975 ], [ 174.7667657, -36.8651521 ], [ 174.7668229, -36.8649694 ], [ 174.7667352, -36.8648605 ], [ 174.7665932, -36.8648297 ] ] ], [ [ [ 174.7663447, -36.8650644 ], [ 174.7665117, -36.8645235 ], [ 174.7664668, -36.8645133 ], [ 174.7662204, -36.8642964 ], [ 174.7662285, -36.8642697 ], [ 174.7658849, -36.8641936 ], [ 174.7656587, -36.8649145 ], [ 174.7663447, -36.8650644 ] ] ], [ [ [ 174.7537829, -36.8641049 ], [ 174.7541489, -36.8644749 ], [ 174.7546503, -36.8641096 ], [ 174.7544082, -36.8638662 ], [ 174.7544136, -36.8638175 ], [ 174.7542923, -36.8637189 ], [ 174.7537829, -36.8641049 ] ] ], [ [ [ 174.7660975, -36.8635163 ], [ 174.7663903, -36.8637408 ], [ 174.7664766, -36.8634761 ], [ 174.7663943, -36.8634582 ], [ 174.7664964, -36.8631925 ], [ 174.7662177, -36.8631331 ], [ 174.7660975, -36.8635163 ] ] ], [ [ [ 174.7542715, -36.8635833 ], [ 174.7540741, -36.8633853 ], [ 174.753748, -36.8636374 ], [ 174.7539433, -36.8638322 ], [ 174.7542715, -36.8635833 ] ] ], [ [ [ 174.7654715, -36.8631754 ], [ 174.7657452, -36.863431 ], [ 174.765933, -36.8634787 ], [ 174.7660522, -36.8630988 ], [ 174.7655344, -36.8629883 ], [ 174.7654715, -36.8631754 ] ] ], [ [ [ 174.7510338, -36.8625756 ], [ 174.7512846, -36.8623644 ], [ 174.7508453, -36.8620018 ], [ 174.7497379, -36.8628934 ], [ 174.7501699, -36.8632413 ], [ 174.7502182, -36.8632415 ], [ 174.7506944, -36.8628607 ], [ 174.7507186, -36.8628804 ], [ 174.7510576, -36.8625952 ], [ 174.7510338, -36.8625756 ] ] ], [ [ [ 174.7515893, -36.863588 ], [ 174.7515409, -36.8635486 ], [ 174.7523785, -36.8627681 ], [ 174.7526076, -36.8624239 ], [ 174.7528943, -36.8622448 ], [ 174.7524391, -36.8618435 ], [ 174.7522042, -36.8620119 ], [ 174.7524368, -36.8618415 ], [ 174.7518314, -36.8613075 ], [ 174.7514115, -36.8609665 ], [ 174.7505606, -36.8616492 ], [ 174.7513866, -36.8623186 ], [ 174.7519747, -36.8618235 ], [ 174.7520703, -36.8619021 ], [ 174.7508149, -36.8629586 ], [ 174.7507986, -36.8629453 ], [ 174.7504835, -36.8631965 ], [ 174.7507145, -36.8633808 ], [ 174.7507389, -36.8633613 ], [ 174.7509189, -36.8635076 ], [ 174.7507072, -36.8636761 ], [ 174.7510921, -36.8639878 ], [ 174.7515893, -36.863588 ] ] ], [ [ [ 174.7649989, -36.8626858 ], [ 174.7661309, -36.8629269 ], [ 174.7663106, -36.8624592 ], [ 174.7665052, -36.8625006 ], [ 174.7665208, -36.8624542 ], [ 174.7661492, -36.8622318 ], [ 174.7671832, -36.8611245 ], [ 174.7673667, -36.8611665 ], [ 174.7675396, -36.8607254 ], [ 174.7669544, -36.8605917 ], [ 174.7649989, -36.8626858 ] ] ], [ [ [ 174.7657168, -36.8614935 ], [ 174.7651045, -36.8611226 ], [ 174.7646708, -36.8615763 ], [ 174.7647636, -36.8616859 ], [ 174.7649048, -36.8617715 ], [ 174.7648581, -36.8618209 ], [ 174.764622, -36.862152 ], [ 174.7648481, -36.8624098 ], [ 174.7657168, -36.8614935 ] ] ], [ [ [ 174.7519813, -36.8612766 ], [ 174.7528178, -36.8620142 ], [ 174.7529223, -36.8619372 ], [ 174.7530443, -36.8618757 ], [ 174.7525091, -36.8611873 ], [ 174.7524518, -36.8608913 ], [ 174.7519813, -36.8612766 ] ] ], [ [ [ 174.7658991, -36.8606588 ], [ 174.7657986, -36.8607659 ], [ 174.7657717, -36.8607496 ], [ 174.7656434, -36.8608412 ], [ 174.7654068, -36.8610786 ], [ 174.765851, -36.8613479 ], [ 174.766733, -36.8604045 ], [ 174.7667202, -36.8603735 ], [ 174.7663326, -36.8601445 ], [ 174.7663248, -36.8601231 ], [ 174.7661929, -36.860266 ], [ 174.7661651, -36.8602493 ], [ 174.7660261, -36.860385 ], [ 174.7660785, -36.8604208 ], [ 174.7658718, -36.8606422 ], [ 174.7658991, -36.8606588 ] ] ], [ [ [ 174.753002, -36.8603064 ], [ 174.7527657, -36.8599357 ], [ 174.7527176, -36.8599184 ], [ 174.7515478, -36.8608573 ], [ 174.7518787, -36.8611261 ], [ 174.7519262, -36.8611265 ], [ 174.7524023, -36.8607382 ], [ 174.7524719, -36.8607421 ], [ 174.7526639, -36.8605289 ], [ 174.753002, -36.8603064 ] ] ], [ [ [ 174.7501142, -36.8604111 ], [ 174.7508897, -36.8610353 ], [ 174.7515281, -36.8605221 ], [ 174.7507919, -36.8599303 ], [ 174.7501532, -36.8592706 ], [ 174.7494411, -36.8597155 ], [ 174.7501142, -36.8604111 ] ] ], [ [ [ 174.7505711, -36.8590123 ], [ 174.7503325, -36.8591604 ], [ 174.7509622, -36.8598107 ], [ 174.7514098, -36.8601694 ], [ 174.7516889, -36.8603937 ], [ 174.7520756, -36.860083 ], [ 174.7517966, -36.8598586 ], [ 174.7508716, -36.8592234 ], [ 174.7508117, -36.8592609 ], [ 174.7505711, -36.8590123 ] ] ], [ [ [ 174.7677067, -36.8593687 ], [ 174.7672911, -36.8591161 ], [ 174.7669953, -36.8594819 ], [ 174.7669846, -36.8594754 ], [ 174.766579, -36.8599109 ], [ 174.7666255, -36.8599391 ], [ 174.7665663, -36.8600025 ], [ 174.7669152, -36.8602131 ], [ 174.7677067, -36.8593687 ] ] ], [ [ [ 174.7527357, -36.8591141 ], [ 174.7533472, -36.8586259 ], [ 174.7529972, -36.8580571 ], [ 174.7529071, -36.8580325 ], [ 174.7515847, -36.8585568 ], [ 174.7515426, -36.8585735 ], [ 174.7511897, -36.8587134 ], [ 174.7514238, -36.8588407 ], [ 174.7519133, -36.8591062 ], [ 174.7524808, -36.8594144 ], [ 174.7527357, -36.8591141 ] ] ], [ [ [ 174.7512151, -36.8584276 ], [ 174.7521401, -36.858061 ], [ 174.7518379, -36.8576123 ], [ 174.751262, -36.8579306 ], [ 174.7512559, -36.85792 ], [ 174.7509958, -36.8580651 ], [ 174.7512151, -36.8584276 ] ] ], [ [ [ 174.7499563, -36.852953 ], [ 174.7498987, -36.8533114 ], [ 174.7501533, -36.853294 ], [ 174.7505334, -36.8533272 ], [ 174.7508663, -36.8534104 ], [ 174.7511865, -36.8535172 ], [ 174.7512149, -36.8534593 ], [ 174.7507889, -36.8533379 ], [ 174.7505676, -36.8532301 ], [ 174.7506204, -36.8529721 ], [ 174.7499563, -36.852953 ] ] ], [ [ [ 174.7514372, -36.8525943 ], [ 174.7515413, -36.8523183 ], [ 174.7509301, -36.8521582 ], [ 174.7508667, -36.8521937 ], [ 174.75072, -36.8525827 ], [ 174.7512531, -36.8527164 ], [ 174.7513107, -36.8525635 ], [ 174.7514372, -36.8525943 ] ] ], [ [ [ 174.7499999, -36.8519147 ], [ 174.7498371, -36.8523083 ], [ 174.750575, -36.8525014 ], [ 174.7507069, -36.8521517 ], [ 174.7506791, -36.8520925 ], [ 174.7499999, -36.8519147 ] ] ], [ [ [ 174.7510938, -36.8519413 ], [ 174.751751, -36.8521135 ], [ 174.751989, -36.8515215 ], [ 174.7519488, -36.8514879 ], [ 174.7516433, -36.8514081 ], [ 174.7516366, -36.8514247 ], [ 174.7515521, -36.8514026 ], [ 174.7515454, -36.8514191 ], [ 174.7513394, -36.8513654 ], [ 174.7510938, -36.8519413 ] ] ], [ [ [ 174.7502841, -36.8513807 ], [ 174.7501565, -36.8516959 ], [ 174.7510487, -36.8519295 ], [ 174.7512795, -36.8513497 ], [ 174.7511225, -36.8513086 ], [ 174.751145, -36.851253 ], [ 174.7509099, -36.8511915 ], [ 174.7507938, -36.851259 ], [ 174.7506917, -36.8512745 ], [ 174.750625, -36.8512582 ], [ 174.7505799, -36.8512313 ], [ 174.7505467, -36.851194 ], [ 174.7505297, -36.8511513 ], [ 174.7504543, -36.8511811 ], [ 174.7503642, -36.8514017 ], [ 174.7502841, -36.8513807 ] ] ], [ [ [ 174.7504431, -36.8506085 ], [ 174.7503513, -36.8505304 ], [ 174.7496099, -36.8511024 ], [ 174.7496524, -36.851138 ], [ 174.7496233, -36.8512099 ], [ 174.7502144, -36.8513645 ], [ 174.7502937, -36.8511687 ], [ 174.750324, -36.851164 ], [ 174.7505031, -36.8510309 ], [ 174.7504861, -36.8509541 ], [ 174.7505016, -36.8509283 ], [ 174.7504154, -36.8508911 ], [ 174.750361, -36.8508456 ], [ 174.7505249, -36.8507186 ], [ 174.7504279, -36.8506364 ], [ 174.7504431, -36.8506085 ] ] ], [ [ [ 174.7511767, -36.8503502 ], [ 174.7511857, -36.8503216 ], [ 174.7511476, -36.8502707 ], [ 174.7508395, -36.8501537 ], [ 174.7503795, -36.8505087 ], [ 174.7504796, -36.8505951 ], [ 174.7504665, -36.8506049 ], [ 174.7506577, -36.8507698 ], [ 174.750699, -36.8507562 ], [ 174.7510957, -36.8504591 ], [ 174.7511767, -36.8503502 ] ] ], [ [ [ 174.7498192, -36.8490804 ], [ 174.7505237, -36.8485341 ], [ 174.7504205, -36.8484456 ], [ 174.7496346, -36.848524 ], [ 174.7497244, -36.8490449 ], [ 174.7497747, -36.8490877 ], [ 174.7498192, -36.8490804 ] ] ], [ [ [ 174.764903, -36.7959999 ], [ 174.7651748, -36.7958419 ], [ 174.7652287, -36.7958814 ], [ 174.7654422, -36.7959695 ], [ 174.765487, -36.7955581 ], [ 174.7651243, -36.7944359 ], [ 174.7650997, -36.7941422 ], [ 174.7650585, -36.794144 ], [ 174.7650435, -36.7939628 ], [ 174.7650845, -36.7939613 ], [ 174.7650136, -36.7931152 ], [ 174.764936, -36.7930606 ], [ 174.7641376, -36.7931045 ], [ 174.7634172, -36.7931281 ], [ 174.7633905, -36.7931513 ], [ 174.7634449, -36.7942756 ], [ 174.7638209, -36.7952728 ], [ 174.7639929, -36.7955439 ], [ 174.7647515, -36.7962974 ], [ 174.764903, -36.7959999 ] ] ], [ [ [ 174.7634081, -36.7929466 ], [ 174.7641253, -36.7929231 ], [ 174.7649935, -36.7928759 ], [ 174.764882, -36.7915483 ], [ 174.764908, -36.7913997 ], [ 174.7648917, -36.7912588 ], [ 174.7649312, -36.7910224 ], [ 174.7649865, -36.790889 ], [ 174.7650547, -36.790265 ], [ 174.7650101, -36.7901404 ], [ 174.7649799, -36.7900966 ], [ 174.7643026, -36.7900994 ], [ 174.7624707, -36.7902191 ], [ 174.7624133, -36.7903408 ], [ 174.762654, -36.7905426 ], [ 174.7629389, -36.7907417 ], [ 174.7630709, -36.7908503 ], [ 174.7630469, -36.7908692 ], [ 174.7632429, -36.7910303 ], [ 174.7633371, -36.7928939 ], [ 174.7634081, -36.7929466 ] ] ], [ [ [ 174.764646, -36.7896203 ], [ 174.7635977, -36.7887313 ], [ 174.7635561, -36.7887099 ], [ 174.763507, -36.7887066 ], [ 174.7634539, -36.7887274 ], [ 174.7621802, -36.7896731 ], [ 174.7621155, -36.7897761 ], [ 174.7623686, -36.7899968 ], [ 174.7645176, -36.7898608 ], [ 174.7645046, -36.7897278 ], [ 174.764646, -36.7896203 ] ] ], [ [ [ 174.7614149, -36.7894945 ], [ 174.7614463, -36.7894698 ], [ 174.7615, -36.7895385 ], [ 174.7615901, -36.7896126 ], [ 174.7617362, -36.7897113 ], [ 174.7618083, -36.7897359 ], [ 174.7618946, -36.7897281 ], [ 174.7620002, -36.7895597 ], [ 174.7633294, -36.7885732 ], [ 174.763332, -36.7885099 ], [ 174.7622846, -36.7876194 ], [ 174.7606664, -36.7888783 ], [ 174.7614149, -36.7894945 ] ] ], [ [ [ 174.7674507, -36.7874468 ], [ 174.767024, -36.786921 ], [ 174.7637315, -36.7885812 ], [ 174.7643281, -36.7890874 ], [ 174.7674507, -36.7874468 ] ] ], [ [ [ 174.7889839, -36.8874143 ], [ 174.788885, -36.8875275 ], [ 174.7899903, -36.8883384 ], [ 174.7894805, -36.8887874 ], [ 174.7901474, -36.8892756 ], [ 174.7906961, -36.8887926 ], [ 174.7903628, -36.8885483 ], [ 174.7903237, -36.8885827 ], [ 174.7903147, -36.8885761 ], [ 174.7907748, -36.8881774 ], [ 174.7893952, -36.8871707 ], [ 174.7891458, -36.8869734 ], [ 174.7888349, -36.8873304 ], [ 174.7889839, -36.8874143 ] ] ], [ [ [ 174.7903448, -36.8875798 ], [ 174.790347, -36.8876186 ], [ 174.790909, -36.8880304 ], [ 174.7911624, -36.8878073 ], [ 174.7919147, -36.8867169 ], [ 174.791473, -36.8864918 ], [ 174.7907401, -36.885976 ], [ 174.7904605, -36.8858296 ], [ 174.7901158, -36.8855718 ], [ 174.7899202, -36.885632 ], [ 174.7898791, -36.8856073 ], [ 174.7897842, -36.8855955 ], [ 174.7896617, -36.8856192 ], [ 174.7897129, -36.8857905 ], [ 174.7897399, -36.8859345 ], [ 174.7898333, -36.8858719 ], [ 174.7909403, -36.8866112 ], [ 174.7906139, -36.8873429 ], [ 174.7903448, -36.8875798 ] ] ], [ [ [ 174.7906966, -36.8866413 ], [ 174.7898598, -36.8860825 ], [ 174.7898073, -36.8860826 ], [ 174.7891241, -36.8865405 ], [ 174.7891226, -36.8865771 ], [ 174.7899114, -36.8871655 ], [ 174.7901867, -36.8874585 ], [ 174.7902303, -36.8874602 ], [ 174.7904524, -36.8872648 ], [ 174.7907113, -36.8866847 ], [ 174.7906966, -36.8866413 ] ] ], [ [ [ 174.7869543, -36.8873696 ], [ 174.7871223, -36.8874643 ], [ 174.7873953, -36.8871518 ], [ 174.7877815, -36.8873693 ], [ 174.7878012, -36.8873468 ], [ 174.787247, -36.8870346 ], [ 174.7877415, -36.8864686 ], [ 174.7878789, -36.8866009 ], [ 174.7883991, -36.8862527 ], [ 174.7877488, -36.8856262 ], [ 174.7871313, -36.8860396 ], [ 174.7862439, -36.8875984 ], [ 174.7867707, -36.8878954 ], [ 174.7869651, -36.8876728 ], [ 174.7867803, -36.8875687 ], [ 174.7869543, -36.8873696 ] ] ], [ [ [ 174.78434, -36.8875813 ], [ 174.784726, -36.8875263 ], [ 174.7849626, -36.8874582 ], [ 174.7852126, -36.8873509 ], [ 174.785359, -36.8873267 ], [ 174.7855043, -36.8873481 ], [ 174.7860285, -36.8875408 ], [ 174.7869475, -36.8859266 ], [ 174.787594, -36.8854938 ], [ 174.7875957, -36.8854786 ], [ 174.7870728, -36.8849747 ], [ 174.7870528, -36.8849769 ], [ 174.7865876, -36.8857945 ], [ 174.7864947, -36.8857628 ], [ 174.786582, -36.8856096 ], [ 174.7859601, -36.8855917 ], [ 174.7858274, -36.8858276 ], [ 174.7853694, -36.8856613 ], [ 174.7853555, -36.885686 ], [ 174.7855841, -36.8857691 ], [ 174.7855887, -36.8857816 ], [ 174.785568, -36.885817 ], [ 174.7855298, -36.8858359 ], [ 174.7855013, -36.8858901 ], [ 174.7857433, -36.8859771 ], [ 174.7856583, -36.886128 ], [ 174.7852003, -36.8859618 ], [ 174.7851159, -36.886112 ], [ 174.7857345, -36.8863384 ], [ 174.7857775, -36.8863862 ], [ 174.7857716, -36.8864511 ], [ 174.7857107, -36.8864969 ], [ 174.7856337, -36.8864984 ], [ 174.7850229, -36.8862772 ], [ 174.7845133, -36.887183 ], [ 174.7843911, -36.8871569 ], [ 174.7842503, -36.8875774 ], [ 174.78434, -36.8875813 ] ] ], [ [ [ 174.7834983, -36.8866255 ], [ 174.7838451, -36.8866933 ], [ 174.7838539, -36.8866667 ], [ 174.7832076, -36.8865404 ], [ 174.7832711, -36.8863514 ], [ 174.7836194, -36.8864174 ], [ 174.7836337, -36.8863738 ], [ 174.7836381, -36.8862132 ], [ 174.7814711, -36.8858499 ], [ 174.7808971, -36.8853792 ], [ 174.7799449, -36.885989 ], [ 174.7803368, -36.8863146 ], [ 174.7808069, -36.8860135 ], [ 174.781249, -36.8863684 ], [ 174.7834431, -36.8867905 ], [ 174.7834983, -36.8866255 ] ] ], [ [ [ 174.7887859, -36.8863424 ], [ 174.7889227, -36.886447 ], [ 174.7889736, -36.8864483 ], [ 174.7897147, -36.8859514 ], [ 174.7896853, -36.8857949 ], [ 174.7896326, -36.8856185 ], [ 174.789558, -36.8856 ], [ 174.7894291, -36.8856877 ], [ 174.7892789, -36.885543 ], [ 174.7896651, -36.8852843 ], [ 174.7895477, -36.8851713 ], [ 174.7890293, -36.8848296 ], [ 174.7888079, -36.8851442 ], [ 174.788061, -36.8856438 ], [ 174.7887859, -36.8863424 ] ] ], [ [ [ 174.7852752, -36.8853907 ], [ 174.7852925, -36.8850124 ], [ 174.7852583, -36.8849778 ], [ 174.7826357, -36.8849014 ], [ 174.782252, -36.8845134 ], [ 174.7810745, -36.8852656 ], [ 174.7815844, -36.8856836 ], [ 174.7848058, -36.8862233 ], [ 174.7852752, -36.8853907 ] ] ], [ [ [ 174.7838126, -36.8835168 ], [ 174.7824287, -36.8844006 ], [ 174.7827478, -36.8847231 ], [ 174.7850735, -36.884791 ], [ 174.7838126, -36.8835168 ] ] ], [ [ [ 174.7865616, -36.8854043 ], [ 174.7869009, -36.8848078 ], [ 174.7856802, -36.8836233 ], [ 174.7849687, -36.8827784 ], [ 174.7839892, -36.8834039 ], [ 174.785521, -36.8849519 ], [ 174.785501, -36.8853969 ], [ 174.7865256, -36.8854195 ], [ 174.7865616, -36.8854043 ] ] ], [ [ [ 174.7883939, -36.8842413 ], [ 174.7876558, -36.8835838 ], [ 174.7876285, -36.8836276 ], [ 174.7868401, -36.8829142 ], [ 174.7864748, -36.8826265 ], [ 174.7865256, -36.8825839 ], [ 174.7859974, -36.882137 ], [ 174.7859869, -36.8821438 ], [ 174.7859775, -36.8821343 ], [ 174.7855395, -36.8824146 ], [ 174.7862245, -36.8828864 ], [ 174.7871322, -36.8837674 ], [ 174.7865325, -36.8841662 ], [ 174.7879164, -36.8855036 ], [ 174.7886316, -36.8850252 ], [ 174.7888969, -36.8846494 ], [ 174.7883939, -36.8842413 ] ] ], [ [ [ 174.7863886, -36.8840265 ], [ 174.7868146, -36.8837433 ], [ 174.786063, -36.8830139 ], [ 174.7853598, -36.8825295 ], [ 174.7851465, -36.8826658 ], [ 174.7852993, -36.8828498 ], [ 174.7858611, -36.8835145 ], [ 174.7863886, -36.8840265 ] ] ], [ [ [ 174.7769944, -36.8813001 ], [ 174.7770525, -36.8810313 ], [ 174.7760412, -36.8808846 ], [ 174.7760178, -36.8811578 ], [ 174.7769944, -36.8813001 ] ] ], [ [ [ 174.8471269, -36.8782977 ], [ 174.8460152, -36.8780229 ], [ 174.8458146, -36.8782225 ], [ 174.8462308, -36.8784056 ], [ 174.8464427, -36.87847 ], [ 174.8481523, -36.8788891 ], [ 174.8481914, -36.8788739 ], [ 174.8482073, -36.8788415 ], [ 174.8480407, -36.8776946 ], [ 174.8480172, -36.8776598 ], [ 174.8471335, -36.8775002 ], [ 174.8469759, -36.8774592 ], [ 174.8468814, -36.8775018 ], [ 174.8468302, -36.8776289 ], [ 174.846903, -36.8777119 ], [ 174.8473099, -36.8778197 ], [ 174.8471269, -36.8782977 ] ] ], [ [ [ 174.7802803, -36.877963 ], [ 174.779393, -36.8772735 ], [ 174.7792227, -36.8780398 ], [ 174.7798947, -36.8781394 ], [ 174.77988, -36.8782058 ], [ 174.7799488, -36.8782159 ], [ 174.7800393, -36.878272 ], [ 174.7802081, -36.8782956 ], [ 174.7802803, -36.877963 ] ] ], [ [ [ 174.7676146, -36.8656409 ], [ 174.7676805, -36.8657769 ], [ 174.7676604, -36.8658208 ], [ 174.7676808, -36.8658252 ], [ 174.7677215, -36.8658889 ], [ 174.7679817, -36.8656311 ], [ 174.7679696, -36.8656012 ], [ 174.7677603, -36.8655563 ], [ 174.767658, -36.8655698 ], [ 174.7676324, -36.8655894 ], [ 174.7676146, -36.8656409 ] ] ], [ [ [ 174.7686433, -36.8653497 ], [ 174.7686753, -36.8652429 ], [ 174.7685424, -36.8652174 ], [ 174.768519, -36.8652938 ], [ 174.7682907, -36.8652504 ], [ 174.7682266, -36.8654614 ], [ 174.7688511, -36.8655952 ], [ 174.7689092, -36.865401 ], [ 174.7686433, -36.8653497 ] ] ], [ [ [ 174.7674591, -36.8652984 ], [ 174.7680084, -36.865415 ], [ 174.7680752, -36.865202 ], [ 174.7678416, -36.8651524 ], [ 174.7678605, -36.8650921 ], [ 174.7674932, -36.865019 ], [ 174.7674245, -36.86524 ], [ 174.7674591, -36.8652984 ] ] ], [ [ [ 174.7703304, -36.8633639 ], [ 174.7707382, -36.8630986 ], [ 174.7707326, -36.8630826 ], [ 174.7704138, -36.8632899 ], [ 174.7702539, -36.8631867 ], [ 174.7706893, -36.8629611 ], [ 174.7706029, -36.8627182 ], [ 174.7702156, -36.8628071 ], [ 174.7695569, -36.8626653 ], [ 174.7694596, -36.8629571 ], [ 174.7698228, -36.8630353 ], [ 174.769706, -36.8633856 ], [ 174.7699545, -36.8634391 ], [ 174.7698577, -36.8637294 ], [ 174.7699238, -36.8637434 ], [ 174.7700205, -36.8634533 ], [ 174.7702435, -36.8635012 ], [ 174.7703304, -36.8633639 ] ] ], [ [ [ 174.7782386, -36.8633987 ], [ 174.7782508, -36.8634314 ], [ 174.7799423, -36.8638115 ], [ 174.7810177, -36.8628243 ], [ 174.7797995, -36.8619619 ], [ 174.7782386, -36.8633987 ] ] ], [ [ [ 174.7814511, -36.8624274 ], [ 174.781433, -36.8624148 ], [ 174.7815969, -36.8622647 ], [ 174.7815934, -36.8622263 ], [ 174.7809665, -36.8617931 ], [ 174.7806017, -36.8612495 ], [ 174.7799507, -36.8618274 ], [ 174.7811663, -36.862687 ], [ 174.7814511, -36.8624274 ] ] ], [ [ [ 174.7689327, -36.8610469 ], [ 174.7682451, -36.8630658 ], [ 174.7687945, -36.8631909 ], [ 174.7690154, -36.8625277 ], [ 174.7693455, -36.8625988 ], [ 174.7693974, -36.8624433 ], [ 174.7702134, -36.862619 ], [ 174.770542, -36.8625436 ], [ 174.7701156, -36.8615029 ], [ 174.7700431, -36.8613874 ], [ 174.7699438, -36.8613061 ], [ 174.7698691, -36.8612642 ], [ 174.7689327, -36.8610469 ] ] ], [ [ [ 174.7674049, -36.8631965 ], [ 174.7679541, -36.8633104 ], [ 174.7687356, -36.8610012 ], [ 174.7679288, -36.8608159 ], [ 174.7677517, -36.8613014 ], [ 174.7680274, -36.8613651 ], [ 174.7674049, -36.8631965 ] ] ], [ [ [ 174.7678483, -36.8607979 ], [ 174.7675807, -36.8607348 ], [ 174.7674749, -36.8610023 ], [ 174.7677489, -36.8610606 ], [ 174.7678483, -36.8607979 ] ] ], [ [ [ 174.7678265, -36.8600916 ], [ 174.767822, -36.8600656 ], [ 174.7678929, -36.8599903 ], [ 174.767651, -36.8598442 ], [ 174.7671309, -36.8604068 ], [ 174.767134, -36.8604248 ], [ 174.7671651, -36.8604519 ], [ 174.767729, -36.8605807 ], [ 174.767889, -36.8601295 ], [ 174.7678265, -36.8600916 ] ] ], [ [ [ 174.7834968, -36.8606357 ], [ 174.7842905, -36.8605884 ], [ 174.7843496, -36.8605677 ], [ 174.7844556, -36.8604885 ], [ 174.7844725, -36.8604498 ], [ 174.7845004, -36.8604257 ], [ 174.7845569, -36.8604083 ], [ 174.7846075, -36.8604137 ], [ 174.7847512, -36.8601073 ], [ 174.7851917, -36.8597872 ], [ 174.7849523, -36.859628 ], [ 174.785451, -36.8592731 ], [ 174.7841721, -36.8585351 ], [ 174.7831275, -36.8590296 ], [ 174.7830997, -36.8590733 ], [ 174.782944, -36.8603058 ], [ 174.782968, -36.860307 ], [ 174.7829463, -36.8604793 ], [ 174.7829637, -36.8605146 ], [ 174.7832508, -36.8605964 ], [ 174.7834968, -36.8606357 ] ] ], [ [ [ 174.7680985, -36.8581733 ], [ 174.7681412, -36.8581992 ], [ 174.7680523, -36.8582138 ], [ 174.76783, -36.8584123 ], [ 174.7675852, -36.8586553 ], [ 174.7676206, -36.8586768 ], [ 174.7673195, -36.8589969 ], [ 174.7677899, -36.8592829 ], [ 174.7686405, -36.8583759 ], [ 174.7691651, -36.8573138 ], [ 174.7688386, -36.8572183 ], [ 174.7682639, -36.8580232 ], [ 174.7680985, -36.8581733 ] ] ], [ [ [ 174.7826029, -36.8577943 ], [ 174.7826253, -36.8576139 ], [ 174.7823533, -36.8576646 ], [ 174.7824066, -36.8578307 ], [ 174.7826029, -36.8577943 ] ] ], [ [ [ 174.7881335, -36.8576582 ], [ 174.7873494, -36.8568278 ], [ 174.7873043, -36.8568247 ], [ 174.7864672, -36.8574609 ], [ 174.7861325, -36.857619 ], [ 174.7870823, -36.8584704 ], [ 174.7873435, -36.8582862 ], [ 174.7874127, -36.8583522 ], [ 174.7876703, -36.8581742 ], [ 174.78755, -36.8580514 ], [ 174.7881335, -36.8576582 ] ] ], [ [ [ 174.770012, -36.8578534 ], [ 174.7699647, -36.8577476 ], [ 174.7699788, -36.8576493 ], [ 174.7700124, -36.8575961 ], [ 174.7700114, -36.8575727 ], [ 174.7700745, -36.85743 ], [ 174.7700791, -36.857272 ], [ 174.7701592, -36.8572354 ], [ 174.770302, -36.8569428 ], [ 174.7707992, -36.856155 ], [ 174.7704498, -36.8560288 ], [ 174.7704926, -36.855966 ], [ 174.7700698, -36.856269 ], [ 174.7700088, -36.8563647 ], [ 174.7699714, -36.8563512 ], [ 174.7697792, -36.8567396 ], [ 174.7692111, -36.8578944 ], [ 174.7694137, -36.8579673 ], [ 174.7694647, -36.8579788 ], [ 174.7695633, -36.8579798 ], [ 174.7699625, -36.857925 ], [ 174.7700621, -36.857895 ], [ 174.770012, -36.8578534 ] ] ], [ [ [ 174.7693179, -36.8570045 ], [ 174.7690836, -36.85693 ], [ 174.7688733, -36.8571704 ], [ 174.7691901, -36.8572632 ], [ 174.7693179, -36.8570045 ] ] ], [ [ [ 174.7708525, -36.7932536 ], [ 174.7712819, -36.7938954 ], [ 174.7720997, -36.7935413 ], [ 174.7721134, -36.7934981 ], [ 174.7711528, -36.7923102 ], [ 174.7704143, -36.7926967 ], [ 174.770862, -36.7932505 ], [ 174.7708525, -36.7932536 ] ] ], [ [ [ 174.7713969, -36.7921826 ], [ 174.7713571, -36.7922303 ], [ 174.7723249, -36.7934269 ], [ 174.7745926, -36.7922407 ], [ 174.77361, -36.7910246 ], [ 174.7713969, -36.7921826 ] ] ], [ [ [ 174.7700846, -36.7926517 ], [ 174.77103, -36.7921582 ], [ 174.7705275, -36.791536 ], [ 174.7695822, -36.7920296 ], [ 174.7700846, -36.7926517 ] ] ], [ [ [ 174.770741, -36.7914675 ], [ 174.771219, -36.7920593 ], [ 174.7725028, -36.791387 ], [ 174.7719974, -36.7907674 ], [ 174.7707541, -36.7914176 ], [ 174.770741, -36.7914675 ] ] ], [ [ [ 174.7700904, -36.7909956 ], [ 174.7697927, -36.7905743 ], [ 174.7688773, -36.7909922 ], [ 174.7695535, -36.7918283 ], [ 174.7704046, -36.7913841 ], [ 174.7700904, -36.7909956 ] ] ], [ [ [ 174.7687068, -36.7908616 ], [ 174.7691529, -36.7906578 ], [ 174.7687468, -36.790154 ], [ 174.7683171, -36.7903782 ], [ 174.7687068, -36.7908616 ] ] ], [ [ [ 174.7684169, -36.7897063 ], [ 174.7678102, -36.7900226 ], [ 174.7680392, -36.7903068 ], [ 174.769252, -36.7896767 ], [ 174.768791, -36.7891085 ], [ 174.7681882, -36.7894229 ], [ 174.7684169, -36.7897063 ] ] ], [ [ [ 174.7673628, -36.7892348 ], [ 174.7680219, -36.788891 ], [ 174.7682504, -36.7891745 ], [ 174.768631, -36.788976 ], [ 174.7684787, -36.788787 ], [ 174.7685164, -36.7887674 ], [ 174.7683639, -36.7885783 ], [ 174.7683265, -36.7885979 ], [ 174.7682838, -36.788545 ], [ 174.7681387, -36.788481 ], [ 174.7680452, -36.7884976 ], [ 174.767146, -36.7889665 ], [ 174.7673628, -36.7892348 ] ] ], [ [ [ 174.7644853, -36.7892213 ], [ 174.7651233, -36.7897625 ], [ 174.7674638, -36.7885443 ], [ 174.7680246, -36.7882403 ], [ 174.7680411, -36.7881778 ], [ 174.7675738, -36.7875986 ], [ 174.7644853, -36.7892213 ] ] ], [ [ [ 174.7693601, -36.7875746 ], [ 174.7693855, -36.7875614 ], [ 174.769132, -36.7872419 ], [ 174.7696773, -36.7869578 ], [ 174.769937, -36.7872738 ], [ 174.7703869, -36.7870393 ], [ 174.7698422, -36.7863674 ], [ 174.7690366, -36.7867859 ], [ 174.7689408, -36.7866701 ], [ 174.769749, -36.7862524 ], [ 174.769323, -36.7857269 ], [ 174.7672244, -36.7868365 ], [ 174.7682356, -36.7880858 ], [ 174.768313, -36.7880991 ], [ 174.7693479, -36.7875594 ], [ 174.7693601, -36.7875746 ] ] ], [ [ [ 174.7695295, -36.7856567 ], [ 174.7702984, -36.786598 ], [ 174.7707297, -36.7863711 ], [ 174.7704535, -36.7860286 ], [ 174.7706609, -36.7859213 ], [ 174.7709907, -36.7863317 ], [ 174.771207, -36.7862215 ], [ 174.7711477, -36.7861477 ], [ 174.7722702, -36.7855719 ], [ 174.7713597, -36.7850644 ], [ 174.7711006, -36.7847438 ], [ 174.7710545, -36.7847369 ], [ 174.7695405, -36.7856054 ], [ 174.7695295, -36.7856567 ] ] ], [ [ [ 174.7712923, -36.7845979 ], [ 174.7712833, -36.7846371 ], [ 174.7715248, -36.7849357 ], [ 174.7724352, -36.7854433 ], [ 174.7724657, -36.785481 ], [ 174.7728018, -36.785091 ], [ 174.7722519, -36.7845719 ], [ 174.7722337, -36.7845931 ], [ 174.7718411, -36.7842221 ], [ 174.7715553, -36.7844441 ], [ 174.7712923, -36.7845979 ] ] ], [ [ [ 174.8574709, -36.8834176 ], [ 174.8575711, -36.8832617 ], [ 174.8575694, -36.8831746 ], [ 174.8572703, -36.8825529 ], [ 174.8572042, -36.8825293 ], [ 174.8565784, -36.8827284 ], [ 174.8565488, -36.8827806 ], [ 174.8569464, -36.883593 ], [ 174.8574709, -36.8834176 ] ] ], [ [ [ 174.849568, -36.8838887 ], [ 174.8513784, -36.8841998 ], [ 174.8514278, -36.8843119 ], [ 174.8515228, -36.8842876 ], [ 174.8515486, -36.8842107 ], [ 174.8516145, -36.8841891 ], [ 174.8523744, -36.8842685 ], [ 174.8529564, -36.884306 ], [ 174.85308, -36.8833662 ], [ 174.8533624, -36.881981 ], [ 174.8534175, -36.8810892 ], [ 174.8533339, -36.88103 ], [ 174.8524651, -36.880684 ], [ 174.8515932, -36.8805345 ], [ 174.8514596, -36.8806037 ], [ 174.8512347, -36.8814295 ], [ 174.8511103, -36.8817414 ], [ 174.8509479, -36.8820158 ], [ 174.8507104, -36.8823057 ], [ 174.8505424, -36.8824661 ], [ 174.8503834, -36.8825946 ], [ 174.8501774, -36.8827351 ], [ 174.8500017, -36.8828363 ], [ 174.8496247, -36.883006 ], [ 174.8491229, -36.8831663 ], [ 174.8491651, -36.8831783 ], [ 174.8492774, -36.8834047 ], [ 174.8493494, -36.8834489 ], [ 174.849568, -36.8838887 ] ] ], [ [ [ 174.8601707, -36.8823481 ], [ 174.8602455, -36.8820683 ], [ 174.8602022, -36.8820145 ], [ 174.8591984, -36.8818414 ], [ 174.8590978, -36.8821949 ], [ 174.8596552, -36.882291 ], [ 174.8596633, -36.8822607 ], [ 174.8601707, -36.8823481 ] ] ], [ [ [ 174.8589108, -36.8817922 ], [ 174.8581208, -36.8816565 ], [ 174.8580601, -36.8816699 ], [ 174.8580399, -36.8816979 ], [ 174.8579037, -36.8821766 ], [ 174.8579094, -36.8822193 ], [ 174.8579701, -36.8822616 ], [ 174.8587523, -36.882407 ], [ 174.8588149, -36.8823757 ], [ 174.8589624, -36.8818573 ], [ 174.8589108, -36.8817922 ] ] ], [ [ [ 174.8568948, -36.8814458 ], [ 174.8560657, -36.8813033 ], [ 174.85582, -36.8816003 ], [ 174.8562679, -36.8822466 ], [ 174.8564623, -36.882604 ], [ 174.8564975, -36.8826146 ], [ 174.8565979, -36.8825826 ], [ 174.8566061, -36.8825994 ], [ 174.8568929, -36.8825081 ], [ 174.856712, -36.8821383 ], [ 174.8567327, -36.88176 ], [ 174.8568183, -36.8817332 ], [ 174.8568948, -36.8814458 ] ] ], [ [ [ 174.8594396, -36.8808793 ], [ 174.8594196, -36.8809077 ], [ 174.8592325, -36.8816257 ], [ 174.8592503, -36.8816551 ], [ 174.8592857, -36.8816711 ], [ 174.8605495, -36.8818886 ], [ 174.8606569, -36.8814861 ], [ 174.8608374, -36.8815172 ], [ 174.8608824, -36.8813287 ], [ 174.8608546, -36.881323 ], [ 174.8609089, -36.8811082 ], [ 174.8594762, -36.880865 ], [ 174.8594396, -36.8808793 ] ] ], [ [ [ 174.8568959, -36.8800651 ], [ 174.8564127, -36.8799813 ], [ 174.8563724, -36.8799842 ], [ 174.8563461, -36.8799996 ], [ 174.856085, -36.8809104 ], [ 174.8561381, -36.8810702 ], [ 174.8561916, -36.8811258 ], [ 174.8562598, -36.8811511 ], [ 174.8590095, -36.8816201 ], [ 174.8590461, -36.8816058 ], [ 174.859066, -36.8815774 ], [ 174.8592525, -36.880879 ], [ 174.8592515, -36.8808528 ], [ 174.8592293, -36.8808253 ], [ 174.8578691, -36.8805785 ], [ 174.8577062, -36.880522 ], [ 174.8575736, -36.8804555 ], [ 174.8574474, -36.8803695 ], [ 174.8572632, -36.8802169 ], [ 174.8570638, -36.8801133 ], [ 174.8568959, -36.8800651 ] ] ], [ [ [ 174.8596112, -36.8802949 ], [ 174.8595036, -36.8806977 ], [ 174.860938, -36.8809448 ], [ 174.8610072, -36.8807497 ], [ 174.8610333, -36.88054 ], [ 174.8596112, -36.8802949 ] ] ], [ [ [ 174.8569781, -36.879912 ], [ 174.8571888, -36.8799789 ], [ 174.8573967, -36.8800918 ], [ 174.8576775, -36.8803122 ], [ 174.8578053, -36.8803777 ], [ 174.8579176, -36.8804175 ], [ 174.8590729, -36.8806235 ], [ 174.8592872, -36.8806436 ], [ 174.8593905, -36.8802569 ], [ 174.8581703, -36.8800466 ], [ 174.8573786, -36.879595 ], [ 174.8569572, -36.8794573 ], [ 174.8565104, -36.8793803 ], [ 174.8564049, -36.8797616 ], [ 174.8564291, -36.8798091 ], [ 174.8569781, -36.879912 ] ] ], [ [ [ 174.8558622, -36.8792786 ], [ 174.8560758, -36.8791148 ], [ 174.8561326, -36.8791624 ], [ 174.8559687, -36.8792964 ], [ 174.8559155, -36.8794887 ], [ 174.8559332, -36.8795182 ], [ 174.8559606, -36.8795326 ], [ 174.8561683, -36.8795697 ], [ 174.8563191, -36.8790199 ], [ 174.8559184, -36.878949 ], [ 174.8559125, -36.8789705 ], [ 174.85538, -36.8790711 ], [ 174.8553737, -36.8790497 ], [ 174.8552074, -36.8790812 ], [ 174.8553444, -36.879549 ], [ 174.8549463, -36.8796242 ], [ 174.8550169, -36.8798655 ], [ 174.8551185, -36.8800641 ], [ 174.8554834, -36.8806363 ], [ 174.8555228, -36.880663 ], [ 174.8557204, -36.8806731 ], [ 174.8557817, -36.8806629 ], [ 174.8558432, -36.8806286 ], [ 174.855923, -36.8805296 ], [ 174.8560016, -36.8803675 ], [ 174.8561927, -36.8796725 ], [ 174.8555962, -36.879567 ], [ 174.8555216, -36.8793197 ], [ 174.8554948, -36.8792874 ], [ 174.8554404, -36.8792535 ], [ 174.8554888, -36.8792002 ], [ 174.8556772, -36.8793057 ], [ 174.8557318, -36.879313 ], [ 174.8558064, -36.879301 ], [ 174.8558622, -36.8792786 ] ] ], [ [ [ 174.8596403, -36.8790467 ], [ 174.8596929, -36.879279 ], [ 174.8597846, -36.8794997 ], [ 174.8599372, -36.8796975 ], [ 174.8601423, -36.8798617 ], [ 174.8603891, -36.8799834 ], [ 174.8606592, -36.8800554 ], [ 174.8610469, -36.8801224 ], [ 174.8613349, -36.8800754 ], [ 174.8613671, -36.8797469 ], [ 174.8612302, -36.8797323 ], [ 174.8607599, -36.8796514 ], [ 174.8606299, -36.8796186 ], [ 174.8605057, -36.8795649 ], [ 174.8604163, -36.8795083 ], [ 174.8603388, -36.8794413 ], [ 174.8602751, -36.8793654 ], [ 174.8602087, -36.8792392 ], [ 174.8601794, -36.8790812 ], [ 174.8601905, -36.8789714 ], [ 174.8602799, -36.8786341 ], [ 174.8602669, -36.8785965 ], [ 174.8602261, -36.8785754 ], [ 174.8597913, -36.8785004 ], [ 174.8596403, -36.8790467 ] ] ], [ [ [ 174.8483642, -36.8783798 ], [ 174.8484506, -36.878873 ], [ 174.8486692, -36.8795826 ], [ 174.8486811, -36.8797917 ], [ 174.8487511, -36.8798581 ], [ 174.8492029, -36.8799357 ], [ 174.8504919, -36.880111 ], [ 174.8512146, -36.8802353 ], [ 174.8512881, -36.8801922 ], [ 174.8515289, -36.8782524 ], [ 174.8505263, -36.878257 ], [ 174.8487673, -36.8783397 ], [ 174.8483642, -36.8783798 ] ] ], [ [ [ 174.8606073, -36.8794542 ], [ 174.8607105, -36.8794966 ], [ 174.8613001, -36.8796025 ], [ 174.8614321, -36.8796123 ], [ 174.8615911, -36.8796074 ], [ 174.8615298, -36.8791531 ], [ 174.8617766, -36.8791329 ], [ 174.8623777, -36.8788828 ], [ 174.8621401, -36.8785148 ], [ 174.8618857, -36.8786203 ], [ 174.8617308, -36.8786716 ], [ 174.8615719, -36.8787071 ], [ 174.861403, -36.8787276 ], [ 174.8611073, -36.8787232 ], [ 174.8605269, -36.8786273 ], [ 174.8604864, -36.8786302 ], [ 174.8604457, -36.8786694 ], [ 174.8603547, -36.8790176 ], [ 174.8603555, -36.8791353 ], [ 174.8603914, -36.8792439 ], [ 174.8604446, -36.8793248 ], [ 174.8605171, -36.8793958 ], [ 174.8606073, -36.8794542 ] ] ], [ [ [ 174.8483868, -36.8794304 ], [ 174.8482974, -36.8791564 ], [ 174.8482567, -36.8791137 ], [ 174.8464001, -36.8786491 ], [ 174.8462807, -36.878961 ], [ 174.8472957, -36.8792118 ], [ 174.8471949, -36.8795908 ], [ 174.8483892, -36.8797959 ], [ 174.8484501, -36.8797528 ], [ 174.8484326, -36.8796113 ], [ 174.8483868, -36.8794304 ] ] ], [ [ [ 174.8559515, -36.8788283 ], [ 174.8563522, -36.8788991 ], [ 174.8564176, -36.8786605 ], [ 174.8557509, -36.8785426 ], [ 174.8557077, -36.8787004 ], [ 174.8559573, -36.8788068 ], [ 174.8559515, -36.8788283 ] ] ], [ [ [ 174.8549824, -36.8784042 ], [ 174.8546111, -36.87848 ], [ 174.854774, -36.879036 ], [ 174.8553385, -36.8789294 ], [ 174.8552681, -36.8786888 ], [ 174.8554079, -36.8786624 ], [ 174.8553296, -36.878395 ], [ 174.8552464, -36.8784107 ], [ 174.8551352, -36.8780311 ], [ 174.8547903, -36.8780963 ], [ 174.8548099, -36.8781631 ], [ 174.8545336, -36.8782153 ], [ 174.8545923, -36.8784158 ], [ 174.8547895, -36.8783782 ], [ 174.8548281, -36.8783616 ], [ 174.8548599, -36.878334 ], [ 174.8549645, -36.8781875 ], [ 174.8550358, -36.8782202 ], [ 174.8549723, -36.8783181 ], [ 174.8549824, -36.8784042 ] ] ], [ [ [ 174.8515104, -36.8802304 ], [ 174.8515705, -36.8802965 ], [ 174.8522365, -36.880411 ], [ 174.8527725, -36.8805228 ], [ 174.8547302, -36.8808633 ], [ 174.8545329, -36.8802055 ], [ 174.8540905, -36.8791782 ], [ 174.8538316, -36.8781777 ], [ 174.853518, -36.8781842 ], [ 174.8535098, -36.8781558 ], [ 174.8536556, -36.8776645 ], [ 174.8535181, -36.877089 ], [ 174.8525816, -36.8769239 ], [ 174.8523519, -36.8761279 ], [ 174.8515294, -36.876304 ], [ 174.8516344, -36.8766425 ], [ 174.8517206, -36.8770355 ], [ 174.8517705, -36.8774375 ], [ 174.8517831, -36.8777839 ], [ 174.8517566, -36.8782436 ], [ 174.8515104, -36.8802304 ] ] ], [ [ [ 174.8576974, -36.8786029 ], [ 174.8578993, -36.8781742 ], [ 174.8570232, -36.8780232 ], [ 174.8569562, -36.8780252 ], [ 174.8569068, -36.8780464 ], [ 174.8568675, -36.87809 ], [ 174.8567702, -36.8784431 ], [ 174.8576974, -36.8786029 ] ] ], [ [ [ 174.8561647, -36.8778753 ], [ 174.8557803, -36.8778091 ], [ 174.8555539, -36.8786348 ], [ 174.8557066, -36.8786999 ], [ 174.8557498, -36.8785424 ], [ 174.8557107, -36.8785354 ], [ 174.8557283, -36.878471 ], [ 174.855922, -36.8785053 ], [ 174.8560035, -36.8784635 ], [ 174.8561647, -36.8778753 ] ] ], [ [ [ 174.8560836, -36.8784777 ], [ 174.8561356, -36.8785431 ], [ 174.8564352, -36.8785961 ], [ 174.8566116, -36.8779523 ], [ 174.8562449, -36.8778891 ], [ 174.8560836, -36.8784777 ] ] ], [ [ [ 174.8616572, -36.878471 ], [ 174.8621477, -36.8782766 ], [ 174.862184, -36.8782348 ], [ 174.8621769, -36.8782026 ], [ 174.862018, -36.8779571 ], [ 174.8618975, -36.877871 ], [ 174.8618835, -36.8778187 ], [ 174.8619049, -36.8777674 ], [ 174.861195, -36.8774697 ], [ 174.8611047, -36.8775684 ], [ 174.8609967, -36.8776441 ], [ 174.8608717, -36.8776996 ], [ 174.8607371, -36.8777326 ], [ 174.8606261, -36.8777423 ], [ 174.8605157, -36.8777374 ], [ 174.8600725, -36.8776603 ], [ 174.860032, -36.877663 ], [ 174.8599909, -36.877702 ], [ 174.8598426, -36.8782392 ], [ 174.859846, -36.8782717 ], [ 174.8598946, -36.8783044 ], [ 174.8611116, -36.8785127 ], [ 174.8613746, -36.8785198 ], [ 174.8615334, -36.8784999 ], [ 174.8616572, -36.878471 ] ] ], [ [ [ 174.8596619, -36.8782088 ], [ 174.8599183, -36.8772801 ], [ 174.8599149, -36.8772475 ], [ 174.8598664, -36.8772145 ], [ 174.8591661, -36.8770821 ], [ 174.859028, -36.877015 ], [ 174.8589289, -36.8769303 ], [ 174.8582333, -36.8780183 ], [ 174.8596053, -36.8782512 ], [ 174.8596418, -36.8782371 ], [ 174.8596619, -36.8782088 ] ] ], [ [ [ 174.8542398, -36.8773471 ], [ 174.8543069, -36.8776314 ], [ 174.8543316, -36.8776573 ], [ 174.8543703, -36.8776674 ], [ 174.8549666, -36.8775595 ], [ 174.8552798, -36.8775397 ], [ 174.8555538, -36.8775584 ], [ 174.8562029, -36.8776683 ], [ 174.8562729, -36.8773834 ], [ 174.8562558, -36.8773344 ], [ 174.8562268, -36.877301 ], [ 174.8561755, -36.8772711 ], [ 174.8556666, -36.8771799 ], [ 174.855371, -36.8771763 ], [ 174.8542398, -36.8773471 ] ] ], [ [ [ 174.8572954, -36.8764971 ], [ 174.856972, -36.8776976 ], [ 174.8569799, -36.8777512 ], [ 174.8570186, -36.8777954 ], [ 174.8570789, -36.8778193 ], [ 174.8574463, -36.8778826 ], [ 174.8575043, -36.8776679 ], [ 174.8577037, -36.8777021 ], [ 174.8578872, -36.8770224 ], [ 174.8577387, -36.8767992 ], [ 174.8577677, -36.8766918 ], [ 174.8572954, -36.8764971 ] ] ], [ [ [ 174.8480513, -36.8769592 ], [ 174.8480034, -36.8768891 ], [ 174.8473809, -36.8767272 ], [ 174.8471218, -36.8773352 ], [ 174.8479569, -36.8774849 ], [ 174.8480042, -36.8774794 ], [ 174.8480392, -36.8774375 ], [ 174.8480375, -36.8770492 ], [ 174.8480513, -36.8769592 ] ] ], [ [ [ 174.8611197, -36.8772224 ], [ 174.8606376, -36.8771364 ], [ 174.8609258, -36.8760934 ], [ 174.8604585, -36.8760101 ], [ 174.8600568, -36.8774804 ], [ 174.8600743, -36.8775099 ], [ 174.8601096, -36.8775261 ], [ 174.8605203, -36.877599 ], [ 174.8606318, -36.8776047 ], [ 174.8608018, -36.8775742 ], [ 174.8608784, -36.8775423 ], [ 174.8609629, -36.8774884 ], [ 174.8610657, -36.8773719 ], [ 174.8611197, -36.8772224 ] ] ], [ [ [ 174.8515094, -36.8771365 ], [ 174.8514065, -36.8766538 ], [ 174.8505539, -36.876775 ], [ 174.8505457, -36.8772179 ], [ 174.8515094, -36.8771365 ] ] ], [ [ [ 174.8493297, -36.8773068 ], [ 174.8487721, -36.8773072 ], [ 174.8487712, -36.8770762 ], [ 174.8491035, -36.8760421 ], [ 174.8493897, -36.8756251 ], [ 174.8492782, -36.8755756 ], [ 174.8493782, -36.8754474 ], [ 174.8494813, -36.8754928 ], [ 174.8495722, -36.8753606 ], [ 174.8491278, -36.8751635 ], [ 174.8486985, -36.8757866 ], [ 174.8485909, -36.8760039 ], [ 174.8483204, -36.8768471 ], [ 174.8482784, -36.877027 ], [ 174.8482643, -36.8772098 ], [ 174.8482743, -36.8777514 ], [ 174.8483431, -36.8782435 ], [ 174.848847, -36.8781934 ], [ 174.8505287, -36.8781201 ], [ 174.8515428, -36.8781156 ], [ 174.8515573, -36.8777285 ], [ 174.851533, -36.8773169 ], [ 174.8503439, -36.8774173 ], [ 174.8500161, -36.8774571 ], [ 174.8497365, -36.8775079 ], [ 174.8496593, -36.8775451 ], [ 174.8495622, -36.8776169 ], [ 174.8494766, -36.8776357 ], [ 174.84938, -36.877612 ], [ 174.8493428, -36.8775845 ], [ 174.8493132, -36.8775404 ], [ 174.84931, -36.8774653 ], [ 174.8493666, -36.8773924 ], [ 174.8493297, -36.8773068 ] ] ], [ [ [ 174.8594185, -36.8758985 ], [ 174.8590179, -36.8765538 ], [ 174.8589935, -36.8766467 ], [ 174.8590045, -36.8767412 ], [ 174.8590312, -36.8768009 ], [ 174.8590799, -36.8768631 ], [ 174.859147, -36.8769156 ], [ 174.8592286, -36.8769542 ], [ 174.859928, -36.8770812 ], [ 174.8599648, -36.8770671 ], [ 174.859985, -36.8770387 ], [ 174.8603048, -36.8758813 ], [ 174.8594772, -36.8757268 ], [ 174.859457, -36.8758116 ], [ 174.8594185, -36.8758985 ] ] ], [ [ [ 174.8542363, -36.8769709 ], [ 174.8542321, -36.8772812 ], [ 174.8555187, -36.877087 ], [ 174.8564044, -36.8772396 ], [ 174.8562831, -36.8776822 ], [ 174.8566512, -36.8777455 ], [ 174.8566916, -36.8777426 ], [ 174.8567323, -36.8777036 ], [ 174.8571315, -36.8762469 ], [ 174.8547585, -36.8754584 ], [ 174.8543403, -36.8740294 ], [ 174.854056, -36.8738566 ], [ 174.8537265, -36.8739296 ], [ 174.8542782, -36.8757972 ], [ 174.8543286, -36.8760313 ], [ 174.8543439, -36.8762289 ], [ 174.8543371, -36.8764026 ], [ 174.8542363, -36.8769709 ] ] ], [ [ [ 174.8592514, -36.8754554 ], [ 174.859187, -36.8753748 ], [ 174.8590774, -36.8752881 ], [ 174.8585366, -36.8757789 ], [ 174.8585211, -36.8758132 ], [ 174.858532, -36.8758443 ], [ 174.8585553, -36.8758624 ], [ 174.8590528, -36.8760601 ], [ 174.859093, -36.8760652 ], [ 174.8591403, -36.876041 ], [ 174.859263, -36.8758419 ], [ 174.8592999, -36.8757495 ], [ 174.8593111, -36.8756502 ], [ 174.8592971, -36.8755578 ], [ 174.8592514, -36.8754554 ] ] ], [ [ [ 174.8583451, -36.8767145 ], [ 174.8588229, -36.8766917 ], [ 174.8588446, -36.8765373 ], [ 174.8590263, -36.876226 ], [ 174.8590172, -36.8761755 ], [ 174.8583964, -36.8759218 ], [ 174.8582487, -36.8761505 ], [ 174.8581291, -36.8761009 ], [ 174.8583356, -36.875767 ], [ 174.8586751, -36.8754608 ], [ 174.858796, -36.8753808 ], [ 174.8589558, -36.8752356 ], [ 174.8589505, -36.875198 ], [ 174.85881, -36.8750959 ], [ 174.858706, -36.8749956 ], [ 174.8586174, -36.8748662 ], [ 174.8585649, -36.8747308 ], [ 174.8585342, -36.8747086 ], [ 174.857878, -36.8745962 ], [ 174.8578365, -36.8746113 ], [ 174.8578096, -36.8746408 ], [ 174.857405, -36.8760914 ], [ 174.85786, -36.8761682 ], [ 174.8579304, -36.8761934 ], [ 174.8579702, -36.8760546 ], [ 174.8581897, -36.8761355 ], [ 174.8582744, -36.8763169 ], [ 174.8582935, -36.8762926 ], [ 174.8583636, -36.8765002 ], [ 174.8583451, -36.8767145 ] ] ], [ [ [ 174.8525813, -36.8731563 ], [ 174.8526772, -36.8733736 ], [ 174.8523034, -36.8735661 ], [ 174.8527058, -36.8741123 ], [ 174.8529168, -36.8744726 ], [ 174.85312, -36.8749109 ], [ 174.8532846, -36.875404 ], [ 174.8539681, -36.8778011 ], [ 174.8541161, -36.8777731 ], [ 174.854029, -36.8774489 ], [ 174.8540002, -36.8771375 ], [ 174.8540186, -36.8769036 ], [ 174.85411, -36.8764118 ], [ 174.8541186, -36.876258 ], [ 174.8541077, -36.8760755 ], [ 174.8540588, -36.8758387 ], [ 174.8535527, -36.8741119 ], [ 174.8534188, -36.8737366 ], [ 174.8532155, -36.8732702 ], [ 174.8525813, -36.8731563 ] ] ], [ [ [ 174.8592509, -36.8751551 ], [ 174.8592336, -36.8751906 ], [ 174.8592444, -36.8752213 ], [ 174.859368, -36.8753424 ], [ 174.8594381, -36.8754572 ], [ 174.859474, -36.8755712 ], [ 174.8594799, -36.8757048 ], [ 174.8598778, -36.8757791 ], [ 174.8599983, -36.8753428 ], [ 174.8598707, -36.8752899 ], [ 174.8598867, -36.8752677 ], [ 174.8594611, -36.8749646 ], [ 174.8592509, -36.8751551 ] ] ], [ [ [ 174.8569946, -36.8748501 ], [ 174.8567819, -36.8756129 ], [ 174.8572559, -36.8757967 ], [ 174.8575847, -36.8746175 ], [ 174.8575778, -36.8745789 ], [ 174.8575328, -36.8745519 ], [ 174.8571828, -36.8744897 ], [ 174.8570781, -36.874865 ], [ 174.8569946, -36.8748501 ] ] ], [ [ [ 174.8497592, -36.8742454 ], [ 174.8494007, -36.8747668 ], [ 174.849845, -36.8749639 ], [ 174.849936, -36.8748317 ], [ 174.8497742, -36.8747603 ], [ 174.8498731, -36.8746315 ], [ 174.8500651, -36.8747164 ], [ 174.8502612, -36.8746558 ], [ 174.8498382, -36.8742508 ], [ 174.8497592, -36.8742454 ] ] ], [ [ [ 174.8489774, -36.873564 ], [ 174.848693, -36.873797 ], [ 174.8494175, -36.8743677 ], [ 174.8495883, -36.8741194 ], [ 174.8495726, -36.8740329 ], [ 174.8489774, -36.873564 ] ] ], [ [ [ 174.8506852, -36.8743922 ], [ 174.851073, -36.8741166 ], [ 174.8509039, -36.8739209 ], [ 174.8501725, -36.8732843 ], [ 174.8496682, -36.8729825 ], [ 174.8491256, -36.873427 ], [ 174.8499478, -36.8740796 ], [ 174.8502007, -36.8743051 ], [ 174.8503867, -36.8744892 ], [ 174.8506852, -36.8743922 ] ] ], [ [ [ 174.8534883, -36.8724269 ], [ 174.8534104, -36.872395 ], [ 174.853325, -36.8723801 ], [ 174.8532377, -36.872383 ], [ 174.8531384, -36.8724097 ], [ 174.8531062, -36.8724384 ], [ 174.8531054, -36.8724769 ], [ 174.8532452, -36.8727943 ], [ 174.85349, -36.8729439 ], [ 174.8538542, -36.8726502 ], [ 174.8534883, -36.8724269 ] ] ] ] } },
{ "type": "Feature", "properties": { "category": "50m*" }, "geometry": { "type": "MultiPolygon", "coordinates": [ [ [ [ 174.7619292, -36.8719393 ], [ 174.7618634, -36.87184 ], [ 174.7609907, -36.8709403 ], [ 174.7607673, -36.8714698 ], [ 174.7609599, -36.8715256 ], [ 174.7610761, -36.8716408 ], [ 174.7610336, -36.8717048 ], [ 174.7611791, -36.8717432 ], [ 174.7610471, -36.8718952 ], [ 174.7609421, -36.8718699 ], [ 174.7609086, -36.8719478 ], [ 174.7605942, -36.8718721 ], [ 174.7603953, -36.8723374 ], [ 174.7609809, -36.8724627 ], [ 174.7618645, -36.8724635 ], [ 174.7619696, -36.872154 ], [ 174.7619292, -36.8719393 ] ] ], [ [ [ 174.7593282, -36.8709016 ], [ 174.7596642, -36.8709736 ], [ 174.759756, -36.8707106 ], [ 174.7599601, -36.8707552 ], [ 174.7598712, -36.8710194 ], [ 174.759993, -36.8710457 ], [ 174.7598316, -36.8714238 ], [ 174.7597898, -36.8714139 ], [ 174.7599182, -36.871108 ], [ 174.7593011, -36.8709814 ], [ 174.7587863, -36.8725589 ], [ 174.7589046, -36.8725291 ], [ 174.7588615, -36.8726553 ], [ 174.7592953, -36.8727474 ], [ 174.7594308, -36.8724263 ], [ 174.7600566, -36.8725718 ], [ 174.7608244, -36.8707709 ], [ 174.7603822, -36.8703253 ], [ 174.7596037, -36.8701792 ], [ 174.7595618, -36.8701995 ], [ 174.7593282, -36.8709016 ] ] ], [ [ [ 174.7612185, -36.87088 ], [ 174.7612726, -36.8708463 ], [ 174.7623544, -36.8719543 ], [ 174.7630556, -36.87166 ], [ 174.7630709, -36.8716754 ], [ 174.7632028, -36.87162 ], [ 174.7633078, -36.8714087 ], [ 174.762192, -36.8702624 ], [ 174.7620839, -36.8702272 ], [ 174.7611484, -36.8708081 ], [ 174.7612185, -36.87088 ] ] ], [ [ [ 174.760507, -36.8697942 ], [ 174.7605243, -36.8699029 ], [ 174.760585, -36.870054 ], [ 174.7606619, -36.8701931 ], [ 174.7608267, -36.8703929 ], [ 174.7610179, -36.8705861 ], [ 174.7609644, -36.8706203 ], [ 174.7610787, -36.8707367 ], [ 174.7620617, -36.8701263 ], [ 174.7617977, -36.8698551 ], [ 174.7613582, -36.8697115 ], [ 174.760507, -36.8697942 ] ] ], [ [ [ 174.7624837, -36.868857 ], [ 174.7619923, -36.8698344 ], [ 174.7633355, -36.8712114 ], [ 174.7633786, -36.8712141 ], [ 174.7642605, -36.8694392 ], [ 174.7624837, -36.868857 ] ] ], [ [ [ 174.7595393, -36.8697281 ], [ 174.7594364, -36.8700403 ], [ 174.7602436, -36.8701859 ], [ 174.7601422, -36.8695229 ], [ 174.7601535, -36.8695008 ], [ 174.7597929, -36.8694824 ], [ 174.7597945, -36.869467 ], [ 174.7597612, -36.8694354 ], [ 174.7597771, -36.8692801 ], [ 174.7585479, -36.8692141 ], [ 174.758473, -36.869496 ], [ 174.7586356, -36.8695869 ], [ 174.7588832, -36.8696386 ], [ 174.7592316, -36.8696636 ], [ 174.7595393, -36.8697281 ] ] ], [ [ [ 174.7603709, -36.8695507 ], [ 174.7603967, -36.8697135 ], [ 174.7613377, -36.8696223 ], [ 174.7611678, -36.8687634 ], [ 174.7608094, -36.8688096 ], [ 174.7607627, -36.8688393 ], [ 174.7606328, -36.8690926 ], [ 174.7606108, -36.8690853 ], [ 174.7603709, -36.8695507 ] ] ], [ [ [ 174.7618929, -36.8686636 ], [ 174.7613271, -36.8687364 ], [ 174.761502, -36.8696186 ], [ 174.7618668, -36.8697377 ], [ 174.7623366, -36.8688032 ], [ 174.7618929, -36.8686636 ] ] ], [ [ [ 174.760148, -36.8688676 ], [ 174.760431, -36.8689618 ], [ 174.7604969, -36.8688306 ], [ 174.7603481, -36.8687606 ], [ 174.7601649, -36.8687828 ], [ 174.760148, -36.8688676 ] ] ], [ [ [ 174.7569271, -36.8682987 ], [ 174.7567065, -36.8683584 ], [ 174.7563078, -36.8685123 ], [ 174.7563041, -36.868525 ], [ 174.7565331, -36.8688783 ], [ 174.7571004, -36.8696046 ], [ 174.7572198, -36.8696076 ], [ 174.757219, -36.8695997 ], [ 174.7582093, -36.8694928 ], [ 174.7583243, -36.8694337 ], [ 174.7583612, -36.869384 ], [ 174.7584693, -36.8691271 ], [ 174.7584738, -36.8690733 ], [ 174.7585701, -36.8690784 ], [ 174.7585656, -36.8691323 ], [ 174.7599214, -36.8692061 ], [ 174.7600307, -36.8687992 ], [ 174.759859, -36.86882 ], [ 174.7577614, -36.8687073 ], [ 174.7577951, -36.8682997 ], [ 174.7577087, -36.8683393 ], [ 174.7575927, -36.8681147 ], [ 174.7573831, -36.868199 ], [ 174.7569271, -36.8682987 ] ] ], [ [ [ 174.764251, -36.8688239 ], [ 174.7636355, -36.8680243 ], [ 174.7635623, -36.8677681 ], [ 174.762468, -36.8682571 ], [ 174.7625364, -36.8683507 ], [ 174.7622892, -36.8683804 ], [ 174.7623327, -36.8683209 ], [ 174.7620629, -36.8683939 ], [ 174.7620656, -36.8684003 ], [ 174.7616062, -36.8684393 ], [ 174.7614005, -36.8684402 ], [ 174.7610083, -36.8684044 ], [ 174.7609085, -36.868599 ], [ 174.760946, -36.8686084 ], [ 174.7619237, -36.8684824 ], [ 174.7632257, -36.8689012 ], [ 174.7642577, -36.8692334 ], [ 174.7643043, -36.8692108 ], [ 174.7643303, -36.869015 ], [ 174.764251, -36.8688239 ] ] ], [ [ [ 174.7635232, -36.8668767 ], [ 174.763533, -36.86696 ], [ 174.7635664, -36.8670392 ], [ 174.7636522, -36.8671113 ], [ 174.7637234, -36.8671393 ], [ 174.7638699, -36.8671418 ], [ 174.7644339, -36.8669542 ], [ 174.7659701, -36.8664819 ], [ 174.7658681, -36.8662189 ], [ 174.7662253, -36.8652271 ], [ 174.7641865, -36.8647913 ], [ 174.7635376, -36.8667939 ], [ 174.7635232, -36.8668767 ] ] ], [ [ [ 174.7558975, -36.8653669 ], [ 174.75544, -36.8649062 ], [ 174.7553846, -36.8649072 ], [ 174.7551562, -36.8650553 ], [ 174.7549843, -36.8653173 ], [ 174.7553533, -36.8657101 ], [ 174.7558975, -36.8653669 ] ] ], [ [ [ 174.7556021, -36.8644599 ], [ 174.7553507, -36.8646419 ], [ 174.7558036, -36.8650936 ], [ 174.7560706, -36.8649236 ], [ 174.7556021, -36.8644599 ] ] ], [ [ [ 174.7548507, -36.864823 ], [ 174.7551598, -36.8649139 ], [ 174.7553344, -36.8648008 ], [ 174.7549974, -36.8644553 ], [ 174.7548507, -36.864823 ] ] ], [ [ [ 174.765428, -36.8638675 ], [ 174.7645336, -36.8636848 ], [ 174.764247, -36.864614 ], [ 174.7654929, -36.8648808 ], [ 174.7657603, -36.8640288 ], [ 174.765428, -36.8638675 ] ] ], [ [ [ 174.7639323, -36.8635077 ], [ 174.7636285, -36.8644901 ], [ 174.7639362, -36.8645516 ], [ 174.7640529, -36.8644903 ], [ 174.7643318, -36.8635851 ], [ 174.7639323, -36.8635077 ] ] ], [ [ [ 174.7551697, -36.8644861 ], [ 174.755248, -36.8645684 ], [ 174.7560485, -36.8639891 ], [ 174.7563283, -36.8635074 ], [ 174.7565216, -36.8629181 ], [ 174.7563477, -36.8629048 ], [ 174.756124, -36.8629164 ], [ 174.7559941, -36.863192 ], [ 174.7557492, -36.8632927 ], [ 174.7555325, -36.8634202 ], [ 174.7554469, -36.8635735 ], [ 174.755511, -36.8635969 ], [ 174.7554717, -36.8637805 ], [ 174.7552914, -36.8640193 ], [ 174.7551456, -36.8641628 ], [ 174.7552102, -36.8642308 ], [ 174.75516, -36.8642669 ], [ 174.7551697, -36.8644861 ] ] ], [ [ [ 174.7564362, -36.8635354 ], [ 174.7562927, -36.8637827 ], [ 174.7566581, -36.8639135 ], [ 174.7567641, -36.8636088 ], [ 174.7564362, -36.8635354 ] ] ], [ [ [ 174.7569709, -36.8629929 ], [ 174.756773, -36.8629491 ], [ 174.7566378, -36.8629192 ], [ 174.7564645, -36.8634477 ], [ 174.7567963, -36.8635219 ], [ 174.7568827, -36.86326 ], [ 174.7569709, -36.8629929 ] ] ], [ [ [ 174.7630003, -36.8637528 ], [ 174.7630636, -36.8637357 ], [ 174.7637284, -36.863871 ], [ 174.7638383, -36.8635139 ], [ 174.7638151, -36.8635092 ], [ 174.7638541, -36.8633795 ], [ 174.7642118, -36.8634487 ], [ 174.7642244, -36.8634067 ], [ 174.7641862, -36.8633993 ], [ 174.7640225, -36.8632124 ], [ 174.7638031, -36.8628702 ], [ 174.7638286, -36.8627129 ], [ 174.7637566, -36.86263 ], [ 174.7634697, -36.862577 ], [ 174.7631647, -36.8622507 ], [ 174.7628024, -36.8617485 ], [ 174.7626285, -36.8620514 ], [ 174.7622521, -36.861975 ], [ 174.7618659, -36.8618966 ], [ 174.7617823, -36.861937 ], [ 174.7613649, -36.8632636 ], [ 174.7618136, -36.8633539 ], [ 174.7617695, -36.8634842 ], [ 174.7618388, -36.8634961 ], [ 174.7618217, -36.8635515 ], [ 174.7616865, -36.8635244 ], [ 174.7617032, -36.8634711 ], [ 174.7613236, -36.8633947 ], [ 174.7612967, -36.8634805 ], [ 174.7613184, -36.8638563 ], [ 174.7614361, -36.8639663 ], [ 174.7616585, -36.8640747 ], [ 174.7630771, -36.8643589 ], [ 174.7630715, -36.864377 ], [ 174.7635424, -36.8644725 ], [ 174.7637068, -36.8639402 ], [ 174.7629876, -36.863794 ], [ 174.7630003, -36.8637528 ] ], [ [ 174.762484, -36.8632416 ], [ 174.7618921, -36.8631222 ], [ 174.7620404, -36.8626495 ], [ 174.7623454, -36.8630015 ], [ 174.762484, -36.8632416 ] ] ], [ [ [ 174.7594734, -36.8633549 ], [ 174.7597362, -36.8634161 ], [ 174.76009, -36.8621828 ], [ 174.7601339, -36.8621921 ], [ 174.7604829, -36.8616011 ], [ 174.7601374, -36.8614709 ], [ 174.7600452, -36.861619 ], [ 174.7596528, -36.8623366 ], [ 174.7598141, -36.8623648 ], [ 174.7597721, -36.8624979 ], [ 174.7598442, -36.862512 ], [ 174.7598184, -36.8626015 ], [ 174.7595236, -36.8625499 ], [ 174.7593949, -36.8627624 ], [ 174.7596913, -36.8628123 ], [ 174.7594734, -36.8633549 ] ] ], [ [ [ 174.7624803, -36.8618344 ], [ 174.7625116, -36.8618224 ], [ 174.7626921, -36.8615078 ], [ 174.7624288, -36.8614102 ], [ 174.7624215, -36.8614226 ], [ 174.76209, -36.8612931 ], [ 174.7618538, -36.8617073 ], [ 174.7624803, -36.8618344 ] ] ], [ [ [ 174.7604916, -36.8615862 ], [ 174.7609339, -36.860838 ], [ 174.7605893, -36.8607081 ], [ 174.7601446, -36.8614574 ], [ 174.7604916, -36.8615862 ] ] ], [ [ [ 174.7534853, -36.8609708 ], [ 174.7534399, -36.8609897 ], [ 174.7531896, -36.8605996 ], [ 174.7530931, -36.8604489 ], [ 174.7530025, -36.860423 ], [ 174.7529068, -36.860486 ], [ 174.7527469, -36.8605912 ], [ 174.7525488, -36.8608099 ], [ 174.752617, -36.8611552 ], [ 174.7530127, -36.861664 ], [ 174.7533875, -36.8614845 ], [ 174.7535505, -36.8612176 ], [ 174.7535318, -36.8611105 ], [ 174.7535061, -36.8610704 ], [ 174.7535449, -36.8610545 ], [ 174.7534853, -36.8609708 ] ] ], [ [ [ 174.7530697, -36.8565851 ], [ 174.7531067, -36.8567116 ], [ 174.7532649, -36.8576665 ], [ 174.7539181, -36.8575374 ], [ 174.754549, -36.8573807 ], [ 174.7545771, -36.8573453 ], [ 174.7542121, -36.855144 ], [ 174.7537327, -36.8549175 ], [ 174.753562, -36.8556358 ], [ 174.7534047, -36.8560653 ], [ 174.7535574, -36.8560513 ], [ 174.7535662, -36.856103 ], [ 174.7533742, -36.8561286 ], [ 174.7530697, -36.8565851 ] ] ], [ [ [ 174.7520162, -36.8524975 ], [ 174.7514858, -36.8535812 ], [ 174.7514812, -36.8536159 ], [ 174.7514998, -36.8536475 ], [ 174.7534038, -36.8545429 ], [ 174.7536529, -36.8543528 ], [ 174.753708, -36.8543411 ], [ 174.7537677, -36.8543557 ], [ 174.7541132, -36.8543171 ], [ 174.7538819, -36.8529346 ], [ 174.752105, -36.8524638 ], [ 174.7520162, -36.8524975 ] ] ], [ [ [ 174.7543962, -36.8520205 ], [ 174.7540836, -36.8516336 ], [ 174.7535686, -36.8509257 ], [ 174.7536899, -36.8509723 ], [ 174.7534984, -36.8506464 ], [ 174.7532805, -36.8502132 ], [ 174.7531521, -36.8500921 ], [ 174.7529521, -36.8500097 ], [ 174.7526488, -36.850569 ], [ 174.7531144, -36.850748 ], [ 174.753012, -36.8509084 ], [ 174.7526353, -36.8507635 ], [ 174.7525211, -36.8507959 ], [ 174.7520695, -36.8519124 ], [ 174.7521747, -36.8519434 ], [ 174.752073, -36.8521969 ], [ 174.7542901, -36.8527741 ], [ 174.7546271, -36.8528621 ], [ 174.7547987, -36.8528973 ], [ 174.7549076, -36.8529007 ], [ 174.7549384, -36.8528807 ], [ 174.7549686, -36.8528287 ], [ 174.7549498, -36.852735 ], [ 174.7549592, -36.8526235 ], [ 174.7549465, -36.8525321 ], [ 174.7549106, -36.8524765 ], [ 174.7548667, -36.8524367 ], [ 174.7545159, -36.8521816 ], [ 174.7545217, -36.8521673 ], [ 174.7544789, -36.8521229 ], [ 174.7544893, -36.8520972 ], [ 174.7543962, -36.8520205 ] ] ], [ [ [ 174.7514242, -36.8511708 ], [ 174.7516321, -36.8512252 ], [ 174.7516102, -36.8512794 ], [ 174.7519957, -36.8513801 ], [ 174.7520497, -36.8513711 ], [ 174.7523168, -36.8507153 ], [ 174.7514117, -36.8503712 ], [ 174.7513351, -36.8503784 ], [ 174.7512165, -36.8505378 ], [ 174.7508878, -36.8507846 ], [ 174.7508485, -36.8508431 ], [ 174.7508458, -36.850901 ], [ 174.7508973, -36.8511343 ], [ 174.7513873, -36.8512623 ], [ 174.7514242, -36.8511708 ] ] ], [ [ [ 174.7525389, -36.8501137 ], [ 174.7525571, -36.8500798 ], [ 174.7525573, -36.8499524 ], [ 174.7526737, -36.8496425 ], [ 174.7525032, -36.8496245 ], [ 174.7520359, -36.8492303 ], [ 174.75106, -36.8499836 ], [ 174.751067, -36.8500181 ], [ 174.7522684, -36.8504744 ], [ 174.7522958, -36.850434 ], [ 174.7525871, -36.8505454 ], [ 174.7527067, -36.8503246 ], [ 174.7526248, -36.8502913 ], [ 174.7525754, -36.8502433 ], [ 174.7526215, -36.8501847 ], [ 174.7527062, -36.8502254 ], [ 174.7527578, -36.8502304 ], [ 174.7527699, -36.850208 ], [ 174.7525389, -36.8501137 ] ] ], [ [ [ 174.7504006, -36.8496165 ], [ 174.7507314, -36.8498945 ], [ 174.7514639, -36.8493294 ], [ 174.7511316, -36.8490523 ], [ 174.7504006, -36.8496165 ] ] ], [ [ [ 174.7529004, -36.8493126 ], [ 174.7524353, -36.848922 ], [ 174.7521099, -36.8491732 ], [ 174.7524526, -36.8494623 ], [ 174.7527228, -36.8494513 ], [ 174.7529004, -36.8493126 ] ] ], [ [ [ 174.7499768, -36.8491679 ], [ 174.7499942, -36.8492247 ], [ 174.7502695, -36.8494565 ], [ 174.7503607, -36.8494568 ], [ 174.7510132, -36.8489533 ], [ 174.7506407, -36.8486342 ], [ 174.7500029, -36.8491286 ], [ 174.7499768, -36.8491679 ] ] ], [ [ [ 174.7506484, -36.8483677 ], [ 174.7506285, -36.8484121 ], [ 174.7515938, -36.8492288 ], [ 174.7526312, -36.848428 ], [ 174.752019, -36.8482311 ], [ 174.7506484, -36.8483677 ] ] ], [ [ [ 174.7498098, -36.8482021 ], [ 174.750919, -36.8480917 ], [ 174.7512316, -36.8475994 ], [ 174.7503358, -36.8476132 ], [ 174.7499154, -36.8476146 ], [ 174.7498896, -36.8476328 ], [ 174.7497907, -36.8481864 ], [ 174.7498098, -36.8482021 ] ] ], [ [ [ 174.7490095, -36.8460292 ], [ 174.7489242, -36.8459922 ], [ 174.7487959, -36.8459961 ], [ 174.7487092, -36.8459778 ], [ 174.748617, -36.8459116 ], [ 174.7486042, -36.8458371 ], [ 174.7485589, -36.8457915 ], [ 174.7480792, -36.8456331 ], [ 174.7469752, -36.8472684 ], [ 174.7466611, -36.8477533 ], [ 174.7480846, -36.8483755 ], [ 174.7496018, -36.8482228 ], [ 174.7496136, -36.848211 ], [ 174.7497195, -36.8476169 ], [ 174.7485771, -36.8476301 ], [ 174.7486686, -36.8474915 ], [ 174.7513195, -36.847461 ], [ 174.7523636, -36.8458165 ], [ 174.7523315, -36.8457253 ], [ 174.7523265, -36.8456009 ], [ 174.7523094, -36.8455746 ], [ 174.7524582, -36.8455237 ], [ 174.7524476, -36.8452869 ], [ 174.7523016, -36.8451572 ], [ 174.7517716, -36.8450174 ], [ 174.7516195, -36.8449591 ], [ 174.7514763, -36.8448876 ], [ 174.7513443, -36.8448037 ], [ 174.7509074, -36.8444669 ], [ 174.750769, -36.8443739 ], [ 174.7494061, -36.8464076 ], [ 174.748884, -36.8462256 ], [ 174.7490095, -36.8460292 ] ] ], [ [ [ 174.7758555, -36.8805245 ], [ 174.775907, -36.8802926 ], [ 174.7759283, -36.8802962 ], [ 174.775985, -36.8800417 ], [ 174.7755134, -36.8799615 ], [ 174.7753354, -36.8807617 ], [ 174.7758032, -36.880859 ], [ 174.7758851, -36.8805295 ], [ 174.7758555, -36.8805245 ] ] ], [ [ [ 174.7767953, -36.8798275 ], [ 174.7769451, -36.8791518 ], [ 174.7774542, -36.8792227 ], [ 174.7775744, -36.878684 ], [ 174.776559, -36.8785405 ], [ 174.7760776, -36.8807044 ], [ 174.7770906, -36.8808525 ], [ 174.7773028, -36.8799011 ], [ 174.7767953, -36.8798275 ] ] ], [ [ [ 174.7739952, -36.8785416 ], [ 174.77394, -36.8787799 ], [ 174.7737745, -36.8787555 ], [ 174.7738274, -36.8785175 ], [ 174.7727806, -36.8783673 ], [ 174.7725559, -36.8792269 ], [ 174.7725996, -36.8792806 ], [ 174.7742685, -36.8795646 ], [ 174.7743934, -36.8790908 ], [ 174.77493, -36.8791749 ], [ 174.7748756, -36.8793812 ], [ 174.7752512, -36.87944 ], [ 174.7752758, -36.8794697 ], [ 174.7752087, -36.8797244 ], [ 174.7760345, -36.8798648 ], [ 174.7762567, -36.8788663 ], [ 174.7739952, -36.8785416 ] ] ], [ [ [ 174.7783128, -36.8764363 ], [ 174.7778361, -36.8785374 ], [ 174.7788475, -36.8786838 ], [ 174.7791972, -36.8771219 ], [ 174.7783128, -36.8764363 ] ] ], [ [ [ 174.7766059, -36.8783296 ], [ 174.7766391, -36.8783677 ], [ 174.7776141, -36.8785054 ], [ 174.778118, -36.876285 ], [ 174.777306, -36.8756534 ], [ 174.7772785, -36.8756453 ], [ 174.7772296, -36.8756577 ], [ 174.7772026, -36.8756902 ], [ 174.7766059, -36.8783296 ] ] ], [ [ [ 174.7728624, -36.8781936 ], [ 174.7762654, -36.8786824 ], [ 174.7768533, -36.8760793 ], [ 174.7768697, -36.8760821 ], [ 174.7769891, -36.8755473 ], [ 174.7737119, -36.8749875 ], [ 174.7736416, -36.8750163 ], [ 174.773375, -36.8760394 ], [ 174.773882, -36.8761272 ], [ 174.773839, -36.876296 ], [ 174.7738366, -36.876305 ], [ 174.7733297, -36.8762169 ], [ 174.7728302, -36.8781746 ], [ 174.7728624, -36.8781936 ] ] ], [ [ [ 174.7705401, -36.8754031 ], [ 174.7704997, -36.8754427 ], [ 174.7705384, -36.8757514 ], [ 174.7721673, -36.8760244 ], [ 174.7720754, -36.8763802 ], [ 174.772983, -36.8765315 ], [ 174.7730234, -36.8765102 ], [ 174.7733354, -36.8752941 ], [ 174.772673, -36.8751835 ], [ 174.7716489, -36.8755601 ], [ 174.7712358, -36.8754709 ], [ 174.7705844, -36.8753996 ], [ 174.7705401, -36.8754031 ] ] ], [ [ [ 174.7733727, -36.8751483 ], [ 174.7734743, -36.8747567 ], [ 174.7727414, -36.8746305 ], [ 174.7726272, -36.8750763 ], [ 174.7726558, -36.8750655 ], [ 174.7733195, -36.8751764 ], [ 174.7733727, -36.8751483 ] ] ], [ [ [ 174.7717963, -36.8744679 ], [ 174.771886, -36.8741322 ], [ 174.7719227, -36.8741385 ], [ 174.7720845, -36.8735979 ], [ 174.7732285, -36.8737897 ], [ 174.7733544, -36.8740292 ], [ 174.7735265, -36.8741191 ], [ 174.7736372, -36.8741387 ], [ 174.7738826, -36.8732757 ], [ 174.7735783, -36.8732247 ], [ 174.7735736, -36.8732408 ], [ 174.7735982, -36.8732627 ], [ 174.7735601, -36.8733843 ], [ 174.7730889, -36.8733051 ], [ 174.7730729, -36.8733452 ], [ 174.7729551, -36.8733197 ], [ 174.7728655, -36.8732239 ], [ 174.7729548, -36.8728801 ], [ 174.7723127, -36.8727731 ], [ 174.7721319, -36.8727136 ], [ 174.7717648, -36.872664 ], [ 174.7715528, -36.8734247 ], [ 174.7721188, -36.8735196 ], [ 174.7722236, -36.8731163 ], [ 174.7725445, -36.8731701 ], [ 174.7724328, -36.8736003 ], [ 174.7715448, -36.8734514 ], [ 174.7715408, -36.8734648 ], [ 174.7724628, -36.8736194 ], [ 174.7724886, -36.8735199 ], [ 174.7725901, -36.873405 ], [ 174.7729568, -36.8734247 ], [ 174.7729583, -36.8735158 ], [ 174.7728371, -36.8736223 ], [ 174.7727726, -36.8736523 ], [ 174.7725914, -36.8736453 ], [ 174.7725857, -36.873654 ], [ 174.7715369, -36.8734781 ], [ 174.7712681, -36.8743769 ], [ 174.770403, -36.874484 ], [ 174.7703821, -36.8745078 ], [ 174.7704836, -36.8752714 ], [ 174.7705113, -36.8752949 ], [ 174.770587, -36.875289 ], [ 174.7708549, -36.8753117 ], [ 174.7709274, -36.8752296 ], [ 174.7709024, -36.8749958 ], [ 174.7709966, -36.8750457 ], [ 174.7710949, -36.875052 ], [ 174.7711628, -36.8749801 ], [ 174.7713188, -36.8748918 ], [ 174.771415, -36.8748795 ], [ 174.7715846, -36.874898 ], [ 174.7717259, -36.8748902 ], [ 174.7718355, -36.8747533 ], [ 174.7719062, -36.8747422 ], [ 174.7719741, -36.8744985 ], [ 174.7717963, -36.8744679 ] ] ], [ [ [ 174.7748056, -36.873133 ], [ 174.7748994, -36.8727801 ], [ 174.7748264, -36.8727674 ], [ 174.7748727, -36.8725921 ], [ 174.7748348, -36.8725868 ], [ 174.7744533, -36.8723595 ], [ 174.7743501, -36.8723418 ], [ 174.7741896, -36.8730286 ], [ 174.7739711, -36.8737493 ], [ 174.7737072, -36.8747454 ], [ 174.7737599, -36.8748106 ], [ 174.7763887, -36.8752595 ], [ 174.7764857, -36.8748976 ], [ 174.7762612, -36.8748576 ], [ 174.7761828, -36.8747635 ], [ 174.7763009, -36.8743162 ], [ 174.7763442, -36.8743237 ], [ 174.7764402, -36.87397 ], [ 174.7753366, -36.8737799 ], [ 174.7753688, -36.8736591 ], [ 174.774942, -36.8735871 ], [ 174.7750496, -36.8731749 ], [ 174.7748056, -36.873133 ] ] ], [ [ [ 174.7707174, -36.8727248 ], [ 174.7706361, -36.872361 ], [ 174.7701823, -36.872276 ], [ 174.769964, -36.8723518 ], [ 174.770221, -36.8728229 ], [ 174.7703248, -36.8727731 ], [ 174.7707174, -36.8727248 ] ] ], [ [ [ 174.7755487, -36.8721248 ], [ 174.7759827, -36.8715021 ], [ 174.7746112, -36.8712205 ], [ 174.7743979, -36.872137 ], [ 174.775485, -36.8723192 ], [ 174.7755487, -36.8721248 ] ] ], [ [ [ 174.7707773, -36.8708574 ], [ 174.770612, -36.8712261 ], [ 174.7709287, -36.8713539 ], [ 174.7709448, -36.8708848 ], [ 174.7707773, -36.8708574 ] ] ], [ [ [ 174.7709556, -36.8713348 ], [ 174.7711835, -36.8713776 ], [ 174.7714178, -36.8704483 ], [ 174.7710919, -36.8703875 ], [ 174.7709652, -36.8708882 ], [ 174.7709556, -36.8713348 ] ] ], [ [ [ 174.7715729, -36.8704254 ], [ 174.7715171, -36.8703855 ], [ 174.7711608, -36.8703191 ], [ 174.7711149, -36.8703647 ], [ 174.7714576, -36.8704286 ], [ 174.7713672, -36.870787 ], [ 174.771627, -36.8708358 ], [ 174.771541, -36.871177 ], [ 174.7718517, -36.8712354 ], [ 174.7719497, -36.8707904 ], [ 174.7715729, -36.8704254 ] ] ], [ [ [ 174.7701981, -36.8717261 ], [ 174.770734, -36.8718263 ], [ 174.7707424, -36.8718371 ], [ 174.7706444, -36.8721761 ], [ 174.7706887, -36.8721843 ], [ 174.7708294, -36.8716979 ], [ 174.7705302, -36.8715984 ], [ 174.7706466, -36.8714833 ], [ 174.7706859, -36.871375 ], [ 174.7705886, -36.8712295 ], [ 174.7707569, -36.870854 ], [ 174.7707441, -36.870852 ], [ 174.770882, -36.8703079 ], [ 174.7712331, -36.8699592 ], [ 174.7711088, -36.8699556 ], [ 174.7711073, -36.8699258 ], [ 174.7705985, -36.8695282 ], [ 174.7704586, -36.8694353 ], [ 174.7704347, -36.8695063 ], [ 174.7696221, -36.8693295 ], [ 174.7695898, -36.8693565 ], [ 174.7700358, -36.8694536 ], [ 174.7699506, -36.8696872 ], [ 174.7699569, -36.869699 ], [ 174.7699901, -36.8697073 ], [ 174.7699717, -36.8697556 ], [ 174.7698866, -36.8698097 ], [ 174.7695067, -36.8694261 ], [ 174.7694661, -36.86946 ], [ 174.7698415, -36.8698387 ], [ 174.7700714, -36.8701673 ], [ 174.7699334, -36.8702398 ], [ 174.769898, -36.8702108 ], [ 174.7692317, -36.8708492 ], [ 174.7690329, -36.8707868 ], [ 174.7691082, -36.8713058 ], [ 174.7694111, -36.871253 ], [ 174.7695191, -36.8712079 ], [ 174.7696291, -36.8711341 ], [ 174.7697012, -36.8710596 ], [ 174.7697543, -36.8709754 ], [ 174.7698282, -36.8707893 ], [ 174.7698265, -36.8706857 ], [ 174.7698713, -36.8706328 ], [ 174.769935, -36.8706125 ], [ 174.770012, -36.8706257 ], [ 174.7700631, -36.870671 ], [ 174.7700716, -36.870734 ], [ 174.770052, -36.8707715 ], [ 174.7699923, -36.8708308 ], [ 174.7698844, -36.871078 ], [ 174.7697797, -36.8712048 ], [ 174.7696753, -36.8712863 ], [ 174.7695575, -36.8713493 ], [ 174.7694281, -36.871394 ], [ 174.7692612, -36.871424 ], [ 174.7690294, -36.8717274 ], [ 174.7692506, -36.8718753 ], [ 174.7695014, -36.8717988 ], [ 174.7698099, -36.87168 ], [ 174.7698607, -36.8717749 ], [ 174.7701981, -36.8717261 ] ] ], [ [ [ 174.7742651, -36.8696066 ], [ 174.7744226, -36.8691241 ], [ 174.7741652, -36.8690721 ], [ 174.7727637, -36.8687889 ], [ 174.7723222, -36.8702992 ], [ 174.7734426, -36.8705081 ], [ 174.7731524, -36.8704541 ], [ 174.7730945, -36.8705488 ], [ 174.7730299, -36.8706157 ], [ 174.7730668, -36.8707257 ], [ 174.7734055, -36.871193 ], [ 174.7734551, -36.8713669 ], [ 174.7737551, -36.8716713 ], [ 174.7742591, -36.871747 ], [ 174.7743913, -36.8711793 ], [ 174.7748589, -36.8697362 ], [ 174.7742651, -36.8696066 ] ], [ [ 174.7729778, -36.8697685 ], [ 174.7729713, -36.8696487 ], [ 174.7730029, -36.8695482 ], [ 174.7731814, -36.8695812 ], [ 174.7735049, -36.869493 ], [ 174.7734318, -36.8695453 ], [ 174.7734135, -36.8695921 ], [ 174.773424, -36.8696501 ], [ 174.7732713, -36.86969 ], [ 174.7731888, -36.8698743 ], [ 174.7731423, -36.8698528 ], [ 174.7731442, -36.8698269 ], [ 174.7730824, -36.869812 ], [ 174.7730424, -36.8697799 ], [ 174.7729778, -36.8697685 ] ] ], [ [ [ 174.7643976, -36.8697042 ], [ 174.7635491, -36.871412 ], [ 174.7637231, -36.8716293 ], [ 174.7649801, -36.8721452 ], [ 174.7654032, -36.8726477 ], [ 174.7654959, -36.872688 ], [ 174.7660889, -36.8721072 ], [ 174.7660986, -36.8720627 ], [ 174.7661987, -36.8722348 ], [ 174.7672595, -36.8718359 ], [ 174.7675739, -36.8720798 ], [ 174.7683711, -36.8717819 ], [ 174.7683011, -36.8708374 ], [ 174.7684075, -36.8703157 ], [ 174.7694311, -36.8692127 ], [ 174.7695789, -36.8687253 ], [ 174.7692875, -36.8685833 ], [ 174.7687592, -36.8682245 ], [ 174.7682764, -36.8678661 ], [ 174.7680889, -36.8677076 ], [ 174.767749, -36.8673766 ], [ 174.767329, -36.866389 ], [ 174.7660222, -36.866752 ], [ 174.7652633, -36.866987 ], [ 174.7644373, -36.867316 ], [ 174.7638706, -36.8675805 ], [ 174.7638077, -36.867732 ], [ 174.7638479, -36.8678724 ], [ 174.7638707, -36.8678663 ], [ 174.7639081, -36.867997 ], [ 174.7644212, -36.8686639 ], [ 174.7643954, -36.868667 ], [ 174.7644566, -36.8687466 ], [ 174.7645598, -36.868995 ], [ 174.7645223, -36.8692775 ], [ 174.7643976, -36.8697042 ] ] ], [ [ [ 174.7725384, -36.8687434 ], [ 174.7720475, -36.8686369 ], [ 174.7716996, -36.8697709 ], [ 174.7718735, -36.8697323 ], [ 174.7719103, -36.8697395 ], [ 174.7721878, -36.8699576 ], [ 174.7725384, -36.8687434 ] ] ], [ [ [ 174.7718297, -36.8685895 ], [ 174.7699662, -36.8681842 ], [ 174.7698998, -36.8684053 ], [ 174.770198, -36.8686329 ], [ 174.7706323, -36.8689209 ], [ 174.7711557, -36.869375 ], [ 174.7712155, -36.8693871 ], [ 174.7714877, -36.8695826 ], [ 174.7715228, -36.8695895 ], [ 174.7718297, -36.8685895 ] ] ], [ [ [ 174.7733759, -36.8682274 ], [ 174.773196, -36.8681895 ], [ 174.7732203, -36.8681105 ], [ 174.7728171, -36.8680276 ], [ 174.7730154, -36.8673798 ], [ 174.7724881, -36.8672685 ], [ 174.7724312, -36.8673927 ], [ 174.7721047, -36.8684567 ], [ 174.7730531, -36.86866 ], [ 174.7745335, -36.868959 ], [ 174.7746217, -36.8686854 ], [ 174.7740498, -36.8685554 ], [ 174.774065, -36.8685057 ], [ 174.7740541, -36.8684954 ], [ 174.7734854, -36.8683754 ], [ 174.7734558, -36.8684718 ], [ 174.7734046, -36.8684608 ], [ 174.7733999, -36.868477 ], [ 174.7733053, -36.8684576 ], [ 174.7733759, -36.8682274 ] ] ], [ [ [ 174.7716137, -36.8683507 ], [ 174.7716497, -36.8682334 ], [ 174.7719226, -36.8682923 ], [ 174.7722069, -36.8673655 ], [ 174.7720265, -36.8673076 ], [ 174.7716669, -36.8672318 ], [ 174.7713414, -36.8682918 ], [ 174.7716137, -36.8683507 ] ] ], [ [ [ 174.7671037, -36.8662002 ], [ 174.7672795, -36.8661565 ], [ 174.7672625, -36.8661058 ], [ 174.7672245, -36.8661003 ], [ 174.7671683, -36.86606 ], [ 174.7671125, -36.8659136 ], [ 174.767196, -36.8658919 ], [ 174.7671412, -36.8656475 ], [ 174.7670134, -36.8659827 ], [ 174.7671037, -36.8662002 ] ] ], [ [ [ 174.7669334, -36.8662425 ], [ 174.7668362, -36.8659793 ], [ 174.767042, -36.8654041 ], [ 174.7663887, -36.8652627 ], [ 174.7660452, -36.8662122 ], [ 174.7661302, -36.8664422 ], [ 174.7669334, -36.8662425 ] ] ], [ [ [ 174.7705308, -36.8654547 ], [ 174.769922, -36.8656225 ], [ 174.7699166, -36.865644 ], [ 174.7698687, -36.8656343 ], [ 174.7698084, -36.8656552 ], [ 174.7697982, -36.8656846 ], [ 174.7697607, -36.8656776 ], [ 174.769747, -36.865725 ], [ 174.7696947, -36.8657147 ], [ 174.769667, -36.8657345 ], [ 174.7696578, -36.8657663 ], [ 174.7696951, -36.8657741 ], [ 174.7697329, -36.8657626 ], [ 174.7703126, -36.8658684 ], [ 174.7703788, -36.8658618 ], [ 174.7704295, -36.8658355 ], [ 174.7704759, -36.8657592 ], [ 174.7705506, -36.8654846 ], [ 174.7705308, -36.8654547 ] ] ], [ [ [ 174.7706737, -36.8651144 ], [ 174.7697706, -36.8649782 ], [ 174.769762, -36.8650051 ], [ 174.7692867, -36.8649133 ], [ 174.7690811, -36.8656014 ], [ 174.7691186, -36.8656519 ], [ 174.7692961, -36.8656894 ], [ 174.7706203, -36.8652886 ], [ 174.7706737, -36.8651144 ] ] ], [ [ [ 174.7713625, -36.8650947 ], [ 174.771622, -36.8650526 ], [ 174.7719486, -36.8650306 ], [ 174.7723313, -36.8650447 ], [ 174.7725064, -36.8644763 ], [ 174.7711881, -36.8641951 ], [ 174.7708736, -36.8652199 ], [ 174.7713625, -36.8650947 ] ] ], [ [ [ 174.7738445, -36.8526783 ], [ 174.7730312, -36.853521 ], [ 174.7735802, -36.8538593 ], [ 174.7734856, -36.8539574 ], [ 174.7735704, -36.8540107 ], [ 174.7742027, -36.8533535 ], [ 174.7748961, -36.8537841 ], [ 174.7749425, -36.8537359 ], [ 174.7749723, -36.8537493 ], [ 174.7760644, -36.8544274 ], [ 174.7761846, -36.854286 ], [ 174.7766288, -36.8538408 ], [ 174.776741, -36.8543234 ], [ 174.77703, -36.8543033 ], [ 174.7761828, -36.8525647 ], [ 174.7759346, -36.851961 ], [ 174.7756985, -36.8522057 ], [ 174.7754943, -36.8522924 ], [ 174.7752325, -36.8522838 ], [ 174.7757315, -36.8520236 ], [ 174.7759193, -36.851829 ], [ 174.7757743, -36.851386 ], [ 174.775728, -36.851309 ], [ 174.7756941, -36.8511912 ], [ 174.7753906, -36.8510681 ], [ 174.7740431, -36.8524714 ], [ 174.7740552, -36.8525472 ], [ 174.7746335, -36.8529059 ], [ 174.7746276, -36.8529123 ], [ 174.7745169, -36.8530271 ], [ 174.7739387, -36.8526685 ], [ 174.7738445, -36.8526783 ] ] ], [ [ [ 174.778037, -36.852153 ], [ 174.7780302, -36.8521302 ], [ 174.7774451, -36.8518951 ], [ 174.7774148, -36.8519032 ], [ 174.7772008, -36.852244 ], [ 174.7768807, -36.8525847 ], [ 174.7768851, -36.8526101 ], [ 174.7771116, -36.8527476 ], [ 174.7773395, -36.8528861 ], [ 174.7773708, -36.8528824 ], [ 174.778037, -36.852153 ] ] ], [ [ [ 174.7766932, -36.8517775 ], [ 174.7761801, -36.8519442 ], [ 174.7764258, -36.8523692 ], [ 174.7764565, -36.8523354 ], [ 174.7764941, -36.8523727 ], [ 174.7767127, -36.8525054 ], [ 174.7767443, -36.8525019 ], [ 174.7770552, -36.8521712 ], [ 174.777262, -36.8518418 ], [ 174.777252, -36.8518175 ], [ 174.7768329, -36.851649 ], [ 174.7766932, -36.8517775 ] ] ], [ [ [ 174.7764025, -36.851476 ], [ 174.776101, -36.8517885 ], [ 174.7762407, -36.8518712 ], [ 174.7766598, -36.851735 ], [ 174.7767774, -36.8516268 ], [ 174.7764025, -36.851476 ] ] ], [ [ [ 174.7758868, -36.8512687 ], [ 174.7760298, -36.8517145 ], [ 174.7762788, -36.8514564 ], [ 174.7762691, -36.8514224 ], [ 174.7758868, -36.8512687 ] ] ], [ [ [ 174.7787666, -36.8510768 ], [ 174.7789673, -36.8509941 ], [ 174.7786367, -36.8504785 ], [ 174.7782611, -36.850676 ], [ 174.7784749, -36.8509997 ], [ 174.7783678, -36.8510428 ], [ 174.7781598, -36.8507274 ], [ 174.7777715, -36.8509272 ], [ 174.7780313, -36.8513425 ], [ 174.7780816, -36.8513721 ], [ 174.7781211, -36.8513677 ], [ 174.7782656, -36.8512967 ], [ 174.7782799, -36.8513171 ], [ 174.7786729, -36.8511226 ], [ 174.7786594, -36.8511017 ], [ 174.7787529, -36.8510555 ], [ 174.7787666, -36.8510768 ] ] ], [ [ [ 174.7774711, -36.8504412 ], [ 174.7777209, -36.8508473 ], [ 174.778103, -36.8506463 ], [ 174.7778521, -36.8502399 ], [ 174.7774711, -36.8504412 ] ] ], [ [ [ 174.7783276, -36.8499893 ], [ 174.7779488, -36.8501872 ], [ 174.7782088, -36.8505934 ], [ 174.7785813, -36.850392 ], [ 174.7783276, -36.8499893 ] ] ], [ [ [ 174.7763727, -36.8511009 ], [ 174.7768831, -36.8506089 ], [ 174.7770895, -36.8504817 ], [ 174.7774104, -36.8503507 ], [ 174.7784311, -36.8498043 ], [ 174.779938, -36.849296 ], [ 174.7795607, -36.8491051 ], [ 174.779136, -36.849116 ], [ 174.7779312, -36.8495223 ], [ 174.7771862, -36.8499945 ], [ 174.7769432, -36.8501877 ], [ 174.7767176, -36.8503939 ], [ 174.7764438, -36.8506853 ], [ 174.7761889, -36.8510141 ], [ 174.7761766, -36.8510668 ], [ 174.7761875, -36.8511015 ], [ 174.7762189, -36.8511266 ], [ 174.7762846, -36.8511372 ], [ 174.7763282, -36.8511282 ], [ 174.7763727, -36.8511009 ] ] ], [ [ [ 174.7816137, -36.8787467 ], [ 174.7824246, -36.8793779 ], [ 174.7831422, -36.8802445 ], [ 174.7837184, -36.8799335 ], [ 174.7835218, -36.8796558 ], [ 174.7829157, -36.8790003 ], [ 174.7821247, -36.8781135 ], [ 174.7816087, -36.8787053 ], [ 174.7816137, -36.8787467 ] ] ], [ [ [ 174.7791924, -36.8781758 ], [ 174.7791622, -36.8783118 ], [ 174.7796668, -36.8783857 ], [ 174.7796964, -36.8782504 ], [ 174.7791924, -36.8781758 ] ] ], [ [ [ 174.777501, -36.8755547 ], [ 174.7782327, -36.8761203 ], [ 174.7814252, -36.8785999 ], [ 174.7818482, -36.8781147 ], [ 174.7813531, -36.8775597 ], [ 174.7805143, -36.8766537 ], [ 174.7798739, -36.8757692 ], [ 174.7795961, -36.875306 ], [ 174.7794252, -36.8750205 ], [ 174.7791701, -36.8748585 ], [ 174.777501, -36.8755547 ] ] ], [ [ [ 174.7828668, -36.8755542 ], [ 174.7813074, -36.8746221 ], [ 174.7810151, -36.8750559 ], [ 174.7807595, -36.8748201 ], [ 174.7804543, -36.8750038 ], [ 174.7806484, -36.8752039 ], [ 174.7807586, -36.8752535 ], [ 174.7807864, -36.8752939 ], [ 174.7808001, -36.8753467 ], [ 174.7807666, -36.8753837 ], [ 174.7807549, -36.8753719 ], [ 174.7806856, -36.8754167 ], [ 174.7809315, -36.8756627 ], [ 174.7814106, -36.8754217 ], [ 174.7822692, -36.8762128 ], [ 174.7828668, -36.8755542 ] ] ], [ [ [ 174.7811387, -36.8742955 ], [ 174.7829999, -36.8754079 ], [ 174.7834051, -36.8749725 ], [ 174.7841794, -36.87544 ], [ 174.7845729, -36.8749888 ], [ 174.7819481, -36.8734225 ], [ 174.7811387, -36.8742955 ] ] ], [ [ [ 174.7813451, -36.8728363 ], [ 174.7817591, -36.8723941 ], [ 174.7813633, -36.8721513 ], [ 174.7811184, -36.8723327 ], [ 174.7808261, -36.8720809 ], [ 174.7805588, -36.8722865 ], [ 174.7808463, -36.8725389 ], [ 174.7813451, -36.8728363 ] ] ], [ [ [ 174.7802832, -36.8710244 ], [ 174.7801556, -36.8709136 ], [ 174.7797701, -36.8711987 ], [ 174.7794908, -36.8709574 ], [ 174.7792375, -36.8711445 ], [ 174.7804456, -36.8721837 ], [ 174.7806573, -36.8720194 ], [ 174.7804517, -36.8718389 ], [ 174.7805776, -36.871746 ], [ 174.7805036, -36.8716762 ], [ 174.7810012, -36.8713077 ], [ 174.7812873, -36.871553 ], [ 174.7815383, -36.8713665 ], [ 174.7812526, -36.8711216 ], [ 174.7811214, -36.8712188 ], [ 174.7809946, -36.8711086 ], [ 174.7806633, -36.8713547 ], [ 174.7803064, -36.8710447 ], [ 174.7806378, -36.8707984 ], [ 174.7806145, -36.8707783 ], [ 174.7802832, -36.8710244 ] ] ], [ [ [ 174.7812873, -36.8710959 ], [ 174.7815502, -36.8709012 ], [ 174.781825, -36.8711514 ], [ 174.7821084, -36.8709407 ], [ 174.7809448, -36.8699198 ], [ 174.7808965, -36.8699181 ], [ 174.7806368, -36.8701101 ], [ 174.7810692, -36.8704846 ], [ 174.7808069, -36.8706785 ], [ 174.7812873, -36.8710959 ] ] ], [ [ [ 174.7817067, -36.8693242 ], [ 174.7810226, -36.8698255 ], [ 174.7821351, -36.870801 ], [ 174.7821758, -36.8705922 ], [ 174.7817067, -36.8693242 ] ] ], [ [ [ 174.7817953, -36.8677304 ], [ 174.7818, -36.8677722 ], [ 174.7817955, -36.8677977 ], [ 174.7817537, -36.8678491 ], [ 174.7817365, -36.8679254 ], [ 174.7817634, -36.8679592 ], [ 174.7818786, -36.8679775 ], [ 174.7819198, -36.8679953 ], [ 174.7819338, -36.8680678 ], [ 174.7820152, -36.8681799 ], [ 174.7820275, -36.8682387 ], [ 174.7820092, -36.8683293 ], [ 174.7820788, -36.8685087 ], [ 174.7821792, -36.8685327 ], [ 174.7822462, -36.8685698 ], [ 174.7822354, -36.8685724 ], [ 174.7823063, -36.8687007 ], [ 174.7825485, -36.8686624 ], [ 174.782665, -36.8685231 ], [ 174.7826707, -36.8683516 ], [ 174.7826878, -36.8679235 ], [ 174.783069, -36.8671206 ], [ 174.7833441, -36.8670711 ], [ 174.7836454, -36.8668269 ], [ 174.784376, -36.8662382 ], [ 174.7836897, -36.8656542 ], [ 174.7835234, -36.8657125 ], [ 174.7833605, -36.8657952 ], [ 174.7832534, -36.865905 ], [ 174.7830462, -36.8660593 ], [ 174.7829239, -36.8660916 ], [ 174.7828425, -36.8661459 ], [ 174.7827988, -36.8661614 ], [ 174.7827312, -36.8661488 ], [ 174.7825779, -36.8661899 ], [ 174.7825913, -36.8662018 ], [ 174.7825345, -36.8662205 ], [ 174.7823901, -36.8663252 ], [ 174.7822033, -36.8665164 ], [ 174.7821758, -36.8666264 ], [ 174.7821274, -36.8666886 ], [ 174.7820231, -36.8667812 ], [ 174.7818762, -36.8668595 ], [ 174.781901, -36.8669337 ], [ 174.7819079, -36.8670069 ], [ 174.7818315, -36.8671376 ], [ 174.781835, -36.8672268 ], [ 174.7818132, -36.8672241 ], [ 174.7818319, -36.8673441 ], [ 174.7817296, -36.867597 ], [ 174.781766, -36.8676448 ], [ 174.7817742, -36.8677279 ], [ 174.7817953, -36.8677304 ] ] ], [ [ [ 174.781136, -36.8663546 ], [ 174.7809251, -36.8665193 ], [ 174.7808902, -36.8665637 ], [ 174.7809011, -36.8665737 ], [ 174.7808834, -36.8665767 ], [ 174.7808444, -36.8666402 ], [ 174.7807862, -36.8666835 ], [ 174.7807237, -36.8667028 ], [ 174.7806605, -36.8666957 ], [ 174.7805145, -36.8668403 ], [ 174.7803776, -36.8668034 ], [ 174.7803086, -36.8668617 ], [ 174.7803453, -36.8668935 ], [ 174.7803623, -36.8669348 ], [ 174.7803564, -36.866978 ], [ 174.7802933, -36.8671381 ], [ 174.7802998, -36.8674591 ], [ 174.7802905, -36.8674831 ], [ 174.780401, -36.8674709 ], [ 174.7803982, -36.8673407 ], [ 174.7807058, -36.867343 ], [ 174.7807033, -36.8672135 ], [ 174.7807695, -36.867094 ], [ 174.7808761, -36.8669406 ], [ 174.7809721, -36.8668369 ], [ 174.7811189, -36.8667367 ], [ 174.7813013, -36.8666319 ], [ 174.781479, -36.8665678 ], [ 174.7815827, -36.866475 ], [ 174.7814663, -36.8660991 ], [ 174.7821438, -36.8666031 ], [ 174.7821946, -36.8664637 ], [ 174.7823253, -36.866331 ], [ 174.7821561, -36.8662127 ], [ 174.7823107, -36.8660884 ], [ 174.782505, -36.8660161 ], [ 174.7814774, -36.8652991 ], [ 174.781433, -36.865298 ], [ 174.7811943, -36.8655402 ], [ 174.7816041, -36.8658267 ], [ 174.7815592, -36.8658682 ], [ 174.7811755, -36.8655999 ], [ 174.7809844, -36.8659322 ], [ 174.780942, -36.8660962 ], [ 174.7812403, -36.8663139 ], [ 174.781215, -36.8663381 ], [ 174.7812699, -36.866378 ], [ 174.7812239, -36.8664187 ], [ 174.781136, -36.8663546 ] ] ], [ [ [ 174.7807466, -36.8660706 ], [ 174.7805316, -36.8662905 ], [ 174.780782, -36.8664739 ], [ 174.7810182, -36.8662687 ], [ 174.7807466, -36.8660706 ] ] ], [ [ [ 174.7799271, -36.864101 ], [ 174.7793031, -36.8646788 ], [ 174.7793828, -36.8647343 ], [ 174.7795178, -36.8646089 ], [ 174.7796972, -36.8647335 ], [ 174.7798408, -36.8646027 ], [ 174.7798648, -36.8646194 ], [ 174.7799869, -36.8645065 ], [ 174.7797804, -36.8643625 ], [ 174.7800045, -36.8641551 ], [ 174.7799271, -36.864101 ] ] ], [ [ [ 174.7815937, -36.8648089 ], [ 174.7817623, -36.8645548 ], [ 174.7818627, -36.86422 ], [ 174.781885, -36.8639206 ], [ 174.7816772, -36.8638393 ], [ 174.7816299, -36.863882 ], [ 174.7807995, -36.8632992 ], [ 174.7800979, -36.8639438 ], [ 174.7801012, -36.8639825 ], [ 174.7814035, -36.8648916 ], [ 174.7814302, -36.8649713 ], [ 174.7815937, -36.8648089 ] ] ], [ [ [ 174.7819195, -36.8634541 ], [ 174.7818253, -36.86321 ], [ 174.7816408, -36.8630786 ], [ 174.781738, -36.862945 ], [ 174.7819282, -36.8628631 ], [ 174.7821919, -36.8628456 ], [ 174.7822868, -36.8629937 ], [ 174.7825427, -36.8627969 ], [ 174.782653, -36.8628744 ], [ 174.7828515, -36.8632586 ], [ 174.7824608, -36.8636338 ], [ 174.7828065, -36.8639345 ], [ 174.783382, -36.8634124 ], [ 174.7834345, -36.8634296 ], [ 174.7833662, -36.8638761 ], [ 174.7833964, -36.863898 ], [ 174.7851228, -36.8640682 ], [ 174.7851836, -36.8636704 ], [ 174.7837334, -36.8631115 ], [ 174.7822216, -36.8620826 ], [ 174.7821536, -36.8620747 ], [ 174.7820885, -36.8620936 ], [ 174.7819544, -36.8622368 ], [ 174.7818859, -36.8623335 ], [ 174.7818711, -36.862323 ], [ 174.7809483, -36.8631628 ], [ 174.7818926, -36.8638257 ], [ 174.7819195, -36.8634541 ] ] ], [ [ [ 174.7816565, -36.8589004 ], [ 174.7818241, -36.8590021 ], [ 174.7820105, -36.85908 ], [ 174.7822877, -36.8591607 ], [ 174.7824483, -36.8590808 ], [ 174.7823294, -36.8589271 ], [ 174.7823001, -36.8589416 ], [ 174.781904, -36.8584287 ], [ 174.7817919, -36.8584847 ], [ 174.7817018, -36.8583681 ], [ 174.7818138, -36.8583122 ], [ 174.7815439, -36.8579627 ], [ 174.7812083, -36.8581338 ], [ 174.7811191, -36.8582304 ], [ 174.7811161, -36.85829 ], [ 174.7815062, -36.8587879 ], [ 174.7816565, -36.8589004 ] ] ], [ [ [ 174.7787921, -36.8550989 ], [ 174.7786659, -36.8548973 ], [ 174.7789593, -36.8547853 ], [ 174.7789404, -36.8547552 ], [ 174.778758, -36.8544638 ], [ 174.7787073, -36.8543828 ], [ 174.7784157, -36.8539172 ], [ 174.777979, -36.8533461 ], [ 174.7779463, -36.8533369 ], [ 174.7778513, -36.8533655 ], [ 174.7777294, -36.8533501 ], [ 174.7765764, -36.8526499 ], [ 174.7767135, -36.8529833 ], [ 174.7767984, -36.8530952 ], [ 174.7769664, -36.8535601 ], [ 174.7768618, -36.8535927 ], [ 174.776951, -36.8537856 ], [ 174.7770908, -36.8539575 ], [ 174.7771582, -36.8540729 ], [ 174.7773384, -36.8542697 ], [ 174.7774199, -36.8543823 ], [ 174.7777252, -36.8549255 ], [ 174.7777302, -36.8551039 ], [ 174.7778662, -36.8553499 ], [ 174.7778868, -36.8554191 ], [ 174.7794699, -36.8582522 ], [ 174.7796267, -36.8581893 ], [ 174.779648, -36.8582239 ], [ 174.7795297, -36.8582704 ], [ 174.7796542, -36.8584758 ], [ 174.7798811, -36.8587792 ], [ 174.7798573, -36.8587871 ], [ 174.7799932, -36.8590498 ], [ 174.7799487, -36.8590707 ], [ 174.7802154, -36.8595896 ], [ 174.7803571, -36.8597751 ], [ 174.7806001, -36.8601649 ], [ 174.7803072, -36.8602695 ], [ 174.7803295, -36.860423 ], [ 174.7806834, -36.8610182 ], [ 174.7807524, -36.8610925 ], [ 174.7811527, -36.8616885 ], [ 174.7815029, -36.8619267 ], [ 174.7817304, -36.8620091 ], [ 174.7817604, -36.8620099 ], [ 174.7817794, -36.8619977 ], [ 174.7818159, -36.8619343 ], [ 174.7818377, -36.8619421 ], [ 174.7820162, -36.8616273 ], [ 174.7819944, -36.8616194 ], [ 174.782136, -36.8613693 ], [ 174.7821579, -36.8613771 ], [ 174.7823686, -36.8610116 ], [ 174.782056, -36.8608966 ], [ 174.7820062, -36.8609763 ], [ 174.7818651, -36.860927 ], [ 174.7815174, -36.8607009 ], [ 174.7816158, -36.8605317 ], [ 174.7819799, -36.8607694 ], [ 174.7824126, -36.8609267 ], [ 174.7826974, -36.8604241 ], [ 174.7828326, -36.8593893 ], [ 174.7822262, -36.8593378 ], [ 174.7819203, -36.8592464 ], [ 174.7817047, -36.8591564 ], [ 174.7815128, -36.8590398 ], [ 174.781331, -36.8589049 ], [ 174.7808884, -36.8583391 ], [ 174.7808969, -36.8581676 ], [ 174.7810515, -36.8579988 ], [ 174.7814539, -36.8577939 ], [ 174.7812534, -36.8575344 ], [ 174.780073, -36.8580099 ], [ 174.7799148, -36.857756 ], [ 174.7799991, -36.8576459 ], [ 174.7799685, -36.8576582 ], [ 174.7798998, -36.8575477 ], [ 174.7799303, -36.8575354 ], [ 174.7798691, -36.8574985 ], [ 174.7796424, -36.8571344 ], [ 174.7802686, -36.8569507 ], [ 174.7805026, -36.8569204 ], [ 174.7803062, -36.8568922 ], [ 174.7802282, -36.8568566 ], [ 174.779908, -36.856984 ], [ 174.7796466, -36.8565601 ], [ 174.7796315, -36.8565661 ], [ 174.7795402, -36.8564853 ], [ 174.7794372, -36.8565275 ], [ 174.7792047, -36.8561481 ], [ 174.7794279, -36.856057 ], [ 174.7793109, -36.855853 ], [ 174.7790219, -36.8559721 ], [ 174.7789651, -36.856028 ], [ 174.7788668, -36.8561778 ], [ 174.7787329, -36.8562736 ], [ 174.7787008, -36.8561517 ], [ 174.7788003, -36.8560652 ], [ 174.7788346, -36.8559665 ], [ 174.7788813, -36.8559192 ], [ 174.7789478, -36.8558734 ], [ 174.7795039, -36.8556551 ], [ 174.7793457, -36.8554025 ], [ 174.7789989, -36.8555461 ], [ 174.7787921, -36.8550989 ] ], [ [ 174.7790865, -36.8563818 ], [ 174.7787931, -36.8565021 ], [ 174.7787436, -36.8563372 ], [ 174.7789954, -36.856234 ], [ 174.7790865, -36.8563818 ] ], [ [ 174.7793649, -36.8568873 ], [ 174.7790728, -36.857007 ], [ 174.7789656, -36.8568853 ], [ 174.7792834, -36.8567551 ], [ 174.7793649, -36.8568873 ] ] ], [ [ [ 174.7829065, -36.8588061 ], [ 174.7829388, -36.8588306 ], [ 174.7829904, -36.8588467 ], [ 174.7830763, -36.8588337 ], [ 174.7838733, -36.8584585 ], [ 174.7833542, -36.8577778 ], [ 174.7831982, -36.8577493 ], [ 174.7831926, -36.8574925 ], [ 174.7830883, -36.8574844 ], [ 174.7834217, -36.8570947 ], [ 174.7833854, -36.8570921 ], [ 174.7833388, -36.8569983 ], [ 174.7834316, -36.8564224 ], [ 174.7837007, -36.8563715 ], [ 174.7836898, -36.8559858 ], [ 174.7837138, -36.8556933 ], [ 174.7837551, -36.8556938 ], [ 174.7837363, -36.8554204 ], [ 174.783475, -36.8547065 ], [ 174.7829515, -36.8546934 ], [ 174.7830289, -36.8554681 ], [ 174.7829525, -36.8559632 ], [ 174.7826344, -36.858456 ], [ 174.7829065, -36.8588061 ] ] ], [ [ [ 174.7818145, -36.8562256 ], [ 174.7816191, -36.8558946 ], [ 174.7813894, -36.85599 ], [ 174.7814978, -36.8561613 ], [ 174.781509, -36.8561567 ], [ 174.7816042, -36.8563178 ], [ 174.781568, -36.8563336 ], [ 174.7816814, -36.8565165 ], [ 174.7820824, -36.8563467 ], [ 174.7821048, -36.8564279 ], [ 174.7822195, -36.856628 ], [ 174.7823095, -36.8568181 ], [ 174.7823386, -36.8569141 ], [ 174.7821956, -36.8569049 ], [ 174.7822677, -36.8572569 ], [ 174.7822173, -36.8572622 ], [ 174.7822421, -36.8574143 ], [ 174.7826555, -36.8573707 ], [ 174.7828336, -36.855851 ], [ 174.7828813, -36.8553425 ], [ 174.7828102, -36.8546026 ], [ 174.782618, -36.8537531 ], [ 174.7819685, -36.8539185 ], [ 174.7821829, -36.8548593 ], [ 174.7814403, -36.8549308 ], [ 174.7815311, -36.8551602 ], [ 174.781706, -36.8551478 ], [ 174.7818178, -36.8554012 ], [ 174.7817852, -36.8554133 ], [ 174.781808, -36.8554651 ], [ 174.7815419, -36.855564 ], [ 174.7819137, -36.856182 ], [ 174.7818145, -36.8562256 ] ] ], [ [ [ 174.7809315, -36.8547753 ], [ 174.7806384, -36.8548843 ], [ 174.7813032, -36.8559618 ], [ 174.7815898, -36.8558451 ], [ 174.7809315, -36.8547753 ] ] ], [ [ [ 174.7797624, -36.8552521 ], [ 174.7797472, -36.8551758 ], [ 174.77974, -36.855179 ], [ 174.7793953, -36.8553349 ], [ 174.7794367, -36.8553995 ], [ 174.7797624, -36.8552521 ] ] ], [ [ [ 174.7807369, -36.8544446 ], [ 174.7804203, -36.8539296 ], [ 174.7800894, -36.8540614 ], [ 174.7803125, -36.8544038 ], [ 174.7803302, -36.8543967 ], [ 174.7804341, -36.8545635 ], [ 174.7807369, -36.8544446 ] ] ], [ [ [ 174.7824358, -36.8534482 ], [ 174.7820036, -36.8535581 ], [ 174.7820809, -36.8538484 ], [ 174.7826093, -36.8537153 ], [ 174.7825515, -36.8534328 ], [ 174.7824358, -36.8534482 ] ] ], [ [ [ 174.7806956, -36.8536946 ], [ 174.7804631, -36.8533431 ], [ 174.7801554, -36.8534584 ], [ 174.7803753, -36.8538144 ], [ 174.7806956, -36.8536946 ] ] ], [ [ [ 174.7796596, -36.8533827 ], [ 174.7798614, -36.8537056 ], [ 174.7799431, -36.8536735 ], [ 174.779929, -36.8536498 ], [ 174.7799596, -36.8536379 ], [ 174.7800072, -36.85362 ], [ 174.7800212, -36.8536438 ], [ 174.7800811, -36.853621 ], [ 174.779888, -36.8532948 ], [ 174.7796596, -36.8533827 ] ] ], [ [ [ 174.7793965, -36.8528985 ], [ 174.7795186, -36.8530959 ], [ 174.7798283, -36.8529799 ], [ 174.7797117, -36.8527833 ], [ 174.7793965, -36.8528985 ] ] ], [ [ [ 174.7806553, -36.8529145 ], [ 174.7804197, -36.852457 ], [ 174.7797918, -36.8526236 ], [ 174.7797685, -36.8526674 ], [ 174.7800482, -36.8531344 ], [ 174.7806553, -36.8529145 ] ] ], [ [ [ 174.7815932, -36.8531948 ], [ 174.7817399, -36.8531667 ], [ 174.7818361, -36.8532164 ], [ 174.7819091, -36.8534079 ], [ 174.7819359, -36.8534013 ], [ 174.7819641, -36.8534612 ], [ 174.7819925, -36.8534775 ], [ 174.7820271, -36.8534802 ], [ 174.7820342, -36.8534696 ], [ 174.7822088, -36.8534311 ], [ 174.7822074, -36.8534228 ], [ 174.782508, -36.8533791 ], [ 174.7825357, -36.8533476 ], [ 174.7824553, -36.8527658 ], [ 174.7824456, -36.8525882 ], [ 174.7824556, -36.8522562 ], [ 174.7824374, -36.8521752 ], [ 174.7824242, -36.8521773 ], [ 174.7824098, -36.8520959 ], [ 174.7807557, -36.8523751 ], [ 174.7807609, -36.8523997 ], [ 174.7806833, -36.8524246 ], [ 174.7806665, -36.852392 ], [ 174.7805342, -36.8524269 ], [ 174.7805242, -36.8524446 ], [ 174.7806111, -36.8526124 ], [ 174.7809226, -36.8525013 ], [ 174.7809699, -36.8525901 ], [ 174.7812186, -36.8525502 ], [ 174.7811997, -36.8524804 ], [ 174.7812358, -36.8524791 ], [ 174.7812764, -36.8524958 ], [ 174.781291, -36.8525574 ], [ 174.7813343, -36.8525513 ], [ 174.7813975, -36.8527717 ], [ 174.7813297, -36.8527833 ], [ 174.7814515, -36.8532792 ], [ 174.7815855, -36.8532529 ], [ 174.7815994, -36.853227 ], [ 174.7815932, -36.8531948 ] ] ], [ [ [ 174.778987, -36.8516256 ], [ 174.7783751, -36.8518713 ], [ 174.7783716, -36.8518805 ], [ 174.778956, -36.8528107 ], [ 174.7789743, -36.8528148 ], [ 174.7795921, -36.8525897 ], [ 174.778987, -36.8516256 ] ] ], [ [ [ 174.7796957, -36.8525532 ], [ 174.7803601, -36.8523772 ], [ 174.7797554, -36.851381 ], [ 174.7791221, -36.8516396 ], [ 174.7794744, -36.8522004 ], [ 174.7797914, -36.8520864 ], [ 174.7798589, -36.8521983 ], [ 174.7795423, -36.8523087 ], [ 174.7796957, -36.8525532 ] ] ], [ [ [ 174.7810017, -36.8522407 ], [ 174.7824513, -36.8519958 ], [ 174.7824621, -36.8517142 ], [ 174.7824438, -36.8515678 ], [ 174.7818204, -36.8516919 ], [ 174.7808984, -36.8518456 ], [ 174.7810017, -36.8522407 ] ] ], [ [ [ 174.7806569, -36.8522991 ], [ 174.780868, -36.8522634 ], [ 174.7807281, -36.8517282 ], [ 174.780224, -36.8511908 ], [ 174.7798561, -36.8513401 ], [ 174.7804683, -36.852349 ], [ 174.7806569, -36.8522991 ] ] ], [ [ [ 174.7781442, -36.8515182 ], [ 174.778317, -36.8517932 ], [ 174.778937, -36.8515442 ], [ 174.7787371, -36.8512248 ], [ 174.7781442, -36.8515182 ] ] ], [ [ [ 174.7795983, -36.8511597 ], [ 174.7794705, -36.8509555 ], [ 174.7794104, -36.8509399 ], [ 174.7791358, -36.8510542 ], [ 174.7791228, -36.8510332 ], [ 174.7788213, -36.8511576 ], [ 174.7790713, -36.8515572 ], [ 174.7797049, -36.8513001 ], [ 174.7796208, -36.8511657 ], [ 174.7795983, -36.8511597 ] ] ], [ [ [ 174.7832385, -36.8502817 ], [ 174.7823036, -36.8505358 ], [ 174.7825137, -36.8510353 ], [ 174.7832659, -36.8508755 ], [ 174.7832385, -36.8502817 ] ] ], [ [ [ 174.7795302, -36.8507353 ], [ 174.7796365, -36.8506913 ], [ 174.7795922, -36.8506234 ], [ 174.7797276, -36.8505673 ], [ 174.7797719, -36.8506351 ], [ 174.7798441, -36.8506052 ], [ 174.7799296, -36.8506994 ], [ 174.7795528, -36.8508553 ], [ 174.779787, -36.8512298 ], [ 174.779842, -36.8512443 ], [ 174.7802677, -36.8510714 ], [ 174.7808029, -36.8516252 ], [ 174.7808777, -36.8516757 ], [ 174.780969, -36.8517033 ], [ 174.7810827, -36.8517027 ], [ 174.7817901, -36.8515846 ], [ 174.7824266, -36.851458 ], [ 174.7824106, -36.8513599 ], [ 174.7819607, -36.8503216 ], [ 174.7801312, -36.849394 ], [ 174.7793307, -36.8496206 ], [ 174.7784949, -36.8499018 ], [ 174.7784227, -36.8499396 ], [ 174.7790675, -36.8509528 ], [ 174.7795441, -36.8507564 ], [ 174.7795302, -36.8507353 ] ] ], [ [ [ 174.7959194, -36.8946435 ], [ 174.7975687, -36.8931867 ], [ 174.7965679, -36.8924539 ], [ 174.7948425, -36.8939774 ], [ 174.7953433, -36.8943434 ], [ 174.7954175, -36.8942778 ], [ 174.7959194, -36.8946435 ] ] ], [ [ [ 174.795359, -36.8932518 ], [ 174.7948581, -36.8928859 ], [ 174.7952375, -36.8925511 ], [ 174.7957385, -36.8929169 ], [ 174.796401, -36.8923318 ], [ 174.795399, -36.8916002 ], [ 174.7941904, -36.8926679 ], [ 174.79278, -36.8935919 ], [ 174.793184, -36.894028 ], [ 174.7935333, -36.8944936 ], [ 174.7943477, -36.8941445 ], [ 174.7947361, -36.8938015 ], [ 174.7941844, -36.8933984 ], [ 174.7943004, -36.8933114 ], [ 174.7948425, -36.8937076 ], [ 174.795359, -36.8932518 ] ] ], [ [ [ 174.7953441, -36.8928125 ], [ 174.7956247, -36.8930173 ], [ 174.7957159, -36.8929368 ], [ 174.7954519, -36.892744 ], [ 174.7954202, -36.8927452 ], [ 174.7953441, -36.8928125 ] ] ], [ [ [ 174.7935094, -36.8912786 ], [ 174.7939425, -36.8917525 ], [ 174.7938246, -36.8918379 ], [ 174.7933817, -36.891354 ], [ 174.7915447, -36.8924393 ], [ 174.7917996, -36.892626 ], [ 174.7926373, -36.8934513 ], [ 174.7940347, -36.8925359 ], [ 174.795232, -36.8914782 ], [ 174.7943111, -36.890805 ], [ 174.7935094, -36.8912786 ] ] ], [ [ [ 174.7947087, -36.8907827 ], [ 174.7971609, -36.8925771 ], [ 174.797831, -36.8919859 ], [ 174.795677, -36.8904108 ], [ 174.7954063, -36.8901152 ], [ 174.7953726, -36.890125 ], [ 174.794843, -36.890453 ], [ 174.7946944, -36.8905663 ], [ 174.7946772, -36.890586 ], [ 174.7946793, -36.8905865 ], [ 174.7947105, -36.8906226 ], [ 174.7946771, -36.890586 ], [ 174.7946425, -36.8906257 ], [ 174.7947591, -36.8907531 ], [ 174.7947087, -36.8907827 ] ] ], [ [ [ 174.7922636, -36.8916766 ], [ 174.7923732, -36.8915672 ], [ 174.7927213, -36.8913652 ], [ 174.7927259, -36.8913366 ], [ 174.7902059, -36.8894925 ], [ 174.7889891, -36.8905642 ], [ 174.7912628, -36.8922283 ], [ 174.791454, -36.8921211 ], [ 174.7914747, -36.8921408 ], [ 174.7922636, -36.8916766 ] ] ], [ [ [ 174.7961434, -36.890282 ], [ 174.7961465, -36.8902462 ], [ 174.7960444, -36.8901716 ], [ 174.7962671, -36.8900402 ], [ 174.7963778, -36.8901211 ], [ 174.7960326, -36.8904258 ], [ 174.7964929, -36.8907623 ], [ 174.7973895, -36.889971 ], [ 174.7963242, -36.8895107 ], [ 174.7955769, -36.8899957 ], [ 174.7958454, -36.890289 ], [ 174.7960045, -36.8904052 ], [ 174.7961434, -36.890282 ] ] ], [ [ [ 174.7929614, -36.8912645 ], [ 174.7935214, -36.8909337 ], [ 174.7937754, -36.8907487 ], [ 174.7937162, -36.8907054 ], [ 174.7939259, -36.8905208 ], [ 174.7927222, -36.8896392 ], [ 174.7927429, -36.889621 ], [ 174.7912798, -36.8885477 ], [ 174.790358, -36.8893587 ], [ 174.7929614, -36.8912645 ] ] ], [ [ [ 174.7966501, -36.8880259 ], [ 174.7965035, -36.8882085 ], [ 174.7967937, -36.8883541 ], [ 174.7969174, -36.8883917 ], [ 174.7972221, -36.8884191 ], [ 174.7972778, -36.8883495 ], [ 174.7966501, -36.8880259 ] ] ], [ [ [ 174.7921058, -36.8868142 ], [ 174.7913474, -36.8879141 ], [ 174.791076, -36.8881528 ], [ 174.7917123, -36.8886182 ], [ 174.7930547, -36.8872902 ], [ 174.7921058, -36.8868142 ] ] ], [ [ [ 174.798903, -36.8877459 ], [ 174.7983408, -36.887068 ], [ 174.7974141, -36.8875466 ], [ 174.7972888, -36.8873955 ], [ 174.7982149, -36.8869174 ], [ 174.7972135, -36.8857098 ], [ 174.7971156, -36.8855504 ], [ 174.7965782, -36.8849005 ], [ 174.7956334, -36.8854039 ], [ 174.7958262, -36.8856359 ], [ 174.7949193, -36.8861206 ], [ 174.794912, -36.8865225 ], [ 174.7956222, -36.8872811 ], [ 174.7976874, -36.8883378 ], [ 174.7978195, -36.88835 ], [ 174.7979295, -36.8883211 ], [ 174.798903, -36.8877459 ] ] ], [ [ [ 174.7967385, -36.8847665 ], [ 174.7973212, -36.885472 ], [ 174.7981516, -36.8851575 ], [ 174.7974931, -36.8843614 ], [ 174.7967385, -36.8847665 ] ] ], [ [ [ 174.7829237, -36.8820222 ], [ 174.7836308, -36.8822378 ], [ 174.783648, -36.8822012 ], [ 174.7837895, -36.8821254 ], [ 174.7841428, -36.8823789 ], [ 174.7839434, -36.8826886 ], [ 174.7844843, -36.882856 ], [ 174.7848438, -36.8826264 ], [ 174.7837983, -36.8813643 ], [ 174.7830444, -36.8817664 ], [ 174.7829237, -36.8820222 ] ] ], [ [ [ 174.7927132, -36.881266 ], [ 174.7917924, -36.8809718 ], [ 174.7917445, -36.8809847 ], [ 174.7909536, -36.882105 ], [ 174.7919411, -36.882555 ], [ 174.7923835, -36.8819318 ], [ 174.7927132, -36.881266 ] ] ], [ [ [ 174.7895428, -36.8807319 ], [ 174.7899756, -36.8809287 ], [ 174.7896383, -36.8814084 ], [ 174.7900846, -36.881611 ], [ 174.7901054, -36.8815798 ], [ 174.7903397, -36.8816885 ], [ 174.7898569, -36.8823682 ], [ 174.7903456, -36.8825972 ], [ 174.7915289, -36.8809228 ], [ 174.791511, -36.8808819 ], [ 174.790039, -36.8804117 ], [ 174.7895428, -36.8807319 ] ] ], [ [ [ 174.7850221, -36.8825143 ], [ 174.7858796, -36.8819652 ], [ 174.7855004, -36.8816319 ], [ 174.7838094, -36.8798848 ], [ 174.7831422, -36.8802445 ], [ 174.7850221, -36.8825143 ] ] ], [ [ [ 174.7942183, -36.8815319 ], [ 174.794262, -36.881515 ], [ 174.7947067, -36.8804958 ], [ 174.7926085, -36.8798268 ], [ 174.7925503, -36.8798435 ], [ 174.7918944, -36.8807725 ], [ 174.7919131, -36.8808153 ], [ 174.7937172, -36.8813915 ], [ 174.7942183, -36.8815319 ] ] ], [ [ [ 174.7895039, -36.8798913 ], [ 174.7894869, -36.8798895 ], [ 174.7890348, -36.8801781 ], [ 174.7895052, -36.880648 ], [ 174.7899633, -36.8803525 ], [ 174.7895039, -36.8798913 ] ] ], [ [ [ 174.7910184, -36.8793202 ], [ 174.7909865, -36.8793101 ], [ 174.7907266, -36.8798323 ], [ 174.7905146, -36.8797647 ], [ 174.790195, -36.8794418 ], [ 174.7901574, -36.8794656 ], [ 174.7904523, -36.8797636 ], [ 174.7902539, -36.8799245 ], [ 174.7902719, -36.8799428 ], [ 174.790011, -36.8801091 ], [ 174.7901533, -36.8802532 ], [ 174.7916234, -36.8807227 ], [ 174.7916683, -36.8807182 ], [ 174.7920597, -36.8801709 ], [ 174.7917091, -36.8800576 ], [ 174.7916717, -36.8801338 ], [ 174.791041, -36.8799325 ], [ 174.7910547, -36.8799051 ], [ 174.7909394, -36.8798684 ], [ 174.7908441, -36.8796703 ], [ 174.7910184, -36.8793202 ] ] ], [ [ [ 174.7918237, -36.8793391 ], [ 174.7920573, -36.8788568 ], [ 174.7921153, -36.8781983 ], [ 174.7921277, -36.8781606 ], [ 174.7917339, -36.8780878 ], [ 174.7916164, -36.878102 ], [ 174.7914243, -36.8781061 ], [ 174.7911563, -36.8780734 ], [ 174.7909327, -36.8780062 ], [ 174.7903166, -36.8789017 ], [ 174.7917874, -36.8793636 ], [ 174.7918237, -36.8793391 ] ] ], [ [ [ 174.7839193, -36.873597 ], [ 174.7839069, -36.8736105 ], [ 174.7838083, -36.8735502 ], [ 174.7837297, -36.873559 ], [ 174.7833331, -36.8739877 ], [ 174.7833402, -36.8740261 ], [ 174.784734, -36.8748595 ], [ 174.7848022, -36.8748784 ], [ 174.7848716, -36.8748625 ], [ 174.7849172, -36.8748176 ], [ 174.7850505, -36.8744627 ], [ 174.7847594, -36.8742963 ], [ 174.7849256, -36.8741181 ], [ 174.7846535, -36.8739563 ], [ 174.7846201, -36.8739899 ], [ 174.7842115, -36.8737415 ], [ 174.7841935, -36.873761 ], [ 174.7839193, -36.873597 ] ] ], [ [ [ 174.7841043, -36.8720633 ], [ 174.7838208, -36.8720014 ], [ 174.7836299, -36.8717974 ], [ 174.783616, -36.8717873 ], [ 174.7836066, -36.8717923 ], [ 174.7834152, -36.871628 ], [ 174.7834261, -36.8716214 ], [ 174.7832919, -36.8715001 ], [ 174.7831531, -36.871409 ], [ 174.7830634, -36.8711223 ], [ 174.7829492, -36.8709669 ], [ 174.7829455, -36.8709365 ], [ 174.7828241, -36.8708524 ], [ 174.7827993, -36.8708081 ], [ 174.7828055, -36.8707287 ], [ 174.7828392, -36.8706739 ], [ 174.782911, -36.8706037 ], [ 174.7829361, -36.8705576 ], [ 174.7829544, -36.8704228 ], [ 174.7829434, -36.870357 ], [ 174.7828632, -36.8701858 ], [ 174.7828478, -36.8700994 ], [ 174.782796, -36.8700263 ], [ 174.7827854, -36.869973 ], [ 174.7827105, -36.86986 ], [ 174.782699, -36.8697593 ], [ 174.7826765, -36.8696913 ], [ 174.7826331, -36.8696404 ], [ 174.7825552, -36.869598 ], [ 174.7825361, -36.8695678 ], [ 174.7825482, -36.86955 ], [ 174.7825297, -36.8695218 ], [ 174.7825547, -36.8695159 ], [ 174.7825407, -36.8694587 ], [ 174.7825539, -36.8693729 ], [ 174.782517, -36.8692863 ], [ 174.7825255, -36.8692232 ], [ 174.782466, -36.8691515 ], [ 174.7824549, -36.8691116 ], [ 174.7824019, -36.8690867 ], [ 174.7824607, -36.869095 ], [ 174.7824997, -36.8691451 ], [ 174.7825325, -36.8692092 ], [ 174.7825333, -36.8692994 ], [ 174.7825661, -36.8693575 ], [ 174.7837132, -36.869386 ], [ 174.7837361, -36.8685422 ], [ 174.7834165, -36.8672495 ], [ 174.7832513, -36.8672721 ], [ 174.7829159, -36.8679524 ], [ 174.7828782, -36.8688023 ], [ 174.7823054, -36.8688854 ], [ 174.7818191, -36.8692418 ], [ 174.7823078, -36.8705756 ], [ 174.7823673, -36.8707379 ], [ 174.78228, -36.8707728 ], [ 174.7822466, -36.8708915 ], [ 174.7823999, -36.870911 ], [ 174.781933, -36.871258 ], [ 174.7822265, -36.8715065 ], [ 174.7814442, -36.8720902 ], [ 174.781878, -36.8723522 ], [ 174.7818945, -36.8723377 ], [ 174.7820965, -36.8724583 ], [ 174.7826393, -36.8726481 ], [ 174.7831034, -36.8721112 ], [ 174.7832903, -36.8722127 ], [ 174.7827191, -36.8728735 ], [ 174.7823417, -36.8727416 ], [ 174.7818791, -36.8724652 ], [ 174.7818311, -36.8724708 ], [ 174.7814583, -36.8728685 ], [ 174.7814652, -36.8729068 ], [ 174.7831927, -36.8739369 ], [ 174.7837067, -36.8733813 ], [ 174.7833618, -36.8731908 ], [ 174.7835572, -36.8729631 ], [ 174.7837525, -36.8727624 ], [ 174.7839327, -36.8726036 ], [ 174.784042, -36.8724834 ], [ 174.7840047, -36.8724518 ], [ 174.7840582, -36.8724006 ], [ 174.7841499, -36.8723642 ], [ 174.784238, -36.8723664 ], [ 174.784766, -36.872478 ], [ 174.7848922, -36.8725181 ], [ 174.7849523, -36.8725734 ], [ 174.7849761, -36.8726367 ], [ 174.7850493, -36.8726834 ], [ 174.7852326, -36.8727061 ], [ 174.7855258, -36.8727625 ], [ 174.7855352, -36.8727268 ], [ 174.7850882, -36.8726422 ], [ 174.7851002, -36.872555 ], [ 174.7849193, -36.8724297 ], [ 174.7848548, -36.8722615 ], [ 174.7846916, -36.8723171 ], [ 174.7845544, -36.8722379 ], [ 174.7845101, -36.8721859 ], [ 174.7844109, -36.8721419 ], [ 174.7841689, -36.8721091 ], [ 174.7841043, -36.8720633 ] ] ], [ [ [ 174.7847395, -36.8679556 ], [ 174.784346, -36.8679629 ], [ 174.7841681, -36.8672461 ], [ 174.7847492, -36.8667755 ], [ 174.7843903, -36.8664813 ], [ 174.7836117, -36.8671117 ], [ 174.7839655, -36.8685118 ], [ 174.7839549, -36.8689006 ], [ 174.784406, -36.86891 ], [ 174.7844097, -36.8687562 ], [ 174.7844368, -36.8687568 ], [ 174.7846263, -36.8686261 ], [ 174.7846888, -36.8685438 ], [ 174.7846946, -36.8683283 ], [ 174.784719, -36.8683355 ], [ 174.7847463, -36.8681909 ], [ 174.7847395, -36.8679556 ] ] ], [ [ [ 174.7854921, -36.8663361 ], [ 174.7850537, -36.865959 ], [ 174.7845366, -36.8663663 ], [ 174.7845361, -36.8664051 ], [ 174.7850237, -36.8668054 ], [ 174.7850839, -36.8668704 ], [ 174.7851296, -36.8669425 ], [ 174.7854425, -36.8667758 ], [ 174.7854294, -36.8667636 ], [ 174.7857223, -36.8665112 ], [ 174.7854921, -36.8663361 ] ] ], [ [ [ 174.7837518, -36.8619326 ], [ 174.7834098, -36.8617915 ], [ 174.7827919, -36.8622325 ], [ 174.7835089, -36.8627209 ], [ 174.7840361, -36.862248 ], [ 174.7842283, -36.8622872 ], [ 174.7842826, -36.8623121 ], [ 174.7847444, -36.8619857 ], [ 174.7840365, -36.8617294 ], [ 174.7837518, -36.8619326 ] ] ], [ [ [ 174.7837285, -36.8617838 ], [ 174.7839139, -36.8616515 ], [ 174.7838663, -36.8615777 ], [ 174.783799, -36.8615173 ], [ 174.7839003, -36.8614444 ], [ 174.7837937, -36.8613483 ], [ 174.7843323, -36.8609603 ], [ 174.7846015, -36.8611631 ], [ 174.7847443, -36.8610622 ], [ 174.7849754, -36.861269 ], [ 174.7843547, -36.861709 ], [ 174.7850502, -36.8619609 ], [ 174.7860772, -36.8627074 ], [ 174.7863624, -36.8625135 ], [ 174.7852195, -36.8614877 ], [ 174.7856158, -36.8608891 ], [ 174.7853647, -36.8605669 ], [ 174.7851612, -36.8607137 ], [ 174.7846592, -36.8605517 ], [ 174.7846211, -36.8605786 ], [ 174.7845721, -36.8605893 ], [ 174.7844447, -36.8606845 ], [ 174.7843323, -36.8607238 ], [ 174.7834863, -36.8607741 ], [ 174.7832054, -36.8607292 ], [ 174.7828926, -36.86064 ], [ 174.7828463, -36.8606558 ], [ 174.7823202, -36.8615835 ], [ 174.7822968, -36.8615749 ], [ 174.7822021, -36.8617308 ], [ 174.7821898, -36.861785 ], [ 174.7822056, -36.8618322 ], [ 174.7822381, -36.8618661 ], [ 174.7826734, -36.8621518 ], [ 174.7833864, -36.861643 ], [ 174.7837285, -36.8617838 ] ] ], [ [ [ 174.7880481, -36.8572624 ], [ 174.7891392, -36.8557039 ], [ 174.7891365, -36.8556891 ], [ 174.7888498, -36.8554102 ], [ 174.7884314, -36.8552289 ], [ 174.7874591, -36.8566401 ], [ 174.7880481, -36.8572624 ] ] ], [ [ [ 174.7868182, -36.8549954 ], [ 174.7862074, -36.8550565 ], [ 174.7862817, -36.8555734 ], [ 174.7859488, -36.8556226 ], [ 174.7859583, -36.8556918 ], [ 174.785789, -36.8557165 ], [ 174.7857486, -36.8554202 ], [ 174.785698, -36.8554275 ], [ 174.7857289, -36.8556547 ], [ 174.7855168, -36.8556858 ], [ 174.7858746, -36.8564576 ], [ 174.7861048, -36.8567348 ], [ 174.786122, -36.8567211 ], [ 174.7865098, -36.8571667 ], [ 174.7870192, -36.8567855 ], [ 174.7870774, -36.8567146 ], [ 174.7871036, -36.8566463 ], [ 174.7871046, -36.8565607 ], [ 174.7868182, -36.8549954 ] ] ], [ [ [ 174.7847528, -36.8556977 ], [ 174.7846515, -36.855826 ], [ 174.7849624, -36.8561924 ], [ 174.7851244, -36.8561172 ], [ 174.7851176, -36.8561092 ], [ 174.7851075, -36.8561149 ], [ 174.7847528, -36.8556977 ] ] ], [ [ [ 174.7869513, -36.8544714 ], [ 174.7872943, -36.8563505 ], [ 174.7873109, -36.8563754 ], [ 174.7873507, -36.8563859 ], [ 174.7873911, -36.8563646 ], [ 174.7886236, -36.8545734 ], [ 174.7882531, -36.8544724 ], [ 174.7874771, -36.8544406 ], [ 174.7869513, -36.8544714 ] ] ], [ [ [ 174.789281, -36.8539926 ], [ 174.7885189, -36.855105 ], [ 174.7889223, -36.8552858 ], [ 174.78922, -36.8555818 ], [ 174.7900822, -36.8543527 ], [ 174.7900691, -36.8543154 ], [ 174.7893274, -36.8539819 ], [ 174.789281, -36.8539926 ] ] ], [ [ [ 174.7826289, -36.8524052 ], [ 174.7826356, -36.8525527 ], [ 174.7827636, -36.8533388 ], [ 174.7828747, -36.8533271 ], [ 174.7829868, -36.8538117 ], [ 174.7827698, -36.8538191 ], [ 174.782939, -36.8546038 ], [ 174.7836248, -36.85464 ], [ 174.7836193, -36.854599 ], [ 174.7836266, -36.8546401 ], [ 174.784705, -36.8546971 ], [ 174.7845635, -36.853898 ], [ 174.7844435, -36.8531256 ], [ 174.785326, -36.8529579 ], [ 174.7852466, -36.8526919 ], [ 174.7851862, -36.8527003 ], [ 174.7851267, -36.8524289 ], [ 174.7847139, -36.8524868 ], [ 174.7845877, -36.8518078 ], [ 174.7826584, -36.8520809 ], [ 174.7826289, -36.8524052 ] ] ], [ [ [ 174.7850419, -36.8520226 ], [ 174.7849825, -36.851752 ], [ 174.7847566, -36.8517838 ], [ 174.7848567, -36.8523274 ], [ 174.7852121, -36.8522774 ], [ 174.7851529, -36.8520069 ], [ 174.7850419, -36.8520226 ] ] ], [ [ [ 174.783498, -36.8510137 ], [ 174.782586, -36.8512075 ], [ 174.7826332, -36.8513201 ], [ 174.7827083, -36.8519326 ], [ 174.7837128, -36.8517908 ], [ 174.7837039, -36.8517508 ], [ 174.7838088, -36.851736 ], [ 174.7838175, -36.8517759 ], [ 174.7845058, -36.8516792 ], [ 174.7844035, -36.8512127 ], [ 174.7844035, -36.8491957 ], [ 174.7843655, -36.8492163 ], [ 174.784118, -36.8492789 ], [ 174.783616, -36.8492735 ], [ 174.7836365, -36.8491639 ], [ 174.7837268, -36.8490726 ], [ 174.7838341, -36.8490928 ], [ 174.7840775, -36.8489253 ], [ 174.7841124, -36.8488413 ], [ 174.7833064, -36.8488785 ], [ 174.782114, -36.850085 ], [ 174.7822314, -36.8503641 ], [ 174.7833976, -36.8500471 ], [ 174.783798, -36.850035 ], [ 174.7837982, -36.8502164 ], [ 174.7834617, -36.8502265 ], [ 174.783498, -36.8510137 ] ] ], [ [ [ 174.8457721, -36.9018654 ], [ 174.8454708, -36.9016406 ], [ 174.8445104, -36.902527 ], [ 174.8457721, -36.9018654 ] ] ], [ [ [ 174.845512, -36.901608 ], [ 174.8458305, -36.9018346 ], [ 174.8464044, -36.9015361 ], [ 174.8460193, -36.9011628 ], [ 174.845512, -36.901608 ] ] ], [ [ [ 174.8432036, -36.9017116 ], [ 174.8440988, -36.9020642 ], [ 174.8441477, -36.9020806 ], [ 174.8441869, -36.9020159 ], [ 174.8442823, -36.9020531 ], [ 174.8444409, -36.9018818 ], [ 174.8443752, -36.9018063 ], [ 174.8445001, -36.9016608 ], [ 174.8449431, -36.9012519 ], [ 174.8448537, -36.9011911 ], [ 174.8448611, -36.9011842 ], [ 174.843699, -36.9007353 ], [ 174.8431426, -36.9016552 ], [ 174.8431694, -36.9016905 ], [ 174.8432036, -36.9017116 ] ] ], [ [ [ 174.8481639, -36.8992325 ], [ 174.8478051, -36.8996165 ], [ 174.8470507, -36.9002871 ], [ 174.8471023, -36.9003248 ], [ 174.8461989, -36.9011368 ], [ 174.8461985, -36.9011955 ], [ 174.8464991, -36.901487 ], [ 174.8484985, -36.9004364 ], [ 174.8478496, -36.8996508 ], [ 174.8485181, -36.8990822 ], [ 174.8492711, -36.8986707 ], [ 174.8488808, -36.8985624 ], [ 174.8481639, -36.8992325 ] ] ], [ [ [ 174.8464527, -36.9001974 ], [ 174.8464599, -36.9001767 ], [ 174.8474774, -36.8992798 ], [ 174.8474948, -36.8992305 ], [ 174.8479746, -36.8987909 ], [ 174.8480314, -36.8987103 ], [ 174.8480452, -36.8986445 ], [ 174.8480341, -36.8985755 ], [ 174.8479931, -36.8985064 ], [ 174.8478853, -36.8984126 ], [ 174.8478766, -36.8983692 ], [ 174.8478967, -36.8983088 ], [ 174.8457597, -36.8977972 ], [ 174.8456259, -36.8977793 ], [ 174.8455202, -36.8978222 ], [ 174.8454306, -36.8978973 ], [ 174.8453611, -36.8979803 ], [ 174.8437469, -36.900632 ], [ 174.8449554, -36.9010964 ], [ 174.8452294, -36.9008415 ], [ 174.8464527, -36.9001974 ] ] ], [ [ [ 174.8397202, -36.8984149 ], [ 174.8402111, -36.8985964 ], [ 174.8403484, -36.8983569 ], [ 174.8398299, -36.898231 ], [ 174.8397202, -36.8984149 ] ] ], [ [ [ 174.8399943, -36.8979545 ], [ 174.8398585, -36.8981829 ], [ 174.8404434, -36.8983281 ], [ 174.8405408, -36.8981647 ], [ 174.8399943, -36.8979545 ] ] ], [ [ [ 174.8400121, -36.8979249 ], [ 174.8405581, -36.8981348 ], [ 174.8408037, -36.8977229 ], [ 174.8402578, -36.897513 ], [ 174.8400121, -36.8979249 ] ] ], [ [ [ 174.8402926, -36.8974532 ], [ 174.8408391, -36.8976635 ], [ 174.840974, -36.8974368 ], [ 174.8415726, -36.8975775 ], [ 174.8418436, -36.8968431 ], [ 174.8408242, -36.8966035 ], [ 174.8407931, -36.8966147 ], [ 174.8402926, -36.8974532 ] ] ], [ [ [ 174.8443885, -36.8966687 ], [ 174.8442242, -36.8971497 ], [ 174.84424, -36.8971725 ], [ 174.8445795, -36.8972529 ], [ 174.8447616, -36.8967571 ], [ 174.8443885, -36.8966687 ] ] ], [ [ [ 174.8426812, -36.8962118 ], [ 174.8424905, -36.8967308 ], [ 174.8425286, -36.8967873 ], [ 174.8439399, -36.8971255 ], [ 174.8440088, -36.8970947 ], [ 174.8441829, -36.8965841 ], [ 174.8438542, -36.8964929 ], [ 174.8426812, -36.8962118 ] ] ], [ [ [ 174.847867, -36.8978888 ], [ 174.847943, -36.8976604 ], [ 174.8479409, -36.8975307 ], [ 174.8479069, -36.8974258 ], [ 174.8478144, -36.8974038 ], [ 174.847847, -36.8973177 ], [ 174.8469681, -36.8971574 ], [ 174.8470002, -36.8970709 ], [ 174.8478717, -36.8972297 ], [ 174.8479122, -36.8971016 ], [ 174.8479661, -36.8970023 ], [ 174.8480402, -36.8969118 ], [ 174.8481324, -36.8968327 ], [ 174.8483105, -36.8967354 ], [ 174.8485822, -36.8966584 ], [ 174.8487245, -36.8966031 ], [ 174.8488549, -36.8965315 ], [ 174.8489705, -36.896445 ], [ 174.8490862, -36.8963244 ], [ 174.8491732, -36.8961892 ], [ 174.8492217, -36.8960684 ], [ 174.8491828, -36.8960143 ], [ 174.8477183, -36.8951331 ], [ 174.8473486, -36.8950494 ], [ 174.8472033, -36.8954637 ], [ 174.8468853, -36.8958016 ], [ 174.8462619, -36.8962302 ], [ 174.8459657, -36.8964951 ], [ 174.8456776, -36.8964201 ], [ 174.8454679, -36.8969904 ], [ 174.8452219, -36.8969321 ], [ 174.8450845, -36.8973066 ], [ 174.8456585, -36.8974425 ], [ 174.8456425, -36.8974853 ], [ 174.8469124, -36.8977899 ], [ 174.8469286, -36.8977468 ], [ 174.8470924, -36.8977859 ], [ 174.8470763, -36.8978291 ], [ 174.8472251, -36.8978504 ], [ 174.8477089, -36.8979663 ], [ 174.8477605, -36.8979618 ], [ 174.847829, -36.8979356 ], [ 174.847867, -36.8978888 ] ] ], [ [ [ 174.8402957, -36.8957901 ], [ 174.840153, -36.8961818 ], [ 174.8410953, -36.8964032 ], [ 174.8411218, -36.8963303 ], [ 174.8404687, -36.8956273 ], [ 174.8402957, -36.8957901 ] ] ], [ [ [ 174.8409367, -36.8958282 ], [ 174.841563, -36.8965025 ], [ 174.8422198, -36.8966673 ], [ 174.8422899, -36.8966365 ], [ 174.8428369, -36.895148 ], [ 174.8427926, -36.895077 ], [ 174.8420543, -36.8948568 ], [ 174.8414794, -36.895503 ], [ 174.8409367, -36.8958282 ] ] ], [ [ [ 174.8522385, -36.8950003 ], [ 174.851674, -36.8957823 ], [ 174.8510485, -36.8965429 ], [ 174.850794, -36.8968144 ], [ 174.8519444, -36.8970365 ], [ 174.8527404, -36.8943508 ], [ 174.8528414, -36.8941811 ], [ 174.8532645, -36.8935666 ], [ 174.853254, -36.8935098 ], [ 174.853168, -36.8934676 ], [ 174.8530908, -36.8934469 ], [ 174.8527127, -36.8941562 ], [ 174.8527491, -36.8941632 ], [ 174.8527233, -36.894213 ], [ 174.8522385, -36.8950003 ] ] ], [ [ [ 174.8511846, -36.8955167 ], [ 174.8522222, -36.8939767 ], [ 174.8522865, -36.8937444 ], [ 174.8522819, -36.8936062 ], [ 174.8522081, -36.8934807 ], [ 174.8521502, -36.8934628 ], [ 174.8505214, -36.893795 ], [ 174.8494489, -36.8948497 ], [ 174.8493469, -36.8958804 ], [ 174.850017, -36.8968085 ], [ 174.8502423, -36.8967148 ], [ 174.850352, -36.8966088 ], [ 174.8504654, -36.896402 ], [ 174.8507003, -36.8960894 ], [ 174.8509578, -36.8956883 ], [ 174.8509877, -36.895701 ], [ 174.8511461, -36.8955036 ], [ 174.8511846, -36.8955167 ] ] ], [ [ [ 174.79677, -36.8941609 ], [ 174.7974381, -36.8946483 ], [ 174.7983056, -36.8948856 ], [ 174.7986802, -36.8939995 ], [ 174.7977355, -36.8933087 ], [ 174.79677, -36.8941609 ] ] ], [ [ [ 174.7992808, -36.8941272 ], [ 174.7993132, -36.894125 ], [ 174.7997666, -36.8936576 ], [ 174.7992743, -36.8932976 ], [ 174.7992393, -36.8933309 ], [ 174.7987453, -36.8929693 ], [ 174.7982705, -36.8933881 ], [ 174.7992808, -36.8941272 ] ] ], [ [ [ 174.8533644, -36.8937959 ], [ 174.8531722, -36.8942447 ], [ 174.8551919, -36.894632 ], [ 174.8552291, -36.8946182 ], [ 174.8552498, -36.8945899 ], [ 174.855838, -36.89255 ], [ 174.8545143, -36.8922343 ], [ 174.8544166, -36.8922664 ], [ 174.8533644, -36.8937959 ] ] ], [ [ [ 174.8542907, -36.8920744 ], [ 174.8542271, -36.8920247 ], [ 174.8543323, -36.8917264 ], [ 174.8539707, -36.8915944 ], [ 174.8538663, -36.8918906 ], [ 174.8538809, -36.892011 ], [ 174.85367, -36.8923095 ], [ 174.8532238, -36.8932911 ], [ 174.8533537, -36.8933255 ], [ 174.8534508, -36.8932949 ], [ 174.8542907, -36.8920744 ] ] ], [ [ [ 174.800402, -36.8916344 ], [ 174.7997659, -36.8911599 ], [ 174.7996439, -36.8912677 ], [ 174.7992646, -36.8909904 ], [ 174.7973278, -36.8926993 ], [ 174.7980473, -36.893226 ], [ 174.7980819, -36.8932404 ], [ 174.7981207, -36.893239 ], [ 174.7981535, -36.8932221 ], [ 174.7998191, -36.8917528 ], [ 174.7998523, -36.8917345 ], [ 174.799938, -36.8918398 ], [ 174.8002611, -36.8920761 ], [ 174.8003094, -36.8920743 ], [ 174.800643, -36.8917802 ], [ 174.800402, -36.8916344 ] ] ], [ [ [ 174.7966599, -36.8908844 ], [ 174.797983, -36.8918518 ], [ 174.7992189, -36.8907616 ], [ 174.7975943, -36.8900596 ], [ 174.7966599, -36.8908844 ] ] ], [ [ [ 174.8012632, -36.8880016 ], [ 174.8012795, -36.887937 ], [ 174.80125, -36.8878576 ], [ 174.8011424, -36.887945 ], [ 174.8006021, -36.8882909 ], [ 174.8004643, -36.8884941 ], [ 174.8002958, -36.8886018 ], [ 174.8001461, -36.8885824 ], [ 174.7997227, -36.8888532 ], [ 174.7995886, -36.888962 ], [ 174.7995964, -36.889043 ], [ 174.8010808, -36.8900711 ], [ 174.8014528, -36.8894332 ], [ 174.8014859, -36.8893289 ], [ 174.8011892, -36.8892082 ], [ 174.800793, -36.8890282 ], [ 174.8011731, -36.8887148 ], [ 174.8012423, -36.8886279 ], [ 174.8011775, -36.888332 ], [ 174.8011531, -36.8881172 ], [ 174.8012632, -36.8880016 ] ] ], [ [ [ 174.799546, -36.8877371 ], [ 174.7988797, -36.8881286 ], [ 174.7987779, -36.8881159 ], [ 174.7984081, -36.8883332 ], [ 174.7980842, -36.8885969 ], [ 174.7980464, -36.8886618 ], [ 174.7980392, -36.8889324 ], [ 174.798005, -36.888952 ], [ 174.7986701, -36.8895601 ], [ 174.7990667, -36.8898817 ], [ 174.7994944, -36.8894825 ], [ 174.7990464, -36.8891673 ], [ 174.7993158, -36.8889136 ], [ 174.7994074, -36.8888969 ], [ 174.799532, -36.8887796 ], [ 174.8000077, -36.8884755 ], [ 174.800031, -36.8883108 ], [ 174.7997178, -36.8879248 ], [ 174.799546, -36.8877371 ] ] ], [ [ [ 174.8014556, -36.8874886 ], [ 174.8014134, -36.8876276 ], [ 174.801581, -36.8876743 ], [ 174.8016339, -36.8876521 ], [ 174.8020193, -36.8870023 ], [ 174.8019871, -36.8869599 ], [ 174.8013642, -36.886719 ], [ 174.8014646, -36.8873621 ], [ 174.8014556, -36.8874886 ] ] ], [ [ [ 174.7998071, -36.8872123 ], [ 174.7998157, -36.8871732 ], [ 174.7982477, -36.8852714 ], [ 174.7978896, -36.885407 ], [ 174.7979051, -36.8854262 ], [ 174.7974061, -36.8856152 ], [ 174.797902, -36.8862131 ], [ 174.7978739, -36.8862258 ], [ 174.7990607, -36.8876514 ], [ 174.7998071, -36.8872123 ] ] ], [ [ [ 174.8036843, -36.886273 ], [ 174.8030682, -36.885601 ], [ 174.8030245, -36.8855809 ], [ 174.802961, -36.8855846 ], [ 174.802874, -36.8856274 ], [ 174.8016453, -36.8863536 ], [ 174.8024582, -36.8864085 ], [ 174.8024363, -36.8863846 ], [ 174.8027216, -36.8864181 ], [ 174.8036843, -36.886273 ] ] ], [ [ [ 174.7996245, -36.8843048 ], [ 174.7989065, -36.8839633 ], [ 174.7987886, -36.8843044 ], [ 174.7987362, -36.8842772 ], [ 174.7984128, -36.8852253 ], [ 174.7996179, -36.8866873 ], [ 174.7996412, -36.8866749 ], [ 174.7999792, -36.8870765 ], [ 174.8000376, -36.8870859 ], [ 174.801208, -36.8863895 ], [ 174.8015749, -36.8848542 ], [ 174.8010984, -36.8847768 ], [ 174.8011196, -36.8846414 ], [ 174.8016068, -36.8847205 ], [ 174.8017251, -36.8842249 ], [ 174.8010969, -36.8841272 ], [ 174.8010373, -36.8844885 ], [ 174.7996615, -36.8843589 ], [ 174.7996245, -36.8843048 ] ], [ [ 174.8011409, -36.8855146 ], [ 174.8009639, -36.8854875 ], [ 174.8010108, -36.8852912 ], [ 174.8011975, -36.8853474 ], [ 174.801169, -36.8854667 ], [ 174.8011529, -36.8854642 ], [ 174.8011409, -36.8855146 ] ] ], [ [ [ 174.803726, -36.8848997 ], [ 174.8032801, -36.8844132 ], [ 174.8027275, -36.884346 ], [ 174.802724, -36.8843627 ], [ 174.8019492, -36.8842433 ], [ 174.801618, -36.88563 ], [ 174.8020148, -36.8859142 ], [ 174.803726, -36.8848997 ] ] ], [ [ [ 174.7985941, -36.8841927 ], [ 174.7981808, -36.8840023 ], [ 174.7982126, -36.8839666 ], [ 174.7980149, -36.883862 ], [ 174.7976329, -36.8842798 ], [ 174.7982888, -36.8850751 ], [ 174.7985941, -36.8841927 ] ] ], [ [ [ 174.858658, -36.8839438 ], [ 174.8589885, -36.8840007 ], [ 174.8591015, -36.8835779 ], [ 174.8593021, -36.8836124 ], [ 174.8595604, -36.8826455 ], [ 174.8589972, -36.8825484 ], [ 174.8586154, -36.8838901 ], [ 174.858658, -36.8839438 ] ] ], [ [ [ 174.8576513, -36.8833908 ], [ 174.8576424, -36.8835168 ], [ 174.8577575, -36.8837603 ], [ 174.8578571, -36.8838294 ], [ 174.8583089, -36.8839126 ], [ 174.8583891, -36.8838727 ], [ 174.8587615, -36.8825633 ], [ 174.8587253, -36.8825166 ], [ 174.8578275, -36.8823519 ], [ 174.8577557, -36.882356 ], [ 174.8574274, -36.8824584 ], [ 174.8573989, -36.88251 ], [ 174.857709, -36.8831552 ], [ 174.8577116, -36.883297 ], [ 174.8576513, -36.8833908 ] ] ] ] } },
{ "type": "Feature", "properties": { "category": "75m" }, "geometry": { "type": "Polygon", "coordinates": [ [ [ 174.757568, -36.7803347 ], [ 174.7559786, -36.7801599 ], [ 174.7557459, -36.7816604 ], [ 174.7582964, -36.7819518 ], [ 174.7585062, -36.7806252 ], [ 174.757543, -36.780513 ], [ 174.757568, -36.7803347 ] ] ] } },
{ "type": "Feature", "properties": { "category": "7m" }, "geometry": { "type": "Polygon", "coordinates": [ [ [ 174.9300027, -36.8926877 ], [ 174.9303126, -36.8924117 ], [ 174.9300073, -36.8921905 ], [ 174.9296577, -36.8925027 ], [ 174.9299227, -36.8926913 ], [ 174.9300027, -36.8926877 ] ] ] } },
{ "type": "Feature", "properties": { "category": "8m" }, "geometry": { "type": "Polygon", "coordinates": [ [ [ 174.9296845, -36.8918285 ], [ 174.9294449, -36.8916581 ], [ 174.9290125, -36.8920445 ], [ 174.9292518, -36.8922147 ], [ 174.9296845, -36.8918285 ] ] ] } },
{ "type": "Feature", "properties": { "category": "9m" }, "geometry": { "type": "MultiPolygon", "coordinates": [ [ [ [ 174.9286951, -36.8956085 ], [ 174.9300647, -36.8930495 ], [ 174.9296445, -36.8927629 ], [ 174.9289965, -36.8939576 ], [ 174.9288323, -36.8940899 ], [ 174.9286206, -36.8944854 ], [ 174.9286182, -36.8946995 ], [ 174.9281392, -36.8948567 ], [ 174.9285206, -36.8956072 ], [ 174.9286951, -36.8956085 ] ] ], [ [ [ 174.7966228, -36.8319101 ], [ 174.796411, -36.8318679 ], [ 174.7963786, -36.831973 ], [ 174.7966461, -36.8320264 ], [ 174.7966744, -36.8320242 ], [ 174.796721, -36.8319967 ], [ 174.7974221, -36.8307992 ], [ 174.7973009, -36.830752 ], [ 174.7966228, -36.8319101 ] ] ], [ [ [ 174.796086, -36.8305862 ], [ 174.7955687, -36.8314887 ], [ 174.7958871, -36.8316185 ], [ 174.7964122, -36.8307104 ], [ 174.796086, -36.8305862 ] ] ], [ [ [ 174.7967876, -36.8305528 ], [ 174.7966869, -36.8305137 ], [ 174.7965353, -36.8307619 ], [ 174.7966396, -36.8308019 ], [ 174.7967876, -36.8305528 ] ] ], [ [ [ 174.7975152, -36.8306342 ], [ 174.7977121, -36.8303053 ], [ 174.7977308, -36.8296885 ], [ 174.7975951, -36.8296877 ], [ 174.7975784, -36.8302785 ], [ 174.7973921, -36.8305862 ], [ 174.7975152, -36.8306342 ] ] ], [ [ [ 174.7982438, -36.830562 ], [ 174.7983739, -36.8305639 ], [ 174.798379, -36.830344 ], [ 174.7982956, -36.8303428 ], [ 174.7983008, -36.8301222 ], [ 174.7984539, -36.8301236 ], [ 174.7984568, -36.8299876 ], [ 174.7983353, -36.8299862 ], [ 174.7983382, -36.8297349 ], [ 174.7983795, -36.829522 ], [ 174.7983956, -36.8295222 ], [ 174.7983986, -36.829399 ], [ 174.7979554, -36.8293939 ], [ 174.7979527, -36.829516 ], [ 174.7979865, -36.8295165 ], [ 174.797976, -36.8299819 ], [ 174.7979677, -36.8303377 ], [ 174.797923, -36.8307932 ], [ 174.7980706, -36.8308511 ], [ 174.7982438, -36.830562 ] ] ], [ [ [ 174.7971752, -36.8300288 ], [ 174.7965042, -36.8297545 ], [ 174.7962812, -36.8301545 ], [ 174.79696, -36.8304186 ], [ 174.7971752, -36.8300288 ] ] ], [ [ [ 174.7960998, -36.8291581 ], [ 174.7959781, -36.829353 ], [ 174.79591, -36.8293727 ], [ 174.7957053, -36.8293023 ], [ 174.7954009, -36.8298129 ], [ 174.7960786, -36.8300746 ], [ 174.7962532, -36.8297614 ], [ 174.7963331, -36.829792 ], [ 174.7964391, -36.829613 ], [ 174.7964047, -36.8295998 ], [ 174.796585, -36.8292954 ], [ 174.7961459, -36.8291446 ], [ 174.7960998, -36.8291581 ] ] ], [ [ [ 174.7983021, -36.8289989 ], [ 174.7979638, -36.8289945 ], [ 174.7979588, -36.8291867 ], [ 174.7979944, -36.8291871 ], [ 174.7979922, -36.8292854 ], [ 174.798299, -36.8292889 ], [ 174.7983021, -36.8289989 ] ] ], [ [ [ 174.7975893, -36.8289943 ], [ 174.7976027, -36.8290764 ], [ 174.7975919, -36.8295073 ], [ 174.7977293, -36.8295098 ], [ 174.7977379, -36.8290736 ], [ 174.7977202, -36.8289669 ], [ 174.7976938, -36.8289215 ], [ 174.7976066, -36.8288256 ], [ 174.7975281, -36.8287606 ], [ 174.7974415, -36.828827 ], [ 174.7975893, -36.8289943 ] ] ], [ [ [ 174.9343755, -36.8973229 ], [ 174.9344341, -36.8973355 ], [ 174.9345761, -36.8974333 ], [ 174.9347777, -36.8974027 ], [ 174.9347682, -36.8973622 ], [ 174.9346397, -36.8972583 ], [ 174.9345919, -36.8970532 ], [ 174.9344911, -36.8970683 ], [ 174.9342746, -36.8961397 ], [ 174.9341679, -36.8960079 ], [ 174.9336323, -36.8960932 ], [ 174.9339345, -36.8973893 ], [ 174.9343755, -36.8973229 ] ] ], [ [ [ 174.9320349, -36.8966612 ], [ 174.9320167, -36.8965548 ], [ 174.932052, -36.8962299 ], [ 174.9320294, -36.8960849 ], [ 174.931975, -36.8959842 ], [ 174.9318918, -36.8958971 ], [ 174.9318755, -36.8958843 ], [ 174.931772, -36.8958797 ], [ 174.9313327, -36.896171 ], [ 174.9319509, -36.8967842 ], [ 174.9320753, -36.8967636 ], [ 174.9320349, -36.8966612 ] ] ], [ [ [ 174.9335817, -36.8968616 ], [ 174.9332164, -36.8952941 ], [ 174.9329463, -36.8951013 ], [ 174.9324836, -36.8954079 ], [ 174.9324961, -36.8955463 ], [ 174.9325415, -36.895746 ], [ 174.932654, -36.8957285 ], [ 174.9326761, -36.8958527 ], [ 174.9327832, -36.8958403 ], [ 174.9329309, -36.896658 ], [ 174.9323181, -36.896752 ], [ 174.9324018, -36.8968393 ], [ 174.9325094, -36.8969076 ], [ 174.9326126, -36.8969471 ], [ 174.9327465, -36.8969712 ], [ 174.9328836, -36.8969684 ], [ 174.9335817, -36.8968616 ] ] ], [ [ [ 174.9316063, -36.8957546 ], [ 174.9316091, -36.8956832 ], [ 174.9302718, -36.8946741 ], [ 174.9295679, -36.8944368 ], [ 174.9293897, -36.8947696 ], [ 174.9302346, -36.8950615 ], [ 174.9301905, -36.8951463 ], [ 174.9308151, -36.8956656 ], [ 174.9308486, -36.8956413 ], [ 174.9312604, -36.8959838 ], [ 174.9316063, -36.8957546 ] ] ], [ [ [ 174.9344101, -36.8951914 ], [ 174.9343914, -36.8948546 ], [ 174.9341332, -36.8948638 ], [ 174.9341824, -36.8951995 ], [ 174.9344101, -36.8951914 ] ] ], [ [ [ 174.9327137, -36.8944148 ], [ 174.9325442, -36.8945681 ], [ 174.932795, -36.8947471 ], [ 174.9330827, -36.894487 ], [ 174.9333276, -36.8945349 ], [ 174.9333592, -36.8946513 ], [ 174.9332453, -36.8947376 ], [ 174.9331677, -36.8946836 ], [ 174.9329483, -36.8948565 ], [ 174.9334267, -36.8952 ], [ 174.9338336, -36.8952014 ], [ 174.9337708, -36.8947161 ], [ 174.9338349, -36.8952106 ], [ 174.9341628, -36.8952 ], [ 174.9340752, -36.8946274 ], [ 174.9339966, -36.8943517 ], [ 174.9337262, -36.8944023 ], [ 174.9334985, -36.8940602 ], [ 174.9334104, -36.894087 ], [ 174.9329975, -36.8940802 ], [ 174.9321401, -36.8940678 ], [ 174.9320917, -36.894083 ], [ 174.9320615, -36.8941061 ], [ 174.9320405, -36.8941443 ], [ 174.9320394, -36.8941778 ], [ 174.9320786, -36.8942359 ], [ 174.9325344, -36.8945611 ], [ 174.9326993, -36.894412 ], [ 174.9327137, -36.8944148 ] ] ], [ [ [ 174.9314068, -36.8950021 ], [ 174.9320533, -36.8954582 ], [ 174.9322047, -36.8953578 ], [ 174.9320784, -36.8952677 ], [ 174.932154, -36.8951993 ], [ 174.9322936, -36.8952989 ], [ 174.9327514, -36.8949949 ], [ 174.9327522, -36.8949557 ], [ 174.9325663, -36.8948264 ], [ 174.9322896, -36.8950767 ], [ 174.9319828, -36.8948578 ], [ 174.9322596, -36.8946075 ], [ 174.9302458, -36.8931698 ], [ 174.9299876, -36.8936524 ], [ 174.93094, -36.8943325 ], [ 174.9307574, -36.8944974 ], [ 174.9314068, -36.8950021 ] ] ], [ [ [ 174.9326526, -36.8933782 ], [ 174.9326384, -36.8938936 ], [ 174.9330447, -36.8939001 ], [ 174.9330639, -36.8931708 ], [ 174.9329492, -36.8932397 ], [ 174.9326526, -36.8933782 ] ] ], [ [ [ 174.9326384, -36.8938936 ], [ 174.9326572, -36.8931932 ], [ 174.932008, -36.893177 ], [ 174.9318793, -36.8931344 ], [ 174.9317561, -36.8929452 ], [ 174.9311064, -36.893542 ], [ 174.931364, -36.8937259 ], [ 174.9313806, -36.8937018 ], [ 174.9314687, -36.8937637 ], [ 174.9316973, -36.8938676 ], [ 174.9320404, -36.8938838 ], [ 174.9326384, -36.8938936 ] ] ], [ [ [ 174.9301349, -36.8928428 ], [ 174.930397, -36.8930293 ], [ 174.9307402, -36.8927237 ], [ 174.9304292, -36.892513 ], [ 174.9301304, -36.8927791 ], [ 174.9301349, -36.8928428 ] ] ] ] } }
]
}
