{"type":"FeatureCollection","crs":{"type":"name","properties":{"name":"EPSG:4326"}},"features":[{"type":"Feature","id":1,"geometry":{"type":"Polygon","coordinates":[[[174.848624207041,-36.8914197966177,86.6699999999983],[174.856909445245,-36.901143294724,27.75],[174.844921364325,-36.8943518093154,86.6699999999983],[174.848624207041,-36.8914197966177,86.6699999999983]]]},"properties":{"OBJECTID":1,"TYPE":4,"SUBTYPE":null,"SCHEDULE":"W9","NAME":"Mount Wellington","VALIDATIONSTATE":3,"VERSIONSTATUS":4,"GlobalID":"e78d78ac-5939-4565-975f-2e8bed823089"}},{"type":"Feature","id":2,"geometry":{"type":"Polygon","coordinates":[[[174.769964049239,-36.8723517656198,0],[174.770221032841,-36.8728228994749,0],[174.770324834069,-36.8727730995795,0],[174.770387767235,-36.8727653323857,0],[174.770522899559,-36.8727486989887,0],[174.770717382735,-36.8727248318724,0],[174.770636133093,-36.8723610321855,0],[174.770961133344,-36.8724218663295,0],[174.771250417396,-36.8724748991439,0],[174.771566050277,-36.872534782448,0],[174.771487132951,-36.8728456660814,0],[174.771455600003,-36.8729573156972,0],[174.771440717514,-36.8730241160157,0],[174.771296449787,-36.8734991489382,0],[174.771083983395,-36.874216333037,0],[174.770355550761,-36.8743064659347,0],[174.769843266775,-36.8737748991076,0],[174.769601716763,-36.8735252662814,0],[174.769370516021,-36.8732310652419,0],[174.769217150118,-36.873035932919,0],[174.769747283117,-36.872768848889,0],[174.769707616905,-36.8727139153243,0],[174.769659783022,-36.8726476825093,0],[174.769096283968,-36.8728828822958,0],[174.768953416875,-36.8727019994123,0],[174.76954976676,-36.8724953324189,0],[174.76975693251,-36.8724235817321,0],[174.769964049239,-36.8723517656198,0]]]},"properties":{"OBJECTID":2,"TYPE":3,"SUBTYPE":null,"SCHEDULE":null,"NAME":null,"VALIDATIONSTATE":3,"VERSIONSTATUS":4,"GlobalID":"f0fa4333-fd36-4a11-bbfb-575f8c241cc9"}},{"type":"Feature","id":3,"geometry":{"type":"Polygon","coordinates":[[[174.850634054263,-36.8952766262958,48.0298000000039],[174.851781722633,-36.8992058718805,23.6999999999971],[174.848637989193,-36.8969031341343,44.3007000000071],[174.847719468747,-36.8962302879304,50.320000000007],[174.847211081393,-36.8958578695091,53.6515999999974],[174.846462656051,-36.8953096009744,58.5562999999966],[174.846411750109,-36.8952723085248,58.8898999999947],[174.84533523394,-36.8944836683715,65.9447999999975],[174.845315214467,-36.8944690020239,66.0760000000009],[174.844631012394,-36.8939677518952,70.5599999999977],[174.84470709528,-36.8939015269557,70.5599999999977],[174.844784128841,-36.8938360145749,70.5599999999977],[174.844862102095,-36.8937712248363,70.5599999999977],[174.844912064379,-36.8937306615488,70.5599999999977],[174.844941006222,-36.8937071641844,70.5599999999977],[174.845020827997,-36.8936438427373,70.5599999999977],[174.845101558665,-36.8935812696425,70.5599999999977],[174.84518318716,-36.8935194513793,70.5599999999977],[174.84526570248,-36.89345839713,70.5599999999977],[174.845349093626,-36.8933981160771,70.5599999999977],[174.84543334841,-36.8933386147172,70.5599999999977],[174.845518455833,-36.8932799022328,70.5599999999977],[174.845604404851,-36.8932219860042,70.5599999999977],[174.845691184443,-36.8931648743129,70.5599999999977],[174.845778782422,-36.8931085736555,70.5599999999977],[174.845820914585,-36.8930821319826,70.5599999999977],[174.845828848435,-36.8930771532454,70.5599999999977],[174.845867186666,-36.8930530932321,70.5599999999977],[174.845956384968,-36.8929984386385,70.5599999999977],[174.846026292786,-36.8929566248429,70.5599999999977],[174.846046367429,-36.8929446181386,70.5599999999977],[174.846093371363,-36.8929171785997,70.5599999999977],[174.846120344718,-36.8929014323169,70.5599999999977],[174.846137119662,-36.8928916400664,70.5599999999977],[174.846228629459,-36.8928395100176,70.5599999999977],[174.8463208869,-36.8927882353553,70.5599999999977],[174.846354863118,-36.8927698158949,70.5599999999977],[174.846413876434,-36.8927378226289,70.5599999999977],[174.846492779144,-36.8926961084972,70.5599999999977],[174.846496894414,-36.8926939327158,70.5599999999977],[174.846507588141,-36.8926882792014,70.5599999999977],[174.846529415709,-36.892677028421,70.5599999999977],[174.846558801412,-36.8926618826795,70.5599999999977],[174.846602008735,-36.8926396124883,70.5599999999977],[174.846697124865,-36.8925918272021,70.5599999999977],[174.846792924368,-36.8925449307408,70.5599999999977],[174.846889393938,-36.892498929619,70.5599999999977],[174.846986521388,-36.8924538303337,70.5599999999977],[174.847084292248,-36.8924096376151,70.5599999999977],[174.847182694331,-36.8923663579602,70.5599999999977],[174.847281715455,-36.8923239978664,70.5599999999977],[174.847381340047,-36.8922825629821,70.5599999999977],[174.847481555857,-36.8922420571017,70.5599999999977],[174.847582349601,-36.8922024876408,70.5599999999977],[174.847683707952,-36.8921638602134,70.5599999999977],[174.847785617516,-36.8921261777301,70.5599999999977],[174.847888062745,-36.8920894467408,70.5599999999977],[174.847991031432,-36.892053672842,70.5599999999977],[174.848094509063,-36.8920188589619,70.5599999999977],[174.848198483455,-36.8919850115982,70.5599999999977],[174.848302937871,-36.8919521346152,70.5599999999977],[174.848407860064,-36.8919202318076,70.5599999999977],[174.848513235583,-36.8918893088068,70.5599999999977],[174.848619051037,-36.8918593685241,70.5599999999977],[174.848725289691,-36.8918304148239,70.5599999999977],[174.848831940462,-36.8918024532857,70.5599999999977],[174.848938987691,-36.8917754859546,70.5599999999977],[174.849046415766,-36.8917495166779,70.5599999999977],[174.84915421246,-36.8917245501514,70.5599999999977],[174.849262360995,-36.8917005884381,70.5599999999977],[174.849272954922,-36.8916983468533,70.5599999999977],[174.849370849123,-36.8916776353328,70.5599999999977],[174.849402923226,-36.8916711673805,70.5599999999977],[174.849479660086,-36.8916556937995,70.5599999999977],[174.849571397569,-36.8916380289186,70.5599999999977],[174.849631705592,-36.8918445384081,69.2813000000024],[174.849694981509,-36.8920612073671,67.9397000000026],[174.850062291196,-36.8933189257172,60.1518999999971],[174.850311207976,-36.8941712224145,54.8745000000054],[174.850339407987,-36.8942677793984,54.2765999999974],[174.850634054263,-36.8952766262958,48.0298000000039]]]},"properties":{"OBJECTID":3,"TYPE":4,"SUBTYPE":null,"SCHEDULE":"W8","NAME":"Mount Wellington","VALIDATIONSTATE":3,"VERSIONSTATUS":4,"GlobalID":"2c5841c8-1119-44c9-8120-cabd57295260"}},{"type":"Feature","id":4,"geometry":{"type":"Polygon","coordinates":[[[174.848406313597,-36.8980758150184,42.6371999999974],[174.846180112645,-36.9093425714855,18.9700000000012],[174.844794046246,-36.9002096109795,38.0580000000045],[174.843960312555,-36.894714822337,49.5421999999962],[174.843955139102,-36.8946807261132,49.6135000000068],[174.843703501687,-36.8930221081543,53.0800000000017],[174.843759197422,-36.8930167189999,53.0800000000017],[174.843814910701,-36.8930114530291,53.0800000000017],[174.84387064148,-36.8930063084397,53.0800000000017],[174.843926389825,-36.8930012879349,53.0800000000017],[174.84398215455,-36.8929963888289,53.0800000000017],[174.844037935697,-36.8929916129237,53.0800000000017],[174.84409373439,-36.8929869602019,53.0800000000017],[174.84414954724,-36.8929824298147,53.0800000000017],[174.844205376515,-36.8929780226282,53.0800000000017],[174.84426121997,-36.8929737386772,53.0800000000017],[174.844317077584,-36.8929695770608,53.0800000000017],[174.844372949358,-36.8929655377788,53.0800000000017],[174.844428834212,-36.8929616226507,53.0800000000017],[174.844484733227,-36.8929578298571,53.0800000000017],[174.844519105747,-36.8929555736793,53.0800000000017],[174.84454064418,-36.8929541603336,53.0800000000017],[174.844596568194,-36.892950614063,53.0800000000017],[174.844652503003,-36.892947190179,53.0800000000017],[174.84466703905,-36.8929463326115,53.0800000000017],[174.844708450894,-36.8929438904487,53.0800000000017],[174.84476440846,-36.8929407131224,53.0800000000017],[174.844820376844,-36.8929376590837,53.0800000000017],[174.844876356046,-36.8929347283324,53.0800000000017],[174.844932344923,-36.8929319199851,53.0800000000017],[174.844988342397,-36.8929292358611,53.0800000000017],[174.845044349568,-36.892926675042,53.0800000000017],[174.845100364172,-36.8929242366615,53.0800000000017],[174.845156388495,-36.8929219224869,53.0800000000017],[174.84521241913,-36.8929197307684,53.0800000000017],[174.845268458362,-36.8929176632731,53.0800000000017],[174.845324502785,-36.8929157182513,53.0800000000017],[174.845380554685,-36.8929138974701,53.0800000000017],[174.845436612897,-36.892912199145,53.0800000000017],[174.845492676322,-36.8929106241942,53.0800000000017],[174.845548744981,-36.8929091735189,53.0800000000017],[174.845604817709,-36.8929078453344,53.0800000000017],[174.845660895673,-36.8929066414253,53.0800000000017],[174.845716976585,-36.8929055600244,53.0800000000017],[174.845773061611,-36.8929046029164,53.0800000000017],[174.845815279033,-36.892903974841,53.0800000000017],[174.845829149586,-36.8929037683165,53.0800000000017],[174.845885240553,-36.8929030580268,53.0800000000017],[174.845887560597,-36.8929030336911,53.0800000000017],[174.84594133337,-36.8929024711637,53.0800000000017],[174.845997426893,-36.8929020068438,53.0800000000017],[174.846053523409,-36.8929016668339,53.0800000000017],[174.846070322854,-36.8929016022388,53.0800000000017],[174.846109620654,-36.8929014502681,53.0800000000017],[174.846120344718,-36.8929014323169,53.0800000000017],[174.846165717484,-36.8929013562627,53.0800000000017],[174.846221815065,-36.8929013866024,53.0800000000017],[174.846277912253,-36.8929015404034,53.0800000000017],[174.846334009028,-36.8929018167649,53.0800000000017],[174.84639010431,-36.8929022175063,53.0800000000017],[174.846395212416,-36.8929022651928,53.0800000000017],[174.846446198058,-36.8929027408255,53.0800000000017],[174.846465307042,-36.8929029611464,53.0800000000017],[174.846502290314,-36.8929033885245,53.0800000000017],[174.846558378814,-36.8929041597373,53.0800000000017],[174.846572210274,-36.8929043800615,53.0800000000017],[174.846610110124,-36.8929049842387,53.0800000000017],[174.84661446578,-36.8929050535279,53.0800000000017],[174.84667054899,-36.8929060708322,53.0800000000017],[174.846726628466,-36.8929072125513,53.0800000000017],[174.846782704165,-36.8929084768829,53.0800000000017],[174.846796072599,-36.8929088080325,53.0800000000017],[174.846838774987,-36.8929098647458,53.0800000000017],[174.846894840933,-36.8929113761398,53.0800000000017],[174.84695090086,-36.8929130101815,53.0800000000017],[174.847006955932,-36.8929147686552,53.0800000000017],[174.847063004985,-36.8929166497765,53.0800000000017],[174.847119046919,-36.8929186544639,53.0800000000017],[174.847175081735,-36.8929207827173,53.0800000000017],[174.847231109411,-36.8929230336357,53.0800000000017],[174.847287128847,-36.8929254081376,53.0800000000017],[174.847343140044,-36.892927906223,53.0800000000017],[174.847399142979,-36.8929305269909,53.0800000000017],[174.847455136576,-36.8929332722607,53.0800000000017],[174.847482545544,-36.8929346756602,53.0800000000017],[174.847511119647,-36.892936139347,53.0800000000017],[174.847567093358,-36.8929391300341,53.0800000000017],[174.84762305771,-36.8929422443223,53.0800000000017],[174.847679009314,-36.8929454813628,53.0800000000017],[174.847734951559,-36.8929488420042,53.0800000000017],[174.847790881059,-36.892952325398,53.0800000000017],[174.847846798934,-36.8929559315266,53.0800000000017],[174.847902702964,-36.8929596613261,53.0800000000017],[174.847958595349,-36.8929635129595,53.0800000000017],[174.84801447391,-36.8929674891647,53.0800000000017],[174.848070339705,-36.8929715872213,53.0800000000017],[174.848126190534,-36.8929758089662,53.0800000000017],[174.848182026354,-36.8929801525974,53.0800000000017],[174.848237847207,-36.8929846199169,53.0800000000017],[174.848293653074,-36.8929892100238,53.0800000000017],[174.848349442833,-36.8929939229355,53.0800000000017],[174.848405216483,-36.8929987586521,53.0800000000017],[174.848460974003,-36.8930037162724,53.0800000000017],[174.848516713194,-36.8930087976336,53.0800000000017],[174.848572436256,-36.8930140008986,53.0800000000017],[174.848628139845,-36.8930193270209,53.0800000000017],[174.848683826206,-36.8930247759655,53.0800000000017],[174.848739493094,-36.8930303477675,53.0800000000017],[174.84879514049,-36.8930360415258,53.0800000000017],[174.848850769513,-36.893041857223,53.0800000000017],[174.848906377945,-36.893047795795,53.0800000000017],[174.848961965783,-36.8930538572418,53.0800000000017],[174.849017531886,-36.89306004068,53.0800000000017],[174.849073077375,-36.893066346092,53.0800000000017],[174.849084980859,-36.8930677236951,53.0800000000017],[174.849128601128,-36.8930727734955,53.0800000000017],[174.849184103169,-36.8930793237913,53.0800000000017],[174.849239582352,-36.893085996096,53.0800000000017],[174.849295038658,-36.8930927895087,53.0800000000017],[174.849350471008,-36.8930997058487,53.0800000000017],[174.849388405004,-36.8931045105916,53.0800000000017],[174.849355606084,-36.8932705463267,52.7311999999947],[174.84923764834,-36.8938676713092,51.4768999999942],[174.849157329931,-36.8942742555757,50.6227999999974],[174.849134604415,-36.8943892959778,50.3812000000034],[174.849107334677,-36.8945273377696,50.0911999999953],[174.849046161678,-36.8948369980638,49.4407000000065],[174.848637989193,-36.8969031341343,45.1006000000052],[174.848406313597,-36.8980758150184,42.6371999999974]]]},"properties":{"OBJECTID":4,"TYPE":4,"SUBTYPE":null,"SCHEDULE":"W6","NAME":"Mount Wellington","VALIDATIONSTATE":3,"VERSIONSTATUS":4,"GlobalID":"69a4d160-6b48-4200-8fa3-9ad0ef4f276a"}},{"type":"Feature","id":5,"geometry":{"type":"Polygon","coordinates":[[[174.846720186473,-36.8963846786041,42.8457000000053],[174.844941786121,-36.8982931118931,20.75],[174.844649241307,-36.8945990010064,55.0611000000063],[174.844647182293,-36.8945729972388,55.3025999999954],[174.844624161611,-36.8942822854682,58.0026999999973],[174.844595760774,-36.8939236232255,61.3340000000026],[174.844519105747,-36.8929555736793,70.3252999999968],[174.844516756603,-36.8929259032997,70.6009000000049],[174.844488631185,-36.8925707049777,73.8999999999942],[174.844600646534,-36.8925656919341,73.8999999999942],[174.844712746415,-36.8925620934579,73.8999999999942],[174.844824901668,-36.8925599100018,73.8999999999942],[174.844937086522,-36.892559142867,73.8999999999942],[174.845039852218,-36.89255973692,73.8999999999942],[174.845049272917,-36.8925597915879,73.8999999999942],[174.845161432795,-36.8925618556989,73.8999999999942],[174.845273538119,-36.8925653356357,73.8999999999942],[174.845385560807,-36.8925702300319,73.8999999999942],[174.845497475023,-36.8925765374863,73.8999999999942],[174.845608416422,-36.8925841993227,73.8999999999942],[174.845609251565,-36.8925842566503,73.8999999999942],[174.845720863452,-36.8925933852395,73.8999999999942],[174.845756343824,-36.8925967402818,73.8999999999942],[174.845802426941,-36.8926010986781,73.8999999999942],[174.845832282602,-36.8926039218879,73.8999999999942],[174.845943482014,-36.8926158634104,73.8999999999942],[174.846054434686,-36.8926292066217,73.8999999999942],[174.846165111393,-36.8926439492728,73.8999999999942],[174.846275487332,-36.8926600863418,73.8999999999942],[174.846385533257,-36.8926776146788,73.8999999999942],[174.846492779144,-36.8926961084972,73.8999999999942],[174.846495223266,-36.8926965301807,73.8999999999942],[174.846498030006,-36.8926970516825,73.8999999999942],[174.846529844151,-36.8927029592591,73.8999999999942],[174.846539405065,-36.8927047340653,73.8999999999942],[174.846604529169,-36.8927168269773,73.8999999999942],[174.846713425085,-36.8927385018666,73.8999999999942],[174.846786849148,-36.8927541042988,73.8999999999942],[174.846821882803,-36.8927615480777,73.8999999999942],[174.846929876375,-36.8927859597059,73.8999999999942],[174.847037379877,-36.8928117317474,73.8999999999942],[174.847144365098,-36.8928388574317,73.8999999999942],[174.847250807189,-36.8928673299359,73.8999999999942],[174.847356679062,-36.8928971424719,73.8999999999942],[174.847461953603,-36.8929282873511,73.8999999999942],[174.847482545544,-36.8929346756602,73.8999999999942],[174.847566607088,-36.8929607577332,73.8999999999942],[174.84767061236,-36.8929945441278,73.8999999999942],[174.84777394345,-36.8930296397298,73.8999999999942],[174.847876575445,-36.8930660350137,73.8999999999942],[174.847978482332,-36.8931037213729,73.8999999999942],[174.848079640299,-36.8931426883636,73.8999999999942],[174.848180022231,-36.8931829282976,73.8999999999942],[174.848279605416,-36.893224429813,73.8999999999942],[174.84834149382,-36.893251221378,73.8999999999942],[174.848378364917,-36.8932671824838,73.8999999999942],[174.8484762747,-36.8933111768026,73.8999999999942],[174.848573313173,-36.8933564013901,73.8999999999942],[174.848669454276,-36.8934028458381,73.8999999999942],[174.848764674132,-36.8934504970005,73.8999999999942],[174.848858951168,-36.8934993443992,73.8999999999942],[174.848885656416,-36.8935136636242,73.8999999999942],[174.848952260405,-36.8935493758067,73.8999999999942],[174.849044579084,-36.8936005780596,73.8999999999942],[174.849135885612,-36.893652939779,73.8999999999942],[174.849219487813,-36.89370243437,73.8999999999942],[174.849117165218,-36.8938122514025,72.6285999999964],[174.848534651358,-36.8944374227568,65.3904999999941],[174.848343588935,-36.8946424734647,63.0164999999979],[174.84820109354,-36.8947954006794,61.2459999999992],[174.847211081393,-36.8958578695091,48.945000000007],[174.846720186473,-36.8963846786041,42.8457000000053]]]},"properties":{"OBJECTID":5,"TYPE":4,"SUBTYPE":null,"SCHEDULE":"W5","NAME":"Mount Wellington","VALIDATIONSTATE":3,"VERSIONSTATUS":4,"GlobalID":"f04d6cab-a347-4e69-a61b-0fa321928d96"}},{"type":"Feature","id":6,"geometry":{"type":"Polygon","coordinates":[[[174.844794046246,-36.9002096109795,41.5236000000004],[174.839380311493,-36.9075724310774,25.8399999999965],[174.842577364037,-36.8949473089861,49.471000000005],[174.842591102312,-36.8948930504659,49.5725999999995],[174.843307654409,-36.8920628546435,54.8699999999953],[174.843417530057,-36.89208106349,54.8699999999953],[174.843527274179,-36.8920997736111,54.8699999999953],[174.843636883411,-36.8921189850592,54.8699999999953],[174.843746355513,-36.8921386978694,54.8699999999953],[174.843855685956,-36.8921589103098,54.8699999999953],[174.8439648725,-36.8921796224155,54.8699999999953],[174.844073909514,-36.8922008333729,54.8699999999953],[174.844182793637,-36.8922225432346,54.8699999999953],[174.844291523706,-36.8922447502164,54.8699999999953],[174.844340334971,-36.8922549570033,54.8699999999953],[174.844400094091,-36.8922674535048,54.8699999999953],[174.844493684518,-36.89228748252,54.8699999999953],[174.84450850143,-36.8922906531524,54.8699999999953],[174.84461674346,-36.8923143482934,54.8699999999953],[174.84472481453,-36.8923385372134,54.8699999999953],[174.844832713543,-36.8923632208311,54.8699999999953],[174.844940435949,-36.8923883965138,54.8699999999953],[174.845047978405,-36.892414065215,54.8699999999953],[174.845155336362,-36.8924402243019,54.8699999999953],[174.8452625076,-36.8924668747109,54.8699999999953],[174.84536948869,-36.8924940137916,54.8699999999953],[174.84547627517,-36.8925216425153,54.8699999999953],[174.845544845819,-36.8925397294731,54.8699999999953],[174.845582863611,-36.8925497582317,54.8699999999953],[174.845689252892,-36.8925783609587,54.8699999999953],[174.845756343824,-36.8925967402818,54.8699999999953],[174.845795436264,-36.8926074499005,54.8699999999953],[174.845802624877,-36.8926094563163,54.8699999999953],[174.845901412585,-36.8926370241738,54.8699999999953],[174.846007177327,-36.892667082047,54.8699999999953],[174.846112727125,-36.8926976235729,54.8699999999953],[174.846218058552,-36.8927286461013,54.8699999999953],[174.846323169388,-36.8927601505687,54.8699999999953],[174.846354863118,-36.8927698158949,54.8699999999953],[174.846428055104,-36.8927921352433,54.8699999999953],[174.846461408106,-36.8928024813891,54.8699999999953],[174.846532712292,-36.892824598376,54.8699999999953],[174.846545477393,-36.8928286253619,54.8699999999953],[174.846588312662,-36.8928421373457,54.8699999999953],[174.846592173069,-36.8928433554152,54.8699999999953],[174.84663713759,-36.8928575400197,54.8699999999953],[174.846741327591,-36.8928909584252,54.8699999999953],[174.846796072599,-36.8929088080325,54.8699999999953],[174.846845280009,-36.8929248518261,54.8699999999953],[174.846948989259,-36.8929592212111,54.8699999999953],[174.847052454156,-36.8929940638952,54.8699999999953],[174.847155670171,-36.8930293781468,54.8699999999953],[174.847258635084,-36.8930651649026,54.8699999999953],[174.847361344344,-36.8931014215297,54.8699999999953],[174.847463794566,-36.8931381471802,54.8699999999953],[174.847565983465,-36.8931753400877,54.8699999999953],[174.847667906554,-36.8932130003225,54.8699999999953],[174.847698718196,-36.89322455647,54.8699999999953],[174.847769561528,-36.8932511252173,54.8699999999953],[174.847870945023,-36.893289714825,54.8699999999953],[174.847972052508,-36.893328767414,54.8699999999953],[174.848072882844,-36.8933682821016,54.8699999999953],[174.848173430356,-36.8934082562726,54.8699999999953],[174.848273693924,-36.8934486899452,54.8699999999953],[174.84837366902,-36.893489581388,54.8699999999953],[174.848473352237,-36.8935309288519,54.8699999999953],[174.848572741309,-36.8935727314716,54.8699999999953],[174.848671832853,-36.8936149883993,54.8699999999953],[174.848770622338,-36.8936576979033,54.8699999999953],[174.848812978797,-36.8936762594484,54.8699999999953],[174.848869108579,-36.893700857299,54.8699999999953],[174.848967287112,-36.8937444675579,54.8699999999953],[174.849065155607,-36.8937885251116,54.8699999999953],[174.849117165218,-36.8938122514025,54.8699999999953],[174.849162709558,-36.8938330291298,54.8699999999953],[174.84923764834,-36.8938676713092,54.8699999999953],[174.849259946722,-36.8938779796482,54.8699999999953],[174.849356863648,-36.8939233731158,54.8699999999953],[174.849400192654,-36.893943859862,54.8699999999953],[174.849157329931,-36.8942742555757,54.1662000000069],[174.848933498861,-36.8945787586835,53.5176000000065],[174.848889583853,-36.8946385016816,53.3904000000039],[174.848794825891,-36.8947674097714,53.1157999999996],[174.847719468747,-36.8962302879304,49.9998000000051],[174.847230044488,-36.8968960625978,48.5816999999952],[174.844794046246,-36.9002096109795,41.5236000000004]]]},"properties":{"OBJECTID":6,"TYPE":4,"SUBTYPE":null,"SCHEDULE":"W4","NAME":"Mount Wellington","VALIDATIONSTATE":3,"VERSIONSTATUS":4,"GlobalID":"fd2a0079-517e-4db1-af3e-d7f6b9a34150"}},{"type":"Feature","id":7,"geometry":{"type":"Polygon","coordinates":[[[174.835302988299,-36.896435193909,38.2700000000041],[174.845225183637,-36.8907199747415,75.2700000000041],[174.847193151773,-36.8942047180824,75.2700000000041],[174.835302988299,-36.896435193909,38.2700000000041]]]},"properties":{"OBJECTID":7,"TYPE":4,"SUBTYPE":null,"SCHEDULE":"W3","NAME":"Mount Wellington","VALIDATIONSTATE":3,"VERSIONSTATUS":4,"GlobalID":"39a1fa7b-f8ab-4157-9e48-1b89f7f959b2"}},{"type":"Feature","id":8,"geometry":{"type":"Polygon","coordinates":[[[174.915315522749,-36.8989617739507,44.0500000000029],[174.783125434024,-36.9048215681511,102.5],[174.783305797873,-36.891022418131,102.5],[174.846273863356,-36.8948279262762,74.6199999999953],[174.915315522749,-36.8989617739507,44.0500000000029]]]},"properties":{"OBJECTID":8,"TYPE":4,"SUBTYPE":null,"SCHEDULE":"W26","NAME":"Mount Wellington","VALIDATIONSTATE":3,"VERSIONSTATUS":4,"GlobalID":"d89f00da-f33c-4629-ab0c-ad888dd25712"}},{"type":"Feature","id":9,"geometry":{"type":"Polygon","coordinates":[[[174.915315522749,-36.8989617739507,44.0500000000029],[174.846273863356,-36.8948279262762,48.320000000007],[174.847019243384,-36.8900412636489,48.320000000007],[174.847126971349,-36.889349720433,48.320000000007],[174.915315522749,-36.8989617739507,44.0500000000029]]]},"properties":{"OBJECTID":9,"TYPE":4,"SUBTYPE":null,"SCHEDULE":"W26","NAME":"Mount Wellington","VALIDATIONSTATE":3,"VERSIONSTATUS":4,"GlobalID":"ec22e9b8-8636-4a50-a207-fe2787ea5ab3"}},{"type":"Feature","id":10,"geometry":{"type":"Polygon","coordinates":[[[174.915315522749,-36.8989617739507,44.0500000000029],[174.847126971349,-36.889349720433,48.320000000007],[174.847019243384,-36.8900412636489,81.2400000000052],[174.764284481361,-36.879179509596,126.300000000003],[174.764988888454,-36.8759900870576,126.300000000003],[174.787262883948,-36.8794067294477,114.100000000006],[174.915315522749,-36.8989617739507,44.0500000000029]]]},"properties":{"OBJECTID":10,"TYPE":4,"SUBTYPE":null,"SCHEDULE":"W26","NAME":"Mount Wellington","VALIDATIONSTATE":3,"VERSIONSTATUS":4,"GlobalID":"f0ece411-b045-4e12-8754-2741d011d9d6"}},{"type":"Feature","id":11,"geometry":{"type":"Polygon","coordinates":[[[174.915315522749,-36.8989617739507,44.0500000000029],[174.787262883948,-36.8794067294477,114.100000000006],[174.787986613147,-36.8765725751714,114.100000000006],[174.915315522749,-36.8989617739507,44.0500000000029]]]},"properties":{"OBJECTID":11,"TYPE":4,"SUBTYPE":null,"SCHEDULE":"W26","NAME":"Mount Wellington","VALIDATIONSTATE":3,"VERSIONSTATUS":4,"GlobalID":"5cc88ffc-5aa7-4940-b328-d99c15cb7662"}},{"type":"Feature","id":12,"geometry":{"type":"Polygon","coordinates":[[[174.846462656051,-36.8953096009744,56.9370000000054],[174.846432571148,-36.8953184987524,57.0299999999988],[174.846411750109,-36.8952723085248,57.0299999999988],[174.846394377921,-36.8952337692262,57.0299999999988],[174.846357341673,-36.8951487098422,57.0299999999988],[174.84632146596,-36.8950633286583,57.0299999999988],[174.846286756692,-36.8949776382022,57.0299999999988],[174.846253217448,-36.8948916474326,57.0299999999988],[174.84622085185,-36.8948053671102,57.0299999999988],[174.846189663499,-36.8947188070945,57.0299999999988],[174.846159657138,-36.8946319781289,57.0299999999988],[174.846130836369,-36.8945448900728,57.0299999999988],[174.846103202591,-36.8944575546225,57.0299999999988],[174.846076761649,-36.8943699816029,57.0299999999988],[174.846073748587,-36.8943595009287,57.0299999999988],[174.846071384738,-36.8943512806078,57.0299999999988],[174.84605151602,-36.8942821808907,57.0299999999988],[174.846027468227,-36.8941941641648,57.0299999999988],[174.846004620727,-36.8941059404011,57.0299999999988],[174.845982977162,-36.894017521261,57.0299999999988],[174.845975910044,-36.8939868841114,57.0299999999988],[174.845962540034,-36.8939289175222,57.0299999999988],[174.845943311841,-36.8938401399625,57.0299999999988],[174.845925293919,-36.8937511975751,57.0299999999988],[174.84592438945,-36.8937463994441,57.0299999999988],[174.845908489933,-36.8936621029221,57.0299999999988],[174.845892900095,-36.8935728650141,57.0299999999988],[174.845878528072,-36.8934834964132,57.0299999999988],[174.845865374074,-36.8933940061299,57.0299999999988],[174.845853440625,-36.8933044058428,57.0299999999988],[174.84584272908,-36.8932147054457,57.0299999999988],[174.845842474742,-36.8932122992484,57.0299999999988],[174.845833240839,-36.8931249166345,57.0299999999988],[174.845829385105,-36.8930829882116,57.0299999999988],[174.845828848435,-36.8930771532454,57.0299999999988],[174.845824976158,-36.8930350502215,57.0299999999988],[174.845817936393,-36.8929451161007,57.0299999999988],[174.845815279033,-36.892903974841,57.0299999999988],[174.845813348569,-36.8928740969909,57.0299999999988],[174.845812122944,-36.8928551259676,57.0299999999988],[174.845807536046,-36.8927650897336,57.0299999999988],[174.845805895997,-36.8927211322399,57.0299999999988],[174.845804175954,-36.8926750182108,57.0299999999988],[174.845802624877,-36.8926094563163,57.0299999999988],[174.845802426941,-36.8926010986781,57.0299999999988],[174.845802044068,-36.8925849230948,57.0299999999988],[174.845801139501,-36.8924948143142,57.0299999999988],[174.845801463651,-36.8924047035645,57.0299999999988],[174.845803015633,-36.8923146007742,57.0299999999988],[174.845805794579,-36.8922245167726,57.0299999999988],[174.845809800747,-36.8921344623717,57.0299999999988],[174.845815034414,-36.8920444492844,57.0299999999988],[174.845821493549,-36.8919544865553,57.0299999999988],[174.845829178452,-36.8918645867983,57.0299999999988],[174.845838088236,-36.8917747599415,57.0299999999988],[174.845848222034,-36.8916850168142,57.0299999999988],[174.845859576737,-36.8915953682803,57.0299999999988],[174.845872153703,-36.8915058242331,57.0299999999988],[174.845885948721,-36.8914163964548,57.0299999999988],[174.845900962049,-36.8913270957571,57.0299999999988],[174.845908898945,-36.8912834896697,57.0299999999988],[174.845917191677,-36.8912379320854,57.0299999999988],[174.845917364531,-36.8912370488022,57.0299999999988],[174.845934634495,-36.8911489163035,57.0299999999988],[174.84595328964,-36.8910600592402,57.0299999999988],[174.845973155123,-36.890971371742,57.0299999999988],[174.845994226692,-36.8908828637889,57.0299999999988],[174.846016503504,-36.8907945471106,57.0299999999988],[174.846039982407,-36.890706430769,57.0299999999988],[174.846064660313,-36.8906185265284,57.0299999999988],[174.846090534092,-36.8905308443515,57.0299999999988],[174.846117601757,-36.8904433950844,57.0299999999988],[174.846145859056,-36.890356188707,57.0299999999988],[174.846175302881,-36.8902692360827,57.0299999999988],[174.846205930102,-36.8901825471741,57.0299999999988],[174.846237735388,-36.8900961337802,57.0299999999988],[174.846270717809,-36.8900100040267,57.0299999999988],[174.846304870913,-36.8899241697301,57.0299999999988],[174.846340191572,-36.8898386408528,57.0299999999988],[174.846376675532,-36.8897534273744,57.0299999999988],[174.846414318565,-36.8896685401757,57.0299999999988],[174.846453115296,-36.8895839892536,57.0299999999988],[174.846493062576,-36.8894997836694,57.0299999999988],[174.846534153951,-36.8894159352395,57.0299999999988],[174.84657638625,-36.889332452124,57.0299999999988],[174.846619753021,-36.8892493461394,57.0299999999988],[174.846664248848,-36.8891666254806,57.0299999999988],[174.846709869502,-36.889084301028,57.0299999999988],[174.846756609632,-36.8890023836795,57.0299999999988],[174.84675770842,-36.8890004846246,57.0299999999988],[174.8494142463,-36.889993229938,48.5342999999993],[174.850309610762,-36.890327806387,45.6710000000021],[174.85208093465,-36.8909896809111,40.0063999999984],[174.856051207144,-36.8924730756459,27.3099999999977],[174.851678647796,-36.8937667047189,40.8208000000013],[174.850311207976,-36.8941712224145,45.0458999999973],[174.850295972121,-36.8941757293306,45.0929999999935],[174.849107334677,-36.8945273377696,48.7655999999988],[174.848983114534,-36.8945640825031,49.1493999999948],[174.848933498861,-36.8945787586835,49.3027000000002],[174.84883500843,-36.8946078921453,49.6070000000036],[174.848537030746,-36.8946960331838,50.527700000006],[174.84820109354,-36.8947954006794,51.5657000000065],[174.846462656051,-36.8953096009744,56.9370000000054]]]},"properties":{"OBJECTID":12,"TYPE":4,"SUBTYPE":null,"SCHEDULE":"W25","NAME":"Mount Wellington","VALIDATIONSTATE":3,"VERSIONSTATUS":4,"GlobalID":"42ece49d-9e8a-41c9-80d9-843189c453eb"}},{"type":"Feature","id":13,"geometry":{"type":"Polygon","coordinates":[[[174.860245660778,-36.9128487571393,16.3300000000017],[174.857126851278,-36.9118140422426,20.9100000000035],[174.84473364216,-36.8939067759176,45.4400000000023],[174.85000023914,-36.8914595867208,47.1699999999983],[174.860245660778,-36.9128487571393,16.3300000000017]]]},"properties":{"OBJECTID":13,"TYPE":4,"SUBTYPE":null,"SCHEDULE":"W24","NAME":"Mount Wellington","VALIDATIONSTATE":3,"VERSIONSTATUS":4,"GlobalID":"2a5e1737-cef4-494f-9a4a-c731104eddec"}},{"type":"Feature","id":14,"geometry":{"type":"Polygon","coordinates":[[[174.842591102312,-36.8948930504659,74.8279999999941],[174.826221376897,-36.8974398343629,37.25],[174.83165852185,-36.8955358583669,50.6175999999978],[174.843838577249,-36.8912694201226,80.5656000000017],[174.844792462756,-36.8909352206923,82.9110999999975],[174.845407764009,-36.8907196396069,84.4241000000038],[174.845613523131,-36.8906475480851,84.929999999993],[174.845658104922,-36.89073023904,84.929999999993],[174.845702140413,-36.8908131196312,84.929999999993],[174.845745627273,-36.8908961862902,84.929999999993],[174.845788565435,-36.8909794363146,84.929999999993],[174.845830953756,-36.8910628688216,84.929999999993],[174.845872791024,-36.8911464802252,84.929999999993],[174.845914076073,-36.8912302687416,84.929999999993],[174.845917364531,-36.8912370488022,84.929999999993],[174.845954806614,-36.8913142326041,84.929999999993],[174.845994982561,-36.8913983682095,84.929999999993],[174.846034601623,-36.8914826737912,84.929999999993],[174.846073664857,-36.8915671466294,84.929999999993],[174.846112169973,-36.8916517849577,84.929999999993],[174.846150114662,-36.8917365861083,84.929999999993],[174.846187499979,-36.8918215473617,84.929999999993],[174.846224323635,-36.8919066669511,84.929999999993],[174.846260585564,-36.8919919421741,84.929999999993],[174.846296282355,-36.8920773712818,84.929999999993],[174.846331416163,-36.8921629506357,84.929999999993],[174.846365983578,-36.8922486784868,84.929999999993],[174.846399985656,-36.8923345521151,84.929999999993],[174.846433420085,-36.8924205688532,84.929999999993],[174.846466285721,-36.8925067278179,84.929999999993],[174.846498582475,-36.8925930254059,84.929999999993],[174.846529415709,-36.892677028421,84.929999999993],[174.846530308037,-36.8926794589495,84.929999999993],[174.846535740546,-36.8926945537547,84.929999999993],[174.846539405065,-36.8927047340653,84.929999999993],[174.846561463484,-36.8927660266298,84.929999999993],[174.846588312662,-36.8928421373457,84.929999999993],[174.846589226872,-36.8928447306737,84.929999999993],[174.846592047626,-36.8928527257618,84.929999999993],[174.846610110124,-36.8929049842387,84.929999999993],[174.846622058154,-36.8929395536779,84.929999999993],[174.846651495022,-36.8930265085766,84.929999999993],[174.846680358163,-36.8931135877553,84.929999999993],[174.846695572658,-36.8931604879363,84.929999999993],[174.846708645245,-36.8932007876456,84.929999999993],[174.846711808726,-36.8932107567165,84.929999999993],[174.846736356267,-36.8932881082477,84.929999999993],[174.846757303356,-36.8933556101626,84.929999999993],[174.846763489975,-36.8933755441737,84.929999999993],[174.846790047488,-36.8934630954066,84.929999999993],[174.846816025353,-36.8935507583951,84.929999999993],[174.846841424624,-36.8936385304194,84.929999999993],[174.846866244135,-36.8937264096952,84.929999999993],[174.846890483817,-36.89381439352,84.929999999993],[174.846914141362,-36.8939024792262,84.929999999993],[174.846937216723,-36.8939906650121,84.929999999993],[174.846959710934,-36.8940789472567,84.929999999993],[174.846981620584,-36.8941673242108,84.929999999993],[174.84699150842,-36.8942080285221,84.929999999993],[174.846852638981,-36.8942296492175,84.6111999999994],[174.846763525444,-36.8942435235213,84.4066000000021],[174.846071384738,-36.8943512806078,82.8176999999996],[174.845315214467,-36.8944690020239,81.0816999999952],[174.844878139031,-36.8945370436833,80.0782999999938],[174.844647182293,-36.8945729972388,79.5481],[174.843955139102,-36.8946807261132,77.959400000007],[174.842591102312,-36.8948930504659,74.8279999999941]]]},"properties":{"OBJECTID":14,"TYPE":4,"SUBTYPE":null,"SCHEDULE":"W2","NAME":"Mount Wellington","VALIDATIONSTATE":3,"VERSIONSTATUS":4,"GlobalID":"bb849608-535d-4ca4-b975-85bd8d976488"}},{"type":"Feature","id":15,"geometry":{"type":"Polygon","coordinates":[[[174.824079296417,-36.8615611805361,57.1000000000058],[174.826667436768,-36.8614186113985,59.0500000000029],[174.849290409781,-36.8917432649509,102.300000000003],[174.844294001917,-36.893971185025,76.6000000000058],[174.824079296417,-36.8615611805361,57.1000000000058]]]},"properties":{"OBJECTID":15,"TYPE":4,"SUBTYPE":null,"SCHEDULE":"W19","NAME":"Mount Wellington","VALIDATIONSTATE":3,"VERSIONSTATUS":4,"GlobalID":"a2a0caaf-c4a3-435e-b396-af2ba7c59503"}},{"type":"Feature","id":16,"geometry":{"type":"Polygon","coordinates":[[[174.83969627465,-36.8802996500296,53.429999999993],[174.840567310221,-36.8789262729908,65.0599999999977],[174.850040760276,-36.8918896349192,55.3500000000058],[174.84421553547,-36.8938476956304,55.3500000000058],[174.83969627465,-36.8802996500296,53.429999999993]]]},"properties":{"OBJECTID":16,"TYPE":4,"SUBTYPE":null,"SCHEDULE":"W18","NAME":"Mount Wellington","VALIDATIONSTATE":3,"VERSIONSTATUS":4,"GlobalID":"a87fc51e-11c7-4379-a5ea-6cedcfd08c85"}},{"type":"Feature","id":17,"geometry":{"type":"Polygon","coordinates":[[[174.902458030834,-36.8668283780771,3.24000000000524],[174.845196823777,-36.8913632260421,51.5],[174.844796301249,-36.8907413278131,51.5],[174.901601195553,-36.8655301479614,2.92999999999302],[174.902458030834,-36.8668283780771,3.24000000000524]]]},"properties":{"OBJECTID":17,"TYPE":4,"SUBTYPE":null,"SCHEDULE":"W12","NAME":"Mount Wellington","VALIDATIONSTATE":3,"VERSIONSTATUS":4,"GlobalID":"74e6030a-4230-433e-91d4-880fb418a0dd"}},{"type":"Feature","id":18,"geometry":{"type":"Polygon","coordinates":[[[174.90368614601,-36.8701221076999,4.30000000000291],[174.846117858606,-36.8927931557346,51.5],[174.845774206191,-36.8922596068811,51.5],[174.903432580892,-36.868808011717,3.63000000000466],[174.90368614601,-36.8701221076999,4.30000000000291]]]},"properties":{"OBJECTID":18,"TYPE":4,"SUBTYPE":null,"SCHEDULE":"W12","NAME":"Mount Wellington","VALIDATIONSTATE":3,"VERSIONSTATUS":4,"GlobalID":"7109a9bf-b5eb-40ba-9ebf-52f37a69ba3c"}},{"type":"Feature","id":19,"geometry":{"type":"Polygon","coordinates":[[[174.90556034781,-36.8726616189019,3.94999999999709],[174.846921294597,-36.8940405955362,51.5],[174.846427337038,-36.8932736607163,51.5],[174.904315485712,-36.8711388865192,3.77000000000407],[174.90556034781,-36.8726616189019,3.94999999999709]]]},"properties":{"OBJECTID":19,"TYPE":4,"SUBTYPE":null,"SCHEDULE":"W12","NAME":"Mount Wellington","VALIDATIONSTATE":3,"VERSIONSTATUS":4,"GlobalID":"a7fbc664-da2f-4d6f-908b-795319ade5cd"}},{"type":"Feature","id":20,"geometry":{"type":"Polygon","coordinates":[[[174.906044318214,-36.8754726439414,4.08000000000175],[174.847650539117,-36.8951726733981,51.5],[174.847387046841,-36.8947635773112,51.5],[174.906043584712,-36.8743844672416,3.41000000000349],[174.906044318214,-36.8754726439414,4.08000000000175]]]},"properties":{"OBJECTID":20,"TYPE":4,"SUBTYPE":null,"SCHEDULE":"W12","NAME":"Mount Wellington","VALIDATIONSTATE":3,"VERSIONSTATUS":4,"GlobalID":"d441c1b0-0bb1-4c4d-be19-274d5fdb084b"}},{"type":"Feature","id":21,"geometry":{"type":"Polygon","coordinates":[[[174.901601195553,-36.8655301479614,2.92999999999302],[174.844796301249,-36.8907413278131,51.5],[174.844205129345,-36.8898234572444,51.5],[174.900238656295,-36.8636547741353,2.99000000000524],[174.901601195553,-36.8655301479614,2.92999999999302]]]},"properties":{"OBJECTID":21,"TYPE":4,"SUBTYPE":null,"SCHEDULE":"W12","NAME":"Mount Wellington","VALIDATIONSTATE":3,"VERSIONSTATUS":4,"GlobalID":"254411e8-2e7f-4ca3-b8e9-be7a39c95424"}},{"type":"Feature","id":22,"geometry":{"type":"Polygon","coordinates":[[[174.906043584712,-36.8743844672416,3.41000000000349],[174.847387046841,-36.8947635773112,51.5],[174.846921294597,-36.8940405955362,51.5],[174.90556034781,-36.8726616189019,3.94999999999709],[174.906043584712,-36.8743844672416,3.41000000000349]]]},"properties":{"OBJECTID":22,"TYPE":4,"SUBTYPE":null,"SCHEDULE":"W12","NAME":"Mount Wellington","VALIDATIONSTATE":3,"VERSIONSTATUS":4,"GlobalID":"642c44cc-9b49-4cdb-bf98-eae5a6c4712b"}},{"type":"Feature","id":23,"geometry":{"type":"Polygon","coordinates":[[[174.904315485712,-36.8711388865192,3.77000000000407],[174.846427337038,-36.8932736607163,51.5],[174.846117858606,-36.8927931557346,51.5],[174.90368614601,-36.8701221076999,4.30000000000291],[174.903462789115,-36.8706760489775,3.63000000000466],[174.903655373996,-36.8711465747587,3.41000000000349],[174.904315485712,-36.8711388865192,3.77000000000407]]]},"properties":{"OBJECTID":23,"TYPE":4,"SUBTYPE":null,"SCHEDULE":"W12","NAME":"Mount Wellington","VALIDATIONSTATE":3,"VERSIONSTATUS":4,"GlobalID":"024e62a7-f3b7-464b-8a27-6449c3c01f77"}},{"type":"Feature","id":24,"geometry":{"type":"Polygon","coordinates":[[[174.903432580892,-36.868808011717,3.63000000000466],[174.845774206191,-36.8922596068811,51.5],[174.845196823777,-36.8913632260421,51.5],[174.902458030834,-36.8668283780771,3.24000000000524],[174.903432580892,-36.868808011717,3.63000000000466]]]},"properties":{"OBJECTID":24,"TYPE":4,"SUBTYPE":null,"SCHEDULE":"W12","NAME":"Mount Wellington","VALIDATIONSTATE":3,"VERSIONSTATUS":4,"GlobalID":"08f20a4a-c982-4716-9574-7019c11f2809"}},{"type":"Feature","id":25,"geometry":{"type":"Polygon","coordinates":[[[174.842577364037,-36.8949473089861,50.8108000000066],[174.822899218182,-36.8982534997151,39.929999999993],[174.83165852185,-36.8955358583669,45.0121000000072],[174.844285255502,-36.8916168554964,52.3387999999977],[174.844668119953,-36.8914979975524,52.5610000000015],[174.844919029478,-36.8914201027296,52.706600000005],[174.845838222422,-36.8911347359039,53.2400000000052],[174.845878430453,-36.8912188620419,53.2400000000052],[174.845908898945,-36.8912834896697,53.2400000000052],[174.845918160678,-36.8913031334922,53.2400000000052],[174.845957411975,-36.8913875502729,53.2400000000052],[174.845996183177,-36.8914721105998,53.2400000000052],[174.846034474197,-36.8915568108695,53.2400000000052],[174.846072283932,-36.891641652001,53.2400000000052],[174.846109611152,-36.8917266295071,53.2400000000052],[174.846146454734,-36.8918117434059,53.2400000000052],[174.846182815753,-36.8918969918783,53.2400000000052],[174.846218691879,-36.8919823713558,53.2400000000052],[174.84625408201,-36.8920678827573,53.2400000000052],[174.84628898718,-36.8921535224619,53.2400000000052],[174.8463234051,-36.8922392887028,53.2400000000052],[174.846357335747,-36.8923251805796,53.2400000000052],[174.846390777955,-36.8924111963082,53.2400000000052],[174.846423731657,-36.8924973331861,53.2400000000052],[174.846456195708,-36.8925835903301,53.2400000000052],[174.846488170041,-36.8926699650377,53.2400000000052],[174.846496894414,-36.8926939327158,53.2400000000052],[174.846498030006,-36.8926970516825,53.2400000000052],[174.846510364393,-36.892730940035,53.2400000000052],[174.846519652391,-36.8927564564432,53.2400000000052],[174.846545477393,-36.8928286253619,53.2400000000052],[174.846550643811,-36.8928430618267,53.2400000000052],[174.846556591387,-36.8928599720087,53.2400000000052],[174.846572210274,-36.8929043800615,53.2400000000052],[174.846581143158,-36.892929780305,53.2400000000052],[174.846611150363,-36.8930166091756,53.2400000000052],[174.846640663162,-36.8931035475728,53.2400000000052],[174.846658684987,-36.8931576066221,53.2400000000052],[174.846669681487,-36.8931905927939,53.2400000000052],[174.846671556666,-36.8931963222217,53.2400000000052],[174.846698206414,-36.8932777430201,53.2400000000052],[174.846714284635,-36.8933277934276,53.2400000000052],[174.846726235677,-36.8933649973855,53.2400000000052],[174.846753769232,-36.8934523540887,53.2400000000052],[174.846780805889,-36.8935398104443,53.2400000000052],[174.846807345604,-36.8936273646509,53.2400000000052],[174.846833388332,-36.8937150149069,53.2400000000052],[174.846858931805,-36.8938027603464,53.2400000000052],[174.846883978201,-36.893890598232,53.2400000000052],[174.84690852411,-36.8939785268145,53.2400000000052],[174.84693257175,-36.8940665451582,53.2400000000052],[174.84695611767,-36.894154649712,53.2400000000052],[174.846970318911,-36.8942087527833,53.2400000000052],[174.846850144567,-36.8942289588273,53.1735999999946],[174.846763525444,-36.8942435235213,53.1257000000041],[174.846073748587,-36.8943595009287,52.7443000000058],[174.84533523394,-36.8944836683715,52.3359000000055],[174.844898182765,-36.8945571483379,52.0942000000068],[174.844649241307,-36.8945990010064,51.9565000000002],[174.843960312555,-36.894714822337,51.5755000000063],[174.842577364037,-36.8949473089861,50.8108000000066]]]},"properties":{"OBJECTID":25,"TYPE":4,"SUBTYPE":null,"SCHEDULE":"W1","NAME":"Mount Wellington","VALIDATIONSTATE":3,"VERSIONSTATUS":4,"GlobalID":"0791959f-23df-455d-b7e9-74e8c94eefac"}},{"type":"Feature","id":26,"geometry":{"type":"Polygon","coordinates":[[[174.797429557053,-36.8270194128914,38.6699999999983],[174.79742951131,-36.8270194225965,38.6699999999983],[174.797427740332,-36.8270143658001,38.6658000000025],[174.797426273327,-36.8270101769075,38.6622999999963],[174.793752239278,-36.8165150452528,29.9664000000048],[174.792993382216,-36.8143469207539,28.1699999999983],[174.794347420542,-36.8163715670748,30.0035000000062],[174.800748775529,-36.8259415646668,38.6699999999983],[174.800649874968,-36.8259839748581,38.6699999999983],[174.800550615046,-36.8260258387896,38.6699999999983],[174.800451000247,-36.8260671563925,38.6699999999983],[174.800351036093,-36.8261079239769,38.6699999999983],[174.800299704734,-36.8261285039355,38.6699999999983],[174.800250728168,-36.826148140556,38.6699999999983],[174.800169857754,-36.8261800100837,38.6699999999983],[174.800150078694,-36.8261878051939,38.6699999999983],[174.800049094312,-36.8262269141837,38.6699999999983],[174.799947779487,-36.8262654665557,38.6699999999983],[174.79984613754,-36.8263034604561,38.6699999999983],[174.799744175156,-36.82634089398,38.6699999999983],[174.799641896777,-36.8263777652568,38.6699999999983],[174.799539306845,-36.8264140724156,38.6699999999983],[174.799436408726,-36.8264498154047,38.6699999999983],[174.799333210181,-36.8264849905003,38.6699999999983],[174.799229713434,-36.8265195967668,38.6699999999983],[174.799125925169,-36.8265536322994,38.6699999999983],[174.799021848728,-36.8265870961455,38.6699999999983],[174.798917489697,-36.8266199873183,38.6699999999983],[174.798812853598,-36.8266523021283,38.6699999999983],[174.798707943794,-36.8266840405237,38.6699999999983],[174.798602766991,-36.826715201501,38.6699999999983],[174.798497326491,-36.8267457823055,38.6699999999983],[174.798391628998,-36.8267757819337,38.6699999999983],[174.798285677858,-36.8268051994329,38.6699999999983],[174.798179478632,-36.8268340329157,38.6699999999983],[174.798073035786,-36.8268622814124,38.6699999999983],[174.797966354905,-36.8268899439365,38.6699999999983],[174.797859441553,-36.8269170186006,38.6699999999983],[174.797752300173,-36.8269435035341,38.6699999999983],[174.79764493525,-36.8269693986685,38.6699999999983],[174.797537352348,-36.8269947021164,38.6699999999983],[174.797429557053,-36.8270194128914,38.6699999999983]]]},"properties":{"OBJECTID":26,"TYPE":4,"SUBTYPE":null,"SCHEDULE":"V3","NAME":"Mount Victoria","VALIDATIONSTATE":3,"VERSIONSTATUS":4,"GlobalID":"aa14d844-5ac6-4144-86b6-6c5344caaee0"}},{"type":"Feature","id":27,"geometry":{"type":"Polygon","coordinates":[[[174.797393841509,-36.8270228832263,50.929999999993],[174.797371221689,-36.8270285116419,50.929999999993],[174.797369993198,-36.8270253160276,50.9265000000014],[174.793366729867,-36.8166079774865,39.4973000000027],[174.790121564754,-36.8081610605986,30.2299999999959],[174.794977390364,-36.816219698229,39.6166999999987],[174.800225194976,-36.8249266385839,49.758799999996],[174.800831270906,-36.8259320676032,50.929999999993],[174.800792296828,-36.8259471642676,50.929999999993],[174.800730289573,-36.8259711816262,50.929999999993],[174.80062908642,-36.8260099248672,50.929999999993],[174.800527665888,-36.8260482954556,50.929999999993],[174.800492815196,-36.8260613249771,50.929999999993],[174.800426026879,-36.8260862943089,50.929999999993],[174.800324174956,-36.8261239195395,50.929999999993],[174.800222108998,-36.8261611711639,50.929999999993],[174.800169857754,-36.8261800100837,50.929999999993],[174.800119832328,-36.8261980473285,50.929999999993],[174.800017348308,-36.8262345479819,50.929999999993],[174.79991465804,-36.8262706722054,50.929999999993],[174.799811762624,-36.8263064190805,50.929999999993],[174.799708666524,-36.8263417876378,50.929999999993],[174.799605369741,-36.8263767778767,50.929999999993],[174.799501875617,-36.8264113888447,50.929999999993],[174.799398186375,-36.8264456196064,50.929999999993],[174.799294304256,-36.8264794701272,50.929999999993],[174.799190229221,-36.8265129386045,50.929999999993],[174.799085966874,-36.8265460249531,50.929999999993],[174.798981517195,-36.8265787282714,50.929999999993],[174.798876882406,-36.8266110476239,50.929999999993],[174.798772065872,-36.8266429829591,50.929999999993],[174.798667068713,-36.8266745342597,50.929999999993],[174.79856189311,-36.8267056987881,50.929999999993],[174.798456542448,-36.826736477394,50.929999999993],[174.798351016707,-36.8267668691759,50.929999999993],[174.798245320349,-36.8267968731643,50.929999999993],[174.798139455619,-36.8268264893249,50.929999999993],[174.798033422497,-36.8268557167563,50.929999999993],[174.797927224324,-36.826884554506,50.929999999993],[174.797820864466,-36.8269130025227,50.929999999993],[174.797714344044,-36.826941060789,50.929999999993],[174.797607665238,-36.8269687265674,50.929999999993],[174.797500830333,-36.8269960016256,50.929999999993],[174.797427740332,-36.8270143658001,50.929999999993],[174.797393841509,-36.8270228832263,50.929999999993]]]},"properties":{"OBJECTID":27,"TYPE":4,"SUBTYPE":null,"SCHEDULE":"V2","NAME":"Mount Victoria","VALIDATIONSTATE":3,"VERSIONSTATUS":4,"GlobalID":"86cd3c89-79f0-4dec-be30-8f97663d6747"}},{"type":"Feature","id":28,"geometry":{"type":"Polygon","coordinates":[[[174.797349669204,-36.8270307835358,52.5399999999936],[174.797311227896,-36.8270410542354,52.5399999999936],[174.79303895201,-36.8166869916565,46.1027000000031],[174.789167927638,-36.8073026882645,40.2685000000056],[174.785513934875,-36.7984421732215,34.7599999999948],[174.790163927453,-36.8068157590233,40.1714999999967],[174.795339047431,-36.816132510177,46.1925999999949],[174.800225194976,-36.8249266385839,51.876099999994],[174.800792296828,-36.8259471642676,52.5356999999931],[174.800795957206,-36.8259537517118,52.5399999999936],[174.800693545306,-36.8259903834458,52.5399999999936],[174.800590997484,-36.8260267692821,52.5399999999936],[174.800492815196,-36.8260613249771,52.5399999999936],[174.800488315964,-36.8260629082852,52.5399999999936],[174.800385498483,-36.8260987995878,52.5399999999936],[174.800299704734,-36.8261285039355,52.5399999999936],[174.800282549545,-36.8261344440226,52.5399999999936],[174.800179468011,-36.8261698407052,52.5399999999936],[174.800076253859,-36.8262049887343,52.5399999999936],[174.799972910474,-36.8262398889595,52.5399999999936],[174.799869437815,-36.8262745395784,52.5399999999936],[174.799765835924,-36.8263089423928,52.5399999999936],[174.79966210698,-36.8263430946653,52.5399999999936],[174.799558251027,-36.8263769981975,52.5399999999936],[174.799454269166,-36.8264106520712,52.5399999999936],[174.799350162474,-36.826444054467,52.5399999999936],[174.799245932118,-36.8264772071696,52.5399999999936],[174.799141579196,-36.8265101092606,52.5399999999936],[174.799037103688,-36.8265427598388,52.5399999999936],[174.798932506717,-36.8265751588867,52.5399999999936],[174.798827790524,-36.8266073063703,52.5399999999936],[174.79872295509,-36.8266392013879,52.5399999999936],[174.798618000437,-36.8266708448405,52.5399999999936],[174.798512928764,-36.8267022348916,52.5399999999936],[174.798407741236,-36.8267333733261,52.5399999999936],[174.798302437789,-36.8267642574404,52.5399999999936],[174.79819702071,-36.8267948890025,52.5399999999936],[174.798091488835,-36.8268252662269,52.5399999999936],[174.79798584555,-36.8268553899635,52.5399999999936],[174.797880089712,-36.8268852593279,52.5399999999936],[174.797774223566,-36.8269148742858,52.5399999999936],[174.797668247089,-36.8269442339359,52.5399999999936],[174.797562162547,-36.8269733391449,52.5399999999936],[174.797455968797,-36.8270021890287,52.5399999999936],[174.797426273327,-36.8270101769075,52.5399999999936],[174.797369993198,-36.8270253160276,52.5399999999936],[174.797349669204,-36.8270307835358,52.5399999999936]]]},"properties":{"OBJECTID":28,"TYPE":4,"SUBTYPE":null,"SCHEDULE":"V1","NAME":"Mount Victoria","VALIDATIONSTATE":3,"VERSIONSTATUS":4,"GlobalID":"1c1ded23-27d3-4f89-b9c8-cd9685351b90"}},{"type":"Feature","id":29,"geometry":{"type":"Polygon","coordinates":[[[174.851846885331,-36.7980310822396,-24],[174.851824436543,-36.7980583675087,-24],[174.848794191141,-36.7964454094056,-20.8619000000035],[174.838050361133,-36.7907254264583,-9.73440000000119],[174.830953455872,-36.7869460351299,-2.38319999999658],[174.830871299902,-36.786902278862,-2.29809999999998],[174.73599166834,-36.7362969272784,96.0500000000029],[174.867818189463,-36.7716068373703,-24],[174.867782842409,-36.7716923456706,-24],[174.867747409573,-36.7717778309713,-24],[174.867711890954,-36.7718632932723,-24],[174.867676286531,-36.7719487316725,-24],[174.867640597466,-36.7720341479562,-24],[174.867604821477,-36.7721195403566,-24],[174.867568959704,-36.772204909757,-24],[174.867533013267,-36.7722902561397,-24],[174.867496981025,-36.7723755786213,-24],[174.867460862998,-36.7724608781027,-24],[174.867424660306,-36.7725461545663,-24],[174.867388370688,-36.772631407146,-24],[174.867351996383,-36.7727166358068,-24],[174.867315536293,-36.7728018414671,-24],[174.867278991493,-36.7728870223072,-24],[174.867242360908,-36.7729721801468,-24],[174.867205644537,-36.7730573149856,-24],[174.867168842335,-36.7731424250216,-24],[174.867131955445,-36.7732275111383,-24],[174.867094983866,-36.7733125733354,-24],[174.867057926479,-36.7733976116305,-24],[174.867020783282,-36.7734826260236,-24],[174.866983555395,-36.773567616497,-24],[174.866946242797,-36.7736525821496,-24],[174.866908844389,-36.7737375238999,-24],[174.866871360171,-36.7738224417479,-24],[174.866833791241,-36.7739073347749,-24],[174.866796137597,-36.7739922029808,-24],[174.866758399263,-36.7740770472666,-24],[174.866720575096,-36.7741618667487,-24],[174.866682665117,-36.7742466623281,-24],[174.866644671545,-36.7743314330686,-24],[174.866606592138,-36.7744161790052,-24],[174.866568428018,-36.7745009001203,-24],[174.866530179183,-36.7745855964138,-24],[174.866491845634,-36.7746702678857,-24],[174.86645342625,-36.7747549145534,-24],[174.86641492215,-36.7748395363993,-24],[174.866376333314,-36.7749241325223,-24],[174.866337659762,-36.7750087038234,-24],[174.866298901493,-36.7750932503024,-24],[174.866260058509,-36.7751777719594,-24],[174.866221130787,-36.7752622678931,-24],[174.866182118348,-36.7753467390046,-24],[174.86614302117,-36.7754311843928,-24],[174.866103839253,-36.7755156040576,-24],[174.866064572619,-36.7755999988998,-24],[174.866025221246,-36.7756843680185,-24],[174.865985785133,-36.7757687114136,-24],[174.865946264301,-36.775853029986,-24],[174.865906659828,-36.775937321916,-24],[174.865866969494,-36.7760215881397,-24],[174.865827195561,-36.7761058295229,-24],[174.865787337986,-36.7761900442635,-24],[174.86574739455,-36.7762742332976,-24],[174.865707367492,-36.7763583965899,-24],[174.86566725567,-36.776442533257,-24],[174.865627059107,-36.7765266441998,-24],[174.865586777801,-36.7766107294181,-24],[174.865546413971,-36.7766947879759,-24],[174.865505964279,-36.7767788208266,-24],[174.865465430942,-36.7768628270341,-24],[174.865424812862,-36.7769468075169,-24],[174.865384111115,-36.7770307604554,-24],[174.865343324624,-36.7771146876689,-24],[174.865302454509,-36.77719858914,-24],[174.865261500727,-36.7772824630664,-24],[174.865220462178,-36.7773663103667,-24],[174.865179338863,-36.7774501310408,-24],[174.865138131923,-36.7775339259721,-24],[174.865096841315,-36.7776176933585,-24],[174.865055467059,-36.7777014341008,-24],[174.865014008015,-36.7777851473156,-24],[174.864988131159,-36.7778372747438,-24],[174.864972465322,-36.7778688338863,-24],[174.864930838982,-36.7779524938127,-24],[174.864889127874,-36.7780361271124,-24],[174.864847333096,-36.7781197328667,-24],[174.864805455767,-36.7782033110579,-24],[174.86476349367,-36.7782868626222,-24],[174.864721447901,-36.7783703866407,-24],[174.864679317364,-36.7784538840322,-24],[174.864637104253,-36.7785373529592,-24],[174.864594807493,-36.7786207952414,-24],[174.864552425941,-36.7787042099951,-24],[174.864509961836,-36.7787875971853,-24],[174.86446741406,-36.7788709568293,-24],[174.86442478259,-36.778954288026,-24],[174.864382066348,-36.7790375925951,-24],[174.864339267532,-36.7791208686992,-24],[174.864296386184,-36.7792041181402,-24],[174.864253419999,-36.7792873382503,-24],[174.864210370163,-36.7793705317148,-24],[174.864167237751,-36.779453696714,-24],[174.864124021643,-36.7795368332653,-24],[174.86408072186,-36.7796199422699,-24],[174.864037339502,-36.7797030228088,-24],[174.863993872348,-36.7797860758183,-24],[174.863950323738,-36.7798691003445,-24],[174.86390669031,-36.7799520964401,-24],[174.863862974305,-36.7800350640698,-24],[174.863819175723,-36.7801180032336,-24],[174.863775292323,-36.7802009139665,-24],[174.863731327487,-36.7802837971167,-24],[174.863687278931,-36.7803666509172,-24],[174.863643146677,-36.7804494762691,-24],[174.863598931822,-36.7805322722535,-24],[174.86355463329,-36.7806150406901,-24],[174.863510252157,-36.7806977797591,-24],[174.863465788445,-36.7807804903615,-24],[174.863421242131,-36.7808631715962,-24],[174.863376612096,-36.7809458234806,-24],[174.863331899503,-36.7810284477992,-24],[174.863287103166,-36.7811110418664,-24],[174.863242225368,-36.781193607449,-24],[174.863197263848,-36.7812761436809,-24],[174.863152219725,-36.7813586505447,-24],[174.863107093021,-36.7814411289411,-24],[174.863061883693,-36.7815235770681,-24],[174.863016590662,-36.7816059967452,-24],[174.862971216127,-36.7816883861352,-24],[174.862925757867,-36.7817707461741,-24],[174.862880218124,-36.7818530768267,-24],[174.862834595776,-36.7819353781104,-24],[174.862788889704,-36.7820176500428,-24],[174.862743102125,-36.7820998916876,-24],[174.862697231942,-36.7821821039633,-24],[174.862651279153,-36.7822642868698,-24],[174.862605243738,-36.782346439506,-24],[174.862559125695,-36.7824285618719,-24],[174.862512926166,-36.7825106548507,-24],[174.862466644009,-36.7825927175591,-24],[174.862420279225,-36.7826747499968,-24],[174.862373831812,-36.7827567521638,-24],[174.862327302913,-36.7828387249434,-24],[174.862280691385,-36.7829206674521,-24],[174.862233998326,-36.7830025787713,-24],[174.862187221541,-36.7830844607379,-24],[174.862140364344,-36.7831663114973,-24],[174.862093424539,-36.7832481328865,-24],[174.862046402083,-36.7833299231033,-24],[174.861999298117,-36.7834116830311,-24],[174.861952111499,-36.7834934117863,-24],[174.861904843371,-36.7835751102524,-24],[174.861857493733,-36.7836567784293,-24],[174.861810061442,-36.7837384154334,-24],[174.861762547639,-36.783820022148,-24],[174.861714951184,-36.7839015976896,-24],[174.861667274316,-36.7839831420231,-24],[174.861619514816,-36.7840646560844,-24],[174.861571673761,-36.7841461380539,-24],[174.861523750074,-36.784227589751,-24],[174.861475745973,-36.7843090102396,-24],[174.861427659217,-36.7843903995547,-24],[174.861379490928,-36.7844717576786,-24],[174.861331242223,-36.7845530845937,-24],[174.861282910842,-36.784634379434,-24],[174.861234497948,-36.7847156439839,-24],[174.861186003497,-36.7847968764412,-24],[174.86113742751,-36.7848780777069,-24],[174.861088771086,-36.7849592468623,-24],[174.861040032007,-36.7850403848435,-24],[174.860991212511,-36.7851214916152,-24],[174.860942310337,-36.7852025663114,-24],[174.860893327725,-36.785283608897,-24],[174.860844264696,-36.7853646202729,-24],[174.860795118989,-36.785445599573,-24],[174.860745892842,-36.7855265467622,-24],[174.860696585137,-36.7856074618579,-24],[174.860647195895,-36.7856883457611,-24],[174.860597726191,-36.7857691966521,-24],[174.860548174949,-36.7858500163503,-24],[174.860498542126,-36.7859308030537,-24],[174.860448828862,-36.7860115576456,-24],[174.860399035159,-36.7860922801259,-24],[174.860349159895,-36.7861729705121,-24],[174.860299204169,-36.7862536278855,-24],[174.860249166903,-36.7863342540656,-24],[174.860199048033,-36.7864148463493,-24],[174.860148849842,-36.7864954065033,-24],[174.86009857009,-36.7865759345628,-24],[174.860082416677,-36.78660175375,-24],[174.860048209874,-36.786656429609,-24],[174.859997768075,-36.7867368916595,-24],[174.859974060834,-36.7867746329348,-24],[174.859947246954,-36.78681732158,-24],[174.859896644248,-36.7868977185044,-24],[174.859845961079,-36.7869780824153,-24],[174.859795196325,-36.78705841333,-24],[174.859744352249,-36.7871387121143,-24],[174.859693427686,-36.7872189769837,-24],[174.859666209727,-36.7872617899615,-24],[174.859642421538,-36.7872992088566,-24],[174.859591336045,-36.7873794076979,-24],[174.859540168967,-36.7874595735425,-24],[174.859488922543,-36.7875397063553,-24],[174.859437594512,-36.7876198052702,-24],[174.859386187135,-36.7876998711531,-24],[174.859334699292,-36.7877799040214,-24],[174.859283130961,-36.787859902974,-24],[174.859267353541,-36.7878843308138,-24],[174.859231482164,-36.7879398689119,-24],[174.859179752878,-36.7880198009338,-24],[174.859127944224,-36.7880996990222,-24],[174.859076055103,-36.7881795640956,-24],[174.859024085493,-36.7882593952527,-24],[174.858972036514,-36.7883391924761,-24],[174.858919907067,-36.7884189566841,-24],[174.858867698229,-36.7884986860571,-24],[174.858815407803,-36.788578382432,-24],[174.858763039106,-36.7886580439542,-24],[174.85871058994,-36.7887376724606,-24],[174.858658060263,-36.7888172661492,-24],[174.858605451215,-36.7888968259033,-24],[174.858552762796,-36.7889763517228,-24],[174.858499993887,-36.789055843625,-24],[174.858447145585,-36.7891353006915,-24],[174.85839421677,-36.7892147229397,-24],[174.858341209726,-36.7892941121363,-24],[174.858288122147,-36.7893734656134,-24],[174.858234955218,-36.7894527860563,-24],[174.858181707753,-36.7895320707793,-24],[174.858128382036,-36.7896113215495,-24],[174.858074975806,-36.7896905375007,-24],[174.858021490181,-36.7897697186153,-24],[174.857967926283,-36.7898488648757,-24],[174.857914281891,-36.7899279772179,-24],[174.857860558083,-36.7900070538221,-24],[174.857806756001,-36.7900860955718,-24],[174.857752873425,-36.7901651034029,-24],[174.857698912552,-36.7902440754783,-24],[174.857644871164,-36.790323012734,-24],[174.857590751479,-36.7904019142337,-24],[174.857536552398,-36.7904807808959,-24],[174.857482275041,-36.790559612703,-24],[174.857427917168,-36.7906384096898,-24],[174.857373480997,-36.7907171709204,-24],[174.857318965408,-36.7907958964121,-24],[174.857264371543,-36.7908745870482,-24],[174.857209698259,-36.7909532419452,-24],[174.857154946677,-36.7910318610855,-24],[174.857100114577,-36.7911104454049,-24],[174.857045205299,-36.79118899395,-24],[174.856990216601,-36.7912675067554,-24],[174.856935148484,-36.7913459838213,-24],[174.856880003188,-36.7914244251124,-24],[174.856824777352,-36.7915028306812,-24],[174.856769474315,-36.791581199574,-24],[174.85671409188,-36.7916595336278,-24],[174.856658631122,-36.7917378310228,-24],[174.856603092065,-36.7918160926602,-24],[174.856547473586,-36.7918943185572,-24],[174.856491777928,-36.7919725086787,-24],[174.856436002827,-36.7920506621586,-24],[174.856380149403,-36.7921287789794,-24],[174.856324217678,-36.7922068600419,-24],[174.85626820763,-36.792284904445,-24],[174.856212119281,-36.7923629130896,-24],[174.856155952608,-36.7924408850746,-24],[174.856099707612,-36.7925188203999,-24],[174.856043384293,-36.7925967190654,-24],[174.855986983769,-36.7926745810535,-24],[174.855930503824,-36.7927524073,-24],[174.855873946652,-36.792830195968,-24],[174.855817311178,-36.7929079488767,-24],[174.855760597358,-36.7929856642241,-24],[174.855703806334,-36.7930633428936,-24],[174.855646936984,-36.7931409849025,-24],[174.855589989288,-36.7932185893498,-24],[174.855532964409,-36.7932961580198,-24],[174.855475861161,-36.7933736882269,-24],[174.855418679609,-36.7934511826741,-24],[174.855361421951,-36.7935286395243,-24],[174.855304084825,-36.7936060588297,-24],[174.855246671613,-36.7936834414389,-24],[174.855189178933,-36.7937607865031,-24],[174.855131610146,-36.7938380939699,-24],[174.855073963032,-36.793915364775,-24],[174.855016238691,-36.793992598,-24],[174.854958437099,-36.7940697927436,-24],[174.85490055718,-36.7941469508253,-24],[174.854842601154,-36.794224071309,-24],[174.854784566778,-36.7943011542296,-24],[174.854726455173,-36.7943781995694,-24],[174.85466826634,-36.7944552073283,-24],[174.854610000255,-36.7945321766053,-24],[174.854551656942,-36.7946091083012,-24],[174.854493236398,-36.794686002416,-24],[174.854434738604,-36.7947628580484,-24],[174.854376163579,-36.7948396760995,-24],[174.854317511325,-36.7949164565691,-24],[174.854258782939,-36.7949931985386,-24],[174.854199976181,-36.7950699020428,-24],[174.854141093313,-36.7951465679477,-24],[174.854082133193,-36.7952231953698,-24],[174.85402309694,-36.7952997842912,-24],[174.853963983435,-36.7953763347296,-24],[174.853904792699,-36.7954528475856,-24],[174.853845525809,-36.7955293210399,-24],[174.853786181688,-36.7956057569116,-24],[174.853726760313,-36.7956821542998,-24],[174.853667263904,-36.7957585122683,-24],[174.853607689121,-36.7958348317704,-24],[174.853548039346,-36.7959111136547,-24],[174.853488311155,-36.7959873552704,-24],[174.853428507971,-36.7960635592681,-24],[174.853368627512,-36.7961397238805,-24],[174.853308670919,-36.7962158499911,-24],[174.853248638171,-36.7962919366987,-24],[174.853188529288,-36.7963679849043,-24],[174.853128343128,-36.7964439937241,-24],[174.853068081955,-36.7965199640242,-24],[174.853007743505,-36.7965958949385,-24],[174.852947328898,-36.7966717864492,-24],[174.852886838157,-36.7967476394573,-24],[174.852826271237,-36.7968234521607,-24],[174.852765629302,-36.7968992263438,-24],[174.852704910068,-36.7969749602394,-24],[174.852644115819,-36.7970506556145,-24],[174.852583244293,-36.7971263116029,-24],[174.852522297707,-36.7972019272685,-24],[174.852461274964,-36.7972775035298,-24],[174.852400177205,-36.7973530412701,-24],[174.852352812991,-36.797411495552,-24],[174.852339003245,-36.7974285378038,-24],[174.852277753149,-36.7975039958338,-24],[174.852216426872,-36.797579413558,-24],[174.852155025558,-36.7976547918597,-24],[174.852093549184,-36.7977301298379,-24],[174.85203199663,-36.79780542751,-24],[174.851970367917,-36.7978806857767,-24],[174.851908664165,-36.7979559046206,-24],[174.851846885331,-36.7980310822396,-24]]]},"properties":{"OBJECTID":29,"TYPE":4,"SUBTYPE":null,"SCHEDULE":"T4","NAME":"Rangitoto Island","VALIDATIONSTATE":3,"VERSIONSTATUS":4,"GlobalID":"d82f2da9-f008-4713-80dd-c67fe407ab77"}},{"type":"Feature","id":30,"geometry":{"type":"Polygon","coordinates":[[[174.79303895201,-36.8166869916565,47.7666999999929],[174.747525838161,-36.8276480668758,40.75],[174.789167927638,-36.8073026882645,47.9468999999954],[174.790163927453,-36.8068157590233,48.1190999999963],[174.830871299902,-36.786902278862,55.1582000000053],[174.831047725884,-36.78681592212,55.1886999999988],[174.84739939319,-36.7788101357773,58.0173000000068],[174.851923380068,-36.7765945065079,58.8000000000029],[174.851952497067,-36.7766329955845,58.8000000000029],[174.851981593075,-36.7766714957964,58.8000000000029],[174.852010665852,-36.7767100071785,58.8000000000029],[174.852039717616,-36.7767485287949,58.8000000000029],[174.852068747247,-36.7767870606631,58.8000000000029],[174.852097754767,-36.776825603684,58.8000000000029],[174.852126740176,-36.7768641578578,58.8000000000029],[174.852155703453,-36.7769027222833,58.8000000000029],[174.852184645716,-36.7769412969433,58.8000000000029],[174.852213564749,-36.7769798827735,58.8000000000029],[174.85224246279,-36.7770184797392,58.8000000000029],[174.852271338699,-36.7770570869567,58.8000000000029],[174.852300192474,-36.7770957044261,58.8000000000029],[174.852329024138,-36.7771343330485,58.8000000000029],[174.85235783479,-36.7771729719053,58.8000000000029],[174.852386622188,-36.7772116210315,58.8000000000029],[174.852415387476,-36.7772502813107,58.8000000000029],[174.85244413175,-36.7772889518244,58.8000000000029],[174.852472853913,-36.7773276334911,58.8000000000029],[174.852501552823,-36.7773663254273,58.8000000000029],[174.852530230719,-36.777405027598,58.8000000000029],[174.852558886505,-36.7774437409218,58.8000000000029],[174.852587520157,-36.7774824644977,58.8000000000029],[174.852616131698,-36.7775211992266,58.8000000000029],[174.852644721084,-36.7775599433066,58.8000000000029],[174.852673289501,-36.7775986994233,58.8000000000029],[174.852701834642,-36.7776374649086,58.8000000000029],[174.852730357672,-36.777676241547,58.8000000000029],[174.852758858569,-36.7777150284376,58.8000000000029],[174.852787338453,-36.7777538255628,58.8000000000029],[174.852815795083,-36.7777926329578,58.8000000000029],[174.852844230722,-36.7778314514884,58.8000000000029],[174.852872643107,-36.7778702802888,58.8000000000029],[174.852901034479,-36.7779091193239,58.8000000000029],[174.85292940262,-36.7779479695298,58.8000000000029],[174.852957749725,-36.7779868290694,58.8000000000029],[174.852986073599,-36.7780256997799,58.8000000000029],[174.853014376481,-36.7780645816261,58.8000000000029],[174.853042656088,-36.7781034728411,58.8000000000029],[174.853070914682,-36.7781423742911,58.8000000000029],[174.853099150043,-36.7781812869118,58.8000000000029],[174.853127364392,-36.7782202097674,58.8000000000029],[174.853155555486,-36.7782591428929,58.8000000000029],[174.853183724448,-36.7782980862708,58.8000000000029],[174.853211872395,-36.7783370398836,58.8000000000029],[174.853239997111,-36.7783760046673,58.8000000000029],[174.853268099672,-36.7784149788025,58.8000000000029],[174.85329618012,-36.7784539640912,58.8000000000029],[174.853324239555,-36.7784929596148,58.8000000000029],[174.853352275737,-36.7785319654084,58.8000000000029],[174.853380289785,-36.7785709814546,58.8000000000029],[174.853408281699,-36.7786100077533,58.8000000000029],[174.853436251479,-36.7786490443045,58.8000000000029],[174.853464198005,-36.7786880911257,58.8000000000029],[174.853492123518,-36.7787271481821,58.8000000000029],[174.853520026897,-36.778766215491,58.8000000000029],[174.853547907044,-36.778805293971,58.8000000000029],[174.853575765035,-36.7788443818027,58.8000000000029],[174.853603602013,-36.7788834798695,58.8000000000029],[174.853631415758,-36.7789225891074,58.8000000000029],[174.853659207348,-36.778961707697,58.8000000000029],[174.853686976804,-36.7790008365393,58.8000000000029],[174.853714724148,-36.7790399765354,58.8000000000029],[174.853742448216,-36.7790791259005,58.8000000000029],[174.85377015127,-36.779118285501,58.8000000000029],[174.853797831069,-36.7791574553717,58.8000000000029],[174.853825488735,-36.7791966354951,58.8000000000029],[174.853853124267,-36.7792358258714,58.8000000000029],[174.853880737665,-36.7792750265005,58.8000000000029],[174.853908328929,-36.7793142373823,58.8000000000029],[174.853935898059,-36.779353458517,58.8000000000029],[174.853963443913,-36.779392689021,58.8000000000029],[174.853990967654,-36.7794319306789,58.8000000000029],[174.854018469239,-36.7794711816886,58.8000000000029],[174.854045948691,-36.7795104429513,58.8000000000029],[174.85407340603,-36.7795497153678,58.8000000000029],[174.854100840092,-36.7795889971538,58.8000000000029],[174.854128251999,-36.7796282882917,58.8000000000029],[174.854155641794,-36.7796675905836,58.8000000000029],[174.854183009432,-36.7797069022274,58.8000000000029],[174.854210354958,-36.7797462250252,58.8000000000029],[174.854237677207,-36.7797855571925,58.8000000000029],[174.854264977301,-36.7798248987119,58.8000000000029],[174.854292255281,-36.7798642513852,58.8000000000029],[174.854319511106,-36.7799036134107,58.8000000000029],[174.854346743698,-36.7799429866076,58.8000000000029],[174.854373955232,-36.7799823682382,58.8000000000029],[174.854401143533,-36.7800217610404,58.8000000000029],[174.854428308558,-36.7800611632121,58.8000000000029],[174.85445545259,-36.7801005765205,58.8000000000029],[174.854482573325,-36.7801399982975,58.8000000000029],[174.854509671946,-36.7801794312287,58.8000000000029],[174.854536747291,-36.7802188735295,58.8000000000029],[174.854563800501,-36.7802583260836,58.8000000000029],[174.854590831577,-36.7802977888908,58.8000000000029],[174.854617840497,-36.7803372610503,58.8000000000029],[174.854644827281,-36.780376743463,58.8000000000029],[174.854671790789,-36.7804162352455,58.8000000000029],[174.854698731043,-36.7804557372987,58.8000000000029],[174.854725650282,-36.7804952495877,58.8000000000029],[174.854752546265,-36.7805347721475,58.8000000000029],[174.854779420093,-36.7805743040596,58.8000000000029],[174.854806271785,-36.7806138462251,58.8000000000029],[174.854833100201,-36.7806533977604,58.8000000000029],[174.854859906482,-36.780692959549,58.8000000000029],[174.854886689487,-36.7807325307075,58.8000000000029],[174.854913450356,-36.7807721121194,58.8000000000029],[174.854940189091,-36.7808117037848,58.8000000000029],[174.854966905669,-36.7808513048025,58.8000000000029],[174.85499359897,-36.7808909151902,58.8000000000029],[174.855020269038,-36.7809305367498,58.8000000000029],[174.855046918047,-36.7809701667434,58.8000000000029],[174.855073543802,-36.781009807008,58.8000000000029],[174.855100146301,-36.7810494575436,58.8000000000029],[174.855126726643,-36.7810891174317,58.8000000000029],[174.85515328485,-36.7811287875733,58.8000000000029],[174.855179820901,-36.7811684670675,58.8000000000029],[174.855206333696,-36.7812081568328,58.8000000000029],[174.855232823214,-36.781247855968,58.8000000000029],[174.855259291695,-36.7812875644385,58.8000000000029],[174.855285735801,-36.7813272831975,58.8000000000029],[174.855312158892,-36.7813670121926,58.8000000000029],[174.855327230185,-36.781389697263,58.8000000000029],[174.855338558684,-36.7814067496569,58.8000000000029],[174.855364935242,-36.7814464982934,58.8000000000029],[174.855391289621,-36.7814862553814,58.8000000000029],[174.855417621865,-36.7815260227232,58.8000000000029],[174.855443930854,-36.7815658003362,58.8000000000029],[174.855470217664,-36.7816055864009,58.8000000000029],[174.855496481218,-36.7816453827369,58.8000000000029],[174.855522722637,-36.7816851893266,58.8000000000029],[174.855548941899,-36.781725005269,58.8000000000029],[174.855575136763,-36.7817648305992,58.8000000000029],[174.85560131059,-36.7818046652648,58.8000000000029],[174.855627461162,-36.7818445102016,58.8000000000029],[174.855653588456,-36.7818843645087,58.8000000000029],[174.855679693593,-36.7819242281687,58.8000000000029],[174.855705776594,-36.7819641020826,58.8000000000029],[174.855731836318,-36.7820039853668,58.8000000000029],[174.855757872764,-36.7820438780214,58.8000000000029],[174.855783887075,-36.7820837809299,58.8000000000029],[174.855809879206,-36.7821236922903,58.8000000000029],[174.855835848082,-36.7821636139222,58.8000000000029],[174.85586179368,-36.7822035449245,58.8000000000029],[174.855887717142,-36.7822434861807,58.8000000000029],[174.855913618425,-36.782283435889,58.8000000000029],[174.855939496452,-36.7823233958687,58.8000000000029],[174.855965351202,-36.7823633652189,58.8000000000029],[174.855991183794,-36.7824033439222,58.8000000000029],[174.85601699313,-36.782443332897,58.8000000000029],[174.856042780286,-36.7824833303238,58.8000000000029],[174.856068544187,-36.7825233380223,58.8000000000029],[174.856094285908,-36.7825633541728,58.8000000000029],[174.856120004372,-36.7826033805949,58.8000000000029],[174.85614569956,-36.7826434163876,58.8000000000029],[174.856171372611,-36.7826834624345,58.8000000000029],[174.856197022362,-36.7827235169509,58.8000000000029],[174.856222649955,-36.7827635808206,58.8000000000029],[174.856248254293,-36.7828036549619,58.8000000000029],[174.856273836451,-36.7828437375555,58.8000000000029],[174.856299395352,-36.7828838304207,58.8000000000029],[174.856324930975,-36.7829239326566,58.8000000000029],[174.856350444419,-36.7829640433448,58.8000000000029],[174.856375934607,-36.7830041643047,58.8000000000029],[174.856401401516,-36.7830442946354,58.8000000000029],[174.856426846267,-36.7830844343194,58.8000000000029],[174.85645226886,-36.7831245833567,58.8000000000029],[174.856477667034,-36.7831647408813,58.8000000000029],[174.856503043071,-36.7832049086602,58.8000000000029],[174.856528396949,-36.7832450857925,58.8000000000029],[174.85655372643,-36.7832852723131,58.8000000000029],[174.856579033752,-36.7833254681871,58.8000000000029],[174.856604318894,-36.7833656725135,58.8000000000029],[174.85662958078,-36.7834058871118,58.8000000000029],[174.856654819387,-36.783446111081,58.8000000000029],[174.856680034694,-36.7834863435201,58.8000000000029],[174.856705227843,-36.7835265853127,58.8000000000029],[174.856730397735,-36.7835668373773,58.8000000000029],[174.856755544327,-36.7836070979118,58.8000000000029],[174.856780668761,-36.7836473677998,58.8000000000029],[174.856805769916,-36.7836876470588,58.8000000000029],[174.856830847793,-36.7837279356889,58.8000000000029],[174.856855903511,-36.7837682336725,58.8000000000029],[174.856880935929,-36.7838085401261,58.8000000000029],[174.85690594509,-36.7838488568518,58.8000000000029],[174.85693093207,-36.7838891820302,58.8000000000029],[174.856955895772,-36.7839295165796,58.8000000000029],[174.856980836195,-36.7839698605001,58.8000000000029],[174.85700575334,-36.7840102137917,58.8000000000029],[174.857030648304,-36.784050575536,58.8000000000029],[174.857055518891,-36.7840909475699,58.8000000000029],[174.857080368418,-36.784131328039,58.8000000000029],[174.857105193524,-36.7841717169958,58.8000000000029],[174.857129996493,-36.7842121162074,58.8000000000029],[174.857154776161,-36.7842525238891,58.8000000000029],[174.857179532551,-36.784292940942,58.8000000000029],[174.857204265661,-36.7843333673662,58.8000000000029],[174.857228976613,-36.7843738031442,58.8000000000029],[174.857253664264,-36.7844142473925,58.8000000000029],[174.857278328636,-36.784454701012,58.8000000000029],[174.857302969707,-36.7844951631019,58.8000000000029],[174.857327587521,-36.784535635464,58.8000000000029],[174.857352183154,-36.784576116279,58.8000000000029],[174.857376755487,-36.7846166055644,58.8000000000029],[174.857401304562,-36.7846571051221,58.8000000000029],[174.857425831434,-36.7846976122318,58.8000000000029],[174.857450333929,-36.7847381296313,58.8000000000029],[174.857474814243,-36.7847786554837,58.8000000000029],[174.857499271277,-36.7848191907075,58.8000000000029],[174.857523705011,-36.7848597344018,58.8000000000029],[174.857548115465,-36.7849002874676,58.8000000000029],[174.85757250264,-36.7849408499048,58.8000000000029],[174.857596867634,-36.784981420795,58.8000000000029],[174.857621209349,-36.7850220010567,58.8000000000029],[174.857645527763,-36.7850625897889,58.8000000000029],[174.857669822897,-36.7851031878927,58.8000000000029],[174.857694094729,-36.785143794467,58.8000000000029],[174.857717231527,-36.7851825484864,58.8000000000029],[174.857718343283,-36.7851844104128,58.8000000000029],[174.857742569655,-36.7852250348118,58.8000000000029],[174.857766772748,-36.7852656685823,58.8000000000029],[174.857790951441,-36.7853063117419,58.8000000000029],[174.857815107952,-36.7853469633547,58.8000000000029],[174.857839241163,-36.785387623438,58.8000000000029],[174.857863352214,-36.7854282928756,58.8000000000029],[174.857887438843,-36.7854689708012,58.8000000000029],[174.857911502192,-36.7855096580986,58.8000000000029],[174.857935543361,-36.7855503538492,58.8000000000029],[174.857959560129,-36.785591058989,58.8000000000029],[174.857983554716,-36.7856317725819,58.8000000000029],[174.858007526001,-36.7856724946457,58.8000000000029],[174.858031474006,-36.7857132260811,58.8000000000029],[174.85805539871,-36.7857539659874,58.8000000000029],[174.858079300134,-36.7857947152654,58.8000000000029],[174.858103178256,-36.7858354730143,58.8000000000029],[174.858127033077,-36.7858762392339,58.8000000000029],[174.858150864617,-36.7859170148253,58.8000000000029],[174.858174673976,-36.7859577988701,58.8000000000029],[174.858198458913,-36.7859985914033,58.8000000000029],[174.85822222057,-36.7860393933083,58.8000000000029],[174.858245960045,-36.7860802036667,58.8000000000029],[174.858269675099,-36.7861210225135,58.8000000000029],[174.858293367992,-36.7861618507147,58.8000000000029],[174.858317037583,-36.7862026873868,58.8000000000029],[174.858340682752,-36.7862435325474,58.8000000000029],[174.858364305761,-36.7862843870624,58.8000000000029],[174.858387905446,-36.7863252491475,58.8000000000029],[174.858411480731,-36.7863661206219,58.8000000000029],[174.858435033856,-36.7864070014509,58.8000000000029],[174.858458563657,-36.7864478898499,58.8000000000029],[174.858482070177,-36.786488787621,58.8000000000029],[174.858505552275,-36.7865296938805,58.8000000000029],[174.858529012191,-36.7865706085936,58.8000000000029],[174.858552448805,-36.7866115317779,58.8000000000029],[174.858575862138,-36.7866524643342,58.8000000000029],[174.858599251027,-36.786693404478,58.8000000000029],[174.858622617756,-36.7867343539765,58.8000000000029],[174.858645961183,-36.7867753119462,58.8000000000029],[174.858669281307,-36.786816278387,58.8000000000029],[174.858692577008,-36.7868572533164,58.8000000000029],[174.858715850549,-36.7868982376005,58.8000000000029],[174.858739099646,-36.7869392294723,58.8000000000029],[174.858762326582,-36.7869802306988,58.8000000000029],[174.858785529074,-36.787021239513,58.8000000000029],[174.858802695709,-36.787051616728,58.8000000000029],[174.858808709405,-36.787062257682,58.8000000000029],[174.858831865313,-36.7871032843396,58.8000000000029],[174.858854999039,-36.7871443194511,58.8000000000029],[174.858878108342,-36.7871853630513,58.8000000000029],[174.858901194343,-36.7872264151228,58.8000000000029],[174.858924257041,-36.7872674756656,58.8000000000029],[174.858924765303,-36.7872683825801,58.8000000000029],[174.858947296436,-36.7873085446798,58.8000000000029],[174.858970312528,-36.7873496221652,58.8000000000029],[174.858993305318,-36.787390708122,58.8000000000029],[174.859016274805,-36.7874318025502,58.8000000000029],[174.859039220989,-36.7874729054497,58.8000000000029],[174.85906214275,-36.7875140168381,58.8000000000029],[174.859085042328,-36.7875551366805,58.8000000000029],[174.859107917483,-36.7875962650117,58.8000000000029],[174.859130770456,-36.7876374017969,58.8000000000029],[174.859153599005,-36.787678547071,58.8000000000029],[174.859176404252,-36.7877197008166,58.8000000000029],[174.859199186173,-36.7877608621326,58.8000000000029],[174.859221944814,-36.7878020328212,58.8000000000029],[174.859244679031,-36.7878432119987,58.8000000000029],[174.859267353541,-36.7878843308138,58.8000000000029],[174.859267391043,-36.7878843987293,58.8000000000029],[174.859290078632,-36.7879255939489,58.8000000000029],[174.85931274406,-36.7879667985235,58.8000000000029],[174.859335385042,-36.7880080106862,58.8000000000029],[174.8593580027,-36.7880492304195,58.8000000000029],[174.859380597076,-36.7880904595253,58.8000000000029],[174.859403167029,-36.7881316971203,58.8000000000029],[174.859425714777,-36.7881729422683,58.8000000000029],[174.859448238101,-36.7882141959055,58.8000000000029],[174.859470738122,-36.7882554580144,58.8000000000029],[174.859493214839,-36.7882967285949,58.8000000000029],[174.859515668254,-36.788338007647,58.8000000000029],[174.859538098342,-36.7883792942699,58.8000000000029],[174.859560504008,-36.788420589382,58.8000000000029],[174.859582887489,-36.7884618929482,58.8000000000029],[174.859605246548,-36.7885032050037,58.8000000000029],[174.85962758228,-36.7885445246299,58.8000000000029],[174.859649893589,-36.7885858527455,58.8000000000029],[174.859672182715,-36.7886271893152,58.8000000000029],[174.859694447417,-36.7886685343743,58.8000000000029],[174.859716688793,-36.7887098870041,58.8000000000029],[174.859738906865,-36.7887512481058,58.8000000000029],[174.859761101612,-36.7887926167783,58.8000000000029],[174.859783271957,-36.7888339948411,58.8000000000029],[174.859805418976,-36.7888753804748,58.8000000000029],[174.85982754267,-36.7889167736794,58.8000000000029],[174.859849643059,-36.7889581753558,58.8000000000029],[174.859871719025,-36.7889995855216,58.8000000000029],[174.859893771687,-36.7890410041593,58.8000000000029],[174.859915801022,-36.789082430368,58.8000000000029],[174.859937807033,-36.7891238641476,58.8000000000029],[174.85995978864,-36.7891653073177,58.8000000000029],[174.859981748021,-36.7892067571402,58.8000000000029],[174.860003682998,-36.7892482163532,58.8000000000029],[174.86002559353,-36.7892896831547,58.8000000000029],[174.860047481856,-36.7893311575097,58.8000000000029],[174.860069345758,-36.7893726403542,58.8000000000029],[174.860091186355,-36.7894141316708,58.8000000000029],[174.860113002506,-36.7894556305759,58.8000000000029],[174.860134795353,-36.789497137953,58.8000000000029],[174.860156564874,-36.7895386529013,58.8000000000029],[174.860178311069,-36.7895801754206,58.8000000000029],[174.860200032861,-36.7896217073306,58.8000000000029],[174.860221731305,-36.7896632459106,58.8000000000029],[174.860243406444,-36.7897047929628,58.8000000000029],[174.860265058279,-36.7897463484871,58.8000000000029],[174.860286685668,-36.7897879116001,58.8000000000029],[174.860308289731,-36.7898294822843,58.8000000000029],[174.860329869368,-36.7898710614582,58.8000000000029],[174.86035142568,-36.7899126482032,58.8000000000029],[174.860372958686,-36.7899542434205,58.8000000000029],[174.860394467246,-36.7899958462265,58.8000000000029],[174.8604159536,-36.7900374565862,58.8000000000029],[174.860437414409,-36.7900790754533,58.8000000000029],[174.860458853012,-36.790120701874,58.8000000000029],[174.860480267167,-36.7901623358836,58.8000000000029],[174.860501658018,-36.7902039783654,58.8000000000029],[174.860523024422,-36.790245628436,58.8000000000029],[174.860544367522,-36.790287286979,58.8000000000029],[174.860565687294,-36.7903289530934,58.8000000000029],[174.86058698262,-36.7903706267965,58.8000000000029],[174.860608254619,-36.7904123080711,58.8000000000029],[174.860629503313,-36.7904539978179,58.8000000000029],[174.86065072756,-36.7904956951538,58.8000000000029],[174.860671928481,-36.7905374000609,58.8000000000029],[174.860693104976,-36.7905791134581,58.8000000000029],[174.860714258144,-36.7906208344267,58.8000000000029],[174.860735387985,-36.7906625629667,58.8000000000029],[174.860756493379,-36.7907042990956,58.8000000000029],[174.860777575446,-36.7907460427961,58.8000000000029],[174.860798633088,-36.7907877949865,58.8000000000029],[174.860819667403,-36.7908295547484,58.8000000000029],[174.86084067839,-36.7908713220819,58.8000000000029],[174.86086166493,-36.7909130970043,58.8000000000029],[174.860882627023,-36.7909548795159,58.8000000000029],[174.860903566931,-36.7909966704824,58.8000000000029],[174.860924482392,-36.791038469038,58.8000000000029],[174.860945373405,-36.7910802751828,58.8000000000029],[174.86096624109,-36.7911220888991,58.8000000000029],[174.860987085449,-36.791163910187,58.8000000000029],[174.86100790536,-36.791205739064,58.8000000000029],[174.861028700823,-36.7912475755302,58.8000000000029],[174.861049474101,-36.7912894204515,58.8000000000029],[174.861070221789,-36.7913312720786,58.8000000000029],[174.861090947292,-36.7913731321607,58.8000000000029],[174.861111648326,-36.791414998931,58.8000000000029],[174.861132324933,-36.7914568741916,58.8000000000029],[174.861152978213,-36.7914987570239,58.8000000000029],[174.861173607023,-36.7915406465444,58.8000000000029],[174.861194212528,-36.7915825445376,58.8000000000029],[174.861214794705,-36.7916244501026,58.8000000000029],[174.861235352434,-36.7916663632569,58.8000000000029],[174.861255885693,-36.7917082830994,58.8000000000029],[174.861276395647,-36.7917502114148,58.8000000000029],[174.861296882272,-36.7917921473019,58.8000000000029],[174.86131734445,-36.7918340907784,58.8000000000029],[174.861337782158,-36.7918760409432,58.8000000000029],[174.861358196559,-36.7919179995808,58.8000000000029],[174.861378587611,-36.7919599648893,58.8000000000029],[174.861398954237,-36.7920019386882,58.8000000000029],[174.861419296393,-36.7920439191755,58.8000000000029],[174.861439615221,-36.7920859072347,58.8000000000029],[174.861459909622,-36.7921279037843,58.8000000000029],[174.861480180673,-36.7921699070048,58.8000000000029],[174.861500428375,-36.7922119168963,58.8000000000029],[174.86152065053,-36.7922539352957,58.8000000000029],[174.861540850477,-36.7922959612496,58.8000000000029],[174.861561024833,-36.7923379939095,58.8000000000029],[174.861581177003,-36.7923800350248,58.8000000000029],[174.861601303583,-36.7924220828462,58.8000000000029],[174.861621406835,-36.7924641382396,58.8000000000029],[174.861641486736,-36.792506200304,58.8000000000029],[174.861661542211,-36.792548270859,58.8000000000029],[174.861681573215,-36.7925903481025,58.8000000000029],[174.861701580891,-36.7926324329181,58.8000000000029],[174.861721564118,-36.7926745253233,58.8000000000029],[174.861741524017,-36.7927166253006,58.8000000000029],[174.861761459445,-36.7927587319665,58.8000000000029],[174.861781370424,-36.792800846222,58.8000000000029],[174.861801258075,-36.7928429680497,58.8000000000029],[174.861821122397,-36.7928850974494,58.8000000000029],[174.861840961129,-36.7929272335555,58.8000000000029],[174.861860776531,-36.7929693772336,58.8000000000029],[174.861880568605,-36.7930115284839,58.8000000000029],[174.861900336209,-36.793053686423,58.8000000000029],[174.861920079363,-36.7930958519517,58.8000000000029],[174.861939799188,-36.7931380250527,58.8000000000029],[174.861959494543,-36.7931802048424,58.8000000000029],[174.861979166569,-36.7932223922044,58.8000000000029],[174.861998813003,-36.7932645862727,58.8000000000029],[174.862018437251,-36.7933067887966,58.8000000000029],[174.862038035885,-36.793348997126,58.8000000000029],[174.862057611213,-36.7933912139286,58.8000000000029],[174.862077163189,-36.7934334374026,58.8000000000029],[174.862096689575,-36.7934756675828,58.8000000000029],[174.862116192631,-36.7935179053355,58.8000000000029],[174.862135672358,-36.7935601506604,58.8000000000029],[174.862155127614,-36.7936024026743,58.8000000000029],[174.86217455842,-36.793644662278,58.8000000000029],[174.862193964755,-36.7936869285706,58.8000000000029],[174.862213347761,-36.7937292024357,58.8000000000029],[174.862232706296,-36.7937714829896,58.8000000000029],[174.862252040381,-36.7938137711335,58.8000000000029],[174.862271351115,-36.7938560659488,58.8000000000029],[174.862290637399,-36.7938983683542,58.8000000000029],[174.862309900332,-36.7939406774309,58.8000000000029],[174.862329138815,-36.7939829940976,58.8000000000029],[174.862348352827,-36.7940253174534,58.8000000000029],[174.862367542389,-36.7940676483992,58.8000000000029],[174.8623867086,-36.7941099860165,58.8000000000029],[174.862405850339,-36.7941523303228,58.8000000000029],[174.862424967628,-36.7941946822192,58.8000000000029],[174.862444061566,-36.7942370407871,58.8000000000029],[174.862463131053,-36.7942794069451,58.8000000000029],[174.862482176069,-36.7943217797922,58.8000000000029],[174.862501196613,-36.7943641593284,58.8000000000029],[174.862520193828,-36.7944065464372,58.8000000000029],[174.86253916657,-36.7944489402351,58.8000000000029],[174.862558114841,-36.7944913407222,58.8000000000029],[174.862577039781,-36.7945337487819,58.8000000000029],[174.86259594025,-36.7945761635307,58.8000000000029],[174.862614816269,-36.7946185858698,58.8000000000029],[174.862633667793,-36.794661013997,58.8000000000029],[174.862652495988,-36.794703449697,58.8000000000029],[174.862671299732,-36.7947458929871,58.8000000000029],[174.862690078983,-36.7947883420655,58.8000000000029],[174.862708834903,-36.7948307987166,58.8000000000029],[174.86272756523,-36.7948732620745,58.8000000000029],[174.862746272206,-36.7949157321041,58.8000000000029],[174.862764954731,-36.794958209724,58.8000000000029],[174.862783613883,-36.7950006931147,58.8000000000029],[174.862802247463,-36.7950431841132,58.8000000000029],[174.862820857692,-36.7950856817835,58.8000000000029],[174.86283944347,-36.7951281870441,58.8000000000029],[174.862858005874,-36.7951706980755,58.8000000000029],[174.862876542706,-36.7952132167148,58.8000000000029],[174.862895056165,-36.795255741125,58.8000000000029],[174.862913545173,-36.7952982731255,58.8000000000029],[174.862932009709,-36.7953408118155,58.8000000000029],[174.862950450913,-36.7953833580783,58.8000000000029],[174.862968866503,-36.795425910147,58.8000000000029],[174.862987258741,-36.7954684688877,58.8000000000029],[174.863005626528,-36.7955110352188,58.8000000000029],[174.863023969842,-36.7955536082393,58.8000000000029],[174.863042289781,-36.7955961870308,58.8000000000029],[174.86306058415,-36.7956387734303,58.8000000000029],[174.863078855165,-36.7956813665018,58.8000000000029],[174.863097101708,-36.7957239662627,58.8000000000029],[174.863115323778,-36.7957665727132,58.8000000000029],[174.863133522495,-36.7958091858357,58.8000000000029],[174.863151695619,-36.7958518056652,58.8000000000029],[174.86316984539,-36.7958944321668,58.8000000000029],[174.863187970688,-36.7959370653579,58.8000000000029],[174.863206071513,-36.7959797052386,58.8000000000029],[174.863224147864,-36.7960223518089,58.8000000000029],[174.863242199743,-36.7960650050688,58.8000000000029],[174.863260228246,-36.7961076640998,58.8000000000029],[174.863278231178,-36.7961503307389,58.8000000000029],[174.863296210757,-36.7961930040501,58.8000000000029],[174.863314165863,-36.796235684051,58.8000000000029],[174.863332096473,-36.7962783698405,58.8000000000029],[174.863350002632,-36.7963210632207,58.8000000000029],[174.863367885416,-36.7963637623721,58.8000000000029],[174.863385742628,-36.7964064691317,58.8000000000029],[174.863403576465,-36.7964491816624,58.8000000000029],[174.863421384708,-36.7964919009005,58.8000000000029],[174.863439169597,-36.7965346268107,58.8000000000029],[174.863456930013,-36.7965773594106,58.8000000000029],[174.863474665934,-36.7966200977994,58.8000000000029],[174.863492377403,-36.7966628437788,58.8000000000029],[174.863510065496,-36.7967055955296,58.8000000000029],[174.863527727996,-36.7967483539876,58.8000000000029],[174.863545367142,-36.7967911191179,58.8000000000029],[174.863562980672,-36.7968338900546,58.8000000000029],[174.86358057087,-36.7968766685646,58.8000000000029],[174.863598136572,-36.7969194528634,58.8000000000029],[174.863615677801,-36.796962243852,58.8000000000029],[174.863633194555,-36.7970050415306,58.8000000000029],[174.863650686814,-36.797047844998,58.8000000000029],[174.863668154599,-36.7970906551552,58.8000000000029],[174.863685597909,-36.7971334720024,58.8000000000029],[174.863703016746,-36.7971762955395,58.8000000000029],[174.863720412207,-36.797219124848,58.8000000000029],[174.863737782073,-36.7972619608639,58.8000000000029],[174.863755128586,-36.7973048035523,58.8000000000029],[174.863772449482,-36.7973476520472,58.8000000000029],[174.863789747024,-36.7973905072144,58.8000000000029],[174.863807020091,-36.7974333690716,58.8000000000029],[174.863824267543,-36.7974762367354,58.8000000000029],[174.86384149164,-36.7975191110717,58.8000000000029],[174.863858691241,-36.797561991197,58.8000000000029],[174.863875866389,-36.7976048789133,58.8000000000029],[174.863893017019,-36.7976477715176,58.8000000000029],[174.863910143196,-36.7976906717129,58.8000000000029],[174.863927244855,-36.7977335767964,58.8000000000029],[174.863944322061,-36.7977764894709,58.8000000000029],[174.863961374771,-36.7978194079345,58.8000000000029],[174.863978402985,-36.7978623321872,58.8000000000029],[174.863995406745,-36.797905264031,58.8000000000029],[174.864012385987,-36.797948200763,58.8000000000029],[174.864029341874,-36.7979911441674,58.8000000000029],[174.864046272167,-36.7980340942797,58.8000000000029],[174.864063177962,-36.798077050181,58.8000000000029],[174.864080059283,-36.7981200127725,58.8000000000029],[174.864096916107,-36.7981629811532,58.8000000000029],[174.864113749555,-36.7982059553056,58.8000000000029],[174.864130557407,-36.7982489361656,58.8000000000029],[174.864147340784,-36.7982919237159,58.8000000000029],[174.864164099664,-36.7983349170555,58.8000000000029],[174.864180834047,-36.7983779161842,58.8000000000029],[174.864197543955,-36.7984209220032,58.8000000000029],[174.864214229366,-36.7984639336115,58.8000000000029],[174.86423089028,-36.798506951009,58.8000000000029],[174.864247526719,-36.7985499750968,58.8000000000029],[174.864264138682,-36.7985930058749,58.8000000000029],[174.864280726127,-36.7986360415413,58.8000000000029],[174.864297289096,-36.798679083898,58.8000000000029],[174.864313827589,-36.798722132945,58.8000000000029],[174.864330341564,-36.7987651868804,58.8000000000029],[174.864346831063,-36.7988082475061,58.8000000000029],[174.864363296086,-36.7988513148221,58.8000000000029],[174.86437973547,-36.7988943870442,58.8000000000029],[174.864396151499,-36.798937465939,58.8000000000029],[174.86441254303,-36.7989805506232,58.8000000000029],[174.864428910086,-36.7990236419978,58.8000000000029],[174.864445251523,-36.7990667391794,58.8000000000029],[174.864461569584,-36.7991098421328,58.8000000000029],[174.864477862026,-36.7991529508933,58.8000000000029],[174.864494129971,-36.7991960654431,58.8000000000029],[174.86451037456,-36.7992391866659,58.8000000000029],[174.864526593532,-36.7992823136958,58.8000000000029],[174.864542788005,-36.7993254465151,58.8000000000029],[174.864558957981,-36.7993685851238,58.8000000000029],[174.86457510348,-36.7994117304231,58.8000000000029],[174.864577077384,-36.799417007444,58.8000000000029],[174.853048512736,-36.8022035179649,57.0215999999928],[174.852986604235,-36.8022184779315,57.0121000000072],[174.838681565522,-36.8056742483729,54.805600000007],[174.812862411964,-36.8119064662314,50.8236000000034],[174.795339047431,-36.816132510177,48.1214000000036],[174.794977390364,-36.816219698229,48.0656000000017],[174.794347420542,-36.8163715670748,47.9683999999979],[174.793752239278,-36.8165150452528,47.8766000000032],[174.793366729867,-36.8166079774865,47.817200000005],[174.79303895201,-36.8166869916565,47.7666999999929]]]},"properties":{"OBJECTID":30,"TYPE":4,"SUBTYPE":null,"SCHEDULE":"T3","NAME":"Rangitoto Island","VALIDATIONSTATE":3,"VERSIONSTATUS":4,"GlobalID":"273945ff-106f-42fd-a1ca-0f717328d241"}},{"type":"Feature","id":31,"geometry":{"type":"Polygon","coordinates":[[[174.817109607324,-36.8454800432204,6.02999999999884],[174.828542323181,-36.7797790984246,0],[174.912073098284,-36.8021753700039,0],[174.855503231557,-36.8508619451904,4.5],[174.853968847208,-36.8509528263557,4.58999999999651],[174.852563177666,-36.8506797007808,4.30999999999767],[174.851176314281,-36.8499517324999,4.35000000000582],[174.850708790847,-36.8499031949461,4.33000000000175],[174.849454112878,-36.8501300591237,4.35000000000582],[174.848725695192,-36.8503726465175,4.41000000000349],[174.847447961631,-36.8508789478755,4.42999999999302],[174.843103631979,-36.8501250567409,3.99000000000524],[174.839882641124,-36.8486279599928,3.57000000000698],[174.836366739996,-36.847123315744,3.72000000000116],[174.835915186889,-36.8471029324622,3.77000000000407],[174.835193915506,-36.84772624988,3.64999999999418],[174.83432694487,-36.848129513023,3.66000000000349],[174.83354154529,-36.8480287736097,3.69000000000233],[174.831619014362,-36.8475317429562,3.39999999999418],[174.829557264632,-36.8467273153135,3.38999999999942],[174.828432762982,-36.8463239627128,4.49000000000524],[174.827996662796,-36.8457013945235,4.5],[174.82691227949,-36.8451948109315,4.52999999999884],[174.82515453138,-36.8446438402756,4.86000000000058],[174.824478798042,-36.8445003163322,5.13000000000466],[174.824090792082,-36.8446464924638,4.88000000000466],[174.823627133078,-36.8451905463895,4.44999999999709],[174.821852022072,-36.84569999108,4.57000000000698],[174.819667753321,-36.8456445353077,4.55999999999767],[174.817571320104,-36.8453448773517,5.57000000000698],[174.817109607324,-36.8454800432204,6.02999999999884]]]},"properties":{"OBJECTID":31,"TYPE":4,"SUBTYPE":null,"SCHEDULE":"T2","NAME":"Rangitoto Island","VALIDATIONSTATE":3,"VERSIONSTATUS":4,"GlobalID":"56572f3c-802a-4a30-ad9d-ee514d73f46b"}},{"type":"Feature","id":32,"geometry":{"type":"Polygon","coordinates":[[[174.899052944571,-36.8615856352058,3.82000000000698],[174.828963019399,-36.7959090084327,0],[174.902780396541,-36.7751037740911,0],[174.899372232634,-36.8541860947777,3.33999999999651],[174.8998763444,-36.86026851334,3.88999999999942],[174.89985497251,-36.8603567711102,3.66999999999825],[174.899410464849,-36.8609001789471,3.74000000000524],[174.899060556408,-36.8612972539052,3.92999999999302],[174.899052944571,-36.8615856352058,3.82000000000698]]]},"properties":{"OBJECTID":32,"TYPE":4,"SUBTYPE":null,"SCHEDULE":"T10","NAME":"Rangitoto Island","VALIDATIONSTATE":3,"VERSIONSTATUS":4,"GlobalID":"0e62b61a-c7d6-47c2-b905-8ac53bef7712"}},{"type":"Feature","id":33,"geometry":{"type":"Polygon","coordinates":[[[174.85030416919,-36.8140749650016,-96.1925000000047],[174.777855012558,-36.8601542726597,80.070000000007],[174.812862411964,-36.8119064662314,-52.5041000000056],[174.830953455872,-36.7869460351299,-121.079599999997],[174.831047725884,-36.78681592212,-121.437099999996],[174.839692181116,-36.7748825087577,-154.220000000001],[174.839740569573,-36.7749051996828,-154.220000000001],[174.839788943907,-36.7749279079318,-154.220000000001],[174.839837306379,-36.7749506343711,-154.220000000001],[174.839885654728,-36.7749733781343,-154.220000000001],[174.839933991194,-36.7749961391867,-154.220000000001],[174.839982314679,-36.7750189184468,-154.220000000001],[174.840030624062,-36.7750417159319,-154.220000000001],[174.840078921562,-36.7750645307064,-154.220000000001],[174.84012720606,-36.7750873627874,-154.220000000001],[174.840175477576,-36.7751102130762,-154.220000000001],[174.840223736089,-36.7751330806717,-154.220000000001],[174.840271982741,-36.7751559664575,-154.220000000001],[174.84032021527,-36.7751788695674,-154.220000000001],[174.840368434796,-36.7752017899842,-154.220000000001],[174.840416641341,-36.7752247286086,-154.220000000001],[174.840464834905,-36.7752476854408,-154.220000000001],[174.840513015444,-36.7752706586788,-154.220000000001],[174.840561184144,-36.7752936510083,-154.220000000001],[174.8406093387,-36.775316659761,-154.220000000001],[174.840657480274,-36.7753396867214,-154.220000000001],[174.840705608846,-36.7753627309888,-154.220000000001],[174.840753724437,-36.775385793464,-154.220000000001],[174.840801827025,-36.7754088732461,-154.220000000001],[174.840849916632,-36.7754319712361,-154.220000000001],[174.840897993237,-36.7754550865329,-154.220000000001],[174.840946055719,-36.7754782191541,-154.220000000001],[174.840994106319,-36.7755013690649,-154.220000000001],[174.841042142817,-36.775524537201,-154.220000000001],[174.841090167455,-36.7755477235277,-154.220000000001],[174.841138177949,-36.7755709262777,-154.220000000001],[174.841186175462,-36.7755941472357,-154.220000000001],[174.841234159972,-36.7756173855008,-154.220000000001],[174.841282131502,-36.7756406419738,-154.220000000001],[174.841330090029,-36.775663915754,-154.220000000001],[174.841378034434,-36.7756872068585,-154.220000000001],[174.841425966957,-36.7757105152528,-154.220000000001],[174.841473885379,-36.7757338418725,-154.220000000001],[174.841521790798,-36.7757571857993,-154.220000000001],[174.841569683237,-36.7757805479343,-154.220000000001],[174.841617561532,-36.7758039264927,-154.220000000001],[174.841665427967,-36.7758273232419,-154.220000000001],[174.841713280279,-36.7758507373156,-154.220000000001],[174.841761119611,-36.7758741695975,-154.220000000001],[174.84180894482,-36.775897619204,-154.220000000001],[174.841856758148,-36.7759210861003,-154.220000000001],[174.841904557353,-36.7759445703213,-154.220000000001],[174.841952343556,-36.7759680718494,-154.220000000001],[174.842000115659,-36.7759915916032,-154.220000000001],[174.84204787588,-36.7760151286468,-154.220000000001],[174.842095621979,-36.7760386830152,-154.220000000001],[174.842143353955,-36.7760622547081,-154.220000000001],[174.842191074072,-36.7760858445921,-154.220000000001],[174.842238780066,-36.7761094518007,-154.220000000001],[174.842286473059,-36.7761330763167,-154.220000000001],[174.842334151929,-36.7761567181574,-154.220000000001],[174.842381817798,-36.7761803773055,-154.220000000001],[174.842429470686,-36.7762040546619,-154.220000000001],[174.842477109453,-36.7762277493432,-154.220000000001],[174.842524735218,-36.7762514613318,-154.220000000001],[174.842572346861,-36.7762751906453,-154.220000000001],[174.842619946622,-36.7762989372488,-154.220000000001],[174.842667531141,-36.7763227011945,-154.220000000001],[174.8427151038,-36.7763464833314,-154.220000000001],[174.842762662338,-36.7763702827931,-154.220000000001],[174.842810206754,-36.7763940995797,-154.220000000001],[174.842857738168,-36.7764179336738,-154.220000000001],[174.84290525658,-36.7764417850755,-154.220000000001],[174.842952760871,-36.776465653802,-154.220000000001],[174.84300025216,-36.7764895398362,-154.220000000001],[174.84304772935,-36.7765134440963,-154.220000000001],[174.843095192396,-36.7765373647804,-154.220000000001],[174.843142643582,-36.7765613036557,-154.220000000001],[174.843190079526,-36.7765852598734,-154.220000000001],[174.843237503589,-36.7766092333814,-154.220000000001],[174.843284912411,-36.7766332242318,-154.220000000001],[174.843332309351,-36.7766572323724,-154.220000000001],[174.843379691049,-36.7766812578556,-154.220000000001],[174.843427059747,-36.7767053006464,-154.220000000001],[174.843474415442,-36.7767293607449,-154.220000000001],[174.843521757017,-36.7767534381686,-154.220000000001],[174.843569084491,-36.7767775338184,-154.220000000001],[174.843616398943,-36.7768016458749,-154.220000000001],[174.843663699295,-36.7768257761576,-154.220000000001],[174.843710986624,-36.7768499228472,-154.220000000001],[174.843758259853,-36.7768740877628,-154.220000000001],[174.84380552006,-36.7768982690854,-154.220000000001],[174.843852765047,-36.7769224686515,-154.220000000001],[174.843899998131,-36.7769466846071,-154.220000000001],[174.843947215995,-36.7769709188063,-154.220000000001],[174.843994420837,-36.7769951694124,-154.220000000001],[174.844041611579,-36.7770194382448,-154.220000000001],[174.844088789298,-36.7770437234842,-154.220000000001],[174.844135952918,-36.7770680269498,-154.220000000001],[174.844183102395,-36.7770923468398,-154.220000000001],[174.844230238871,-36.7771166840377,-154.220000000001],[174.844277361247,-36.777141039462,-154.220000000001],[174.844324469481,-36.7771654113106,-154.220000000001],[174.844371563594,-36.7771898004847,-154.220000000001],[174.844418644727,-36.7772142078678,-154.220000000001],[174.844465711718,-36.7772386316753,-154.220000000001],[174.844512764588,-36.7772630728082,-154.220000000001],[174.844559804457,-36.7772875312492,-154.220000000001],[174.844606829085,-36.7773120070331,-154.220000000001],[174.844653840712,-36.7773365001251,-154.220000000001],[174.844700838218,-36.7773610105425,-154.220000000001],[174.844747822702,-36.7773855373672,-154.220000000001],[174.844794791966,-36.7774100824357,-154.220000000001],[174.844841748208,-36.7774346439114,-154.220000000001],[174.844888690351,-36.7774592236136,-154.220000000001],[174.844935618351,-36.7774838197404,-154.220000000001],[174.844982533351,-36.7775084331755,-154.220000000001],[174.84502943311,-36.7775330639535,-154.220000000001],[174.845076319868,-36.7775577120398,-154.220000000001],[174.845123192505,-36.7775823774517,-154.220000000001],[174.845170051,-36.7776070592883,-154.220000000001],[174.845216895396,-36.7776317593515,-154.220000000001],[174.84526372565,-36.7776564758395,-154.220000000001],[174.845310541783,-36.7776812096531,-154.220000000001],[174.845357343796,-36.7777059607925,-154.220000000001],[174.845404132807,-36.7777307292402,-154.220000000001],[174.845450907677,-36.7777555141127,-154.220000000001],[174.845497667328,-36.7777803172293,-154.220000000001],[174.845544413956,-36.7778051367533,-154.220000000001],[174.845591146464,-36.7778299736031,-154.220000000001],[174.845637864852,-36.7778548277788,-154.220000000001],[174.845684567977,-36.7778796983966,-154.220000000001],[174.845731258123,-36.777904587224,-154.220000000001],[174.845777934128,-36.7779294924761,-154.220000000001],[174.845824596012,-36.7779544150542,-154.220000000001],[174.845871243754,-36.7779793540571,-154.220000000001],[174.845917877397,-36.778004311287,-154.220000000001],[174.845964496898,-36.7780292849418,-154.220000000001],[174.846011102279,-36.7780542759225,-154.220000000001],[174.846057693518,-36.7780792833282,-154.220000000001],[174.846104270658,-36.7781043089609,-154.220000000001],[174.846150833656,-36.7781293510185,-154.220000000001],[174.846197381414,-36.7781544104196,-154.220000000001],[174.84624391615,-36.7781794862282,-154.220000000001],[174.846290436766,-36.778204579363,-154.220000000001],[174.846336942141,-36.7782296898411,-154.220000000001],[174.846383434517,-36.778254817628,-154.220000000001],[174.84642991163,-36.7782799618573,-154.220000000001],[174.846476375743,-36.7783051233953,-154.220000000001],[174.846522824617,-36.7783303022768,-154.220000000001],[174.846569259348,-36.7783554975835,-154.220000000001],[174.846615679959,-36.7783807102163,-154.220000000001],[174.84666208533,-36.7784059401927,-154.220000000001],[174.846708477701,-36.7784311874779,-154.220000000001],[174.846754855931,-36.7784564511882,-154.220000000001],[174.846801218898,-36.7784817313412,-154.220000000001],[174.846847567767,-36.7785070297214,-154.220000000001],[174.846893902473,-36.7785323436258,-154.220000000001],[174.846940223081,-36.7785576757575,-154.220000000001],[174.846986529547,-36.7785830243145,-154.220000000001],[174.847032820773,-36.7786083902152,-154.220000000001],[174.847079097857,-36.7786337725411,-154.220000000001],[174.847125360822,-36.7786591721934,-154.220000000001],[174.847171609666,-36.7786845891721,-154.220000000001],[174.847217843249,-36.7787100225935,-154.220000000001],[174.847264063832,-36.7787354733239,-154.220000000001],[174.847310269154,-36.778760940497,-154.220000000001],[174.847356459236,-36.7787864250139,-154.220000000001],[174.84739939319,-36.7788101357773,-154.220000000001],[174.847402636318,-36.7788119268399,-154.220000000001],[174.847448798138,-36.7788374451087,-154.220000000001],[174.847494945817,-36.778862979803,-154.220000000001],[174.847541078278,-36.7788885327421,-154.220000000001],[174.847587197696,-36.7789141011884,-154.220000000001],[174.847633301896,-36.7789396878795,-154.220000000001],[174.847679390812,-36.7789652901125,-154.220000000001],[174.847725465631,-36.7789909105731,-154.220000000001],[174.847771526287,-36.7790165465582,-154.220000000001],[174.847817572845,-36.7790422007709,-154.220000000001],[174.847863604119,-36.7790678705256,-154.220000000001],[174.847909621296,-36.7790935585078,-154.220000000001],[174.847955624332,-36.7791192629157,-154.220000000001],[174.848001612106,-36.7791449837667,-154.220000000001],[174.84804758576,-36.7791707219442,-154.220000000001],[174.848093544154,-36.7791964765648,-154.220000000001],[174.848139488428,-36.7792222485121,-154.220000000001],[174.84818541744,-36.7792480369025,-154.220000000001],[174.848231332312,-36.7792738417186,-154.220000000001],[174.848277233085,-36.7792996647625,-154.220000000001],[174.848323118576,-36.7793255033484,-154.220000000001],[174.848368989948,-36.7793513592612,-154.220000000001],[174.848414846058,-36.7793772316171,-154.220000000001],[174.848460688049,-36.7794031212998,-154.220000000001],[174.848506515899,-36.7794290274084,-154.220000000001],[174.848552328509,-36.7794549508611,-154.220000000001],[174.848598125858,-36.7794808907571,-154.220000000001],[174.848643909088,-36.7795068479799,-154.220000000001],[174.848689677057,-36.7795328216461,-154.220000000001],[174.848735430885,-36.7795588117381,-154.220000000001],[174.848781169452,-36.7795848182734,-154.220000000001],[174.848826893899,-36.7796108421357,-154.220000000001],[174.848872603108,-36.7796368833423,-154.220000000001],[174.848918298175,-36.7796629409748,-154.220000000001],[174.848963977981,-36.7796890150508,-154.220000000001],[174.849009643647,-36.7797151055527,-154.220000000001],[174.849055294073,-36.779741213399,-154.220000000001],[174.849100929239,-36.7797673376887,-154.220000000001],[174.849146550263,-36.7797934784045,-154.220000000001],[174.849192156049,-36.7798196364648,-154.220000000001],[174.849237747693,-36.7798458109511,-154.220000000001],[174.849283324099,-36.7798720027819,-154.220000000001],[174.849328885243,-36.7798982110562,-154.220000000001],[174.849374432247,-36.7799244357566,-154.220000000001],[174.84941996399,-36.7799506769006,-154.220000000001],[174.849465481593,-36.7799769344707,-154.220000000001],[174.849510982836,-36.7800032094028,-154.220000000001],[174.84955647108,-36.7800295016447,-154.220000000001],[174.849601942922,-36.7800558094466,-154.220000000001],[174.849647400645,-36.7800821345757,-154.220000000001],[174.849692843107,-36.7801084761485,-154.220000000001],[174.849738270308,-36.7801348341649,-154.220000000001],[174.849783683369,-36.7801612086076,-154.220000000001],[174.849829081191,-36.7801876003949,-154.220000000001],[174.849874463752,-36.780214008626,-154.220000000001],[174.849919831053,-36.7802404333008,-154.220000000001],[174.849965184235,-36.780266875303,-154.220000000001],[174.850010522134,-36.7802933328479,-154.220000000001],[174.850055844795,-36.7803198077375,-154.220000000001],[174.850101153315,-36.7803462990536,-154.220000000001],[174.850146445454,-36.7803728068308,-154.220000000001],[174.850191723475,-36.7803993319355,-154.220000000001],[174.850236986213,-36.7804258725831,-154.220000000001],[174.850282234833,-36.780452430558,-154.220000000001],[174.850327467072,-36.7804790049943,-154.220000000001],[174.850372685171,-36.780505595857,-154.220000000001],[174.850417888009,-36.7805322031636,-154.220000000001],[174.850463075609,-36.7805588278152,-154.220000000001],[174.850508247926,-36.7805854680097,-154.220000000001],[174.850553405005,-36.7806121255492,-154.220000000001],[174.850598547943,-36.7806387995152,-154.220000000001],[174.850643674501,-36.7806654899427,-154.220000000001],[174.850688786919,-36.7806921967967,-154.220000000001],[174.850733884076,-36.7807189200948,-154.220000000001],[174.850778965973,-36.7807456598368,-154.220000000001],[174.850824032631,-36.780772416924,-154.220000000001],[174.850869084007,-36.7807991895542,-154.220000000001],[174.850914120145,-36.7808259795296,-154.220000000001],[174.850959141001,-36.780852785048,-154.220000000001],[174.851004147738,-36.7808796078941,-154.220000000001],[174.851049138095,-36.7809064472019,-154.220000000001],[174.851094114311,-36.7809333029363,-154.220000000001],[174.851139074126,-36.7809601742313,-154.220000000001],[174.851184019822,-36.7809870628542,-154.220000000001],[174.851228949138,-36.7810139679386,-154.220000000001],[174.851273864314,-36.7810408894499,-154.220000000001],[174.851318763132,-36.7810678283238,-154.220000000001],[174.851363647787,-36.7810947827235,-154.220000000001],[174.851408516063,-36.781121753585,-154.220000000001],[174.851453370198,-36.7811487408733,-154.220000000001],[174.851498209073,-36.781175744606,-154.220000000001],[174.851543031568,-36.7812027648003,-154.220000000001],[174.851587839923,-36.7812298014216,-154.220000000001],[174.851632631898,-36.7812568545048,-154.220000000001],[174.851677408613,-36.7812839240322,-154.220000000001],[174.851722171188,-36.7813110099867,-154.220000000001],[174.851766917382,-36.7813381124029,-154.220000000001],[174.851811648317,-36.7813652312637,-154.220000000001],[174.851856363992,-36.7813923665688,-154.220000000001],[174.851901064407,-36.7814195183185,-154.220000000001],[174.851945749561,-36.7814466865125,-154.220000000001],[174.851990419456,-36.7814738711511,-154.220000000001],[174.852035072971,-36.7815010722517,-154.220000000001],[174.852079712324,-36.7815282888783,-154.220000000001],[174.852124335319,-36.7815555228679,-154.220000000001],[174.852168943033,-36.7815827724011,-154.220000000001],[174.852213535486,-36.7816100383789,-154.220000000001],[174.852258112701,-36.7816373217022,-154.220000000001],[174.852302674635,-36.7816646205692,-154.220000000001],[174.852347220189,-36.7816919358982,-154.220000000001],[174.852391751603,-36.7817192676545,-154.220000000001],[174.852436266615,-36.7817466149718,-154.220000000001],[174.85248076639,-36.7817739796348,-154.220000000001],[174.852525249762,-36.781801359859,-154.220000000001],[174.852569719017,-36.7818287574114,-154.220000000001],[174.85261417187,-36.781856170525,-154.220000000001],[174.852658609464,-36.7818836000834,-154.220000000001],[174.852703031797,-36.7819110460865,-154.220000000001],[174.852747437729,-36.7819385076509,-154.220000000001],[174.852791829543,-36.7819659865435,-154.220000000001],[174.852836204956,-36.7819934809975,-154.220000000001],[174.852880563989,-36.7820209919137,-154.220000000001],[174.852924908882,-36.7820485192574,-154.220000000001],[174.852969237396,-36.7820760630633,-154.220000000001],[174.853013550628,-36.7821036224131,-154.220000000001],[174.853057847502,-36.7821311991263,-154.220000000001],[174.853102130215,-36.7821587913659,-154.220000000001],[174.853146396527,-36.782186399167,-154.220000000001],[174.853190646481,-36.7822140243314,-154.220000000001],[174.853234881153,-36.7822416650398,-154.220000000001],[174.853279100565,-36.7822693221931,-154.220000000001],[174.853289664103,-36.7822759356517,-154.220000000001],[174.853323304719,-36.7822969957915,-154.220000000001],[174.85336749247,-36.7823246849513,-154.220000000001],[174.853411664984,-36.7823523914571,-154.220000000001],[174.853455821097,-36.7823801135245,-154.220000000001],[174.853499961928,-36.7824078511359,-154.220000000001],[174.853544086402,-36.7824356061109,-154.220000000001],[174.853588196714,-36.7824633766125,-154.220000000001],[174.853632289527,-36.7824911635941,-154.220000000001],[174.853676368179,-36.7825189661024,-154.220000000001],[174.853720430451,-36.7825467850734,-154.220000000001],[174.853764476343,-36.7825746205069,-154.220000000001],[174.853808506955,-36.7826024714846,-154.220000000001],[174.853852522328,-36.7826303398085,-154.220000000001],[174.853896521279,-36.7826582227931,-154.220000000001],[174.853940503872,-36.7826861231414,-154.220000000001],[174.853984472304,-36.7827140390165,-154.220000000001],[174.854028423237,-36.7827419713717,-154.220000000001],[174.854072358888,-36.7827699192713,-154.220000000001],[174.85411627928,-36.7827978836161,-154.220000000001],[174.854160183271,-36.7828258635228,-154.220000000001],[174.854204072024,-36.7828538607757,-154.220000000001],[174.854247944355,-36.7828818726895,-154.220000000001],[174.854291801448,-36.7829099019496,-154.220000000001],[174.85433564214,-36.7829379467716,-154.220000000001],[174.85437946643,-36.7829660071555,-154.220000000001],[174.854423275462,-36.7829940839847,-154.220000000001],[174.854467068114,-36.7830221772769,-154.220000000001],[174.854510845485,-36.7830502861135,-154.220000000001],[174.854554606477,-36.7830784114131,-154.220000000001],[174.854598352209,-36.7831065531581,-154.220000000001],[174.854642081519,-36.7831347095641,-154.220000000001],[174.854685794471,-36.7831628833341,-154.220000000001],[174.854729492143,-36.7831910726487,-154.220000000001],[174.854773173413,-36.7832192775252,-154.220000000001],[174.854816839424,-36.7832474988473,-154.220000000001],[174.854860487936,-36.78327573665,-154.220000000001],[174.854904122287,-36.7833039899798,-154.220000000001],[174.854947739117,-36.7833322588891,-154.220000000001],[174.854991340688,-36.7833605442441,-154.220000000001],[174.85503492588,-36.7833888460622,-154.220000000001],[174.855078495791,-36.783417163425,-154.220000000001],[174.855122049301,-36.7834454963499,-154.220000000001],[174.855165586432,-36.783473845738,-154.220000000001],[174.855209107162,-36.7835022106883,-154.220000000001],[174.855252612633,-36.7835305920843,-154.220000000001],[174.855296101703,-36.7835589890426,-154.220000000001],[174.855339574394,-36.7835874024641,-154.220000000001],[174.855383031804,-36.7836158314304,-154.220000000001],[174.855426472813,-36.783644275959,-154.220000000001],[174.855469897444,-36.7836727369508,-154.220000000001],[174.855513305695,-36.783701214406,-154.220000000001],[174.855556698644,-36.783729706505,-154.220000000001],[174.855600074093,-36.7837582150849,-154.220000000001],[174.855643434284,-36.7837867401107,-154.220000000001],[174.855686779194,-36.7838152806813,-154.220000000001],[174.855730106583,-36.7838438368319,-154.220000000001],[174.855773418713,-36.7838724094284,-154.220000000001],[174.855816713322,-36.7839009976048,-154.220000000001],[174.855859992651,-36.7839296013261,-154.220000000001],[174.855903255601,-36.783958221511,-154.220000000001],[174.85594650327,-36.7839868572408,-154.220000000001],[174.855989733418,-36.7840155085506,-154.220000000001],[174.856032948308,-36.7840441763065,-154.220000000001],[174.856076145676,-36.7840728596424,-154.220000000001],[174.856119327764,-36.7841015585234,-154.220000000001],[174.856162493474,-36.7841302738679,-154.220000000001],[174.85620564276,-36.784159003874,-154.220000000001],[174.85624877569,-36.7841877512448,-154.220000000001],[174.856291893317,-36.7842165132597,-154.220000000001],[174.856334993446,-36.7842452917557,-154.220000000001],[174.856378077173,-36.7842740858144,-154.220000000001],[174.85642114562,-36.7843028954182,-154.220000000001],[174.856464197689,-36.7843317214858,-154.220000000001],[174.856507232236,-36.7843605631335,-154.220000000001],[174.856550251504,-36.7843894203265,-154.220000000001],[174.85659325437,-36.7844182930823,-154.220000000001],[174.856636239716,-36.7844471814183,-154.220000000001],[174.856679209803,-36.7844760862006,-154.220000000001],[174.85672216349,-36.7845050065457,-154.220000000001],[174.856765100776,-36.7845339424536,-154.220000000001],[174.856808021683,-36.7845628948253,-154.220000000001],[174.856850925048,-36.7845918618764,-154.220000000001],[174.856893813155,-36.7846208453738,-154.220000000001],[174.85693668486,-36.7846498444342,-154.220000000001],[174.856979540166,-36.7846788590574,-154.220000000001],[174.857022379071,-36.7847078892436,-154.220000000001],[174.857065200477,-36.7847369359112,-154.220000000001],[174.857108006581,-36.7847659972233,-154.220000000001],[174.857150795186,-36.7847950750168,-154.220000000001],[174.85719356851,-36.7848241683558,-154.220000000001],[174.857236324315,-36.7848532772753,-154.220000000001],[174.857279064838,-36.7848824017403,-154.220000000001],[174.857321787863,-36.7849115426869,-154.220000000001],[174.857364494466,-36.7849406982956,-154.220000000001],[174.857407184669,-36.7849698694673,-154.220000000001],[174.857449858493,-36.7849990571031,-154.220000000001],[174.857492515916,-36.785028260302,-154.220000000001],[174.857535156939,-36.7850574790641,-154.220000000001],[174.85757778042,-36.7850867125058,-154.220000000001],[174.857620388643,-36.7851159623941,-154.220000000001],[174.857662979344,-36.7851452278632,-154.220000000001],[174.857705553646,-36.7851745088954,-154.220000000001],[174.857717231527,-36.7851825484864,-154.220000000001],[174.857748111569,-36.7852038063918,-154.220000000001],[174.85779065195,-36.785233118568,-154.220000000001],[174.85783317705,-36.7852624462899,-154.220000000001],[174.85787568463,-36.7852917895926,-154.220000000001],[174.85791817693,-36.7853211484411,-154.220000000001],[174.857960651732,-36.7853505237714,-154.220000000001],[174.858003108991,-36.7853799137815,-154.220000000001],[174.85804555097,-36.7854093193374,-154.220000000001],[174.858087975428,-36.7854387404742,-154.220000000001],[174.858130383508,-36.7854681780754,-154.220000000001],[174.858172775166,-36.7854976303389,-154.220000000001],[174.858215149304,-36.7855270981833,-154.220000000001],[174.858257508161,-36.7855565815737,-154.220000000001],[174.85829984952,-36.785586081446,-154.220000000001],[174.858342173337,-36.7856155959983,-154.220000000001],[174.858384481874,-36.7856451260966,-154.220000000001],[174.85842677289,-36.7856746717758,-154.220000000001],[174.858469047506,-36.7857042330186,-154.220000000001],[174.858511304602,-36.7857338098423,-154.220000000001],[174.858553546396,-36.7857634013112,-154.220000000001],[174.858595770692,-36.785793009262,-154.220000000001],[174.858637977467,-36.785822632794,-154.220000000001],[174.85868016782,-36.7858522709886,-154.220000000001],[174.858722341773,-36.7858819247468,-154.220000000001],[174.858764499348,-36.7859115949696,-154.220000000001],[174.858806639381,-36.7859412798726,-154.220000000001],[174.858848763013,-36.7859709803392,-154.220000000001],[174.858890869126,-36.786000696387,-154.220000000001],[174.858932958838,-36.7860304279986,-154.220000000001],[174.858975032128,-36.7860601742728,-154.220000000001],[174.85901708792,-36.7860899370293,-154.220000000001],[174.85905912729,-36.7861197144485,-154.220000000001],[174.85910114914,-36.7861495074491,-154.220000000001],[174.859143154589,-36.7861793160134,-154.220000000001],[174.859185143639,-36.7862091401415,-154.220000000001],[174.859227115146,-36.7862389789499,-154.220000000001],[174.859269070254,-36.7862688333222,-154.220000000001],[174.859311007863,-36.7862987041769,-154.220000000001],[174.85935292905,-36.7863285896944,-154.220000000001],[174.859394832696,-36.7863584898923,-154.220000000001],[174.859436719963,-36.7863884065552,-154.220000000001],[174.859478589688,-36.7864183378985,-154.220000000001],[174.859520443013,-36.7864482848057,-154.220000000001],[174.859562278818,-36.7864782472944,-154.220000000001],[174.859604098201,-36.7865082244461,-154.220000000001],[174.859645900064,-36.7865382171793,-154.220000000001],[174.859687685527,-36.7865682254765,-154.220000000001],[174.85972945347,-36.7865982493552,-154.220000000001],[174.859771204991,-36.786628287897,-154.220000000001],[174.859812939014,-36.7866583429214,-154.220000000001],[174.859847537727,-36.7866832808585,-154.220000000001],[174.859854656594,-36.7866884117078,-154.220000000001],[174.859896356675,-36.7867184969769,-154.220000000001],[174.859938039214,-36.7867485969266,-154.220000000001],[174.859974060834,-36.7867746329348,-154.220000000001],[174.859979705353,-36.7867787124405,-154.220000000001],[174.86002135507,-36.7868088426175,-154.220000000001],[174.860062986169,-36.7868389892947,-154.220000000001],[174.860104601967,-36.7868691506176,-154.220000000001],[174.860146199102,-36.7868993266387,-154.220000000001],[174.860187779838,-36.786929518224,-154.220000000001],[174.860229343053,-36.7869597253911,-154.220000000001],[174.860270889847,-36.7869899472215,-154.220000000001],[174.860312419121,-36.7870201846336,-154.220000000001],[174.860353930874,-36.7870504376276,-154.220000000001],[174.860395426206,-36.7870807052849,-154.220000000001],[174.860436904018,-36.787110988524,-154.220000000001],[174.86047836431,-36.787141287345,-154.220000000001],[174.86051980818,-36.7871716008293,-154.220000000001],[174.860561234509,-36.7872019289946,-154.220000000001],[174.86060264446,-36.7872322736252,-154.220000000001],[174.860641597728,-36.7872608440873,-154.220000000001],[174.860644035726,-36.7872626320533,-154.220000000001],[174.860685410615,-36.7872930069468,-154.220000000001],[174.860726767962,-36.7873233965213,-154.220000000001],[174.860768108887,-36.7873538007593,-154.220000000001],[174.860809432292,-36.7873842205793,-154.220000000001],[174.860850738178,-36.7874146559813,-154.220000000001],[174.860892026521,-36.7874451060643,-154.220000000001],[174.860933297323,-36.7874755708285,-154.220000000001],[174.860974551725,-36.7875060511571,-154.220000000001],[174.861015788607,-36.7875365470679,-154.220000000001],[174.861057007948,-36.7875670576597,-154.220000000001],[174.861098210866,-36.7875975829152,-154.220000000001],[174.861139396265,-36.7876281237528,-154.220000000001],[174.861180563024,-36.7876586801902,-154.220000000001],[174.861221714481,-36.7876892512736,-154.220000000001],[174.861262847277,-36.7877198370558,-154.220000000001],[174.861303962552,-36.7877504384202,-154.220000000001],[174.861345061406,-36.7877810544483,-154.220000000001],[174.86138614274,-36.7878116860587,-154.220000000001],[174.861427206533,-36.7878423323503,-154.220000000001],[174.861468252805,-36.7878729942243,-154.220000000001],[174.861509281536,-36.7879036707795,-154.220000000001],[174.861550292725,-36.7879343620161,-154.220000000001],[174.861591287515,-36.7879650688174,-154.220000000001],[174.861632263642,-36.7879957903177,-154.220000000001],[174.86167322337,-36.7880265273829,-154.220000000001],[174.861714165556,-36.7880572791294,-154.220000000001],[174.861755090201,-36.7880880455573,-154.220000000001],[174.861795997326,-36.7881188275677,-154.220000000001],[174.861836886909,-36.7881496242595,-154.220000000001],[174.86187775895,-36.7881804356328,-154.220000000001],[174.861918613472,-36.7882112625886,-154.220000000001],[174.861959451572,-36.7882421042084,-154.220000000001],[174.86200027101,-36.7882729605272,-154.220000000001],[174.862041072928,-36.7883038324286,-154.220000000001],[174.862081858425,-36.7883347189939,-154.220000000001],[174.862122625282,-36.7883656211594,-154.220000000001],[174.862163375696,-36.788396537088,-154.220000000001],[174.86220410747,-36.7884274686167,-154.220000000001],[174.862244822822,-36.7884584148094,-154.220000000001],[174.862285520654,-36.7884893765849,-154.220000000001],[174.862326199825,-36.7885203530595,-154.220000000001],[174.862366862574,-36.7885513441983,-154.220000000001],[174.862407506662,-36.7885823500363,-154.220000000001],[174.862448134328,-36.7886133705385,-154.220000000001],[174.862488743354,-36.788644406641,-154.220000000001],[174.862529334839,-36.7886754574253,-154.220000000001],[174.862569909902,-36.7887065228737,-154.220000000001],[174.862610466325,-36.7887376039225,-154.220000000001],[174.862651005206,-36.7887686996531,-154.220000000001],[174.862691526525,-36.7887998091645,-154.220000000001],[174.862732030345,-36.7888309351598,-154.220000000001],[174.862772516602,-36.7888620749359,-154.220000000001],[174.862812985317,-36.7888932293939,-154.220000000001],[174.862853436513,-36.7889243994349,-154.220000000001],[174.862893870167,-36.7889555841577,-154.220000000001],[174.862934285137,-36.788986782679,-154.220000000001],[174.86297468373,-36.7890179976667,-154.220000000001],[174.863015063639,-36.7890492264529,-154.220000000001],[174.863055426006,-36.7890804699211,-154.220000000001],[174.863095770854,-36.7891117289723,-154.220000000001],[174.863136098139,-36.7891430018045,-154.220000000001],[174.863176407904,-36.7891742902197,-154.220000000001],[174.863216699007,-36.7892055933346,-154.220000000001],[174.863256973688,-36.789236911114,-154.220000000001],[174.863297229708,-36.789268243593,-154.220000000001],[174.863337468187,-36.7892995907541,-154.220000000001],[174.863377689124,-36.7893309525974,-154.220000000001],[174.863417891399,-36.7893623291404,-154.220000000001],[174.863458076155,-36.7893937212665,-154.220000000001],[174.863498244467,-36.7894251271562,-154.220000000001],[174.863538394118,-36.7894565477457,-154.220000000001],[174.863578525129,-36.789487983936,-154.220000000001],[174.863618639696,-36.7895194338899,-154.220000000001],[174.863658735624,-36.7895508994446,-154.220000000001],[174.863698813989,-36.7895823787807,-154.220000000001],[174.863738873713,-36.7896138737175,-154.220000000001],[174.863778917017,-36.7896453833191,-154.220000000001],[174.863818941636,-36.7896769067196,-154.220000000001],[174.863858948736,-36.7897084457034,-154.220000000001],[174.863898937153,-36.7897399984861,-154.220000000001],[174.86393890917,-36.7897715668347,-154.220000000001],[174.863978862504,-36.7898031489822,-154.220000000001],[174.864018797198,-36.7898347467306,-154.220000000001],[174.864058715448,-36.789866358243,-154.220000000001],[174.864098613917,-36.7898979844729,-154.220000000001],[174.864138495987,-36.7899296262687,-154.220000000001],[174.864178359372,-36.7899612818635,-154.220000000001],[174.864218205217,-36.7899929521408,-154.220000000001],[174.86425803352,-36.7900246371007,-154.220000000001],[174.864297843161,-36.7900563367606,-154.220000000001],[174.864337635261,-36.7900880511031,-154.220000000001],[174.864377408677,-36.7901197792448,-154.220000000001],[174.864417165694,-36.7901515229524,-154.220000000001],[174.864456902929,-36.7901832813778,-154.220000000001],[174.864496623721,-36.7902150535672,-154.220000000001],[174.864536324731,-36.7902468404744,-154.220000000001],[174.86457600932,-36.7902786420468,-154.220000000001],[174.864615675247,-36.7903104583193,-154.220000000001],[174.864655322512,-36.7903422892921,-154.220000000001],[174.864694953357,-36.79037413493,-154.220000000001],[174.864734564397,-36.7904059943848,-154.220000000001],[174.864774159017,-36.7904378685048,-154.220000000001],[174.864813733854,-36.7904697573427,-154.220000000001],[174.86485329227,-36.7905016608458,-154.220000000001],[174.864892832025,-36.7905335790492,-154.220000000001],[174.864932353096,-36.7905655110521,-154.220000000001],[174.864971856626,-36.7905974577377,-154.220000000001],[174.865011341494,-36.7906294191238,-154.220000000001],[174.86505080882,-36.7906613951928,-154.220000000001],[174.865090258606,-36.7906933859446,-154.220000000001],[174.865129688587,-36.7907253905135,-154.220000000001],[174.865169102147,-36.7907574097478,-154.220000000001],[174.865208497046,-36.7907894436825,-154.220000000001],[174.865247873261,-36.7908214914168,-154.220000000001],[174.865287231935,-36.7908535538341,-154.220000000001],[174.865326571947,-36.7908856309519,-154.220000000001],[174.865365893297,-36.7909177227703,-154.220000000001],[174.865405197084,-36.7909498283707,-154.220000000001],[174.86544448333,-36.7909819486542,-154.220000000001],[174.865483750914,-36.7910140836383,-154.220000000001],[174.865522999815,-36.7910462324221,-154.220000000001],[174.865562231174,-36.791078395889,-154.220000000001],[174.865601443872,-36.7911105740565,-154.220000000001],[174.865640637886,-36.7911427660238,-154.220000000001],[174.865679814358,-36.7911749726742,-154.220000000001],[174.865718972169,-36.7912071940254,-154.220000000001],[174.865758112417,-36.7912394291587,-154.220000000001],[174.865797234003,-36.7912716789928,-154.220000000001],[174.865836336906,-36.7913039426268,-154.220000000001],[174.865875422267,-36.791336220944,-154.220000000001],[174.865914488967,-36.7913685139619,-154.220000000001],[174.865953536983,-36.7914008207798,-154.220000000001],[174.865992567458,-36.791433142281,-154.220000000001],[174.866031579249,-36.791465477582,-154.220000000001],[174.866070572379,-36.7914978275839,-154.220000000001],[174.866109547967,-36.7915301922692,-154.220000000001],[174.866148504872,-36.7915625707545,-154.220000000001],[174.866187443093,-36.7915949630396,-154.220000000001],[174.866226363795,-36.7916273709092,-154.220000000001],[174.866265264671,-36.7916597916954,-154.220000000001],[174.866304148028,-36.791692228066,-154.220000000001],[174.866343013799,-36.7917246773181,-154.220000000001],[174.866381859811,-36.7917571421897,-154.220000000001],[174.866420688237,-36.7917896199429,-154.220000000001],[174.866459498024,-36.7918221132982,-154.220000000001],[174.866498289105,-36.7918546195526,-154.220000000001],[174.866537062645,-36.7918871404905,-154.220000000001],[174.866575816403,-36.7919196761471,-154.220000000001],[174.866614552597,-36.7919522255863,-154.220000000001],[174.86665327013,-36.7919847897267,-154.220000000001],[174.8666919701,-36.7920173676497,-154.220000000001],[174.866730650266,-36.7920499593904,-154.220000000001],[174.866769312891,-36.7920825658149,-154.220000000001],[174.866807956832,-36.7921151860396,-154.220000000001],[174.866846582112,-36.7921478209655,-154.220000000001],[174.866885188708,-36.7921804696917,-154.220000000001],[174.866923776642,-36.7922131331192,-154.220000000001],[174.866962347014,-36.7922458103295,-154.220000000001],[174.867000897581,-36.7922785013577,-154.220000000001],[174.867039430607,-36.7923112070697,-154.220000000001],[174.86707794495,-36.792343926582,-154.220000000001],[174.867116440609,-36.7923766598947,-154.220000000001],[174.867154917606,-36.7924094079089,-154.220000000001],[174.86719337704,-36.7924421697059,-154.220000000001],[174.867231816692,-36.7924749462219,-154.220000000001],[174.867270237639,-36.7925077356374,-154.220000000001],[174.867308641045,-36.7925405397367,-154.220000000001],[174.867347024668,-36.7925733585552,-154.220000000001],[174.867385390728,-36.7926061911566,-154.220000000001],[174.867423738105,-36.7926390375585,-154.220000000001],[174.867462066798,-36.7926718977609,-154.220000000001],[174.867500376808,-36.792704771764,-154.220000000001],[174.867538667036,-36.7927376604862,-154.220000000001],[174.867576939701,-36.7927705629915,-154.220000000001],[174.867615193703,-36.7928034801983,-154.220000000001],[174.867653429023,-36.7928364112058,-154.220000000001],[174.867691645637,-36.792869355113,-154.220000000001],[174.867729843611,-36.7929023146229,-154.220000000001],[174.86776802288,-36.7929352870324,-154.220000000001],[174.867806183487,-36.7929682741437,-154.220000000001],[174.867844325389,-36.7930012741547,-154.220000000001],[174.867882448629,-36.7930342888674,-154.220000000001],[174.867920553207,-36.7930673182819,-154.220000000001],[174.86795863908,-36.7931003605962,-154.220000000001],[174.867996706269,-36.7931334167113,-154.220000000001],[174.868034754797,-36.7931664875283,-154.220000000001],[174.868072783521,-36.7931995721637,-154.220000000001],[174.868110794682,-36.7932326705823,-154.220000000001],[174.868148787159,-36.7932657828018,-154.220000000001],[174.868186759854,-36.7932989097408,-154.220000000001],[174.868224714964,-36.7933320495621,-154.220000000001],[174.868262650292,-36.7933652041029,-154.220000000001],[174.868300568057,-36.7933983724271,-154.220000000001],[174.868338466018,-36.7934315545698,-154.220000000001],[174.868376345295,-36.7934647505136,-154.220000000001],[174.868414205889,-36.7934979602583,-154.220000000001],[174.868452047799,-36.7935311838041,-154.220000000001],[174.868489869906,-36.7935644211685,-154.220000000001],[174.868527674449,-36.7935976723163,-154.220000000001],[174.86856545921,-36.7936309381838,-154.220000000001],[174.868603226386,-36.7936642169338,-154.220000000001],[174.86864097378,-36.7936975104036,-154.220000000001],[174.868678702468,-36.7937308167734,-154.220000000001],[174.868716412495,-36.7937641378454,-154.220000000001],[174.868754102696,-36.7937974718352,-154.220000000001],[174.868791775356,-36.7938308205095,-154.220000000001],[174.868829428212,-36.7938641830026,-154.220000000001],[174.868867062362,-36.793897558396,-154.220000000001],[174.86890467785,-36.7939309484916,-154.220000000001],[174.868942273513,-36.793964351505,-154.220000000001],[174.868979851634,-36.7939977692032,-154.220000000001],[174.869017409952,-36.7940312007201,-154.220000000001],[174.869054949564,-36.7940646451375,-154.220000000001],[174.869092470514,-36.7940981042571,-154.220000000001],[174.869129971639,-36.7941315762947,-154.220000000001],[174.869167454079,-36.7941650621336,-154.220000000001],[174.869204917858,-36.7941985626749,-154.220000000001],[174.869242362932,-36.7942320761166,-154.220000000001],[174.869279788202,-36.7942656033774,-154.220000000001],[174.869317194788,-36.7942991444395,-154.220000000001],[174.86935458269,-36.7943326993031,-154.220000000001],[174.869391951909,-36.7943662679682,-154.220000000001],[174.869429301324,-36.7943998504524,-154.220000000001],[174.869466632033,-36.794433445837,-154.220000000001],[174.869503944081,-36.7944670559242,-154.220000000001],[174.869541236302,-36.7945006789295,-154.220000000001],[174.86957850984,-36.7945343157364,-154.220000000001],[174.869615763574,-36.7945679663625,-154.220000000001],[174.869652999745,-36.7946016307725,-154.220000000001],[174.869690216112,-36.7946353090018,-154.220000000001],[174.869727412653,-36.7946690001493,-154.220000000001],[174.869764591652,-36.7947027059819,-154.220000000001],[174.869801749706,-36.7947364247503,-154.220000000001],[174.869838890196,-36.7947701573028,-154.220000000001],[174.86987601086,-36.7948039027736,-154.220000000001],[174.869913112862,-36.7948376629471,-154.220000000001],[174.869950195038,-36.794871436039,-154.220000000001],[174.869987258531,-36.7949052229326,-154.220000000001],[174.87002430222,-36.7949390236456,-154.220000000001],[174.870061328345,-36.7949728381427,-154.220000000001],[174.870065211676,-36.7949763878233,-154.220000000001],[174.870098333524,-36.795006665576,-154.220000000001],[174.87013532114,-36.7950405067934,-154.220000000001],[174.870172287831,-36.7950743618479,-154.220000000001],[174.870209236937,-36.7951082297856,-154.220000000001],[174.870232059832,-36.7951291693978,-154.220000000001],[174.870246166239,-36.7951421115428,-154.220000000001],[174.870283075737,-36.7951760071196,-154.220000000001],[174.870319966551,-36.7952099164982,-154.220000000001],[174.87035683866,-36.7952438387777,-154.220000000001],[174.870393690965,-36.7952777748769,-154.220000000001],[174.870430523465,-36.7953117247956,-154.220000000001],[174.87046733726,-36.7953456876153,-154.220000000001],[174.870504132371,-36.795379664237,-154.220000000001],[174.870540907678,-36.7954136546783,-154.220000000001],[174.87057766428,-36.7954476580207,-154.220000000001],[174.870614401077,-36.7954816751827,-154.220000000001],[174.870651118048,-36.7955157052634,-154.220000000001],[174.870687816336,-36.7955497491463,-154.220000000001],[174.87072449594,-36.7955838068312,-154.220000000001],[174.870761154598,-36.7956178774525,-154.220000000001],[174.870797795692,-36.7956519618583,-154.220000000001],[174.870834416982,-36.7956860600839,-154.220000000001],[174.870871018446,-36.7957201712282,-154.220000000001],[174.870907601204,-36.7957542952739,-154.220000000001],[174.870944164158,-36.7957884331393,-154.220000000001],[174.870980707308,-36.7958225848245,-154.220000000001],[174.871017231752,-36.7958567494111,-154.220000000001],[174.871053736393,-36.7958909278175,-154.220000000001],[174.871090222349,-36.7959251200261,-154.220000000001],[174.871126688458,-36.7959593242528,-154.220000000001],[174.871163135904,-36.7959935431827,-154.220000000001],[174.871199563524,-36.7960277750316,-154.220000000001],[174.871235971319,-36.7960620197995,-154.220000000001],[174.871272360429,-36.7960962783697,-154.220000000001],[174.871308729714,-36.796130549859,-154.220000000001],[174.871345079194,-36.7961648351683,-154.220000000001],[174.871381409969,-36.796199133379,-154.220000000001],[174.871417720939,-36.7962334454098,-154.220000000001],[174.871454012083,-36.7962677703597,-154.220000000001],[174.871490284544,-36.796302109112,-154.220000000001],[174.871526537178,-36.7963364607835,-154.220000000001],[174.871562769986,-36.7963708253742,-154.220000000001],[174.87159898299,-36.7964052037849,-154.220000000001],[174.871635177288,-36.7964395950973,-154.220000000001],[174.871671352902,-36.7964740002121,-154.220000000001],[174.87170750757,-36.7965084182639,-154.220000000001],[174.871743643532,-36.7965428492173,-154.220000000001],[174.87177975969,-36.7965772939908,-154.220000000001],[174.871815856021,-36.7966117516837,-154.220000000001],[174.871851933669,-36.7966462231792,-154.220000000001],[174.87188799037,-36.7966807076117,-154.220000000001],[174.871924028365,-36.7967152049458,-154.220000000001],[174.871960047655,-36.7967497151816,-154.220000000001],[174.87199604602,-36.7967842392555,-154.220000000001],[174.872032025678,-36.796818776231,-154.220000000001],[174.872067985533,-36.796853327027,-154.220000000001],[174.872103925562,-36.7968878907424,-154.220000000001],[174.872139846884,-36.7969224673596,-154.220000000001],[174.87217574726,-36.7969570569138,-154.220000000001],[174.872211628952,-36.7969916602709,-154.220000000001],[174.872247490818,-36.7970262765475,-154.220000000001],[174.872283332857,-36.7970609057435,-154.220000000001],[174.872319155071,-36.7970955478591,-154.220000000001],[174.8723549586,-36.7971302037776,-154.220000000001],[174.872390741183,-36.7971648726333,-154.220000000001],[174.872426505059,-36.797199554391,-154.220000000001],[174.87246224911,-36.7972342490682,-154.220000000001],[174.872497973356,-36.7972689575659,-154.220000000001],[174.872533677775,-36.7973036789834,-154.220000000001],[174.872569363489,-36.7973384133028,-154.220000000001],[174.872605028256,-36.7973731605596,-154.220000000001],[174.872640674318,-36.7974079207184,-154.220000000001],[174.872676300574,-36.7974426946979,-154.220000000001],[174.872711905863,-36.7974774807137,-154.220000000001],[174.872747492467,-36.7975122805327,-154.220000000001],[174.872783059244,-36.7975470932713,-154.220000000001],[174.872818606196,-36.7975819189298,-154.220000000001],[174.872854133321,-36.797616757508,-154.220000000001],[174.872889641762,-36.7976516098894,-154.220000000001],[174.872925129234,-36.7976864743073,-154.220000000001],[174.872960596902,-36.797721352546,-154.220000000001],[174.872996045842,-36.797756242786,-154.220000000001],[174.873031473857,-36.7977911468644,-154.220000000001],[174.873066883166,-36.7978260638451,-154.220000000001],[174.873102271528,-36.7978609937634,-154.220000000001],[174.873137641184,-36.7978959365839,-154.220000000001],[174.873172989894,-36.797930892342,-154.220000000001],[174.873208319897,-36.7979658610025,-154.220000000001],[174.873243628954,-36.7980008426006,-154.220000000001],[174.873278919304,-36.798035837101,-154.220000000001],[174.873314188708,-36.7980708445391,-154.220000000001],[174.873349439405,-36.7981058648796,-154.220000000001],[174.873384669156,-36.7981408981578,-154.220000000001],[174.873419880222,-36.7981759452394,-154.220000000001],[174.87345507032,-36.7982110043578,-154.220000000001],[174.873490241711,-36.7982460763786,-154.220000000001],[174.873525392156,-36.7982811613372,-154.220000000001],[174.873560522774,-36.7983162592159,-154.220000000001],[174.873595633566,-36.7983513700148,-154.220000000001],[174.873630724531,-36.7983864937339,-154.220000000001],[174.87366579679,-36.7984216303555,-154.220000000001],[174.873700846982,-36.7984567799326,-154.220000000001],[174.873735878445,-36.7984919415114,-154.220000000001],[174.873770890104,-36.7985271169113,-154.220000000001],[174.873805881937,-36.7985623052316,-154.220000000001],[174.8738408528,-36.7985975055888,-154.220000000001],[174.873875804957,-36.7986327188486,-154.220000000001],[174.87391073619,-36.7986679459474,-154.220000000001],[174.873945648694,-36.7987031850478,-154.220000000001],[174.873980540251,-36.7987384370863,-154.220000000001],[174.874015411981,-36.7987737020452,-154.220000000001],[174.874050263863,-36.7988089790235,-154.220000000001],[174.87408509482,-36.7988442698408,-154.220000000001],[174.874119907049,-36.7988795726599,-154.220000000001],[174.874136044191,-36.7988959488479,-154.220000000001],[174.872484863857,-36.7999479611342,-150.198799999998],[174.868927588665,-36.802214227152,-141.536099999998],[174.858135984077,-36.8090878885395,-115.259399999995],[174.854221276757,-36.8115808058741,-105.728600000002],[174.85030416919,-36.8140749650016,-96.1925000000047]]]},"properties":{"OBJECTID":33,"TYPE":4,"SUBTYPE":null,"SCHEDULE":"T1","NAME":"Rangitoto Island","VALIDATIONSTATE":3,"VERSIONSTATUS":4,"GlobalID":"84da9a6d-2dab-4538-92dc-63abc1c97810"}},{"type":"Feature","id":34,"geometry":{"type":"Polygon","coordinates":[[[174.741772390142,-36.9048784866964,62.3365999999951],[174.738960908618,-36.9127447553924,67.7799999999988],[174.738853211786,-36.9127194344605,67.7799999999988],[174.738745856694,-36.9126931935672,67.7799999999988],[174.738638855792,-36.9126660370378,67.7799999999988],[174.738532221486,-36.9126379673956,67.7799999999988],[174.738425965064,-36.9126089871803,67.7799999999988],[174.738320097851,-36.9125791007338,67.7799999999988],[174.738214634499,-36.9125483105468,67.7799999999988],[174.738109585194,-36.9125166200765,67.7799999999988],[174.73800496126,-36.9124840336649,67.7799999999988],[174.737900776248,-36.9124505547203,67.7799999999988],[174.737797040363,-36.912416187601,67.7799999999988],[174.737693766012,-36.9123809348307,67.7799999999988],[174.737590965643,-36.9123448007352,67.7799999999988],[174.737488649481,-36.9123077905741,67.7799999999988],[174.737386831055,-36.9122699068546,67.7799999999988],[174.737285519487,-36.9122311557541,67.7799999999988],[174.737265718902,-36.9122233729911,67.7799999999988],[174.737184728328,-36.9121915406808,67.7799999999988],[174.73708446776,-36.9121510650925,67.7799999999988],[174.736984750293,-36.9121097360183,67.7799999999988],[174.736885586089,-36.9120675560149,67.7799999999988],[174.736786986495,-36.9120245303257,67.7799999999988],[174.736688962876,-36.9119806650952,67.7799999999988],[174.736591526538,-36.9119359637651,67.7799999999988],[174.736494688827,-36.9118904315787,67.7799999999988],[174.736398459985,-36.9118440746971,67.7799999999988],[174.736302852462,-36.9117968974465,67.7799999999988],[174.736207874235,-36.9117489051198,67.7799999999988],[174.736113538915,-36.9117001038288,67.7799999999988],[174.736019855603,-36.9116504988501,67.7799999999988],[174.735926835664,-36.9116000963284,67.7799999999988],[174.735834489301,-36.9115489006228,67.7799999999988],[174.735742826779,-36.9114969187956,67.7799999999988],[174.735651858298,-36.911444155206,67.7799999999988],[174.735561595265,-36.9113906178009,67.7799999999988],[174.735472046782,-36.9113363118569,67.7799999999988],[174.73538322309,-36.9112812435353,67.7799999999988],[174.735334989137,-36.9112508268253,67.7799999999988],[174.736372623702,-36.9101961014518,66.8859999999986],[174.74166020013,-36.9048208561111,62.329700000002],[174.74186317687,-36.9046144939576,62.1548000000039],[174.741868763844,-36.904608813799,62.1499999999942],[174.741865963303,-36.9046166496602,62.1554000000033],[174.741772390142,-36.9048784866964,62.3365999999951]]]},"properties":{"OBJECTID":34,"TYPE":4,"SUBTYPE":null,"SCHEDULE":"R2","NAME":"Mount Roskill","VALIDATIONSTATE":3,"VERSIONSTATUS":4,"GlobalID":"da599944-7a7c-42d6-a256-4e65fe22b6c9"}},{"type":"Feature","id":35,"geometry":{"type":"Polygon","coordinates":[[[174.735862655584,-36.9133891874462,80.9100000000035],[174.735859575468,-36.913391365035,80.9100000000035],[174.735833311781,-36.913367402809,80.8111000000063],[174.735796239557,-36.9133335774514,80.6714999999967],[174.735759166244,-36.9132997520976,80.5319000000018],[174.735722092963,-36.9132659267313,80.3923000000068],[174.735685019715,-36.9132321013523,80.2526999999973],[174.735647946501,-36.9131982759607,80.1131000000023],[174.735610874441,-36.9131644505401,79.9734999999928],[174.735573801292,-36.9131306251233,79.8338999999978],[174.735536728176,-36.9130967996938,79.6943000000028],[174.735499655113,-36.9130629751529,79.5546999999933],[174.735462583185,-36.9130291496818,79.4150999999983],[174.735425510168,-36.9129953242145,79.2755000000034],[174.735388437183,-36.9129614987347,79.1358999999939],[174.735351364231,-36.9129276732422,78.9962999999989],[174.735314291313,-36.9128938477371,78.8567000000039],[174.735277219549,-36.912860022203,78.7170999999944],[174.735240146696,-36.9128261966727,78.5774999999994],[174.735203073876,-36.9127923711297,78.4379000000044],[174.735166001089,-36.9127585455742,78.2982999999949],[174.735128928335,-36.9127247200061,78.1587],[174.735091856735,-36.9126908944089,78.019100000005],[174.735054784047,-36.9126570688156,77.8794999999955],[174.735017711412,-36.9126232441106,77.7399000000005],[174.734980638789,-36.912589418492,77.6003000000055],[174.734943567322,-36.9125555928444,77.460699999996],[174.734906494765,-36.9125217672006,77.321100000001],[174.734869422241,-36.9124879415442,77.1815000000061],[174.73483234975,-36.9124541158751,77.0418999999965],[174.734795277291,-36.9124202901935,76.9023000000016],[174.734758205988,-36.9123864644829,76.7627000000066],[174.734721133596,-36.912352638776,76.6230999999971],[174.734684061236,-36.9123188130565,76.4835000000021],[174.73464698891,-36.9122849873244,76.3439000000071],[174.734609916616,-36.9122511615797,76.2042999999976],[174.734572845477,-36.912217335806,76.0647000000026],[174.73453577327,-36.9121835109372,75.9250999999931],[174.734498701075,-36.9121496851547,75.7854999999981],[174.734461628913,-36.9121158593595,75.6459000000032],[174.734424557906,-36.9120820335354,75.5062999999936],[174.734387485809,-36.912048207715,75.3666999999987],[174.734350413746,-36.9120143818821,75.2271000000037],[174.734313341715,-36.9119805560365,75.0874999999942],[174.734276269718,-36.9119467301783,74.9478999999992],[174.734239198875,-36.9119129042911,74.8083000000042],[174.734202126943,-36.9118790784077,74.6686999999947],[174.734165055044,-36.9118452525117,74.5290999999997],[174.734127983178,-36.9118114266031,74.3895000000048],[174.734090911345,-36.9117776006819,74.2498999999953],[174.734053840687,-36.9117437756327,74.1103000000003],[174.73401676892,-36.9117099496862,73.9707000000053],[174.733979697185,-36.9116761237272,73.8310999999958],[174.733942625483,-36.9116422977555,73.6915000000008],[174.733905553815,-36.9116084717712,73.5519000000058],[174.733868483301,-36.9115746457579,73.4122999999963],[174.733831411698,-36.9115408197484,73.2727000000014],[174.733794340128,-36.9115069937263,73.1331000000064],[174.733757268591,-36.9114731676916,72.9934999999969],[174.733720198209,-36.9114393416279,72.8539000000019],[174.733683126737,-36.911405515568,72.7143000000069],[174.733646055299,-36.9113716894954,72.5746999999974],[174.733608983914,-36.9113378643113,72.4351000000024],[174.733571912541,-36.9113040382136,72.2954999999929],[174.733534842323,-36.9112702120868,72.1558999999979],[174.733497771016,-36.9112363859638,72.016300000003],[174.733460699742,-36.9112025598283,71.8766999999934],[174.733423628501,-36.91116873368,71.7370999999985],[174.733386557293,-36.9111349075192,71.5975000000035],[174.73334948724,-36.9111010813294,71.457899999994],[174.733312416097,-36.9110672551434,71.318299999999],[174.733275344988,-36.9110334289448,71.178700000004],[174.733238273911,-36.9109996027335,71.0390999999945],[174.733201203989,-36.9109657764933,70.8994999999995],[174.733164132978,-36.9109319502569,70.7599000000046],[174.733127062021,-36.9108981249088,70.620299999995],[174.733089991076,-36.9108642986472,70.4807000000001],[174.733052920163,-36.9108304723729,70.3411000000051],[174.733015850406,-36.9107966460696,70.2014999999956],[174.73297877956,-36.9107628197701,70.0619000000006],[174.732941708746,-36.910728993458,69.9223000000056],[174.732904637966,-36.9106951671333,69.7826999999961],[174.732867567218,-36.910661340796,69.6431000000011],[174.732830497625,-36.9106275144297,69.5035000000062],[174.732793426943,-36.9105936880671,69.3638999999966],[174.732756356294,-36.910559861692,69.2243000000017],[174.732719285678,-36.9105260353042,69.0847000000067],[174.732682216217,-36.9104922088875,68.9450999999972],[174.732645145687,-36.9104583833755,68.8055000000022],[174.732608075169,-36.91042455695,68.6659000000072],[174.732571004684,-36.9103907305118,68.5262999999977],[174.732533934233,-36.910356904061,68.3867000000027],[174.732496864936,-36.9103230775812,68.2470999999932],[174.73245979455,-36.9102892511052,68.1074999999983],[174.732422724197,-36.9102554246166,67.9679000000033],[174.732385653877,-36.9102215981153,67.8282999999938],[174.73234858359,-36.9101877716015,67.6886999999988],[174.732311514457,-36.9101539450587,67.5491000000038],[174.732274444236,-36.9101201185196,67.4094999999943],[174.732237374047,-36.910086291968,67.2698999999993],[174.732200303891,-36.9100524654037,67.1303000000044],[174.732163233789,-36.9100186397279,66.9906999999948],[174.732126164821,-36.909984813122,66.8510999999999],[174.732089094764,-36.90995098652,66.7115000000049],[174.73205202474,-36.9099171599053,66.5718999999954],[174.732014954749,-36.909883333278,66.4323000000004],[174.731977885912,-36.9098495066217,66.2927000000054],[174.731940815987,-36.9098156799692,66.1530999999959],[174.731903746094,-36.909781853304,66.0135000000009],[174.731866676235,-36.9097480266263,65.873900000006],[174.731829606408,-36.909714199936,65.7342999999964],[174.731792537736,-36.9096803732167,65.5947000000015],[174.731755467975,-36.9096465465011,65.4551000000065],[174.731718398247,-36.9096127197729,65.315499999997],[174.731681328572,-36.9095788939332,65.175900000002],[174.731644258909,-36.9095450671799,65.036300000007],[174.731607190402,-36.9095112403975,64.8966999999975],[174.731570120805,-36.9094774136189,64.7571000000025],[174.731533051242,-36.9094435868277,64.617499999993],[174.731495981711,-36.909409760024,64.477899999998],[174.731458913335,-36.9093759331912,64.3383000000031],[174.73142184387,-36.9093421063622,64.1986999999936],[174.731384774438,-36.9093082795206,64.0590999999986],[174.731347705039,-36.9092744526663,63.9195000000036],[174.731310635672,-36.9092406257995,63.7798999999941],[174.731273567461,-36.9092067989037,63.6402999999991],[174.73123649816,-36.9091729720117,63.5007000000041],[174.731199428913,-36.909139146008,63.3610999999946],[174.731162359678,-36.9091053190908,63.2214999999997],[174.731125290476,-36.9090714921609,63.0819000000047],[174.731088222429,-36.9090376652021,62.9422999999952],[174.731051153293,-36.909003838247,62.8027000000002],[174.73101408419,-36.9089700112794,62.6631000000052],[174.730977015119,-36.9089361842991,62.5234999999957],[174.730939946082,-36.9089023573062,62.3839000000007],[174.730902878199,-36.9088685302843,62.2443000000058],[174.730865809228,-36.9088347032662,62.1046999999962],[174.730828740289,-36.9088008762355,61.9651000000013],[174.730791671383,-36.9087670491922,61.8255000000063],[174.730754603632,-36.9087332221199,61.6858999999968],[174.730717534812,-36.9086993959524,61.5463000000018],[174.730680466005,-36.9086655688713,61.4067000000068],[174.730643397231,-36.9086317417776,61.2670999999973],[174.730606328489,-36.9085979146712,61.1275000000023],[174.730569260903,-36.9085640875359,60.9878999999928],[174.730532192227,-36.9085302604044,60.8482999999978],[174.730495123584,-36.9084964332602,60.7087000000029],[174.730458054974,-36.9084626061034,60.5690999999933],[174.730420986397,-36.908428778934,60.4294999999984],[174.730383918975,-36.9083949517357,60.2899000000034],[174.730346850464,-36.9083611245412,60.1502999999939],[174.730309781985,-36.908327297334,60.0106999999989],[174.73027271354,-36.9082934701142,59.8711000000039],[174.730235646269,-36.9082596437665,59.7314999999944],[174.73019857789,-36.9082258165215,59.5918999999994],[174.730161509543,-36.9081919892639,59.4523000000045],[174.730124441229,-36.9081581619936,59.3126999999949],[174.730087372948,-36.9081243347108,59.1731],[174.730050305822,-36.9080905073991,59.033500000005],[174.730013237606,-36.908056680091,58.8938999999955],[174.729976169424,-36.9080228527704,58.7543000000005],[174.729939101275,-36.9079890254372,58.6147000000055],[174.729902033158,-36.9079551980913,58.475099999996],[174.729864966196,-36.9079213707165,58.335500000001],[174.729827898145,-36.9078875433455,58.1959000000061],[174.729790830127,-36.9078537159618,58.0562999999966],[174.729753762163,-36.9078198894666,57.9167000000016],[174.729716695332,-36.9077860620414,57.7771000000066],[174.729679627413,-36.9077522346199,57.6374999999971],[174.729642559527,-36.9077184071858,57.4979000000021],[174.729605491673,-36.9076845797391,57.3583000000071],[174.729568423853,-36.9076507522798,57.2186999999976],[174.729531357187,-36.9076169247916,57.0791000000027],[174.729494289432,-36.9075830973071,56.9394999999931],[174.72945722171,-36.90754926981,56.7998999999982],[174.729420154021,-36.9075154423003,56.6603000000032],[174.729383086365,-36.907481614778,56.5206999999937],[174.729346019863,-36.9074477872268,56.3810999999987],[174.729308952273,-36.9074139596793,56.2415000000037],[174.729271884736,-36.9073801330202,56.1018999999942],[174.729234817211,-36.9073463054474,55.9622999999992],[174.729197749719,-36.9073124778621,55.8227000000043],[174.729160683382,-36.9072786502479,55.6830999999947],[174.729123615956,-36.9072448226373,55.5434999999998],[174.729086548563,-36.9072109950142,55.4039000000048],[174.729049481203,-36.9071771673784,55.2642999999953],[174.729012414997,-36.9071433397138,55.1247000000003],[174.728975347703,-36.9071095120528,54.9851000000053],[174.728938280441,-36.9070756843793,54.8454999999958],[174.728901213213,-36.9070418566931,54.7059000000008],[174.728864146017,-36.9070080289943,54.5663000000059],[174.728827079976,-36.9069742012666,54.4266999999963],[174.728790012866,-36.9069403744437,54.2871000000014],[174.728752945769,-36.9069065467072,54.1475000000064],[174.728715878705,-36.906872718958,54.0078999999969],[174.728678811673,-36.9068388911962,53.8683000000019],[174.728641745797,-36.9068050634055,53.7287000000069],[174.728604678831,-36.9067712356185,53.5890999999974],[174.728567611898,-36.9067374078189,53.4495000000024],[174.728530544998,-36.9067035800067,53.3098999999929],[174.728493479254,-36.9066697521656,53.170299999998],[174.728456412419,-36.9066359243282,53.030700000003],[174.728419345618,-36.9066020964782,52.8910999999935],[174.72838227885,-36.9065682686156,52.7514999999985],[174.728345212135,-36.9065344416414,52.6119000000035],[174.728308146554,-36.9065006137373,52.472299999994],[174.728271079884,-36.9064667858369,52.332699999999],[174.728234013248,-36.9064329579238,52.1931000000041],[174.728196946644,-36.9063991299982,52.0534999999945],[174.728159880073,-36.90636530206,51.9138999999996],[174.728122814657,-36.9063314740928,51.7743000000046],[174.728085748151,-36.9062976461294,51.6346999999951],[174.728048681679,-36.9062638181534,51.4951000000001],[174.728011615239,-36.9062299901647,51.3555000000051],[174.727974549955,-36.9061961621472,51.2158999999956],[174.727937483581,-36.9061623341333,51.0763000000006],[174.72790041724,-36.9061285061069,50.9367000000057],[174.727863350953,-36.9060946789689,50.7970999999961],[174.727826284678,-36.9060608509172,50.6575000000012],[174.727789219557,-36.9060270228367,50.5179000000062],[174.727752153348,-36.9059931947598,50.3782999999967],[174.727715087172,-36.9059593666704,50.2387000000017],[174.727678021028,-36.9059255385683,50.0991000000067],[174.727640954917,-36.9058917104537,49.9594999999972],[174.727603889962,-36.9058578823101,49.8199000000022],[174.727566823917,-36.9058240541702,49.6803000000073],[174.727561439064,-36.9058191399591,49.6600000000035],[174.727602223965,-36.9058394019911,49.7792999999947],[174.72764993979,-36.9058631090736,49.9189000000042],[174.727697656745,-36.9058868152187,50.0584999999992],[174.727745372608,-36.9059105213601,50.1980999999942],[174.727793089622,-36.9059342274652,50.3377000000037],[174.727840805543,-36.9059579335665,50.4772999999986],[174.727888522615,-36.9059816396315,50.6168999999936],[174.727936238594,-36.9060053456927,50.7565000000031],[174.727983955724,-36.9060290517176,50.8960999999981],[174.728031671782,-36.9060527586399,51.0356999999931],[174.72807938897,-36.9060764646248,51.1753000000026],[174.728127105066,-36.9061001706059,51.3148999999976],[174.728174822312,-36.9061238765507,51.4545000000071],[174.728222538465,-36.9061475824918,51.5941000000021],[174.72827025577,-36.9061712883966,51.733699999997],[174.728317973104,-36.9061949942813,51.8733000000066],[174.728365689344,-36.9062187001623,52.0129000000015],[174.728413406756,-36.906242406908,52.1524999999965],[174.728461123055,-36.9062661127489,52.292100000006],[174.728508840505,-36.9062898185535,52.431700000001],[174.728556556862,-36.9063135243543,52.571299999996],[174.72860427437,-36.9063372301189,52.7109000000055],[174.728651990785,-36.9063609358797,52.8505000000005],[174.728699708352,-36.9063846416041,52.9900999999954],[174.728747424825,-36.9064083473249,53.129700000005],[174.728795142469,-36.9064320539103,53.2692999999999],[174.728842859001,-36.906455759591,53.4088999999949],[174.728890576683,-36.9064794652353,53.5485000000044],[174.728938293273,-36.906503170876,53.6880999999994],[174.728986011013,-36.9065268764802,53.8276999999944],[174.729033728783,-36.9065505820645,53.9673000000039],[174.72908144546,-36.906574287645,54.1068999999989],[174.729129163308,-36.9065979940902,54.2464999999938],[174.729176880043,-36.9066216996307,54.3861000000034],[174.729224597929,-36.9066454051348,54.5256999999983],[174.729272314722,-36.9066691106352,54.6652999999933],[174.729320032666,-36.9066928160993,54.8049000000028],[174.729367749517,-36.9067165215596,54.9444999999978],[174.729415467519,-36.9067402269836,55.0840999999928],[174.729463184428,-36.9067639324039,55.2237000000023],[174.729510902509,-36.9067876386889,55.3632999999973],[174.729558619476,-36.9068113440691,55.5029000000068],[174.729606337595,-36.9068350494129,55.6425000000017],[174.72965405462,-36.9068587547531,55.7820999999967],[174.729701772797,-36.9068824600569,55.9217000000062],[174.729749489881,-36.906906165357,56.0613000000012],[174.729797208116,-36.9069298706207,56.2008999999962],[174.729844926379,-36.9069535758644,56.3405000000057],[174.729892643571,-36.9069772820054,56.4801000000007],[174.729940361893,-36.9070009872091,56.6196999999956],[174.729988079122,-36.907024692409,56.7593000000052],[174.730035797502,-36.9070483975726,56.8989000000001],[174.730083514789,-36.9070721027324,57.0384999999951],[174.730131233227,-36.9070958078559,57.1781000000046],[174.730178950572,-36.9071195129757,57.3176999999996],[174.730226669069,-36.9071432180592,57.4572999999946],[174.730274386492,-36.9071669240399,57.5969000000041],[174.730322105047,-36.9071906290833,57.7364999999991],[174.730369822509,-36.907214334123,57.876099999994],[174.730417541121,-36.9072380391263,58.0157000000036],[174.730465258641,-36.9072617441259,58.1552999999985],[174.730512977312,-36.9072854490891,58.2948999999935],[174.730560696012,-36.9073091540323,58.434500000003],[174.730608413618,-36.9073328589718,58.574099999998],[174.730656132397,-36.907356564776,58.713699999993],[174.730703850062,-36.9073802696755,58.8533000000025],[174.730751568878,-36.9074039745385,58.9928999999975],[174.730799286601,-36.9074276793979,59.132500000007],[174.730847005475,-36.9074513842209,59.272100000002],[174.730894723257,-36.9074750890402,59.4116999999969],[174.730942442189,-36.9074987938231,59.5513000000064],[174.730990160049,-36.9075224995034,59.6909000000014],[174.731037879039,-36.9075462042463,59.8304999999964],[174.731085596937,-36.9075699089855,59.9701000000059],[174.731133315986,-36.9075936136883,60.1097000000009],[174.731181033941,-36.9076173183874,60.2492999999959],[174.731228753048,-36.9076410230501,60.3889000000054],[174.731276471062,-36.9076647277092,60.5285000000003],[174.731324190227,-36.9076884323318,60.6680999999953],[174.731371909441,-36.9077121378355,60.8077000000048],[174.731419627542,-36.9077358424344,60.9472999999998],[174.731467346795,-36.907759546997,61.0868999999948],[174.731515064954,-36.9077832515559,61.2265000000043],[174.731562784264,-36.9078069560784,61.3660999999993],[174.731610502481,-36.9078306605972,61.5056999999942],[174.73165822185,-36.9078543650796,61.6453000000038],[174.731705940125,-36.9078780695583,61.7848999999987],[174.731753659572,-36.9079017749017,61.9244999999937],[174.731801377906,-36.9079254793404,62.0641000000032],[174.731849097391,-36.9079491837427,62.2036999999982],[174.731896815782,-36.9079728881413,62.3432999999932],[174.731944535325,-36.9079965925035,62.4829000000027],[174.731992253775,-36.9080202968621,62.6224999999977],[174.732039973376,-36.9080440011842,62.7621000000072],[174.732087691884,-36.9080677055027,62.9017000000022],[174.732135411564,-36.9080914106858,63.0412999999971],[174.732183131252,-36.9081151149478,63.1809000000067],[174.732230849847,-36.9081388192062,63.3205000000016],[174.732278569593,-36.9081625234282,63.4600999999966],[174.732326288247,-36.9081862276465,63.5997000000061],[174.732374008051,-36.9082099318284,63.7393000000011],[174.732421726763,-36.9082336360066,63.8788999999961],[174.732469446625,-36.9082573401484,64.0185000000056],[174.732517165415,-36.9082810451876,64.1581000000006],[174.732564885336,-36.9083047492894,64.2976999999955],[174.732612604164,-36.9083284533875,64.4373000000051],[174.732660324143,-36.9083521574492,64.5769],[174.732708043029,-36.9083758615072,64.716499999995],[174.732755763066,-36.9083995655288,64.8561000000045],[174.73280348201,-36.9084232695468,64.9956999999995],[174.732851202125,-36.9084469744294,65.1352999999945],[174.732898922249,-36.9084706783909,65.274900000004],[174.732946641281,-36.9084943823487,65.414499999999],[174.732994361463,-36.9085180862702,65.5540999999939],[174.733042080552,-36.9085417901879,65.6937000000034],[174.733089800793,-36.9085654940693,65.8332999999984],[174.73313751994,-36.908589197947,65.9728999999934],[174.733185240239,-36.9086129017883,66.1125000000029],[174.733232959465,-36.908636606527,66.2520999999979],[174.733280679822,-36.9086603103282,66.3916999999929],[174.733328399086,-36.9086840141258,66.5313000000024],[174.733376119501,-36.9087077178869,66.6708999999973],[174.733423838822,-36.9087314216444,66.8105000000069],[174.733471559296,-36.9087551253655,66.9501000000018],[174.733519278676,-36.9087788290829,67.0896999999968],[174.733566999207,-36.9088025327639,67.2293000000063],[174.733614718665,-36.9088262373423,67.3689000000013],[174.733662439255,-36.9088499409833,67.5084999999963],[174.733710159873,-36.9088736446041,67.6481000000058],[174.733757879398,-36.9088973482214,67.7877000000008],[174.733805600075,-36.9089210518022,67.9272000000055],[174.733853319659,-36.9089447553794,68.0668000000005],[174.733901040393,-36.9089684589201,68.2063999999955],[174.733948760035,-36.9089921624572,68.346000000005],[174.733996480848,-36.909015866859,68.4856],[174.734044200548,-36.909039570356,68.6251999999949],[174.734091921399,-36.9090632738166,68.7648000000045],[174.734139641157,-36.9090869772736,68.9043999999994],[174.734187362066,-36.9091106806941,69.0439999999944],[174.734235081882,-36.909134384111,69.1836000000039],[174.734282802849,-36.9091580874914,69.3231999999989],[174.734330522724,-36.9091817908682,69.4627999999939],[174.734378243769,-36.9092054951097,69.6024000000034],[174.734425964824,-36.90922919843,69.7419999999984],[174.734473684785,-36.9092529017467,69.8815999999933],[174.734521405898,-36.909276605027,70.0212000000029],[174.734569125917,-36.9093003083036,70.1607999999978],[174.734616847088,-36.9093240115438,70.3003999999928],[174.734664567166,-36.9093477147803,70.4400000000023],[174.734712288415,-36.9093714188815,70.5795999999973],[174.734760008551,-36.909395122078,70.7192000000068],[174.734807729838,-36.909418825238,70.8588000000018],[174.734855450032,-36.9094425283944,70.9983999999968],[174.734903171377,-36.9094662315144,71.1380000000063],[174.734950891629,-36.9094899346307,71.2776000000013],[174.734998613032,-36.9095136377106,71.4171999999962],[174.735046333343,-36.9095373407869,71.5568000000058],[174.735094054824,-36.9095610447277,71.6964000000007],[174.735141775193,-36.9095847477639,71.8359999999957],[174.735189496712,-36.9096084507636,71.9756000000052],[174.735237218261,-36.9096321537434,72.1152000000002],[174.735284938716,-36.9096558567194,72.2547999999952],[174.735332660323,-36.9096795596591,72.3944000000047],[174.735380380837,-36.9097032625951,72.5339999999997],[174.735428102502,-36.9097269654946,72.6735999999946],[174.735475823094,-36.9097506692916,72.8132000000041],[174.735523544817,-36.909774372151,72.9527999999991],[174.735571265447,-36.9097980750069,73.0923999999941],[174.735618987228,-36.9098217778263,73.2320000000036],[174.735666707917,-36.909845480642,73.3715999999986],[174.735714429756,-36.9098691834214,73.5111999999936],[174.735762150502,-36.9098928861971,73.6508000000031],[174.7358098724,-36.9099165889363,73.790399999998],[174.735857593224,-36.909940292573,73.929999999993],[174.73590531518,-36.9099639952722,74.0696000000025],[174.735953037165,-36.9099876979513,74.2091999999975],[174.736000758056,-36.9100114006268,74.348800000007],[174.736048480099,-36.9100351032658,74.488400000002],[174.736096201049,-36.9100588059012,74.627999999997],[174.73614392315,-36.9100825085002,74.7676000000065],[174.736191644158,-36.9101062110955,74.9072000000015],[174.736239366337,-36.9101299145555,75.0467999999964],[174.736287087403,-36.9101536171108,75.186400000006],[174.73633480962,-36.9101773196296,75.3260000000009],[174.736372623702,-36.9101961014518,75.4366000000009],[174.736382530745,-36.9102010221448,75.4655999999959],[174.73643025302,-36.9102247246235,75.6052000000054],[174.736477974202,-36.9102484270986,75.7448000000004],[174.736525696536,-36.9102721295373,75.8843999999954],[174.736573417797,-36.9102958328734,76.0240000000049],[174.736621140188,-36.910319535272,76.1635999999999],[174.736668861487,-36.9103432376669,76.3031999999948],[174.736716583937,-36.9103669400254,76.4428000000044],[174.736764306415,-36.9103906423639,76.5823999999993],[174.736812027801,-36.9104143446987,76.7219999999943],[174.736859750338,-36.9104380469971,76.8616000000038],[174.736907471782,-36.9104617492919,77.0011999999988],[174.736955194398,-36.9104854524512,77.1407999999938],[174.7370029159,-36.9105091547059,77.2804000000033],[174.737050638553,-36.9105328569241,77.4199999999983],[174.737098360113,-36.9105565591387,77.5595999999932],[174.737146082824,-36.9105802613169,77.6992000000027],[174.737193804443,-36.9106039634914,77.8387999999977],[174.737241527212,-36.9106276656295,77.9784000000072],[174.737289248889,-36.9106513677639,78.1180000000022],[174.737336971737,-36.9106750707629,78.2575999999972],[174.737384693472,-36.9106987728573,78.3972000000067],[174.737432416357,-36.9107224749152,78.5368000000017],[174.737480139272,-36.9107461769531,78.6763999999966],[174.737527861094,-36.9107698789873,78.8160000000062],[174.737575584067,-36.9107935809851,78.9556000000011],[174.737623305947,-36.9108172829793,79.0951999999961],[174.737671028978,-36.910840984937,79.2348000000056],[174.737718750937,-36.9108646877921,79.3744000000006],[174.737766474026,-36.9108883897097,79.5139999999956],[174.737814196022,-36.9109120916237,79.6536000000051],[174.73786191917,-36.9109357935013,79.7932000000001],[174.737909641224,-36.9109594953752,79.932799999995],[174.73795736443,-36.9109831972127,80.0724000000046],[174.738005086542,-36.9110068990465,80.2119999999995],[174.738052809806,-36.9110306008439,80.3515999999945],[174.738100531997,-36.9110543035387,80.491200000004],[174.738148255319,-36.911078005296,80.630799999999],[174.738195977548,-36.9111017070497,80.770399999994],[174.738243700928,-36.9111254087669,80.9100000000035],[174.738184242027,-36.9112018391942,80.9100000000035],[174.738123933675,-36.911277840367,80.9100000000035],[174.738062783582,-36.911353405862,80.9100000000035],[174.738000793849,-36.9114285293377,80.9100000000035],[174.737937971082,-36.9115032052882,80.9100000000035],[174.737874320748,-36.9115774273227,80.9100000000035],[174.737809846068,-36.9116511890835,80.9100000000035],[174.737744553672,-36.9117244859655,80.9100000000035],[174.737678447903,-36.9117973115944,80.9100000000035],[174.737611534228,-36.9118696595798,80.9100000000035],[174.737543818154,-36.9119415253328,80.9100000000035],[174.737475305126,-36.9120129015617,80.9100000000035],[174.737406000651,-36.912083783678,80.9100000000035],[174.737335910217,-36.912154166192,80.9100000000035],[174.737265718902,-36.9122233729911,80.9100000000035],[174.73726503929,-36.912224042713,80.9100000000035],[174.737193394479,-36.9122934077348,80.9100000000035],[174.737120980149,-36.9123622557843,80.9100000000035],[174.737047801787,-36.9124305813718,80.9100000000035],[174.736973866023,-36.9124983798921,80.9100000000035],[174.736899179445,-36.9125656449383,80.9100000000035],[174.736823747542,-36.9126323710205,80.9100000000035],[174.736747575821,-36.9126985535501,80.9100000000035],[174.736670669769,-36.9127641870376,80.9100000000035],[174.736593037138,-36.9128292668613,80.9100000000035],[174.736514683376,-36.9128937857295,80.9100000000035],[174.736435615154,-36.9129577408394,80.9100000000035],[174.736355837938,-36.9130211258,80.9100000000035],[174.736275358339,-36.9130839351054,80.9100000000035],[174.73619418413,-36.9131461650352,80.9100000000035],[174.736112319677,-36.9132078101161,80.9100000000035],[174.736029771609,-36.913268865743,80.9100000000035],[174.735946548783,-36.9133293263771,80.9100000000035],[174.735862655584,-36.9133891874462,80.9100000000035]]]},"properties":{"OBJECTID":35,"TYPE":4,"SUBTYPE":null,"SCHEDULE":"R1","NAME":"Mount Roskill","VALIDATIONSTATE":3,"VERSIONSTATUS":4,"GlobalID":"7189193f-c943-4102-bf1f-7140de12b2a6"}},{"type":"Feature","id":36,"geometry":{"type":"Polygon","coordinates":[[[174.784494053683,-36.9120477093704,67.5853000000061],[174.784782941447,-36.9186415275028,34.75],[174.783481787049,-36.9102679322192,76.7452000000048],[174.783280545976,-36.9089726554912,83.2412999999942],[174.783091265809,-36.9077543148719,89.3515000000043],[174.782501044841,-36.9039549583573,108.406000000003],[174.782287615283,-36.9025809709759,115.296799999996],[174.782193891737,-36.9019775877637,118.322899999999],[174.782171635272,-36.9018343020663,119.041500000007],[174.782117502569,-36.9014857955181,120.789300000004],[174.782096590112,-36.9013511586696,121.464500000002],[174.781917407899,-36.9001975571649,127.25],[174.782028779998,-36.9001866232858,127.25],[174.782140216014,-36.9001761227871,127.25],[174.782251714826,-36.9001660556856,127.25],[174.782363271991,-36.9001564238503,127.25],[174.782474886348,-36.9001472254958,127.25],[174.782586555674,-36.9001384615567,127.25],[174.782698276627,-36.9001301329842,127.25],[174.782765158881,-36.9001254093484,127.25],[174.782810045844,-36.9001222398287,127.25],[174.782921861062,-36.9001147812226,127.25],[174.782993341129,-36.9001102930946,127.25],[174.783033720059,-36.9001077581005,127.25],[174.783126315798,-36.9001023066579,127.25],[174.783145620594,-36.9001011704959,127.25],[174.783257559302,-36.9000950184592,127.25],[174.783347801049,-36.9000904115843,127.25],[174.783369533943,-36.9000893020238,127.25],[174.783382700654,-36.9000886816091,127.25],[174.783481542295,-36.9000840221243,127.25],[174.783488840967,-36.9000837061277,127.25],[174.783593580973,-36.9000791779102,127.25],[174.783705646635,-36.9000747703328,127.25],[174.78381773814,-36.9000707985078,127.25],[174.783929853267,-36.9000672633699,127.25],[174.783969307303,-36.9000661227944,127.25],[174.783993140441,-36.9006104254226,124.539499999999],[174.784019517439,-36.9012128132771,121.539799999999],[174.784101914636,-36.9030944767787,112.169699999999],[174.784157805139,-36.9043707418823,105.814299999998],[174.784281390964,-36.9071926207114,91.7621999999974],[174.784351392031,-36.908790851078,83.8034999999945],[174.784494053683,-36.9120477093704,67.5853000000061]]]},"properties":{"OBJECTID":36,"TYPE":4,"SUBTYPE":null,"SCHEDULE":"O9","NAME":"One Tree Hill","VALIDATIONSTATE":3,"VERSIONSTATUS":4,"GlobalID":"df410ff8-dcda-448b-a214-2fc0f50d71e2"}},{"type":"Feature","id":37,"geometry":{"type":"Polygon","coordinates":[[[174.784494053683,-36.9120477093704,61.257500000007],[174.784435229651,-36.9160438813913,40.6999999999971],[174.78357060794,-36.9107491202178,68.1689999999944],[174.783280545976,-36.9089726554912,77.3852000000043],[174.783082313204,-36.9077585395318,83.6839999999938],[174.782459641432,-36.9039445672015,103.470700000005],[174.782234586904,-36.9025659617695,110.622799999997],[174.782153099051,-36.9020667812487,113.212499999994],[174.782130270613,-36.9019269364112,113.937999999995],[174.782066480496,-36.9015361597101,115.965299999996],[174.782043962528,-36.9013982120002,116.680999999997],[174.781845136567,-36.900180190119,123],[174.781956425674,-36.900168728469,123],[174.782067793792,-36.9001577702774,123],[174.782179237581,-36.9001473164955,123],[174.78229075141,-36.900137366306,123],[174.782402334183,-36.9001279206267,123],[174.782513981412,-36.9001189795246,123],[174.782625688613,-36.9001105430668,123],[174.782737454709,-36.9001026130719,123],[174.782740136175,-36.9001024349218,123],[174.782849272927,-36.9000951878389,123],[174.782961143291,-36.9000882682684,123],[174.783005800905,-36.9000857096176,123],[174.783073059094,-36.9000818553623,123],[174.783139154162,-36.9000783682481,123],[174.783185018072,-36.9000759482531,123],[174.783297016882,-36.9000705478922,123],[174.783368011798,-36.9000674467673,123],[174.783401044985,-36.9000660034929,123],[174.783409052142,-36.9000656534289,123],[174.783469035955,-36.9000633052404,123],[174.783521119406,-36.9000612667325,123],[174.783633216392,-36.9000573860345,123],[174.783745337535,-36.9000540132211,123],[174.783857481672,-36.9000511465068,123],[174.783969643238,-36.9000487877779,123],[174.784081819972,-36.9000469361669,123],[174.784194008509,-36.9000455917243,123],[174.784306204365,-36.9000447545175,123],[174.784418404175,-36.9000444245968,123],[174.784530604577,-36.9000446020129,123],[174.784642801105,-36.900045287734,123],[174.784670742643,-36.9000455376032,123],[174.784653511529,-36.9012159474354,116.979099999997],[174.78465195942,-36.9013213611416,116.436799999996],[174.784646208082,-36.9017120509345,114.426999999996],[174.784623682242,-36.9032421482203,106.555699999997],[174.784605413153,-36.9044830691609,100.172099999996],[174.784567512735,-36.907057578953,86.9281000000046],[174.784494053683,-36.9120477093704,61.257500000007]]]},"properties":{"OBJECTID":37,"TYPE":4,"SUBTYPE":null,"SCHEDULE":"O8","NAME":"One Tree Hill","VALIDATIONSTATE":3,"VERSIONSTATUS":4,"GlobalID":"e8445932-05f7-49ee-804d-67d3afc2af9a"}},{"type":"Feature","id":38,"geometry":{"type":"Polygon","coordinates":[[[174.784351392031,-36.908790851078,79.2866000000067],[174.784148427884,-36.9138792918747,46.1399999999994],[174.78357060794,-36.9107491202178,66.742499999993],[174.783481787049,-36.9102679322192,69.909599999999],[174.783023711676,-36.9077861970372,86.2440999999963],[174.782307655181,-36.9039064231119,111.780299999999],[174.782050669918,-36.9025139048089,120.945699999997],[174.782021972243,-36.9023583980883,121.969200000007],[174.781997856598,-36.9022277183895,122.829299999998],[174.781876601897,-36.9015706533704,127.153999999995],[174.781872596623,-36.9015489489149,127.296900000001],[174.781621579527,-36.9001886793814,136.25],[174.78173262042,-36.9001757596978,136.25],[174.781843764559,-36.9001634206245,136.25],[174.781955005216,-36.9001516622623,136.25],[174.782066340191,-36.9001404864463,136.25],[174.782177762735,-36.9001298923764,136.25],[174.782289268404,-36.9001198819216,136.25],[174.782400853814,-36.9001104542311,136.25],[174.782512512237,-36.9001016094056,136.25],[174.78262424035,-36.9000933492973,136.25],[174.782722894808,-36.900086575115,136.25],[174.782736032527,-36.9000856730892,136.25],[174.782847885425,-36.9000785817326,136.25],[174.782959793437,-36.9000720753114,136.25],[174.783014169318,-36.900069199525,136.25],[174.783071750956,-36.9000661539097,136.25],[174.783147643877,-36.9000625386362,136.25],[174.783183754641,-36.9000608184788,136.25],[174.783295798862,-36.9000560682016,136.25],[174.783380753602,-36.9000529116098,136.25],[174.783407880279,-36.9000519040295,136.25],[174.783412571279,-36.9000517542788,136.25],[174.783456462356,-36.9000503534665,136.25],[174.783519992163,-36.9000483260635,136.25],[174.783632131128,-36.9000453334529,136.25],[174.783744291611,-36.9000429280839,136.25],[174.783856469106,-36.9000411091226,136.25],[174.783968659106,-36.9000398757354,136.25],[174.784080856047,-36.9000392298084,136.25],[174.784193056544,-36.9000391704911,136.25],[174.78430525497,-36.9000396969667,136.25],[174.784417446882,-36.9000408111045,136.25],[174.784529627753,-36.9000425111699,136.25],[174.784641791976,-36.9000447972471,136.25],[174.784700162183,-36.900046219531,136.25],[174.784653511529,-36.9012159474354,128.630300000004],[174.784649418596,-36.9013185691264,127.961800000005],[174.784634100398,-36.9017026435529,125.459900000002],[174.784573269533,-36.9032278804245,115.524399999995],[174.784524023221,-36.9044626446894,107.481],[174.784417704895,-36.9071282842978,90.1166999999987],[174.784351392031,-36.908790851078,79.2866000000067]]]},"properties":{"OBJECTID":38,"TYPE":4,"SUBTYPE":null,"SCHEDULE":"O7","NAME":"One Tree Hill","VALIDATIONSTATE":3,"VERSIONSTATUS":4,"GlobalID":"5c3b0dca-33b1-4060-b9ac-4868f5e77bba"}},{"type":"Feature","id":39,"geometry":{"type":"Polygon","coordinates":[[[174.781869412135,-36.9015517250297,135],[174.781867358189,-36.9015535044329,135],[174.778642433774,-36.8991516308197,121.604200000002],[174.769583524358,-36.8924033887884,83.9704999999958],[174.768673606542,-36.8917254587235,80.1900000000023],[174.773213219754,-36.8938286833168,96.1533999999956],[174.779724511246,-36.8968448825939,119.048599999995],[174.783738701773,-36.8987040586354,133.162599999996],[174.783879395583,-36.898769216902,133.657300000006],[174.784237469005,-36.898935047345,134.916200000007],[174.784261290032,-36.8989460796926,135],[174.784204941227,-36.8990240029099,135],[174.784147989798,-36.89910164312,135],[174.78409043564,-36.8991789958169,135],[174.784032282052,-36.8992560582464,135],[174.783973531236,-36.8993328285717,135],[174.783914186473,-36.8994093031374,135],[174.783854247699,-36.8994854792396,135],[174.783793719315,-36.8995613532059,135],[174.783783445543,-36.8995740567846,135],[174.783732603522,-36.8996369231998,135],[174.783670901358,-36.8997121855995,135],[174.783608616103,-36.8997871367494,135],[174.783545749957,-36.8998617748129,135],[174.783482305102,-36.8999360970525,135],[174.783418284817,-36.9000100998126,135],[174.783417792847,-36.9000106606192,135],[174.783380753602,-36.9000529116098,135],[174.783368011798,-36.9000674467673,135],[174.783353691303,-36.9000837812565,135],[174.783347801049,-36.9000904115843,135],[174.783288526698,-36.9001571368446,135],[174.783222794326,-36.9002301647235,135],[174.783156495244,-36.9003028621722,135],[174.783089633876,-36.9003752264195,135],[174.78306739878,-36.9003989805031,135],[174.783022211259,-36.9004472538435,135],[174.782954230717,-36.9005189425907,135],[174.782885694429,-36.9005902899235,135],[174.782851722818,-36.9006252047067,135],[174.782816606799,-36.9006612921694,135],[174.782746967783,-36.9007319475255,135],[174.782676781785,-36.9008022523195,135],[174.782628708269,-36.9008497972842,135],[174.782606052107,-36.9008722037967,135],[174.782534779829,-36.9009418001375,135],[174.782462968252,-36.9010110385872,135],[174.782390620658,-36.9010799154903,135],[174.782317740371,-36.9011484289933,135],[174.782244328448,-36.9012165763754,135],[174.782170389293,-36.9012843539642,135],[174.782096590112,-36.9013511586696,135],[174.782095925129,-36.901351760824,135],[174.782043962528,-36.9013982120002,135],[174.782020939237,-36.9014187932993,135],[174.781945433798,-36.9014854486523,135],[174.781872596623,-36.9015489489149,135],[174.781869412135,-36.9015517250297,135]]]},"properties":{"OBJECTID":39,"TYPE":4,"SUBTYPE":null,"SCHEDULE":"O6","NAME":"One Tree Hill","VALIDATIONSTATE":3,"VERSIONSTATUS":4,"GlobalID":"eb33d880-4146-4cac-8ab4-087a50fcc5c5"}},{"type":"Feature","id":40,"geometry":{"type":"Polygon","coordinates":[[[174.78948243746,-36.8987631660566,110.470700000005],[174.835782957719,-36.9173126992873,23.3699999999953],[174.825706354421,-36.9147887154724,41.1367999999929],[174.82347328779,-36.9142292380653,45.0742000000027],[174.787929214926,-36.9053171180369,107.754499999995],[174.784605413153,-36.9044830691609,113.616599999994],[174.784524023221,-36.9044626446894,113.7601],[174.784157805139,-36.9043707418823,114.406000000003],[174.782501044841,-36.9039549583573,117.327999999994],[174.782459641432,-36.9039445672015,117.400999999998],[174.782307655181,-36.9039064231119,117.669099999999],[174.781399971884,-36.9036786158054,119.270000000004],[174.781433546863,-36.9035926323292,119.270000000004],[174.781467331791,-36.9035067033796,119.270000000004],[174.781501327749,-36.9034208271378,119.270000000004],[174.781535533633,-36.9033350045214,119.270000000004],[174.781569950608,-36.9032492373153,119.270000000004],[174.781604577509,-36.9031635237344,119.270000000004],[174.781639414378,-36.9030778655804,119.270000000004],[174.781674461192,-36.9029922619521,119.270000000004],[174.781709717992,-36.9029067146515,119.270000000004],[174.781745183636,-36.9028212227941,119.270000000004],[174.781780860388,-36.9027357872471,119.270000000004],[174.781816744901,-36.902650408962,119.270000000004],[174.781852839399,-36.9025650870039,119.270000000004],[174.78188914278,-36.9024798222903,119.270000000004],[174.781925656186,-36.9023946157054,119.270000000004],[174.781962377351,-36.9023094663816,119.270000000004],[174.781997856598,-36.9022277183895,119.270000000004],[174.781999307418,-36.902224375203,119.270000000004],[174.782036445285,-36.9021393430871,119.270000000004],[174.782073793195,-36.9020543700002,119.270000000004],[174.782111347783,-36.9019694559926,119.270000000004],[174.782130270613,-36.9019269364112,119.270000000004],[174.78214911129,-36.9018846010304,119.270000000004],[174.782171635272,-36.9018343020663,119.270000000004],[174.782187082638,-36.9017998069323,119.270000000004],[174.782225261782,-36.9017150718962,119.270000000004],[174.782263648765,-36.9016303977238,119.270000000004],[174.782302242485,-36.9015457853328,119.270000000004],[174.782341044021,-36.9014612329043,119.270000000004],[174.782380053435,-36.901376743141,119.270000000004],[174.782419269564,-36.9012923142576,119.270000000004],[174.782458691325,-36.9012079480727,119.270000000004],[174.782498320964,-36.9011236445525,119.270000000004],[174.782524041,-36.9010692541679,119.270000000004],[174.782538157357,-36.9010394037137,119.270000000004],[174.782578200503,-36.900955225556,119.270000000004],[174.782618449301,-36.9008711109971,119.270000000004],[174.782628708269,-36.9008497972842,119.270000000004],[174.782658903772,-36.9007870609379,119.270000000004],[174.782699565015,-36.9007030744603,119.270000000004],[174.78274043193,-36.9006191524819,119.270000000004],[174.782781503414,-36.9005352959205,119.270000000004],[174.78282278169,-36.9004515038411,119.270000000004],[174.782864264535,-36.9003677771783,119.270000000004],[174.78290595309,-36.9002841168159,119.270000000004],[174.78291639905,-36.9002632734723,119.270000000004],[174.782947846213,-36.9002005218697,119.270000000004],[174.782989945046,-36.9001169932237,119.270000000004],[174.782993341129,-36.9001102930946,119.270000000004],[174.783005800905,-36.9000857096176,119.270000000004],[174.783014169318,-36.900069199525,119.270000000004],[174.783032247365,-36.9000335318123,119.270000000004],[174.783074755413,-36.8999501376015,119.270000000004],[174.783117466946,-36.8998668106251,119.270000000004],[174.783160383086,-36.8997835508658,119.270000000004],[174.783172357636,-36.8997604492403,119.270000000004],[174.783203502751,-36.8997003601423,119.270000000004],[174.783246827022,-36.8996172366357,119.270000000004],[174.783290354839,-36.8995341830655,119.270000000004],[174.783334085037,-36.8994511976464,119.270000000004],[174.78337801988,-36.8993682812454,119.270000000004],[174.783422157167,-36.8992854356982,119.270000000004],[174.783466497976,-36.8992026591856,119.270000000004],[174.783511041206,-36.8991199526252,119.270000000004],[174.783555786898,-36.899037317819,119.270000000004],[174.783600735011,-36.8989547529646,119.270000000004],[174.783645886707,-36.898872259847,119.270000000004],[174.78369123862,-36.8987898385166,119.270000000004],[174.783736794094,-36.8987074880215,119.270000000004],[174.783738701773,-36.8987040586354,119.270000000004],[174.783782550948,-36.8986252110984,119.270000000004],[174.783828509139,-36.898543005945,119.270000000004],[174.783874668688,-36.898460873462,119.270000000004],[174.783921029615,-36.8983788145502,119.270000000004],[174.783967590799,-36.8982968292264,119.270000000004],[174.784014353359,-36.8982149174734,119.270000000004],[174.784061317296,-36.8981330792911,119.270000000004],[174.78408276519,-36.8980958970358,119.270000000004],[174.784108480386,-36.8980513156138,119.270000000004],[174.784155844894,-36.8979696273087,119.270000000004],[174.784203408554,-36.8978880135083,119.270000000004],[174.784251172529,-36.8978064759975,119.270000000004],[174.784299136778,-36.8977250129741,119.270000000004],[174.78434730022,-36.8976436262567,119.270000000004],[174.784395662874,-36.8975623167461,119.270000000004],[174.7844442247,-36.8974810826401,119.270000000004],[174.784492985758,-36.8973999266415,119.270000000004],[174.784541944886,-36.8973188469648,119.270000000004],[174.784591104367,-36.8972378453783,119.270000000004],[174.784640460837,-36.8971569219321,119.270000000004],[174.784690016538,-36.8970760765924,119.270000000004],[174.784739769225,-36.8969953093926,119.270000000004],[174.784789720042,-36.8969146212167,119.270000000004],[174.78480615379,-36.8968881625502,119.270000000004],[174.78948243746,-36.8987631660566,110.470700000005]]]},"properties":{"OBJECTID":40,"TYPE":4,"SUBTYPE":null,"SCHEDULE":"O4","NAME":"One Tree Hill","VALIDATIONSTATE":3,"VERSIONSTATUS":4,"GlobalID":"599dc05b-78d9-440c-949d-cda7e0db92c0"}},{"type":"Feature","id":41,"geometry":{"type":"Polygon","coordinates":[[[174.826369337647,-36.9150432367809,23.4952000000048],[174.826412694573,-36.9150598808868,23.3999999999942],[174.826359762632,-36.9150449234993,23.5111999999936],[174.826306829589,-36.9150299661048,23.6223000000027],[174.826253897687,-36.9150150086689,23.7335000000021],[174.826200965827,-36.9150000521098,23.8447000000015],[174.826148033966,-36.9149850946255,23.9559000000008],[174.826095101002,-36.9149701371343,24.0669999999955],[174.82604216918,-36.9149551796016,24.1781999999948],[174.825989237377,-36.9149402220447,24.2893999999942],[174.825936304473,-36.9149252644808,24.4005999999936],[174.825883372732,-36.9149103077765,24.5117000000027],[174.825830440989,-36.914895350147,24.6229000000021],[174.825777509266,-36.9148803924933,24.7341000000015],[174.82572457644,-36.9148654348327,24.8453000000009],[174.825671644757,-36.9148504771305,24.9563999999955],[174.825618713093,-36.9148355194042,25.0675999999949],[174.825565780328,-36.914820561671,25.1787999999942],[174.825512848725,-36.9148056047972,25.2899999999936],[174.825459917121,-36.9147906469983,25.4011000000028],[174.825406984414,-36.9147756891925,25.5123000000021],[174.82535405285,-36.9147607313452,25.6235000000015],[174.825301121305,-36.9147457734736,25.7345999999961],[174.82524818978,-36.9147308155779,25.8457999999955],[174.825195257174,-36.9147158585763,25.9569999999949],[174.825142325689,-36.9147009006321,26.0681999999942],[174.825089394224,-36.9146859426638,26.1793000000034],[174.825036461656,-36.9146709846886,26.2905000000028],[174.82498353023,-36.9146560266718,26.4017000000022],[174.824930598824,-36.9146410686309,26.5129000000015],[174.824877667459,-36.9146261114668,26.6239999999962],[174.824824734971,-36.9146111533947,26.7351999999955],[174.824771803624,-36.9145961952812,26.8463999999949],[174.824718872297,-36.9145812371435,26.9575999999943],[174.824665939868,-36.9145662789988,27.0687000000034],[174.824613008581,-36.9145513208127,27.1799000000028],[174.824560077313,-36.9145363626024,27.2911000000022],[174.824507146087,-36.9145214052689,27.4021999999968],[174.824454213737,-36.9145064470274,27.5133999999962],[174.824401282529,-36.9144914887445,27.6245999999956],[174.824348351341,-36.9144765304374,27.7357999999949],[174.824295419051,-36.9144615721233,27.8469000000041],[174.824242487902,-36.9144466137678,27.9581000000035],[174.824189556795,-36.9144316562891,28.0693000000028],[174.824136625686,-36.9144166978851,28.1805000000022],[174.824083693475,-36.9144017394743,28.2915999999968],[174.824030762406,-36.914386781022,28.4027999999962],[174.823977831356,-36.9143718225454,28.5139999999956],[174.823924899204,-36.914356864062,28.6251999999949],[174.823871968195,-36.914341905537,28.7363000000041],[174.823819037226,-36.9143269478889,28.8475000000035],[174.823766105134,-36.9143119893328,28.9587000000029],[174.823713174183,-36.9142970307353,29.0699000000022],[174.823660243253,-36.9142820721136,29.1809999999969],[174.823607312342,-36.9142671134677,29.2921999999962],[174.823554380329,-36.9142521548148,29.4033999999956],[174.823501449479,-36.9142371970215,29.5145000000048],[174.82347328779,-36.9142292380653,29.5736999999936],[174.823448518628,-36.914222238303,29.6257000000041],[174.823395586674,-36.9142072795776,29.7369000000035],[174.823342655862,-36.9141923208106,29.8481000000029],[174.82328972507,-36.9141773620196,29.9591999999975],[174.823236794298,-36.9141624032042,30.0703999999969],[174.823183862424,-36.914147444382,30.1815999999963],[174.823130931713,-36.9141324864193,30.2927999999956],[174.823078001,-36.9141175275314,30.4039000000048],[174.823025069185,-36.9141025686365,30.5151000000042],[174.822972138512,-36.9140876097002,30.6263000000035],[174.822919207859,-36.9140726507397,30.7375000000029],[174.822866277225,-36.914057691755,30.8485999999975],[174.822813345511,-36.9140427336643,30.9597999999969],[174.822760414917,-36.9140277746313,31.0709999999963],[174.822707484343,-36.9140128155739,31.1821999999956],[174.822654552667,-36.9139978565097,31.2933000000048],[174.822601622132,-36.913982897404,31.4045000000042],[174.822548691618,-36.9139679382741,31.5157000000036],[174.822495761123,-36.91395297912,31.6267999999982],[174.822442829548,-36.91393802086,31.7379999999976],[174.822389899092,-36.9139230616575,31.8491999999969],[174.822336968657,-36.9139081024308,31.9603999999963],[174.82228403712,-36.9138931431971,32.0715000000055],[174.822231106724,-36.9138781839221,32.1827000000048],[174.822178176348,-36.9138632246228,32.2939000000042],[174.822125244891,-36.9138482662175,32.4051000000036],[174.822072314555,-36.9138333068698,32.5161999999982],[174.822019384238,-36.913818347498,32.6273999999976],[174.821966453942,-36.9138033881019,32.7385999999969],[174.821913522543,-36.9137884286989,32.8497999999963],[174.821860592286,-36.9137734692544,32.9609000000055],[174.82180766207,-36.9137585106867,33.0721000000049],[174.821754730731,-36.9137435512111,33.1833000000042],[174.821701800533,-36.913728591694,33.2943999999989],[174.821648870355,-36.9137136321528,33.4055999999982],[174.821595940197,-36.9136986725873,33.5167999999976],[174.821543008937,-36.9136837130149,33.627999999997],[174.821490078819,-36.913668753401,33.7391000000061],[174.821437148742,-36.913653794664,33.8503000000055],[174.821384217541,-36.913638835019,33.9615000000049],[174.821331287482,-36.9136238753325,34.0727000000043],[174.821278357443,-36.9136089156219,34.1837999999989],[174.821225427424,-36.913593955887,34.2949999999983],[174.821172496302,-36.9135789961452,34.4061999999976],[174.821119566344,-36.913564037263,34.517399999997],[174.821066636384,-36.9135490774555,34.6285000000062],[174.821013705322,-36.9135341176411,34.7397000000055],[174.820960775402,-36.9135191577853,34.8509000000049],[174.820907845501,-36.9135041979053,34.9621000000043],[174.820854915621,-36.913489238001,35.0731999999989],[174.820801984638,-36.9134742780898,35.1843999999983],[174.820749054819,-36.9134593190382,35.2955999999976],[174.820696124997,-36.9134443590614,35.4067000000068],[174.820643194074,-36.9134293990776,35.5179000000062],[174.820590264292,-36.9134144390524,35.6291000000056],[174.820537334531,-36.913399479003,35.7403000000049],[174.820484403667,-36.9133845189466,35.8513999999996],[174.820431473966,-36.9133695597498,35.9625999999989],[174.820378544264,-36.9133545996278,36.0737999999983],[174.820325614582,-36.9133396394816,36.1849999999977],[174.820272683797,-36.9133246793284,36.2961000000068],[174.820219754154,-36.9133097191338,36.4073000000062],[174.820166824531,-36.9132947589151,36.5185000000056],[174.820113893806,-36.9132797986893,36.629700000005],[174.820060964244,-36.9132648393231,36.7407999999996],[174.82000803468,-36.9132498790317,36.851999999999],[174.819955105136,-36.9132349187162,36.9631999999983],[174.81990217449,-36.9132199583936,37.0743999999977],[174.819849244986,-36.9132049980296,37.1855000000069],[174.819796315502,-36.9131900376415,37.2967000000062],[174.819743384937,-36.9131750781473,37.4079000000056],[174.819690455492,-36.9131601177108,37.5190000000002],[174.819637526067,-36.91314515725,37.6301999999996],[174.819584596662,-36.9131301967651,37.741399999999],[174.819531666155,-36.9131152362731,37.8525999999983],[174.81947873679,-36.9131002757398,37.963699999993],[174.819425807465,-36.9130853160832,38.0749000000069],[174.819372877018,-36.9130703555187,38.1861000000063],[174.819319947712,-36.9130553949128,38.2973000000056],[174.819267018425,-36.9130404342827,38.4084000000003],[174.819214089159,-36.9130254736283,38.5195999999996],[174.819161158791,-36.913010512967,38.630799999999],[174.819108229564,-36.9129955522643,38.7419999999984],[174.819055300378,-36.9129805924384,38.853099999993],[174.819002370069,-36.9129656317045,38.9643000000069],[174.818949440902,-36.9129506709292,39.0755000000063],[174.818896511754,-36.9129357101297,39.1867000000057],[174.818843581505,-36.9129207493232,39.2978000000003],[174.818790652397,-36.9129057884753,39.4089999999997],[174.81873772333,-36.9128908285042,39.520199999999],[174.818684794262,-36.9128758676079,39.6312999999936],[174.818631864092,-36.9128609067046,39.742499999993],[174.818578935063,-36.91284594576,39.8537000000069],[174.818526006054,-36.9128309847911,39.9649000000063],[174.818473075943,-36.9128160238152,40.0760000000009],[174.818420146974,-36.912801062798,40.1872000000003],[174.818367218046,-36.9127861026575,40.2983999999997],[174.818314289117,-36.9127711415919,40.409599999999],[174.818261359085,-36.9127561805192,40.5206999999937],[174.818208430195,-36.9127412194052,40.631899999993],[174.818155501325,-36.9127262582669,40.743100000007],[174.818102571353,-36.9127112971217,40.8543000000063],[174.818049642544,-36.9126963368361,40.965400000001],[174.817996713733,-36.9126813756253,41.0766000000003],[174.817943784942,-36.9126664143902,41.1877999999997],[174.817890855049,-36.9126514531482,41.2988999999943],[174.817837926298,-36.9126364918648,41.4100999999937],[174.817784997567,-36.9126215305572,41.5212999999931],[174.817732067733,-36.9126065692426,41.632500000007],[174.817679139063,-36.9125916087876,41.7436000000016],[174.817626210391,-36.9125766474074,41.854800000001],[174.817573281739,-36.912561686003,41.9660000000003],[174.817520351985,-36.9125467245916,42.0771999999997],[174.817467423372,-36.9125317631388,42.1882999999943],[174.81741449478,-36.9125168016619,42.2994999999937],[174.817361565106,-36.9125018410789,42.4106999999931],[174.817308636553,-36.9124868795535,42.521900000007],[174.81725570802,-36.912471918004,42.6330000000016],[174.817202778384,-36.9124569564474,42.744200000001],[174.817149849891,-36.9124419948494,42.8554000000004],[174.817096921417,-36.9124270332273,42.9665999999997],[174.817043992985,-36.912412072482,43.0776999999944],[174.816991063428,-36.9123971108286,43.1888999999937],[174.816938135014,-36.9123821491339,43.3000999999931],[174.81688520662,-36.912367187415,43.4112000000023],[174.816832277123,-36.9123522256891,43.5224000000017],[174.816779348768,-36.9123372639218,43.633600000001],[174.816726420433,-36.9123223021303,43.7448000000004],[174.816673492139,-36.9123073412156,43.855899999995],[174.816620562722,-36.9122923793929,43.9670999999944],[174.816567634446,-36.9122774175288,44.0782999999938],[174.81651470619,-36.9122624556405,44.1894999999931],[174.816461776832,-36.9122474937452,44.3006000000023],[174.816408848616,-36.9122325318085,44.4118000000017],[174.816355920441,-36.9122175707487,44.523000000001],[174.816302992265,-36.9122026087636,44.6342000000004],[174.816250062986,-36.9121876467715,44.745299999995],[174.816197134849,-36.9121726847381,44.8564999999944],[174.816144206732,-36.9121577226805,44.9676999999938],[174.816091277513,-36.9121427606158,45.0788999999932],[174.816038349436,-36.9121277985098,45.1900000000023],[174.815985421399,-36.9121128372806,45.3012000000017],[174.815932493362,-36.9120978751262,45.4124000000011],[174.815879564222,-36.9120829129647,45.5234999999957],[174.815826636223,-36.9120679507619,45.6346999999951],[174.815773708245,-36.9120529885349,45.7458999999944],[174.815720779165,-36.9120380263009,45.8570999999938],[174.815667851247,-36.9120230649265,45.968200000003],[174.815614923328,-36.9120081026269,46.0794000000024],[174.815561994307,-36.9119931403204,46.1906000000017],[174.815509066428,-36.9119781779724,46.3018000000011],[174.815456138569,-36.9119632156002,46.4128999999957],[174.815403210729,-36.9119482532039,46.5240999999951],[174.815350281787,-36.9119332908005,46.6352999999945],[174.815297354009,-36.9119183292568,46.7464999999938],[174.815244426228,-36.9119033667878,46.857600000003],[174.815191497346,-36.9118884043119,46.9688000000024],[174.815138569605,-36.9118734417946,47.0800000000017],[174.815085641885,-36.9118584792531,47.1910999999964],[174.815032714184,-36.9118435166874,47.3022999999957],[174.814979785402,-36.9118285550156,47.4134999999951],[174.814926857741,-36.9118135924016,47.5246999999945],[174.814873930099,-36.9117986297633,47.6358000000037],[174.814821001356,-36.911783667118,47.747000000003],[174.814768073754,-36.9117687044313,47.8582000000024],[174.814715146172,-36.9117537417204,47.9694000000018],[174.81466221861,-36.9117387789854,48.0804999999964],[174.814609289967,-36.9117238171443,48.1916999999958],[174.814556362444,-36.9117088543609,48.3028999999951],[174.814503434942,-36.9116938915532,48.4140999999945],[174.814450506337,-36.9116789287385,48.5252000000037],[174.814397578874,-36.9116639658825,48.6364000000031],[174.81434465143,-36.9116490030023,48.7476000000024],[174.814291724028,-36.9116340409989,48.8588000000018],[174.814238795503,-36.9116190780875,48.9698999999964],[174.814185868119,-36.9116041151347,49.0810999999958],[174.814132940755,-36.9115891521577,49.1922999999952],[174.814080012289,-36.9115741891737,49.3034000000043],[174.814027084964,-36.9115592261483,49.4146000000037],[174.813974157681,-36.9115442639998,49.5258000000031],[174.813921229274,-36.9115293009432,49.6370000000024],[174.813868302009,-36.9115143378452,49.7480999999971],[174.813815374764,-36.9114993747231,49.8592999999964],[174.813762447539,-36.9114844115768,49.9704999999958],[174.813709519212,-36.9114694484234,50.0816999999952],[174.813656592026,-36.9114544852287,50.1928000000044],[174.813603664882,-36.9114395229108,50.3040000000037],[174.813550736614,-36.9114245596848,50.4152000000031],[174.813497809487,-36.9114095964175,50.5264000000025],[174.813444882381,-36.9113946331261,50.6374999999971],[174.813391955295,-36.9113796698104,50.7486999999965],[174.813339027106,-36.9113647064877,50.8598999999958],[174.81328610008,-36.9113497440246,50.9710999999952],[174.813233173053,-36.9113347806364,51.0822000000044],[174.813180244924,-36.9113198172411,51.1934000000037],[174.813127317937,-36.9113048538044,51.3046000000031],[174.813074390969,-36.9112898903436,51.4156999999977],[174.813021464021,-36.9112749268586,51.5268999999971],[174.812968535971,-36.9112599633665,51.6380999999965],[174.812915609084,-36.9112450007341,51.7492999999959],[174.812862682196,-36.9112300371765,51.860400000005],[174.812809754205,-36.9112150736119,51.9716000000044],[174.812756827357,-36.9112001100059,52.0828000000038],[174.812703900528,-36.9111851463758,52.1940000000031],[174.812650973719,-36.9111701827214,52.3050999999978],[174.812598045829,-36.911155219961,52.4162999999971],[174.812545119059,-36.9111402562582,52.5274999999965],[174.81249219231,-36.9111252925313,52.6386999999959],[174.812439264458,-36.9111103287973,52.7498000000051],[174.812386337748,-36.911095365022,52.8610000000044],[174.812333411058,-36.9110804012225,52.9722000000038],[174.812280484388,-36.9110654373988,53.0832999999984],[174.812227556636,-36.911050474469,53.1944999999978],[174.812174630006,-36.911035510597,53.3056999999972],[174.812121703395,-36.9110205467007,53.4168999999965],[174.812068775682,-36.9110055827974,53.5280000000057],[174.812015849111,-36.9109906188527,53.6392000000051],[174.811962922559,-36.9109756548839,53.7504000000044],[174.811909994927,-36.910960691809,53.8616000000038],[174.811857068415,-36.9109457277917,53.9726999999984],[174.811804141923,-36.9109307637503,54.0838999999978],[174.811751215451,-36.9109157996847,54.1950999999972],[174.811698287877,-36.910900835612,54.3062999999966],[174.811645361444,-36.9108858714981,54.4174000000057],[174.811592435053,-36.9108709082609,54.5286000000051],[174.811539507538,-36.9108559441156,54.6398000000045],[174.811486581165,-36.9108409799291,54.7510000000038],[174.811433654812,-36.9108260157183,54.8620999999985],[174.811380728479,-36.9108110514834,54.9732999999978],[174.811327801043,-36.9107960872414,55.0844999999972],[174.811274874749,-36.910781122958,55.1956000000064],[174.811221948497,-36.9107661595515,55.3068000000058],[174.81116902112,-36.9107511952369,55.4180000000051],[174.811116094886,-36.9107362308811,55.5292000000045],[174.811063168672,-36.910721266501,55.6402999999991],[174.811010242477,-36.9107063020967,55.7514999999985],[174.81095731518,-36.9106913376853,55.8626999999979],[174.810904389047,-36.9106763741337,55.9738999999972],[174.810851462911,-36.9106614096569,56.0850000000064],[174.810798535674,-36.9106464451729,56.1962000000058],[174.810745609579,-36.9106314806477,56.3074000000051],[174.810692683503,-36.9106165160983,56.4186000000045],[174.810639757447,-36.9106015515247,56.5296999999991],[174.810586830289,-36.910586586944,56.6408999999985],[174.810533904294,-36.910571623223,56.7520999999979],[174.810480978297,-36.9105566585768,56.8632999999973],[174.810428051199,-36.9105416939236,56.9744000000064],[174.810375125242,-36.910526729229,57.0856000000058],[174.810322199305,-36.9105117645103,57.1968000000052],[174.810269272266,-36.9104967997844,57.3078999999998],[174.81021634639,-36.9104818359183,57.4190999999992],[174.810163420512,-36.910466871127,57.5302999999985],[174.810110494655,-36.9104519063115,57.6414999999979],[174.810057567695,-36.9104369414889,57.7526000000071],[174.810004641877,-36.910421976625,57.8638000000064],[174.809951716079,-36.9104070117369,57.9750000000058],[174.809898789178,-36.9103920468418,58.0862000000052],[174.809845863441,-36.9103770828063,58.1972999999998],[174.809792937702,-36.9103621178457,58.3084999999992],[174.809740011983,-36.9103471528609,58.4196999999986],[174.809687085162,-36.9103321878689,58.5308999999979],[174.809634159483,-36.9103172228357,58.6420000000071],[174.809581233823,-36.9103022577783,58.7532000000065],[174.809528307083,-36.9102872936148,58.8644000000058],[174.809475381463,-36.9102723285091,58.9755000000005],[174.809422455863,-36.9102573633791,59.0866999999998],[174.809369530283,-36.9102423982249,59.1978999999992],[174.809316603601,-36.9102274330637,59.3090999999986],[174.80926367806,-36.9102124678612,59.4201999999932],[174.809210752561,-36.9101975035354,59.5314000000071],[174.809157825938,-36.9101825383016,59.6426000000065],[174.809104900457,-36.9101675730265,59.7538000000059],[174.809051974995,-36.9101526077272,59.8649000000005],[174.808999049554,-36.9101376424037,59.9760999999999],[174.80894612301,-36.9101226770732,60.0872999999992],[174.808893197609,-36.9101077117013,60.1984999999986],[174.808840272248,-36.9100927472062,60.3095999999932],[174.808787345764,-36.9100777818031,60.4208000000071],[174.808734420421,-36.9100628163587,60.5320000000065],[174.808681495099,-36.9100478508901,60.6432000000059],[174.808628568674,-36.9100328854143,60.7543000000005],[174.808575643391,-36.9100179198974,60.8654999999999],[174.80852271815,-36.9100029552572,60.9766999999993],[174.808469792906,-36.9099879896918,61.0877999999939],[174.808416866561,-36.9099730241193,61.1989999999932],[174.808363941358,-36.9099580585056,61.3102000000072],[174.808311016174,-36.9099430928677,61.4214000000065],[174.808258089888,-36.9099281272226,61.5325000000012],[174.808205164744,-36.9099131615363,61.6437000000005],[174.808152239641,-36.9098981967268,61.7548999999999],[174.808099314536,-36.9098832309921,61.8660999999993],[174.80804638833,-36.9098682652504,61.9771999999939],[174.807993463265,-36.9098532994673,62.0883999999933],[174.80794053822,-36.90983833366,62.1996000000072],[174.807887612073,-36.9098233678457,62.3108000000066],[174.807834687089,-36.909808402891,62.4219000000012],[174.807781762103,-36.9097934370112,62.5331000000006],[174.807728837138,-36.9097784711072,62.6442999999999],[174.80767591107,-36.9097635051961,62.7554999999993],[174.807622986144,-36.9097485392437,62.8665999999939],[174.807570061237,-36.9097335732671,62.9777999999933],[174.807517135229,-36.9097186072835,63.0890000000072],[174.807464210384,-36.9097036421595,63.2001000000018],[174.807411285537,-36.9096886761104,63.3113000000012],[174.80735836071,-36.9096737100371,63.4225000000006],[174.807305434781,-36.9096587439567,63.5337],[174.807252509994,-36.909643777835,63.6447999999946],[174.807199585226,-36.9096288116891,63.7559999999939],[174.807146659378,-36.9096138464371,63.8671999999933],[174.80709373465,-36.9095988802428,63.9784000000072],[174.807040809942,-36.9095839140244,64.0895000000019],[174.806987884132,-36.9095689477988,64.2007000000012],[174.806934959464,-36.909553981532,64.3119000000006],[174.806882034815,-36.909539015241,64.4231],[174.806829110186,-36.9095240489258,64.5341999999946],[174.806776184477,-36.9095090835045,64.645399999994],[174.806723259888,-36.9094941171409,64.7565999999933],[174.806670335319,-36.9094791507531,64.8677000000025],[174.806617409647,-36.9094641843583,64.9789000000019],[174.806564485118,-36.9094492179221,65.0901000000013],[174.806511560608,-36.9094342514618,65.2013000000006],[174.806458636139,-36.9094192858783,65.3123999999953],[174.806405710547,-36.9094043193867,65.4235999999946],[174.806352786097,-36.9093893528538,65.534799999994],[174.806299861666,-36.9093743862967,65.6459999999934],[174.806246936134,-36.9093594197326,65.7571000000025],[174.806194011743,-36.9093444531271,65.8683000000019],[174.806141087393,-36.9093294873985,65.9795000000013],[174.806088163042,-36.9093145207447,66.0907000000007],[174.806035237589,-36.9092995540838,66.2017999999953],[174.805982313277,-36.9092845873815,66.3129999999946],[174.805929388986,-36.9092696206552,66.424199999994],[174.805876463592,-36.9092546539216,66.5353999999934],[174.80582353934,-36.9092396871469,66.6465000000026],[174.805770615129,-36.909224721249,66.7577000000019],[174.805717690916,-36.9092097544259,66.8689000000013],[174.805664765602,-36.9091947875956,66.9799999999959],[174.805611841429,-36.9091798207241,67.0911999999953],[174.805558917276,-36.9091648538284,67.2023999999947],[174.805505992021,-36.9091498869256,67.313599999994],[174.805453067929,-36.9091349208826,67.4247000000032],[174.805400143836,-36.9091199539144,67.5359000000026],[174.80534721864,-36.909104986939,67.647100000002],[174.805294294586,-36.9090900199223,67.7583000000013],[174.805241370552,-36.9090750528815,67.8693999999959],[174.805188446538,-36.9090600858165,67.9805999999953],[174.805135521422,-36.9090451187444,68.0917999999947],[174.805082597469,-36.9090301525321,68.2029999999941],[174.805029673514,-36.9090151853945,68.3141000000032],[174.804976748457,-36.9090002182499,68.4253000000026],[174.804923824542,-36.9089852510639,68.536500000002],[174.804870900647,-36.9089702838538,68.6477000000014],[174.804817976772,-36.9089553166195,68.758799999996],[174.804765051815,-36.9089403502791,68.8699999999953],[174.80471212798,-36.9089253829964,68.9811999999947],[174.804659204164,-36.9089104156896,69.0923000000039],[174.804606279246,-36.9088954483756,69.2035000000033],[174.80455335547,-36.9088804810204,69.3147000000026],[174.804500431713,-36.908865513641,69.425900000002],[174.804447507977,-36.9088505462374,69.5369999999966],[174.804394583159,-36.9088355797277,69.648199999996],[174.804341659462,-36.9088206122757,69.7593999999954],[174.804288735785,-36.9088056447996,69.8705999999947],[174.804235811006,-36.9087906773163,69.9817000000039],[174.804182887368,-36.9087757097918,70.0929000000033],[174.804129963751,-36.908760742243,70.2041000000027],[174.804077040174,-36.9087457755712,70.315300000002],[174.804024115474,-36.9087308079911,70.4263999999966],[174.803971191916,-36.9087158403699,70.537599999996],[174.803918268378,-36.9087008727244,70.6487999999954],[174.803865343737,-36.9086859050718,70.7599999999948],[174.803812420239,-36.908670937378,70.8711000000039],[174.803759496781,-36.908655970561,70.9823000000033],[174.8037065722,-36.9086410028359,71.0935000000027],[174.803653648761,-36.9086260350695,71.2045999999973],[174.803600725341,-36.9086110672789,71.3157999999967],[174.803547801942,-36.9085960994642,71.426999999996],[174.80349487744,-36.9085811316423,71.5381999999954],[174.80344195408,-36.9085661637792,71.6493000000046],[174.803389030761,-36.9085511967929,71.760500000004],[174.803336106319,-36.9085362288984,71.8717000000033],[174.803283183019,-36.9085212609628,71.9829000000027],[174.803230259738,-36.9085062930029,72.0939999999973],[174.803177336477,-36.9084913250189,72.2051999999967],[174.803124412115,-36.9084763570277,72.3163999999961],[174.803071488915,-36.9084613898963,72.4275999999954],[174.803018565713,-36.9084464218397,72.5387000000046],[174.80296564141,-36.908431453776,72.649900000004],[174.802912718248,-36.908416485671,72.7611000000034],[174.802859795107,-36.9084015175418,72.872199999998],[174.802806871985,-36.9083865493885,72.9833999999973],[174.80275394776,-36.908371581228,73.0945999999967],[174.802701024699,-36.9083566139274,73.2057999999961],[174.802648101637,-36.9083416457015,73.3169000000053],[174.802595177472,-36.9083266774684,73.4281000000046],[174.802542254449,-36.9083117091942,73.539300000004],[174.802489331446,-36.9082967408957,73.6505000000034],[174.802436408463,-36.9082817725731,73.761599999998],[174.802383484399,-36.9082668051443,73.8727999999974],[174.802330561456,-36.9082518367733,73.9839999999967],[174.802277638532,-36.9082368683782,74.0951999999961],[174.802224714506,-36.9082218999758,74.2063000000053],[174.802171791622,-36.9082069315323,74.3175000000047],[174.802118868758,-36.9081919630646,74.428700000004],[174.802065944791,-36.9081769945897,74.5399000000034],[174.802013021988,-36.9081620269746,74.650999999998],[174.801960099183,-36.9081470584343,74.7621999999974],[174.801907176398,-36.9081320898698,74.8733999999968],[174.801854252511,-36.9081171212982,74.9845000000059],[174.801801329766,-36.9081021526854,75.0957000000053],[174.801748407041,-36.9080871840484,75.2069000000047],[174.801695483234,-36.9080722163052,75.3181000000041],[174.801642560549,-36.9080572476198,75.4291999999987],[174.801589637883,-36.9080422789102,75.540399999998],[174.801536715236,-36.9080273101765,75.6515999999974],[174.801483791488,-36.9080123414356,75.7627999999968],[174.801430868882,-36.9079973726535,75.873900000006],[174.801377946316,-36.9079824047482,75.9851000000053],[174.801325022628,-36.9079674359347,76.0963000000047],[174.801272100081,-36.90795246708,76.2075000000041],[174.801219177553,-36.9079374982012,76.3185999999987],[174.801166255046,-36.9079225292981,76.4297999999981],[174.801113331437,-36.9079075603879,76.5409999999974],[174.801060408969,-36.9078925914365,76.6521999999968],[174.801007486542,-36.907877623362,76.763300000006],[174.800954562992,-36.9078626543792,76.8745000000054],[174.800901640584,-36.9078476853552,76.9857000000047],[174.800848718196,-36.9078327163071,77.0967999999993],[174.800795795827,-36.9078177472348,77.2079999999987],[174.800742872357,-36.9078027781553,77.3191999999981],[174.800689950049,-36.9077878099356,77.4303999999975],[174.80063702774,-36.9077728407908,77.5415000000066],[174.800584104329,-36.9077578716387,77.652700000006],[174.800531182059,-36.9077429024455,77.7639000000054],[174.80047825981,-36.9077279332281,77.8751000000047],[174.800425336458,-36.9077129640035,77.9861999999994],[174.800372414248,-36.9076979947377,78.0973999999987],[174.800319492079,-36.9076830263487,78.2085999999981],[174.800266569909,-36.9076680570346,78.3197999999975],[174.800213646637,-36.9076530877133,78.4309000000067],[174.800160724506,-36.9076381183508,78.542100000006],[174.800107802395,-36.9076231489641,78.6533000000054],[174.800054879182,-36.9076081795702,78.7644],[174.800001957133,-36.9075932110361,78.8755999999994],[174.799949035081,-36.9075782415769,78.9867999999988],[174.79989611305,-36.9075632720935,79.0979999999981],[174.799843189916,-36.9075483026028,79.2090999999928],[174.799790267924,-36.9075333330711,79.3203000000067],[174.799737345953,-36.9075183635151,79.4315000000061],[174.799684422878,-36.9075033939519,79.5427000000054],[174.799631500967,-36.9074884252486,79.6538],[174.799578579055,-36.9074734556201,79.7649999999994],[174.799525657162,-36.9074584859674,79.8761999999988],[174.799472734167,-36.9074435163075,79.9873999999982],[174.799419812315,-36.9074285466064,80.0984999999928],[174.799366890481,-36.9074135768812,80.2097000000067],[174.799313967567,-36.9073986080498,80.3209000000061],[174.799261045774,-36.9073836382761,80.4321000000054],[174.799208124,-36.9073686684783,80.5432000000001],[174.799155202246,-36.9073536986564,80.6543999999994],[174.79910227939,-36.9073387288272,80.7655999999988],[174.799049357676,-36.9073237589569,80.8766999999934],[174.798996435982,-36.9073087890623,80.9878999999928],[174.798943513207,-36.9072938200616,81.0991000000067],[174.798890591552,-36.9072788501187,81.2103000000061],[174.798837669917,-36.9072638801517,81.3214000000007],[174.79878474718,-36.9072489101774,81.4326000000001],[174.798731825585,-36.907233940162,81.5437999999995],[174.798678904009,-36.9072189701224,81.6549999999988],[174.798625982475,-36.9072040009596,81.7660999999935],[174.798573059817,-36.9071890308886,81.8772999999928],[174.798520138302,-36.9071740607764,81.9885000000068],[174.798467216806,-36.9071590906401,82.0997000000061],[174.798414294207,-36.9071441204966,82.2108000000007],[174.798361372751,-36.9071291503119,82.3220000000001],[174.798308451336,-36.907114181004,82.4331999999995],[174.798255529919,-36.9070992107709,82.5443999999989],[174.7982026074,-36.9070842405306,82.6554999999935],[174.798149686023,-36.9070692702492,82.7666999999929],[174.798096764666,-36.9070542999436,82.8779000000068],[174.798043842206,-36.9070393296308,82.9890000000014],[174.797990920889,-36.9070243592768,83.1002000000008],[174.797937999612,-36.9070093897997,83.2114000000001],[174.797885078334,-36.9069944193973,83.3225999999995],[174.797832155954,-36.9069794489878,83.4336999999941],[174.797779234716,-36.9069644785371,83.5448999999935],[174.797726313498,-36.9069495080622,83.6560999999929],[174.797673391177,-36.9069345375802,83.7673000000068],[174.797620470019,-36.9069195679579,83.8784000000014],[174.797567548861,-36.9069045974105,83.9896000000008],[174.797514627721,-36.9068896268389,84.1008000000002],[174.79746170548,-36.9068746562601,84.2119999999995],[174.797408784381,-36.9068596856401,84.3230999999942],[174.797355863301,-36.906844714996,84.4342999999935],[174.797302941119,-36.9068297443446,84.5454999999929],[174.797250020101,-36.9068147745532,84.6566000000021],[174.797197099081,-36.9067998038365,84.7678000000014],[174.797144176958,-36.9067848331126,84.8790000000008],[174.797091255978,-36.9067698623475,84.9902000000002],[174.797038335017,-36.9067548915583,85.1012999999948],[174.796985414076,-36.9067399207449,85.2124999999942],[174.796932492055,-36.9067249508253,85.3236999999936],[174.796879571154,-36.9067099799635,85.4348999999929],[174.796826650272,-36.9066950090776,85.5460000000021],[174.796773728289,-36.9066800381844,85.6572000000015],[174.796720807447,-36.9066650672501,85.7684000000008],[174.796667886625,-36.9066500962916,85.8796000000002],[174.796614965824,-36.9066351253089,85.9906999999948],[174.796562043941,-36.9066201552201,86.1018999999942],[174.796509123178,-36.906605184189,86.2130999999936],[174.796456202436,-36.9065902131338,86.3242999999929],[174.796403280591,-36.9065752420714,86.4354000000021],[174.796350359888,-36.9065602709678,86.5466000000015],[174.796297439205,-36.9065452998401,86.6578000000009],[174.796244518563,-36.9065303295892,86.7688999999955],[174.796191596798,-36.90651535843,86.8800999999949],[174.796138676175,-36.9065003872297,86.9912999999942],[174.796085755571,-36.9064854160052,87.1024999999936],[174.796032833865,-36.9064704447736,87.2136000000028],[174.795979913301,-36.9064554735007,87.3248000000021],[174.795926992778,-36.9064405031047,87.4360000000015],[174.795874072254,-36.9064255317835,87.5472000000009],[174.795821150627,-36.9064105604552,87.6582999999955],[174.795768230143,-36.9063955890856,87.7694999999949],[174.795715309678,-36.9063806176919,87.8806999999942],[174.795662388111,-36.9063656462909,87.9918999999936],[174.795609467686,-36.9063506748488,88.1030000000028],[174.795556547302,-36.9063357042836,88.2142000000022],[174.795503625794,-36.9063207328101,88.3254000000015],[174.795450705429,-36.9063057612954,88.4366000000009],[174.795397785083,-36.9062907897567,88.5476999999955],[174.795344864757,-36.9062758181937,88.6588999999949],[174.795291943329,-36.9062608466235,88.7700999999943],[174.795239023063,-36.9062458759131,88.8812000000034],[174.795186102797,-36.9062309042776,88.9924000000028],[174.795133181428,-36.9062159326349,89.1036000000022],[174.795080261201,-36.906200960951,89.2148000000016],[174.795027340994,-36.9061859892429,89.3258999999962],[174.794974420807,-36.9061710175107,89.4370999999956],[174.794921499518,-36.9061560457712,89.5482999999949],[174.794868579392,-36.9061410748916,89.6594999999943],[174.794815659264,-36.9061261030869,89.7706000000035],[174.794762738034,-36.9061111312749,89.8818000000028],[174.794709817946,-36.9060961594217,89.9930000000022],[174.794656897878,-36.9060811875444,90.1042000000016],[174.79460397783,-36.9060662156429,90.2152999999962],[174.7945510567,-36.9060512446352,90.3264999999956],[174.794498136692,-36.9060362726854,90.4376999999949],[174.794445216703,-36.9060213007113,90.5488000000041],[174.794392295612,-36.9060063287301,90.6600000000035],[174.794339375663,-36.9059913567077,90.7712000000029],[174.794286455733,-36.9059763846611,90.8824000000022],[174.794233535824,-36.9059614125904,90.9934999999969],[174.794180614833,-36.9059464414134,91.1046999999962],[174.794127694963,-36.9059314692943,91.2158999999956],[174.794074775113,-36.905916497151,91.327099999995],[174.794021854161,-36.9059015250005,91.4382000000041],[174.793968934351,-36.9058865528089,91.5494000000035],[174.79391601456,-36.9058715805931,91.6606000000029],[174.793863093689,-36.905856609271,91.7718000000023],[174.793810173938,-36.9058416370069,91.8828999999969],[174.793757254207,-36.9058266647185,91.9940999999963],[174.793704334496,-36.905811692406,92.1052999999956],[174.793651413683,-36.9057967200863,92.216499999995],[174.793598494011,-36.9057817477254,92.3276000000042],[174.793545574381,-36.9057667762413,92.4388000000035],[174.793492653627,-36.905751803849,92.5500000000029],[174.793439734015,-36.9057368314156,92.6610999999975],[174.793386814423,-36.905721858958,92.7722999999969],[174.79333389485,-36.9057068864762,92.8834999999963],[174.793280974176,-36.9056919139872,92.9946999999956],[174.793228054643,-36.9056769414571,93.1058000000048],[174.793175135151,-36.9056619698038,93.2170000000042],[174.793122214536,-36.9056469972423,93.3282000000036],[174.793069295063,-36.9056320246396,93.4394000000029],[174.79301637561,-36.9056170520128,93.5504999999976],[174.792963456176,-36.9056020793618,93.6616999999969],[174.792910535641,-36.9055871067035,93.7728999999963],[174.792857616268,-36.9055721349051,93.8840999999957],[174.792804696894,-36.9055571621816,93.9952000000048],[174.792751776418,-36.9055421894508,94.1064000000042],[174.792698857084,-36.9055272166789,94.2176000000036],[174.792645937769,-36.9055122438828,94.328800000003],[174.792593018474,-36.9054972710625,94.4398999999976],[174.792540098078,-36.905482298235,94.5510999999969],[174.792487178844,-36.9054673262674,94.6622999999963],[174.792434259609,-36.9054523533746,94.7734000000055],[174.792381339271,-36.9054373804746,94.8846000000049],[174.792328420076,-36.9054224075335,94.9958000000042],[174.7922755009,-36.9054074345681,95.1070000000036],[174.792222580622,-36.9053924615956,95.2180999999982],[174.792169661508,-36.9053774894829,95.3292999999976],[174.792116742391,-36.9053625164451,95.440499999997],[174.792063823295,-36.905347543383,95.5516999999963],[174.792010903097,-36.9053325703137,95.6628000000055],[174.79195798404,-36.9053175972034,95.7740000000049],[174.791905065003,-36.9053026240688,95.8852000000043],[174.791852144864,-36.905287650927,95.9964000000036],[174.791799225888,-36.9052726786451,96.1074999999983],[174.791746306911,-36.905257705438,96.2186999999976],[174.791693387953,-36.9052427322067,96.329899999997],[174.791640467894,-36.9052277589682,96.4410000000062],[174.791587548976,-36.9052127856886,96.5522000000055],[174.791534630078,-36.9051978123848,96.6634000000049],[174.791481710099,-36.9051828399748,96.7746000000043],[174.791428791241,-36.9051678666226,96.8856999999989],[174.791375872402,-36.9051528932463,96.9968999999983],[174.791322953584,-36.9051379198458,97.1080999999976],[174.791270033663,-36.905122946438,97.219299999997],[174.791217114884,-36.9051079729891,97.3304000000062],[174.791164196125,-36.9050929995161,97.4416000000056],[174.791111276285,-36.9050780269368,97.5528000000049],[174.791058357565,-36.9050630534155,97.6640000000043],[174.791005438866,-36.9050480798699,97.7750999999989],[174.790952520186,-36.9050331063001,97.8862999999983],[174.790899600404,-36.9050181327231,97.9974999999977],[174.790846681764,-36.905003159105,98.108699999997],[174.790793763165,-36.9049881863638,98.2198000000062],[174.790740843442,-36.9049732127143,98.3310000000056],[174.790687924862,-36.9049582390236,98.442200000005],[174.790635006301,-36.9049432653088,98.5532999999996],[174.790582086638,-36.9049282915868,98.664499999999],[174.790529168117,-36.9049133178236,98.7756999999983],[174.790476249637,-36.9048983449373,98.8868999999977],[174.790423331155,-36.9048833711258,98.9980000000069],[174.790370411572,-36.9048683973071,99.1092000000062],[174.79031749313,-36.9048534234472,99.2204000000056],[174.790264574708,-36.9048384495632,99.331600000005],[174.790211655184,-36.9048234756719,99.4426999999996],[174.790158736802,-36.9048085017395,99.553899999999],[174.790105818461,-36.904793528684,99.6650999999983],[174.790052900118,-36.9047785547033,99.7762999999977],[174.789999980674,-36.9047635807152,99.8874000000069],[174.789947062371,-36.9047486066862,99.9986000000063],[174.789894144088,-36.9047336326329,100.109800000006],[174.789841224702,-36.9047186585724,100.221000000005],[174.78978830648,-36.9047036853718,100.3321],[174.789735388257,-36.904688711246,100.443299999999],[174.789682470053,-36.9046737370961,100.554499999998],[174.789629550747,-36.9046587629388,100.665599999993],[174.789576632583,-36.9046437887405,100.776800000007],[174.789523714439,-36.904628814518,100.888000000006],[174.789470795193,-36.9046138402883,100.999200000006],[174.789417877109,-36.9045988669185,101.1103],[174.789364959024,-36.9045838926235,101.2215],[174.78931204096,-36.9045689183043,101.332699999999],[174.789259121793,-36.9045539439778,101.443899999998],[174.789206203767,-36.9045389696103,101.554999999993],[174.789153285762,-36.9045239952186,101.666200000007],[174.789100366676,-36.9045090217206,101.777400000006],[174.78904744871,-36.9044940472806,101.888600000006],[174.788994530764,-36.9044790728163,101.9997],[174.788941611716,-36.9044640983448,102.1109],[174.78888869381,-36.9044491238322,102.222099999999],[174.788835775924,-36.9044341492955,102.333299999998],[174.788782858057,-36.9044191747345,102.444399999993],[174.78872993911,-36.9044042010674,102.555600000007],[174.788677021283,-36.9043892264581,102.666800000006],[174.788624103476,-36.9043742518246,102.777900000001],[174.788571184567,-36.9043592771839,102.8891],[174.7885182668,-36.9043443025021,103.0003],[174.788465349052,-36.9043293277961,103.111499999999],[174.788412431346,-36.904314353967,103.222599999994],[174.788359512516,-36.9042993792295,103.333799999993],[174.788306594828,-36.904284404451,103.445000000007],[174.78825367716,-36.9042694296483,103.556200000006],[174.78820075839,-36.9042544548384,103.667300000001],[174.788147840761,-36.9042394799874,103.7785],[174.788094923174,-36.9042245060132,103.8897],[174.788042005585,-36.9042095311138,104.000899999999],[174.787989086894,-36.9041945562071,104.111999999994],[174.787936169345,-36.9041795812594,104.223199999993],[174.787883251816,-36.9041646062875,104.334400000007],[174.787830333184,-36.9041496313083,104.445500000002],[174.787777415695,-36.9041346562881,104.556700000001],[174.787724498246,-36.9041196821447,104.6679],[174.787671580796,-36.9041047070761,104.7791],[174.787618662244,-36.9040897320002,104.890199999994],[174.787565744834,-36.9040747568833,105.001399999994],[174.787512827444,-36.9040597817421,105.112599999993],[174.787459908951,-36.9040448065938,105.223800000007],[174.787406991622,-36.9040298323053,105.334900000002],[174.787354074291,-36.9040148570917,105.446100000001],[174.78730115698,-36.9039998818538,105.5573],[174.787248238567,-36.9039849066088,105.6685],[174.787195321295,-36.9039699313226,105.779599999994],[174.787142404044,-36.9039549560123,105.890799999994],[174.78708948569,-36.9039399806947,106.001999999993],[174.787036568499,-36.903925006237,106.113200000007],[174.786983651307,-36.9039100308541,106.224300000002],[174.786930733013,-36.903895055464,106.335500000001],[174.786877815861,-36.9038800800328,106.4467],[174.786824898729,-36.9038651045774,106.557799999995],[174.786815316985,-36.9038623932968,106.577900000004],[174.786771981616,-36.9038501290979,106.668999999994],[174.786719063422,-36.9038351545121,106.780199999994],[174.786666146349,-36.9038201789842,106.891399999993],[174.786613229296,-36.9038052034321,107.002500000002],[174.786560311141,-36.9037902278728,107.113700000002],[174.786507394128,-36.9037752522723,107.224900000001],[174.786454477134,-36.9037602766478,107.3361],[174.78640156016,-36.903745300999,107.447199999995],[174.786348642105,-36.903730326244,107.558399999994],[174.786295725171,-36.9037153505469,107.669599999994],[174.786242808257,-36.9037003748256,107.780799999993],[174.786189890241,-36.903685399097,107.891900000002],[174.786136973366,-36.9036704233274,108.003100000002],[174.786084056511,-36.9036554475336,108.114300000001],[174.786031139698,-36.9036404726167,108.2255],[174.785978221761,-36.9036254967914,108.336599999995],[174.785925304965,-36.9036105209251,108.447799999994],[174.78587238819,-36.9035955450346,108.558999999994],[174.785819470313,-36.9035805691368,108.670100000003],[174.785766553577,-36.903565593198,108.781300000002],[174.785713636861,-36.903550617235,108.892500000002],[174.785660720186,-36.9035356421488,109.003700000001],[174.785607802388,-36.9035206661544,109.114799999996],[174.785554885732,-36.9035056901188,109.225999999995],[174.785501969095,-36.9034907140591,109.337199999994],[174.785449051357,-36.9034757379922,109.448399999994],[174.78539613476,-36.9034607618841,109.559500000003],[174.785343218204,-36.9034457866529,109.670700000002],[174.785290300525,-36.9034308105134,109.781900000002],[174.785237383987,-36.9034158343329,109.893100000001],[174.78518446747,-36.9034008581281,110.004199999996],[174.785131550972,-36.9033858818992,110.115399999995],[174.785078633373,-36.903370905663,110.226599999995],[174.785025716936,-36.9033559302868,110.337700000004],[174.784972800498,-36.9033409539854,110.448900000003],[174.784919882957,-36.9033259776767,110.560100000002],[174.784866966559,-36.9033110013269,110.671300000002],[174.784814050181,-36.903296024953,110.782399999996],[174.784761133822,-36.9032810485549,110.893599999996],[174.784708216361,-36.9032660721495,111.004799999995],[174.784655300063,-36.9032510966041,111.115999999995],[174.784623682242,-36.9032421482203,111.182400000005],[174.784602383764,-36.9032361201334,111.227100000004],[174.784573269533,-36.9032278804245,111.2883],[174.784549466362,-36.9032211436555,111.338300000003],[174.784496550103,-36.9032061671366,111.449500000002],[174.784443633863,-36.9031911905934,111.560700000002],[174.784390717643,-36.9031762140261,111.671799999996],[174.784337800342,-36.9031612383525,111.782999999996],[174.784284884162,-36.9031462617369,111.894199999995],[174.784231968002,-36.903131285097,112.005399999995],[174.78417905074,-36.9031163084499,112.116500000004],[174.784126134619,-36.9031013317618,112.227700000003],[174.784101914636,-36.9030944767787,112.278600000005],[174.784073218518,-36.9030863550494,112.338900000002],[174.784020302437,-36.9030713783129,112.449999999997],[174.783967385275,-36.9030564024701,112.561199999996],[174.783914469234,-36.9030414256853,112.672399999996],[174.783861553212,-36.9030264488763,112.783599999995],[174.783808636089,-36.9030114720599,112.894700000004],[174.783755720107,-36.9029964952026,113.005900000004],[174.783702804145,-36.902981518321,113.117100000003],[174.783649887102,-36.9029665423332,113.228300000002],[174.78359697118,-36.9029515654033,113.339399999997],[174.783544055278,-36.9029365884493,113.450599999996],[174.783491139395,-36.9029216114711,113.561799999996],[174.78343822241,-36.9029066344856,113.672999999995],[174.783385306568,-36.902891657459,113.784100000004],[174.783332390745,-36.9028766804082,113.895300000004],[174.78327947384,-36.9028617042512,114.006500000003],[174.783226558057,-36.9028467271522,114.117700000003],[174.783173642294,-36.9028317500289,114.228799999997],[174.78312072655,-36.9028167728815,114.339999999997],[174.783067809704,-36.9028017957268,114.451199999996],[174.783014894,-36.902786818531,114.562300000005],[174.782961978337,-36.9027718422121,114.673500000004],[174.782909061551,-36.9027568649849,114.784700000004],[174.782856145906,-36.9027418877166,114.895900000003],[174.782803230282,-36.9027269104242,115.006999999998],[174.782750314677,-36.9027119331076,115.118199999997],[174.78269739797,-36.9026969557836,115.229399999997],[174.782644482426,-36.9026819793197,115.340599999996],[174.782591566881,-36.9026670019306,115.451700000005],[174.782538650233,-36.9026520245342,115.562900000004],[174.782485734728,-36.9026370470967,115.674100000004],[174.782432819242,-36.9026220696351,115.785300000003],[174.782379903776,-36.9026070921493,115.896399999998],[174.782326987208,-36.9025921146562,116.007599999997],[174.782287615283,-36.9025809709759,116.090299999996],[174.782274071803,-36.902577138023,116.118799999997],[174.782234586904,-36.9025659617695,116.201700000005],[174.782221156397,-36.9025621604647,116.229900000006],[174.782168239888,-36.9025471828991,116.341100000005],[174.782115324522,-36.9025322052925,116.452300000004],[174.782062409175,-36.9025172276616,116.563500000004],[174.782050669918,-36.9025139048089,116.588099999994],[174.782009492726,-36.9025022500235,116.674599999998],[174.781964106092,-36.9024894037184,116.770000000004],[174.782001533171,-36.9024044465934,116.770000000004],[174.782021972243,-36.9023583980883,116.770000000004],[174.782039210976,-36.9023195605056,116.770000000004],[174.78207714067,-36.90223474724,116.770000000004],[174.782115322252,-36.9021500067963,116.770000000004],[174.782153099051,-36.9020667812487,116.770000000004],[174.782153753479,-36.902065339208,116.770000000004],[174.782192436634,-36.9019807462432,116.770000000004],[174.782193891737,-36.9019775877637,116.770000000004],[174.782231370574,-36.9018962270175,116.770000000004],[174.78227055532,-36.9018117824317,116.770000000004],[174.782309989749,-36.9017274125025,116.770000000004],[174.782349673901,-36.9016431190315,116.770000000004],[174.782389607756,-36.9015589011177,116.770000000004],[174.782429791333,-36.9014747596617,116.770000000004],[174.782470223532,-36.9013906955813,116.770000000004],[174.782510905472,-36.9013067088593,116.770000000004],[174.782551836053,-36.9012228004133,116.770000000004],[174.782593016416,-36.9011389711274,116.770000000004],[174.782634443174,-36.9010552201507,116.770000000004],[174.782676119714,-36.9009715483335,116.770000000004],[174.782718042689,-36.9008879566272,116.770000000004],[174.782749263761,-36.9008261305376,116.770000000004],[174.782760214364,-36.9008044458988,116.770000000004],[174.782802633595,-36.9007210152639,116.770000000004],[174.782845299302,-36.9006376665411,116.770000000004],[174.782851722818,-36.9006252047067,116.770000000004],[174.782888212584,-36.9005543988124,116.770000000004],[174.78293137124,-36.9004712139132,116.770000000004],[174.782974777533,-36.9003881127105,116.770000000004],[174.783000533064,-36.9003391297021,116.770000000004],[174.783018430299,-36.9003050934191,116.770000000004],[174.783062328456,-36.9002221578574,116.770000000004],[174.783106472027,-36.9001393069262,116.770000000004],[174.783126315798,-36.9001023066579,116.770000000004],[174.783139154162,-36.9000783682481,116.770000000004],[174.783147643877,-36.9000625386362,116.770000000004],[174.783150861009,-36.9000565406254,116.770000000004],[174.783195495423,-36.8999738598556,116.770000000004],[174.783240375269,-36.8998912646167,116.770000000004],[174.783262092872,-36.89985155382,116.770000000004],[174.783285499423,-36.8998087549251,116.770000000004],[174.783330867907,-36.8997263316817,116.770000000004],[174.78337648074,-36.8996439957872,116.770000000004],[174.7834223368,-36.8995617472582,116.770000000004],[174.783468437208,-36.8994795860776,116.770000000004],[174.783514780884,-36.899397514064,116.770000000004],[174.783561367806,-36.8993155303161,116.770000000004],[174.783608196893,-36.8992336366526,116.770000000004],[174.783655269246,-36.8991518321553,116.770000000004],[174.783702583763,-36.8990701177418,116.770000000004],[174.783750140464,-36.8989884943129,116.770000000004],[174.783797938228,-36.8989069618851,116.770000000004],[174.783845978195,-36.8988255213424,116.770000000004],[174.783879395583,-36.898769216902,116.770000000004],[174.783894259266,-36.8987441736023,116.770000000004],[174.783903112369,-36.8987293110201,116.770000000004],[174.783953716788,-36.8987487652548,116.658800000005],[174.784004322334,-36.8987682185492,116.547699999996],[174.784054926804,-36.8987876727392,116.436499999996],[174.784105531278,-36.8988071260059,116.325299999997],[174.784156136919,-36.8988265801344,116.214099999997],[174.784206741443,-36.8988460333565,116.103000000003],[174.784257346013,-36.8988654874573,115.991800000003],[174.784278707562,-36.8988736995139,115.944900000002],[174.78430795173,-36.8988849415189,115.880600000004],[174.784358556329,-36.898904394674,115.769400000005],[174.784409162096,-36.8989238486909,115.658299999996],[174.784459766745,-36.8989433018014,115.547099999996],[174.784510371439,-36.8989627557906,115.435899999997],[174.78456097726,-36.8989822088396,115.324699999997],[174.784611582005,-36.8990016627842,115.213600000003],[174.784662186775,-36.8990211167064,115.102400000003],[174.784712792671,-36.8990405696885,114.991200000004],[174.784763397491,-36.8990600235661,114.880000000005],[174.784814002315,-36.8990794765204,114.768899999995],[174.784864608307,-36.8990989303365,114.657699999996],[174.784915213181,-36.8991183832462,114.546499999997],[174.784965818101,-36.8991378370345,114.435400000002],[174.785016424168,-36.8991572907837,114.324200000003],[174.785067029118,-36.8991767436264,114.213000000003],[174.785117634113,-36.8991961973478,114.101800000004],[174.785168240234,-36.8992156501291,113.990699999995],[174.785218845279,-36.8992351038059,113.879499999995],[174.78526945145,-36.8992545565424,113.768299999996],[174.785320056545,-36.8992740101746,113.657099999997],[174.785370661665,-36.8992934637844,113.546000000002],[174.785421267912,-36.8993129164541,113.434800000003],[174.785471873082,-36.8993323700193,113.323600000003],[174.785522478256,-36.8993518226612,113.212400000004],[174.785573084598,-36.8993712761649,113.101299999995],[174.785623689823,-36.8993907287621,112.990099999995],[174.785674295093,-36.8994101822381,112.878899999996],[174.78572490151,-36.8994296356749,112.767699999997],[174.78577550681,-36.8994490882052,112.656600000002],[174.785826112155,-36.8994685416142,112.545400000003],[174.785876718626,-36.899487994083,112.434200000003],[174.785927324022,-36.8995074474473,112.323000000004],[174.785977929421,-36.8995268998884,112.211899999995],[174.786028535988,-36.8995463531913,112.100699999995],[174.786079141459,-36.8995658064887,111.989499999996],[174.786129748055,-36.8995852588459,111.878400000001],[174.786180353576,-36.8996047120987,111.767200000002],[174.7862309591,-36.8996241644282,111.656000000003],[174.786281565793,-36.8996436176194,111.544800000003],[174.786332171367,-36.8996630699043,111.433699999994],[174.786382776988,-36.8996825230678,111.322499999995],[174.786433383755,-36.8997019761922,111.211299999995],[174.786483989405,-36.89972142841,111.100099999996],[174.7865345951,-36.8997408815066,110.989000000001],[174.786585201922,-36.899760333663,110.877800000002],[174.786635807667,-36.8997797867149,110.766600000003],[174.786686413417,-36.8997992388436,110.655400000003],[174.786737020335,-36.899818691834,110.544299999994],[174.786787626155,-36.899838144819,110.433099999995],[174.78683823198,-36.8998575968807,110.321899999995],[174.786888838972,-36.8998770498042,110.210699999996],[174.786939444847,-36.8998965018212,110.099600000001],[174.78699005189,-36.8999159547,109.988400000002],[174.787040657815,-36.8999354066725,109.877200000003],[174.787091263785,-36.8999548595236,109.766099999993],[174.787141870903,-36.8999743123355,109.654899999994],[174.787192476903,-36.8999937642409,109.543699999995],[174.787243082949,-36.9000132170251,109.432499999995],[174.78729369012,-36.900032668869,109.321400000001],[174.787344296216,-36.9000521216085,109.210200000001],[174.787394902316,-36.9000715734247,109.099000000002],[174.787445509584,-36.9000910261027,108.987800000003],[174.787496115755,-36.9001104787753,108.876699999993],[174.78754672193,-36.9001299305245,108.765499999994],[174.787597329272,-36.9001493831356,108.654299999995],[174.787647935497,-36.9001688348402,108.543099999995],[174.787698541768,-36.9001882874235,108.432000000001],[174.787749149165,-36.9002077390666,108.320800000001],[174.787799755486,-36.9002271916053,108.209600000002],[174.787830154626,-36.900238876827,108.142800000001],[174.787850362954,-36.9002466441047,108.098400000003],[174.787900969304,-36.9002660956977,107.987299999993],[174.7879515757,-36.9002855481695,107.876099999994],[174.788002183222,-36.9003049997009,107.764899999995],[174.788052789668,-36.900324452128,107.6538],[174.788103396118,-36.9003439036318,107.542600000001],[174.788154003736,-36.9003633559973,107.431400000001],[174.788204610257,-36.9003828083575,107.320200000002],[174.788255216782,-36.9004022597943,107.209099999993],[174.788305824475,-36.9004217120929,107.097899999993],[174.78835643105,-36.900441163485,106.986699999994],[174.788407037671,-36.9004606157559,106.875499999995],[174.788457645418,-36.9004800670865,106.7644],[174.78850825209,-36.9004995193127,106.653200000001],[174.788558858786,-36.9005189715166,106.542000000001],[174.788609466608,-36.9005384227803,106.430800000002],[174.788660073354,-36.9005578749396,106.319699999993],[174.788710681226,-36.9005773261586,106.208499999993],[174.788761288023,-36.9005967782733,106.097299999994],[174.788811894823,-36.9006162294646,105.986099999995],[174.788862502791,-36.9006356815176,105.875],[174.788913109662,-36.9006551335653,105.763800000001],[174.788963716538,-36.9006745846897,105.652600000001],[174.789014324581,-36.9006940366758,105.541400000002],[174.789064931506,-36.9007134877555,105.430300000007],[174.789115538478,-36.900732939714,105.319099999993],[174.789166146575,-36.9007523907321,105.207899999994],[174.789216753596,-36.9007718426459,105.096799999999],[174.789267360643,-36.9007912945373,104.9856],[174.789317968815,-36.9008107454886,104.874400000001],[174.789368575911,-36.9008301973354,104.763200000001],[174.789419183012,-36.9008496482588,104.652100000007],[174.78946979128,-36.9008691000441,104.540900000007],[174.789520398431,-36.900888550923,104.429699999993],[174.789571006749,-36.9009080026636,104.318499999994],[174.789621613971,-36.9009274543988,104.207399999999],[174.789672221196,-36.9009469052107,104.0962],[174.78972282959,-36.9009663568844,103.985000000001],[174.789773436865,-36.9009858076516,103.873800000001],[174.789824044187,-36.9010052592976,103.762700000007],[174.789874652634,-36.9010247100033,103.651500000007],[174.789925260006,-36.9010441616046,103.540299999993],[174.789975867402,-36.9010636131836,103.429099999994],[174.790026475925,-36.9010830638223,103.317999999999],[174.790077083372,-36.9011025153567,103.2068],[174.790127690822,-36.9011219659677,103.095600000001],[174.790178299441,-36.9011414174405,102.984500000006],[174.790228906941,-36.9011608680069,102.873300000007],[174.790279514488,-36.901180319452,102.762100000007],[174.790330123182,-36.9011997708578,102.650899999993],[174.790380730757,-36.9012192213572,102.539799999999],[174.790431339501,-36.9012386727184,102.428599999999],[174.790481947127,-36.9012581231732,102.3174],[174.790532554799,-36.9012775745067,102.206200000001],[174.790583163596,-36.9012970248999,102.095100000006],[174.790633771318,-36.9013164761887,101.983900000007],[174.790684379065,-36.9013359274553,101.872700000007],[174.790734987938,-36.9013553777815,101.761499999993],[174.790785595734,-36.9013748290034,101.650399999999],[174.790836203535,-36.9013942793019,101.539199999999],[174.790886812504,-36.9014137304623,101.428],[174.790937420355,-36.9014331807162,101.316800000001],[174.790988028252,-36.9014526318488,101.205700000006],[174.791038637296,-36.9014720829421,101.094500000007],[174.791089245221,-36.9014915331291,100.983300000007],[174.791139853193,-36.9015109841947,100.872199999998],[174.791190462291,-36.9015304343201,100.760999999999],[174.791241070313,-36.9015498853411,100.649799999999],[174.791291679461,-36.9015693354218,100.5386],[174.791342287533,-36.9015887863982,100.427500000005],[174.79139289563,-36.9016082373522,100.316300000006],[174.791443504853,-36.901627687366,100.205100000006],[174.791494113,-36.9016471382754,100.093900000007],[174.791544721151,-36.9016665882615,99.982799999998],[174.79159533047,-36.9016860391093,99.8715999999986],[174.791645938671,-36.9017054890507,99.7603999999992],[174.791696546918,-36.9017249398708,99.6491999999998],[174.791747156312,-36.9017443906517,99.5381000000052],[174.791797764588,-36.9017638405262,99.4269000000058],[174.79184837291,-36.9017832912793,99.3157000000065],[174.791898982358,-36.9018027410922,99.2045000000071],[174.791949590731,-36.9018221918007,99.0933999999979],[174.792000199107,-36.9018416415859,98.9821999999986],[174.792050808651,-36.9018610922328,98.8709999999992],[174.792101417098,-36.9018805428744,98.7599000000046],[174.792152026671,-36.9018999925757,98.6487000000052],[174.792202635168,-36.9019194431726,98.5375000000058],[174.79225324367,-36.9019388928461,98.4263000000064],[174.792303853339,-36.9019583433815,98.3151999999973],[174.79235446189,-36.9019777930104,98.2039999999979],[174.792405070487,-36.901997243518,98.0927999999985],[174.792455680231,-36.9020166939864,97.9815999999992],[174.792506288858,-36.9020361435483,97.8705000000045],[174.79255689753,-36.902055593989,97.7593000000052],[174.792607507328,-36.9020750434894,97.6481000000058],[174.792658116051,-36.9020944938854,97.5369000000064],[174.792708724777,-36.9021139433581,97.4257999999973],[174.792759334671,-36.9021333936925,97.3145999999979],[174.792809943469,-36.9021528440216,97.2033999999985],[174.79286055227,-36.9021722934273,97.0921999999991],[174.792911162239,-36.9021917436948,96.9811000000045],[174.792961771091,-36.9022111930558,96.8699000000051],[174.79301238111,-36.9022306432786,96.7587000000058],[174.793062990011,-36.9022500925951,96.6475000000064],[174.793113598959,-36.9022695427902,96.5363999999972],[174.793164209053,-36.902288992946,96.4251999999979],[174.79321481803,-36.9023084421955,96.3139999999985],[174.793265427052,-36.9023278923237,96.2029000000039],[174.793316037201,-36.9023473415116,96.0917000000045],[174.793366646273,-36.9023667915951,95.9805000000051],[174.79341725535,-36.9023862407552,95.8693000000058],[174.793467865594,-36.9024056907772,95.7581999999966],[174.793518474742,-36.9024251407937,95.6469999999972],[174.793569083893,-36.9024445898869,95.5357999999978],[174.793619694213,-36.9024640398419,95.4245999999985],[174.793670303415,-36.9024834888904,95.3135000000038],[174.793720912662,-36.9025029388177,95.2023000000045],[174.793771523036,-36.9025223878046,95.0911000000051],[174.793822132333,-36.9025418376873,94.9799000000057],[174.793872742778,-36.9025612875306,94.8687999999966],[174.793923352105,-36.9025807364675,94.7575999999972],[174.793973961477,-36.9026001862832,94.6463999999978],[174.794024571976,-36.9026196351586,94.5351999999984],[174.794075181399,-36.9026390849295,94.4241000000038],[174.794125790825,-36.9026585337772,94.3129000000044],[174.79417640142,-36.9026779834866,94.2017000000051],[174.794227010918,-36.9026974331906,94.0905999999959],[174.794277620419,-36.9027168819713,93.9793999999965],[174.794328231089,-36.9027363316138,93.8681999999972],[174.794378840641,-36.9027557803498,93.7569999999978],[174.794429450239,-36.9027752299645,93.6459000000032],[174.794480060962,-36.902794678639,93.5347000000038],[174.79453067061,-36.9028141282091,93.4235000000044],[174.794581280283,-36.9028335777569,93.3123000000051],[174.794631891082,-36.9028530263643,93.2011999999959],[174.794682500805,-36.9028724758674,93.0899999999965],[174.794733111653,-36.9028919244303,92.9787999999971],[174.794783721426,-36.9029113738887,92.8675999999978],[174.794834331203,-36.9029308224239,92.7565000000031],[174.794884942148,-36.9029502718207,92.6453000000038],[174.794935551996,-36.9029697212122,92.5341000000044],[174.794986161848,-36.9029891696804,92.422900000005],[174.795036772868,-36.9030086190103,92.3117999999959],[174.79508738277,-36.9030280674338,92.2005999999965],[174.795137992718,-36.9030475167361,92.0893999999971],[174.795188603792,-36.9030669650979,91.9783000000025],[174.79523921379,-36.9030864143555,91.8671000000031],[174.795289823813,-36.9031058635908,91.7559000000037],[174.795340434961,-36.9031253118857,91.6447000000044],[174.795391045035,-36.9031447610763,91.5335999999952],[174.795441655112,-36.9031642093435,91.4223999999958],[174.795492266357,-36.9031836584725,91.3111999999965],[174.795542876484,-36.9032031066951,91.1999999999971],[174.795593487779,-36.9032225557795,91.0889000000025],[174.795644097977,-36.9032420048584,90.9777000000031],[174.795694708179,-36.9032614530141,90.8665000000037],[174.795745319549,-36.9032809020314,90.7553000000044],[174.795795929801,-36.9033003501424,90.6441999999952],[174.795846540099,-36.9033197991321,90.5329999999958],[174.795897151523,-36.9033392471815,90.4217999999964],[174.795947761871,-36.9033586961265,90.3105999999971],[174.795998372245,-36.9033781450492,90.1995000000024],[174.796048983744,-36.9033975930316,90.0883000000031],[174.796099594167,-36.9034170419096,89.9771000000037],[174.796150204594,-36.9034364898644,89.8659000000043],[174.796200816189,-36.9034559386808,89.7547999999952],[174.796251426666,-36.9034753865909,89.6435999999958],[174.79630203719,-36.9034948353796,89.5323999999964],[174.79635264886,-36.9035142841291,89.4213000000018],[174.796403259412,-36.9035337319721,89.3101000000024],[174.796453871132,-36.903553180677,89.1989000000031],[174.796504481735,-36.9035726284754,89.0877000000037],[174.796555092383,-36.9035920771525,88.9765999999945],[174.796605704157,-36.9036115248894,88.8653999999951],[174.796656314856,-36.9036309735218,88.7541999999958],[174.796706925579,-36.903650422132,88.6429999999964],[174.796757537428,-36.9036698698018,88.5319000000018],[174.796808148202,-36.9036893183673,88.4207000000024],[174.796858758979,-36.9037087660095,88.309500000003],[174.796909370924,-36.9037282145134,88.1983000000037],[174.796959981752,-36.9037476621109,88.0871999999945],[174.797010592625,-36.9037671105871,87.9759999999951],[174.797061204646,-36.903786559024,87.8647999999957],[174.797111815548,-36.9038060065546,87.7535999999964],[174.797162426496,-36.9038254549638,87.6425000000017],[174.797213038571,-36.9038449024327,87.5313000000024],[174.797263649569,-36.9038643507972,87.420100000003],[174.797314261694,-36.9038837982215,87.3089999999938],[174.797364872742,-36.9039032465415,87.1977999999945],[174.797415483816,-36.9039226948391,87.0865999999951],[174.797466096015,-36.9039421421963,86.9753999999957],[174.797516707139,-36.9039615904493,86.8643000000011],[174.797567318266,-36.9039810377789,86.7531000000017],[174.797617930562,-36.9040004859702,86.6419000000024],[174.797668541739,-36.9040199332552,86.530700000003],[174.797719152963,-36.9040393814188,86.4195999999938],[174.797769765333,-36.9040588295432,86.3083999999944],[174.797820376586,-36.9040782767611,86.1971999999951],[174.797870987885,-36.9040977248578,86.0859999999957],[174.797921600309,-36.9041171720141,85.9749000000011],[174.797972211658,-36.9041366200662,85.8637000000017],[174.79802282301,-36.9041560671948,85.7525000000023],[174.798073435531,-36.9041755151852,85.641300000003],[174.798124046955,-36.9041949631702,85.5301999999938],[174.798174659504,-36.904214410215,85.4189999999944],[174.798225270978,-36.9042338581553,85.307799999995],[174.798275882456,-36.9042533051724,85.1967000000004],[174.798326495101,-36.9042727530511,85.085500000001],[174.798377106629,-36.9042922000235,84.9743000000017],[174.798427718203,-36.9043116478746,84.8631000000023],[174.798478330924,-36.9043310956864,84.7519999999931],[174.798528942526,-36.9043505425918,84.6407999999938],[174.798579554175,-36.9043699903759,84.5295999999944],[174.79863016695,-36.9043894372196,84.418399999995],[174.798680778649,-36.9044088849591,84.3073000000004],[174.798731390351,-36.9044283317752,84.196100000001],[174.798782003222,-36.904447779453,84.0849000000017],[174.798832614996,-36.9044672271255,83.9737000000023],[174.798883226774,-36.9044866738746,83.8625999999931],[174.79893383972,-36.9045061214854,83.7513999999937],[174.798984451547,-36.9045255681899,83.6401999999944],[174.799035064543,-36.904545015756,83.528999999995],[174.799085676421,-36.9045644624158,83.4179000000004],[174.799136288345,-36.9045839099543,83.306700000001],[174.799186901416,-36.9046033574535,83.1955000000016],[174.799237513369,-36.9046228040464,83.0843000000023],[174.799288125368,-36.9046422515179,82.9731999999931],[174.799338738492,-36.9046616980491,82.8619999999937],[174.799389350542,-36.9046811454759,82.7507999999943],[174.799439962594,-36.9047005919794,82.6396999999997],[174.799490575815,-36.9047200393447,82.5285000000003],[174.799541187939,-36.9047394867045,82.417300000001],[174.799591800067,-36.9047589331411,82.3061000000016],[174.799642413363,-36.9047783804393,82.195000000007],[174.799693025541,-36.9047978268312,82.0837999999931],[174.799743637765,-36.9048172741018,81.9725999999937],[174.799794251115,-36.904836720432,81.8613999999943],[174.799844863389,-36.9048561676579,81.7502999999997],[174.79989547681,-36.9048756148445,81.6391000000003],[174.799946089113,-36.9048950611248,81.527900000001],[174.799996701463,-36.9049145082837,81.4167000000016],[174.800047314937,-36.9049339545023,81.305600000007],[174.800097927337,-36.9049534016166,81.194399999993],[174.80014853974,-36.9049728478075,81.0831999999937],[174.800199153311,-36.9049922948601,80.9719999999943],[174.800249765785,-36.9050117419074,80.8608999999997],[174.800300378263,-36.9050311880314,80.7497000000003],[174.800350991909,-36.905050635017,80.6385000000009],[174.800401604437,-36.9050700810963,80.5274000000063],[174.800452217011,-36.9050895280543,80.4162000000069],[174.800502830712,-36.9051089740719,80.304999999993],[174.800553443336,-36.9051284209852,80.1937999999936],[174.800604055985,-36.9051478678762,80.082699999999],[174.80065466976,-36.9051673138269,79.9714999999997],[174.800705282459,-36.9051867606732,79.8603000000003],[174.800755896284,-36.9052062065792,79.7491000000009],[174.800806509034,-36.9052256533809,79.6380000000063],[174.800857121787,-36.9052450992592,79.5268000000069],[174.800907735708,-36.9052645459992,79.415599999993],[174.800958348533,-36.9052839927339,79.3043999999936],[174.801008961361,-36.9053034385453,79.193299999999],[174.801059575357,-36.9053228852183,79.0820999999996],[174.801110188235,-36.905342330985,78.9709000000003],[174.80116080116,-36.9053617776304,78.8597000000009],[174.80121141521,-36.9053812233354,78.7486000000063],[174.801262028184,-36.9054006699361,78.6374000000069],[174.801312641184,-36.9054201165145,78.526199999993],[174.801363255309,-36.9054395621525,78.4150999999983],[174.801413868358,-36.9054590086863,78.303899999999],[174.801464481412,-36.9054784542967,78.1926999999996],[174.801515095633,-36.9054979007687,78.0815000000002],[174.801565708736,-36.9055173463345,77.9704000000056],[174.801616323008,-36.9055367927619,77.8592000000062],[174.801666936182,-36.905556239184,77.7480000000069],[174.801717549361,-36.9055756846827,77.6367999999929],[174.801768163707,-36.9055951310431,77.5256999999983],[174.801818776935,-36.9056145764972,77.414499999999],[174.80186939021,-36.90563402283,77.3032999999996],[174.80192000461,-36.9056534682224,77.1921000000002],[174.801970617935,-36.9056729145105,77.0810000000056],[174.802021231284,-36.9056923607762,76.9698000000062],[174.80207184576,-36.9057118061017,76.8586000000068],[174.802122459159,-36.9057312523228,76.7473999999929],[174.802173072563,-36.9057506976206,76.6362999999983],[174.802223687134,-36.90577014378,76.5250999999989],[174.802274300588,-36.9057895890331,76.4138999999996],[174.802324914087,-36.9058090351649,76.3027000000002],[174.802375528734,-36.9058284812574,76.1916000000056],[174.802426142263,-36.9058479264435,76.0804000000062],[174.802476756959,-36.9058673724913,75.9692000000068],[174.802527370538,-36.9058868176328,75.8580999999976],[174.802577984162,-36.9059062636529,75.7468999999983],[174.802628598913,-36.9059257087327,75.6356999999989],[174.802679212587,-36.9059451547082,75.5244999999995],[174.802729826287,-36.9059646006614,75.4134000000049],[174.802780441113,-36.9059840456741,75.3022000000055],[174.802831054862,-36.9060034915826,75.1910000000062],[174.802881668616,-36.9060229365678,75.0798000000068],[174.802932283538,-36.9060423824146,74.9686999999976],[174.802982897341,-36.9060618273551,74.8574999999983],[174.803033511191,-36.9060812731743,74.7462999999989],[174.803084126188,-36.9061007189541,74.6350999999995],[174.803134740066,-36.9061201638276,74.5240000000049],[174.803185353991,-36.9061396095798,74.4128000000055],[174.803235969042,-36.9061590543916,74.3016000000061],[174.803286583016,-36.9061785000991,74.1904000000068],[174.803337198117,-36.9061979448662,74.0792999999976],[174.803387812142,-36.9062173905291,73.9680999999982],[174.803438426192,-36.9062368361696,73.8568999999989],[174.803489041367,-36.9062562808698,73.7458000000042],[174.803539655467,-36.9062757264656,73.6346000000049],[174.803590269571,-36.9062951711382,73.5234000000055],[174.803640884843,-36.9063146166724,73.4122000000061],[174.803691498996,-36.9063340613002,73.3010999999969],[174.803742113196,-36.9063535068068,73.1898999999976],[174.803792728543,-36.9063729522739,73.0786999999982],[174.803843342772,-36.9063923968348,72.9674999999988],[174.803893957047,-36.9064118422744,72.8564000000042],[174.803944572448,-36.9064312867735,72.7452000000048],[174.803995186773,-36.9064507321684,72.6340000000055],[174.804045801101,-36.90647017664,72.5228000000061],[174.804096416598,-36.9064896219731,72.4116999999969],[174.804147030998,-36.906509067301,72.3004999999976],[174.804197646524,-36.9065285116885,72.1892999999982],[174.804248260974,-36.9065479569718,72.0780999999988],[174.804298875428,-36.9065674013317,71.9670000000042],[174.80434949105,-36.9065868465532,71.8558000000048],[174.804400105554,-36.9066062908684,71.7446000000054],[174.804450720104,-36.9066257360623,71.6334999999963],[174.804501335801,-36.9066451812168,71.5222999999969],[174.804551950379,-36.9066646254651,71.4110999999975],[174.804602565005,-36.906684070592,71.2998999999982],[174.804653180755,-36.9067035147785,71.1888000000035],[174.80470379543,-36.9067229598607,71.0776000000042],[174.804754410109,-36.9067424040196,70.9664000000048],[174.804805025956,-36.9067618490401,70.8552000000054],[174.804855640707,-36.9067812940554,70.7440999999963],[174.80490625546,-36.9068007381473,70.6328999999969],[174.804956871383,-36.9068201831008,70.5216999999975],[174.805007486186,-36.9068396271481,70.4104999999981],[174.805058102159,-36.9068590720569,70.2994000000035],[174.805108717012,-36.9068785160595,70.1882000000041],[174.805159331913,-36.9068979609407,70.0770000000048],[174.80520994796,-36.9069174057826,69.9658000000054],[174.805260562889,-36.9069368497182,69.8546999999962],[174.805311177864,-36.9069562945325,69.7434999999969],[174.805361793965,-36.9069757384063,69.6322999999975],[174.80541240899,-36.9069951831759,69.5210999999981],[174.805463024019,-36.9070146270221,69.4100000000035],[174.805513640216,-36.90703407173,69.2988000000041],[174.805564255317,-36.9070535164326,69.1876000000047],[174.805614870421,-36.9070729602118,69.0764999999956],[174.805665486693,-36.9070924048527,68.9652999999962],[174.805716101847,-36.9071118485873,68.8540999999968],[174.805766717047,-36.9071312932006,68.7428999999975],[174.805817333373,-36.9071507368734,68.6318000000028],[174.805867948623,-36.907170181442,68.5206000000035],[174.805918565021,-36.9071896259712,68.4094000000041],[174.8059691803,-36.9072090695941,68.2982000000047],[174.806019795625,-36.9072285140957,68.1870999999956],[174.806070412076,-36.9072479576569,68.0758999999962],[174.806121027452,-36.9072674021138,67.9646999999968],[174.806171642831,-36.9072868456474,67.8534999999974],[174.806222259378,-36.9073062900426,67.7424000000028],[174.806272874828,-36.9073257344325,67.6312000000034],[174.806323490282,-36.9073451778991,67.5200000000041],[174.806374106905,-36.9073646222273,67.4088000000047],[174.806424722409,-36.9073840656492,67.2976999999955],[174.806475337959,-36.9074035099498,67.1864999999962],[174.806525954636,-36.90742295331,67.0752999999968],[174.806576570236,-36.9074423975659,66.9642000000022],[174.806627185861,-36.9074618417995,66.8530000000028],[174.806677802613,-36.9074812850927,66.7418000000034],[174.806728418288,-36.9075007292816,66.6306000000041],[174.806779035089,-36.9075201725301,66.5194999999949],[174.806829650815,-36.9075396166744,66.4082999999955],[174.806880266544,-36.9075590598953,66.2970999999961],[174.806930883441,-36.9075785039778,66.1858999999968],[174.806981499242,-36.9075979480551,66.0748000000021],[174.807032115046,-36.907617391209,65.9636000000028],[174.807082732018,-36.9076368352245,65.8524000000034],[174.807133347873,-36.9076562783337,65.741200000004],[174.807183963773,-36.9076757223216,65.6300999999949],[174.8072345808,-36.9076951653691,65.5188999999955],[174.80728519675,-36.9077146093124,65.4076999999961],[174.807335812726,-36.9077340532333,65.2964999999967],[174.807386429827,-36.9077534962138,65.1854000000021],[174.807437045852,-36.90777294009,65.0742000000027],[174.807487661882,-36.9077923830429,64.9630000000034],[174.807538279079,-36.9078118268575,64.8518999999942],[174.807588895159,-36.9078312697657,64.7406999999948],[174.807639512406,-36.9078507135355,64.6294999999955],[174.807690128557,-36.9078701573001,64.5182999999961],[174.807740744711,-36.9078896001413,64.4072000000015],[174.807791362034,-36.9079090438441,64.2960000000021],[174.807841978238,-36.9079284866407,64.1848000000027],[174.807892594489,-36.9079479303159,64.0736000000034],[174.807943211865,-36.9079673730507,63.9624999999942],[174.807993828166,-36.9079868166813,63.8512999999948],[174.808044444491,-36.9080062602895,63.7400999999954],[174.808095061943,-36.9080257029573,63.6288999999961],[174.808145678319,-36.9080451465209,63.5178000000014],[174.808196294698,-36.9080645891611,63.4066000000021],[174.808246912246,-36.9080840326629,63.2954000000027],[174.808297528675,-36.9081034752584,63.1842000000033],[174.808348145151,-36.9081229187327,63.0730999999942],[174.808398762773,-36.9081423621675,62.9618999999948],[174.808449379278,-36.908161804696,62.8506999999954],[174.808499996951,-36.9081812480861,62.7396000000008],[174.808550613505,-36.90820069057,62.6284000000014],[174.808601230106,-36.9082201339325,62.517200000002],[174.808651847832,-36.9082395763546,62.4060000000027],[174.808702464483,-36.9082590196725,62.2948999999935],[174.808753081159,-36.908278462968,62.1836999999941],[174.80880369896,-36.9082979053231,62.0724999999948],[174.808854315686,-36.908317348574,61.9612999999954],[174.808904932416,-36.9083367909015,61.8502000000008],[174.808955550313,-36.9083562340906,61.7390000000014],[174.809006167093,-36.9083756763734,61.627800000002],[174.809056783919,-36.908395119535,61.5166000000027],[174.809107401892,-36.9084145626571,61.4054999999935],[174.809158018746,-36.9084340048729,61.2942999999941],[174.809208635647,-36.9084534479674,61.1830999999947],[174.809259253674,-36.9084728901215,61.0718999999954],[174.809309870624,-36.9084923331713,60.9608000000007],[174.809360488701,-36.9085117752807,60.8496000000014],[174.809411105702,-36.9085312182859,60.738400000002],[174.809461722728,-36.9085506612687,60.6272000000026],[174.809512340879,-36.9085701033111,60.5160999999935],[174.809562957955,-36.9085895462493,60.4048999999941],[174.809613575035,-36.9086089882641,60.2936999999947],[174.809664193283,-36.9086284311405,60.1826000000001],[174.809714810412,-36.9086478731106,60.0714000000007],[174.809765427588,-36.9086673159594,59.9602000000014],[174.809816045911,-36.9086867587688,59.849000000002],[174.809866663116,-36.9087062006719,59.7378999999928],[174.809917280367,-36.9087256434537,59.6266999999934],[174.809967898743,-36.9087450852951,59.5154999999941],[174.810018516044,-36.9087645280322,59.4042999999947],[174.810069133349,-36.908783969846,59.2932000000001],[174.810119751822,-36.9088034125213,59.1820000000007],[174.810170369198,-36.9088228551914,59.0708000000013],[174.8102209877,-36.9088422969211,58.959600000002],[174.810271605126,-36.9088617395465,58.8484999999928],[174.810322222555,-36.9088811812487,58.7372999999934],[174.810372841153,-36.9089006238123,58.626099999994],[174.810423458633,-36.9089200654697,58.5148999999947],[174.810474076159,-36.9089395080059,58.4038],[174.810524694832,-36.9089589505025,58.2926000000007],[174.810575312387,-36.9089783920929,58.1814000000013],[174.810625929988,-36.908997834562,58.0703000000067],[174.810676548715,-36.9090172760906,57.9590999999928],[174.810727166366,-36.909036718515,57.8478999999934],[174.810777784021,-36.9090561600161,57.736699999994],[174.810828402844,-36.9090756023787,57.6255999999994],[174.81087902057,-36.9090950447361,57.5144],[174.8109296383,-36.9091144861702,57.4032000000007],[174.810980257198,-36.9091339284657,57.2920000000013],[174.811030874977,-36.9091533698551,57.1809000000067],[174.811081493926,-36.9091728121061,57.0696999999927],[174.811132111755,-36.9091922534508,56.9584999999934],[174.811182729632,-36.9092116956741,56.847299999994],[174.811233348655,-36.9092311378581,56.7361999999994],[174.81128396656,-36.9092505791357,56.625],[174.811334584511,-36.9092700212921,56.5138000000006],[174.811385203587,-36.909289462508,56.4026000000013],[174.811435821589,-36.9093089046197,56.2915000000066],[174.811486439593,-36.909328345808,56.1803000000073],[174.811537058767,-36.9093477878579,56.0690999999933],[174.811587676843,-36.9093672299025,55.9579999999987],[174.811638294923,-36.9093866710239,55.8467999999993],[174.811688914171,-36.9094061130067,55.7356],[174.811739532301,-36.9094255540834,55.6244000000006],[174.811790150477,-36.9094449960387,55.513300000006],[174.811840769779,-36.9094644370536,55.4021000000066],[174.811891388005,-36.9094838789642,55.2909000000072],[174.811942007378,-36.9095033208354,55.1796999999933],[174.811992625633,-36.9095227618003,55.0685999999987],[174.812043243935,-36.9095422036439,54.9573999999993],[174.812093863361,-36.9095616445471,54.8462],[174.812144481713,-36.9095810863461,54.7350000000006],[174.812195100068,-36.9096005272216,54.623900000006],[174.812245719591,-36.9096199689588,54.5127000000066],[174.812296338017,-36.9096394106907,54.4015000000072],[174.812346956447,-36.9096588514993,54.2902999999933],[174.812397576045,-36.9096782931694,54.1791999999987],[174.812448194525,-36.9096977339333,54.0679999999993],[174.812498813052,-36.9097171755759,53.9567999999999],[174.812549432704,-36.909736616278,53.8456000000006],[174.81260005128,-36.9097560578759,53.7345000000059],[174.812650669881,-36.9097754994514,53.6233000000066],[174.812701289608,-36.9097949400865,53.5121000000072],[174.81275190826,-36.9098143816174,53.400999999998],[174.812802528037,-36.9098338222078,53.2897999999986],[174.812853146738,-36.909853263694,53.1785999999993],[174.812903765443,-36.9098727042568,53.0673999999999],[174.812954385316,-36.9098921456812,52.9563000000053],[174.813005004093,-36.9099115871004,52.8451000000059],[174.813055622873,-36.9099310275963,52.7339000000065],[174.813106242821,-36.9099504689536,52.6227000000072],[174.813156861651,-36.9099699094048,52.511599999998],[174.813207480528,-36.9099893507346,52.4003999999986],[174.81325810053,-36.9100087911239,52.2891999999993],[174.813308719456,-36.9100282324091,52.1779999999999],[174.813359338408,-36.9100476736719,52.0669000000053],[174.813409958485,-36.9100671139942,51.9557000000059],[174.813460577486,-36.9100865552123,51.8445000000065],[174.813511196491,-36.9101059955071,51.7333000000071],[174.813561816665,-36.9101254366634,51.622199999998],[174.81361243572,-36.9101448769135,51.5109999999986],[174.813663055943,-36.9101643180251,51.3997999999992],[174.81371367507,-36.9101837591316,51.2887000000046],[174.8137642942,-36.9102031993146,51.1775000000052],[174.813814914498,-36.9102226403593,51.0663000000059],[174.813865533678,-36.9102420804976,50.9551000000065],[174.813916152905,-36.9102615215147,50.8439999999973],[174.813966773257,-36.9102809615913,50.732799999998],[174.814017392533,-36.9103004025637,50.6215999999986],[174.814068011835,-36.9103198435137,50.5103999999992],[174.814118632262,-36.9103392835233,50.3993000000046],[174.814169251614,-36.9103587244286,50.2881000000052],[174.814219870969,-36.9103781644106,50.1769000000058],[174.814270491492,-36.9103976052542,50.0657000000065],[174.814321110898,-36.9104170451915,49.9545999999973],[174.814371730349,-36.9104364860075,49.8433999999979],[174.814422350948,-36.910455926784,49.7321999999986],[174.814472970428,-36.9104753666543,49.6209999999992],[174.814523591076,-36.9104948073862,49.5099000000046],[174.814574210607,-36.9105142472118,49.3987000000052],[174.814624830183,-36.9105336879161,49.2875000000058],[174.814675450885,-36.9105531276799,49.1763999999966],[174.814726070512,-36.9105725683395,49.0651999999973],[174.814776690163,-36.9105920089768,48.9539999999979],[174.814827310941,-36.9106114486736,48.8427999999985],[174.814877930642,-36.9106308892662,48.7317000000039],[174.814928550348,-36.9106503289354,48.6205000000045],[174.814979171221,-36.9106697694661,48.5093000000052],[174.815029790976,-36.9106892090907,48.3981000000058],[174.815080410778,-36.9107086495939,48.2869999999966],[174.815131031727,-36.9107280900577,48.1757999999973],[174.815181651557,-36.9107475296152,48.0645999999979],[174.815232271434,-36.9107669700514,47.9533999999985],[174.815282892436,-36.9107864095471,47.8423000000039],[174.815333512362,-36.9108058499386,47.7311000000045],[174.815384133415,-36.9108252893897,47.6199000000051],[174.815434753391,-36.9108447297365,47.5087000000058],[174.815485373393,-36.910864170061,47.3975999999966],[174.81553599452,-36.910883609445,47.2863999999972],[174.815586614572,-36.9109030497248,47.1751999999979],[174.815637234627,-36.9109224890813,47.0639999999985],[174.815687855851,-36.9109419292992,46.9529000000039],[174.815738475956,-36.910961368611,46.8417000000045],[174.815789096108,-36.9109808088014,46.7305000000051],[174.815839717407,-36.9110002489524,46.6193999999959],[174.815890337587,-36.9110196881972,46.5081999999966],[174.815940957814,-36.9110391283206,46.3969999999972],[174.815991579166,-36.9110585675035,46.2857999999978],[174.816042199443,-36.9110780075822,46.1747000000032],[174.816092819723,-36.9110974467376,46.0635000000038],[174.816143441172,-36.9111168867545,45.9523000000045],[174.816194061524,-36.9111363267662,45.8411000000051],[174.816244683001,-36.9111557658374,45.7299999999959],[174.816295303403,-36.9111752058044,45.6187999999966],[174.816345923808,-36.9111946448481,45.5075999999972],[174.816396545382,-36.9112140847533,45.3963999999978],[174.816447165837,-36.9112335237523,45.2853000000032],[174.816497786339,-36.9112529636299,45.1741000000038],[174.816548407988,-36.9112724034681,45.0629000000044],[174.816599028518,-36.9112918424,44.9517000000051],[174.816649649095,-36.9113112822107,44.8405999999959],[174.816700270797,-36.9113307210808,44.7293999999965],[174.816750891424,-36.9113501608467,44.6181999999972],[174.816801512055,-36.9113695996893,44.5071000000025],[174.816852133853,-36.9113890393934,44.3959000000032],[174.816902754555,-36.9114084790923,44.2847000000038],[174.816953375261,-36.9114279178679,44.1735000000044],[174.817003997134,-36.9114473575049,44.0623999999953],[174.81705461789,-36.9114667962358,43.9511999999959],[174.817105239814,-36.9114862358282,43.8399999999965],[174.817155860619,-36.9115056745144,43.7287999999971],[174.817206481471,-36.9115251140792,43.6177000000025],[174.81725710347,-36.9115445536046,43.5065000000031],[174.81730772435,-36.9115639922237,43.3953000000038],[174.817358345277,-36.9115834317216,43.2841000000044],[174.81740896733,-36.9116028702789,43.1729999999952],[174.817459588306,-36.911622309732,43.0617999999959],[174.817510209287,-36.9116417482618,42.9505999999965],[174.817560831436,-36.9116611876531,42.8393999999971],[174.817611452488,-36.9116806270392,42.7283000000025],[174.817662073543,-36.9117000655019,42.6171000000031],[174.817712695767,-36.9117195048262,42.5059000000037],[174.817763316873,-36.9117389432443,42.3947999999946],[174.817813938024,-36.911758382541,42.2835999999952],[174.817864560302,-36.9117778208972,42.1723999999958],[174.817915181504,-36.9117972601492,42.0611999999965],[174.817965803853,-36.9118166993617,41.9501000000018],[174.818016425083,-36.9118361376681,41.8389000000025],[174.81806704636,-36.9118555768531,41.7277000000031],[174.818117668763,-36.9118750150976,41.6165000000037],[174.81816829009,-36.9118944542379,41.5053999999946],[174.81821891142,-36.9119138924549,41.3941999999952],[174.818269533919,-36.9119333315334,41.2829999999958],[174.818320155321,-36.9119527706067,41.1717999999964],[174.818370776727,-36.9119722087566,41.0607000000018],[174.818421399301,-36.911991647768,40.9495000000024],[174.818472020756,-36.9120110858733,40.8383000000031],[174.818522642258,-36.9120305248572,40.7271000000037],[174.818573264886,-36.9120499629006,40.6159999999945],[174.818623886438,-36.9120694018398,40.5047999999952],[174.818674508015,-36.9120888407567,40.3935999999958],[174.818725130717,-36.9121082787331,40.2823999999964],[174.818775752344,-36.9121277176053,40.1713000000018],[174.818826375097,-36.912147155537,40.0601000000024],[174.818876996774,-36.9121665943644,39.9489000000031],[174.818927618454,-36.9121860322686,39.8377999999939],[174.818978241303,-36.9122054710342,39.7265999999945],[174.819028863055,-36.9122249097947,39.6153999999951],[174.819079484811,-36.9122443476318,39.5041999999958],[174.819130107735,-36.9122637863304,39.3931000000011],[174.81918072954,-36.9122832241229,39.2819000000018],[174.819231351392,-36.9123026627939,39.1707000000024],[174.81928197437,-36.9123221005245,39.059500000003],[174.819332596272,-36.9123415391509,38.9483999999939],[174.819383218199,-36.912360977755,38.8371999999945],[174.819433841252,-36.9123804154185,38.7259999999951],[174.819484463229,-36.9123998539778,38.6147999999957],[174.819535085209,-36.9124192916139,38.5037000000011],[174.819585708358,-36.9124387301114,38.3925000000017],[174.819636330389,-36.9124581677027,38.2813000000024],[174.819686953588,-36.9124776061555,38.170100000003],[174.81973757569,-36.9124970446031,38.0589999999938],[174.819788197796,-36.9125164821274,37.9477999999945],[174.81983882107,-36.9125359205132,37.8365999999951],[174.819889443226,-36.9125553579928,37.7255000000005],[174.819940065428,-36.912574796351,37.6143000000011],[174.819990688755,-36.9125942337688,37.5031000000017],[174.820041311007,-36.9126136720823,37.3919000000024],[174.820091933284,-36.9126331103735,37.2807999999932],[174.820142556687,-36.9126525477242,37.1695999999938],[174.820193179014,-36.9126719859708,37.0583999999944],[174.820243801345,-36.9126914232939,36.9471999999951],[174.820294424844,-36.9127108614786,36.8361000000004],[174.820345047225,-36.9127302987571,36.7249000000011],[174.820395669652,-36.9127497369142,36.6137000000017],[174.820446293226,-36.9127691750318,36.5025000000023],[174.820496915682,-36.9127886122433,36.3913999999932],[174.820547539306,-36.9128080503162,36.2801999999938],[174.820598161811,-36.9128274874829,36.1689999999944],[174.820648784363,-36.9128469255284,36.057799999995],[174.820699408041,-36.9128663626332,35.9467000000004],[174.820750030643,-36.912885800634,35.835500000001],[174.82080065327,-36.9129052386123,35.7243000000017],[174.820851277023,-36.9129246756502,35.6132000000071],[174.8209018997,-36.9129441135838,35.5019999999931],[174.820952522381,-36.9129635505942,35.3907999999938],[174.82100314623,-36.912982988466,35.2795999999944],[174.821053768961,-36.9130024254316,35.1684999999998],[174.821104391738,-36.9130218632759,35.0573000000004],[174.821155015662,-36.9130413010807,34.946100000001],[174.821205638468,-36.9130607379793,34.8349000000017],[174.82125626132,-36.9130801757565,34.723800000007],[174.821306885298,-36.9130996125932,34.6125999999931],[174.8213575082,-36.9131190503258,34.5013999999937],[174.821408132228,-36.9131384871178,34.3901999999944],[174.82145875518,-36.9131579248057,34.2790999999997],[174.821509378157,-36.9131773624712,34.1679000000004],[174.82156000226,-36.9131967991962,34.056700000001],[174.821610625287,-36.913216236817,33.9455000000016],[174.821661248318,-36.9132356735145,33.834400000007],[174.821711872517,-36.9132551110734,33.7231999999931],[174.821762495598,-36.9132745477262,33.6119999999937],[174.821813118725,-36.9132939852577,33.5007999999943],[174.821863742999,-36.9133134227495,33.3896999999997],[174.821914366155,-36.9133328593353,33.2785000000003],[174.821964989357,-36.9133522967997,33.167300000001],[174.822015613685,-36.9133717333235,33.0562000000064],[174.822066236937,-36.9133911707433,32.945000000007],[174.822116860193,-36.9134106072396,32.8337999999931],[174.822167484617,-36.9134300445974,32.7225999999937],[174.822218107944,-36.9134494819501,32.6114999999991],[174.822268732397,-36.9134689183622,32.5002999999997],[174.822319355774,-36.9134883556701,32.3891000000003],[174.822369979155,-36.9135077920547,32.277900000001],[174.822420603704,-36.9135272293008,32.1668000000063],[174.822471227135,-36.9135466656407,32.055600000007],[174.822521850612,-36.9135661028593,31.944399999993],[174.822572475237,-36.9135855400383,31.8331999999937],[174.822623098743,-36.9136049763112,31.722099999999],[174.822673722295,-36.9136244134627,31.6108999999997],[174.822724346973,-36.9136438496737,31.4997000000003],[174.822774970575,-36.9136632867805,31.3885000000009],[174.822825594181,-36.913682722964,31.2774000000063],[174.822876218955,-36.9137021600089,31.1662000000069],[174.822926842632,-36.9137215970487,31.054999999993],[174.822977466313,-36.9137410331652,30.9438999999984],[174.823028091162,-36.9137604701431,30.832699999999],[174.823078714893,-36.9137799062148,30.7214999999997],[174.823129339792,-36.913799343148,30.6103000000003],[174.823179963573,-36.913818779175,30.4992000000057],[174.8232305874,-36.9138382160808,30.3880000000063],[174.823281212375,-36.9138576529469,30.2768000000069],[174.823331836231,-36.9138770889069,30.165599999993],[174.823382460133,-36.9138965257456,30.0544999999984],[174.823433085161,-36.9139159616436,29.943299999999],[174.823483709113,-36.9139353984376,29.8320999999996],[174.823534333069,-36.9139548343082,29.7209000000003],[174.823584958193,-36.9139742710403,29.6098000000056],[174.82363558222,-36.9139937077671,29.4986000000063],[174.823686206251,-36.9140131435707,29.3874000000069],[174.823736831451,-36.9140325802357,29.276199999993],[174.823787455531,-36.9140520159946,29.1650999999983],[174.823838079659,-36.9140714526321,29.053899999999],[174.823888704912,-36.9140908883291,28.9426999999996],[174.823939329089,-36.9141103249219,28.831600000005],[174.823989954413,-36.9141297614751,28.7204000000056],[174.824040578619,-36.9141491971222,28.6092000000062],[174.824091202871,-36.914168633648,28.4980000000069],[174.824141828249,-36.9141880692332,28.3868999999977],[174.824192452552,-36.9142075057143,28.2756999999983],[174.824243076858,-36.914226941272,28.164499999999],[174.824293702332,-36.9142463776911,28.0532999999996],[174.824344326709,-36.9142658141052,27.942200000005],[174.82439495109,-36.9142852495959,27.8310000000056],[174.824445576639,-36.9143046859479,27.7198000000062],[174.82449620107,-36.9143241213939,27.6086000000068],[174.824546825548,-36.9143435577186,27.4974999999977],[174.824597451151,-36.9143629931026,27.3862999999983],[174.824648075678,-36.9143824293825,27.2750999999989],[174.82469870023,-36.9144018656401,27.1638999999996],[174.824749325908,-36.9144213009571,27.0528000000049],[174.82479995051,-36.91444073717,26.9416000000056],[174.824850576238,-36.9144601724423,26.8304000000062],[174.824901200891,-36.9144796086105,26.719299999997],[174.824951825547,-36.9144990438553,26.6080999999976],[174.825002451371,-36.9145184799615,26.4968999999983],[174.825053076098,-36.9145379160627,26.3856999999989],[174.825103700829,-36.9145573512404,26.2746000000043],[174.825154326729,-36.9145767872796,26.1634000000049],[174.82520495151,-36.9145962224127,26.0522000000055],[174.825255576337,-36.9146156584245,25.9410000000062],[174.82530620229,-36.9146350934956,25.829899999997],[174.825356827167,-36.9146545294626,25.7186999999976],[174.82540745207,-36.9146739654073,25.6074999999983],[174.825458078097,-36.9146934004114,25.4962999999989],[174.82550870305,-36.9147128363114,25.3852000000043],[174.825559328006,-36.914732271288,25.2740000000049],[174.82560995413,-36.914751707126,25.1628000000055],[174.825660579157,-36.914771142959,25.0516000000061],[174.825706354421,-36.9147887154724,24.9511000000057],[174.82571120531,-36.9147905778513,24.940499999997],[174.825761830388,-36.9148100136395,24.8292999999976],[174.825812455469,-36.9148294485044,24.7180999999982],[174.825863081718,-36.9148488842307,24.6068999999989],[174.825913706849,-36.9148683190508,24.4958000000042],[174.825964332026,-36.9148877547497,24.3846000000049],[174.826014958351,-36.9149071904089,24.2734000000055],[174.826065583557,-36.914926625162,24.1622999999963],[174.826116208809,-36.9149460607938,24.0510999999969],[174.826166835187,-36.9149654954849,23.9398999999976],[174.82621746049,-36.914984931072,23.8286999999982],[174.826268085795,-36.9150043657357,23.7176000000036],[174.82631871227,-36.9150238012609,23.6064000000042],[174.826369337647,-36.9150432367809,23.4952000000048]]]},"properties":{"OBJECTID":41,"TYPE":4,"SUBTYPE":null,"SCHEDULE":"O3","NAME":"One Tree Hill","VALIDATIONSTATE":3,"VERSIONSTATUS":4,"GlobalID":"4745d512-d9d8-468c-b309-7c69cad41bd4"}},{"type":"Feature","id":42,"geometry":{"type":"Polygon","coordinates":[[[174.785520729294,-36.9023013725698,109.934399999998],[174.78548106529,-36.9023367945865,110.029999999999],[174.785397766663,-36.9022764224798,110.029999999999],[174.78531472987,-36.9022158183393,110.029999999999],[174.785231954954,-36.9021549839675,110.029999999999],[174.785149443036,-36.9020939193481,110.029999999999],[174.785067196361,-36.902032624448,110.029999999999],[174.784985213849,-36.9019711010865,110.029999999999],[174.784903498886,-36.9019093501146,110.029999999999],[174.784822050352,-36.9018473715498,110.029999999999],[174.78474087051,-36.9017851662598,110.029999999999],[174.784659959382,-36.9017227351464,110.029999999999],[174.784646208082,-36.9017120509345,110.029999999999],[174.784634100398,-36.9017026435529,110.029999999999],[174.784579319234,-36.9016600790772,110.029999999999],[174.784498950085,-36.9015971989538,110.029999999999],[174.784418851936,-36.9015340947769,110.029999999999],[174.784339028195,-36.9014707682984,110.029999999999],[174.784259478862,-36.9014072195188,110.029999999999],[174.784180203978,-36.9013434502408,110.029999999999],[174.784101204646,-36.9012794595471,110.029999999999],[174.78402248315,-36.9012152492064,110.029999999999],[174.784019517439,-36.9012128132771,110.029999999999],[174.783944038411,-36.9011508210383,110.029999999999],[174.783865873752,-36.9010861731906,110.029999999999],[174.783787988136,-36.901021309285,110.029999999999],[174.783710383765,-36.9009562274861,110.029999999999],[174.7836330607,-36.9008909304976,110.029999999999],[174.783556020086,-36.9008254192042,110.029999999999],[174.783479263023,-36.9007596926886,110.029999999999],[174.783402790675,-36.9006937527365,110.029999999999],[174.783326603062,-36.9006276002495,110.029999999999],[174.78325070245,-36.9005612360955,110.029999999999],[174.783175088859,-36.900494661176,110.029999999999],[174.783100125541,-36.9004281972231,110.029999999999],[174.783099762289,-36.9004278754916,110.029999999999],[174.78306739878,-36.9003989805031,110.029999999999],[174.783024726149,-36.9003608807943,110.029999999999],[174.783000533064,-36.9003391297021,110.029999999999],[174.782949979315,-36.9002936771016,110.029999999999],[174.78291639905,-36.9002632734723,110.029999999999],[174.78287552293,-36.9002262652981,110.029999999999],[174.782801359281,-36.9001586471528,110.029999999999],[174.782765158881,-36.9001254093484,110.029999999999],[174.782740136175,-36.9001024349218,110.029999999999],[174.782727487224,-36.900090821782,110.029999999999],[174.782722894808,-36.900086575115,110.029999999999],[174.782653909065,-36.9000227918556,110.029999999999],[174.782580625927,-36.8999545573575,110.029999999999],[174.782507636688,-36.8998861183048,110.029999999999],[174.782434944775,-36.8998174773508,110.029999999999],[174.782362549046,-36.8997486336119,110.029999999999],[174.782290450664,-36.8996795888736,110.029999999999],[174.782218651873,-36.899610343103,110.029999999999],[174.782147152715,-36.8995408981026,110.029999999999],[174.782075954332,-36.8994712547571,110.029999999999],[174.782005056724,-36.8994014130672,110.029999999999],[174.781934461034,-36.8993313739174,110.029999999999],[174.781864168425,-36.8992611390936,110.029999999999],[174.781794180019,-36.8991907085795,110.029999999999],[174.781724495857,-36.8991200841776,110.029999999999],[174.781655118163,-36.8990492649539,110.029999999999],[174.781586045876,-36.8989782536287,110.029999999999],[174.78151728124,-36.8989070501689,110.029999999999],[174.781448824276,-36.8988356554761,110.029999999999],[174.781380676126,-36.8987640704351,110.029999999999],[174.781312837933,-36.8986922959305,110.029999999999],[174.781245310839,-36.8986203328471,110.029999999999],[174.781178093744,-36.8985481821032,110.029999999999],[174.781111190012,-36.898475843649,110.029999999999],[174.781044598583,-36.8984033202048,110.029999999999],[174.78097832058,-36.8983306117544,110.029999999999],[174.780912357145,-36.8982577191825,110.029999999999],[174.7808467094,-36.8981846424728,110.029999999999],[174.780781377406,-36.8981113843289,110.029999999999],[174.780716362264,-36.8980379438334,110.029999999999],[174.780651664016,-36.897964322789,110.029999999999],[174.780587284926,-36.8978905220636,110.029999999999],[174.780523224994,-36.8978165416576,110.029999999999],[174.780516164867,-36.8978083281572,110.029999999999],[174.780459485403,-36.897742384258,110.029999999999],[174.780396066133,-36.897668048964,110.029999999999],[174.780332968347,-36.8975935375616,110.029999999999],[174.780270193187,-36.8975188509354,110.029999999999],[174.780207740673,-36.897443989987,110.029999999999],[174.780145611948,-36.8973689556011,110.029999999999],[174.780083807032,-36.8972937486792,110.029999999999],[174.78002232819,-36.8972183700893,110.029999999999],[174.77996117542,-36.8971428198319,110.029999999999],[174.779900348785,-36.8970671006105,110.029999999999],[174.779839850508,-36.8969912114911,110.029999999999],[174.779779679529,-36.896915155194,110.029999999999],[174.779724511246,-36.8968448825939,110.029999999999],[174.77971983807,-36.896838930785,110.029999999999],[174.779660326193,-36.8967625409678,110.029999999999],[174.779601143876,-36.8966859848418,110.029999999999],[174.779542293427,-36.896609265077,110.029999999999],[174.779483774843,-36.8965323816739,110.029999999999],[174.779480820392,-36.8965284834895,110.029999999999],[174.779752020681,-36.8963958934112,109.518400000001],[174.807108517735,-36.8830158327802,57.8999999999942],[174.78948243746,-36.8987631660566,100.387199999997],[174.787830154626,-36.900238876827,104.369099999996],[174.785520729294,-36.9023013725698,109.934399999998]]]},"properties":{"OBJECTID":42,"TYPE":4,"SUBTYPE":null,"SCHEDULE":"O2","NAME":"One Tree Hill","VALIDATIONSTATE":3,"VERSIONSTATUS":4,"GlobalID":"8fc210dc-499a-4a21-9045-09f3b7912ff4"}},{"type":"Feature","id":43,"geometry":{"type":"Polygon","coordinates":[[[174.783023711676,-36.9077861970372,73.2437999999966],[174.734931338414,-36.930467284561,109.800000000003],[174.778449396691,-36.8992900172897,120.477100000004],[174.778642433774,-36.8991516308197,120.5245],[174.780516164867,-36.8978083281572,120.984400000001],[174.780864728972,-36.8975584296895,121.070000000007],[174.780939368605,-36.8976257084905,120.593399999998],[174.781013854925,-36.8976930968001,120.116800000003],[174.781088187911,-36.8977605937175,119.640199999994],[174.781162368704,-36.8978282001273,119.163499999995],[174.781236396142,-36.8978959142445,118.686900000001],[174.781310269124,-36.8979637369872,118.210300000006],[174.78138398875,-36.8980316674379,117.733699999997],[174.781457553898,-36.8980997056136,117.257100000003],[174.781530964568,-36.8981678515147,116.780499999993],[174.781604220739,-36.8982361042405,116.303899999999],[174.781677321311,-36.898304464709,115.8272],[174.781750267384,-36.8983729320027,115.350600000005],[174.781823056693,-36.8984415052546,114.873999999996],[174.781895691503,-36.8985101853322,114.397400000002],[174.781968170671,-36.8985789713517,113.920800000007],[174.782040493096,-36.8986478642312,113.444199999998],[174.782112659858,-36.8987168621521,112.967499999999],[174.782184668713,-36.8987859651484,112.490900000004],[174.782256521925,-36.8988551740876,112.014299999995],[174.782328218352,-36.898924488086,111.537700000001],[174.782399756851,-36.8989939062596,111.061100000006],[174.782471137442,-36.8990634295097,110.584499999997],[174.782542360105,-36.8991330569355,110.107900000003],[174.782613424839,-36.8992027885374,109.631200000003],[174.782684331644,-36.8992726243157,109.154599999994],[174.7827550805,-36.8993425633695,108.678],[174.782825670284,-36.8994126057161,108.201400000005],[174.782896101016,-36.8994827522566,107.724799999996],[174.782966371513,-36.8995530003053,107.248200000002],[174.783036484081,-36.8996233525317,106.771599999993],[174.783106436412,-36.8996938062668,106.294899999994],[174.783172357636,-36.8997604492403,105.844700000001],[174.783176228528,-36.8997643624119,105.818299999999],[174.783245860428,-36.8998350209671,105.341700000004],[174.783262092872,-36.89985155382,105.230299999996],[174.783315333214,-36.8999057810151,104.865099999995],[174.783384643519,-36.8999766426065,104.388500000001],[174.783417792847,-36.9000106606192,104.160000000003],[174.78343303957,-36.9000263069123,104.054900000003],[174.78345379471,-36.9000476056911,103.911900000006],[174.783456462356,-36.9000503534665,103.893500000006],[174.783469035955,-36.9000633052404,103.806599999996],[174.783488840967,-36.9000837061277,103.669699999999],[174.783522783398,-36.9001186694188,103.435200000007],[174.783591611829,-36.900189833756,102.958599999998],[174.7836602789,-36.9002610996211,102.482000000004],[174.783728783448,-36.9003324652289,102.005399999995],[174.783797125493,-36.900403931481,101.5288],[174.783865306137,-36.9004754974596,101.052200000006],[174.783933324257,-36.9005471631818,100.575599999996],[174.783993140441,-36.9006104254226,100.155400000003],[174.784001179833,-36.9006189277471,100.098899999997],[174.784068872884,-36.9006907920565,99.6223000000027],[174.784136402268,-36.9007627552264,99.1456999999937],[174.784203769107,-36.90083481724,98.6690999999992],[174.784270971135,-36.9009069772305,98.1925000000047],[174.784338010618,-36.9009792360652,97.7158999999956],[174.78440488529,-36.9010515928773,97.2393000000011],[174.784471596252,-36.9011240467491,96.7626000000018],[174.784538142403,-36.9011965985988,96.2859999999928],[174.784604523722,-36.9012692475256,95.8093999999983],[174.784649418596,-36.9013185691264,95.4863000000041],[174.78465195942,-36.9013213611416,95.4679999999935],[174.784670740209,-36.9013419935298,95.3328000000038],[174.784736791862,-36.9014148366117,94.8561999999947],[174.78480267754,-36.9014877758875,94.3796000000002],[174.784868398385,-36.9015608122415,93.902900000001],[174.784933953233,-36.9016339438888,93.4263000000064],[174.784999342105,-36.9017071717308,92.9496999999974],[174.785064564979,-36.9017804948667,92.4731000000029],[174.785129620733,-36.9018539133136,91.9964999999938],[174.785194510489,-36.901927427055,91.5198999999993],[174.785259233105,-36.9020010352069,91.0433000000048],[174.785323789722,-36.9020747386539,90.5666000000056],[174.785388178054,-36.9021485356278,90.0899999999965],[174.785452398123,-36.90222242703,89.613400000002],[174.785516452172,-36.902296412827,89.1367999999929],[174.785520729294,-36.9023013725698,89.1049000000057],[174.785580336793,-36.9023704912677,88.6601999999984],[174.785644054271,-36.9024446641206,88.1836000000039],[174.785707603443,-36.9025189296008,87.7069999999949],[174.785770983186,-36.9025932877254,87.2302999999956],[174.785834194643,-36.902667739379,86.7537000000011],[174.785897237771,-36.9027422827597,86.2771000000066],[174.785960110328,-36.9028169179015,85.8004999999976],[174.786022814576,-36.9028916456721,85.3239000000031],[174.786085349353,-36.9029664642864,84.847299999994],[174.786147713577,-36.9030413755637,84.3705999999947],[174.786209908308,-36.9031163767843,83.8940000000002],[174.786271932466,-36.9031914697674,83.4174000000057],[174.786333786007,-36.9032666527113,82.9407999999967],[174.786395468953,-36.9033419265172,82.4642000000022],[174.786456981283,-36.9034172902843,81.9875999999931],[174.786518322975,-36.903492743112,81.5109999999986],[174.786579492949,-36.9035682868194,81.0342999999993],[174.786640491163,-36.9036439196048,80.5577000000048],[174.786701317617,-36.9037196414683,80.0810999999958],[174.786761973432,-36.9037954523935,79.6045000000013],[174.786815316985,-36.9038623932968,79.1842000000033],[174.786822456343,-36.9038713515133,79.1279000000068],[174.786882766349,-36.903947338828,78.6512999999977],[174.786942904594,-36.9040234152219,78.1747000000032],[174.787002869913,-36.9040995789102,77.698000000004],[174.787062663449,-36.9041758307774,77.2213999999949],[174.787122282916,-36.9042521690553,76.7448000000004],[174.787181728355,-36.9043285955463,76.2682000000059],[174.787241001946,-36.9044051075139,75.7915999999968],[174.787300100388,-36.904481707712,75.3150000000023],[174.78735902586,-36.904558393404,74.8383000000031],[174.78741777724,-36.9046351646071,74.361699999994],[174.78747635457,-36.9047120231236,73.8850999999995],[174.787534756665,-36.9047889662677,73.408500000005],[174.787592984667,-36.9048659949236,72.9318999999959],[174.787651038575,-36.9049431090916,72.4553000000014],[174.787708916104,-36.9050203070039,71.9787000000069],[174.787766618418,-36.9050975904456,71.5019999999931],[174.787824146616,-36.9051749584993,71.0253999999986],[174.787881498413,-36.9052524093969,70.5488000000041],[174.787929214926,-36.9053171180369,70.150999999998],[174.787938673851,-36.9053299449408,70.0721999999951],[174.787995674029,-36.9054075642132,69.5956000000006],[174.788013049697,-36.905431289837,69.4499999999971],[174.784567512735,-36.907057578953,72.070000000007],[174.784417704895,-36.9071282842978,72.1839000000036],[174.784281390964,-36.9071926207114,72.2875000000058],[174.783091265809,-36.9077543148719,73.1923999999999],[174.783082313204,-36.9077585395318,73.1992000000027],[174.783023711676,-36.9077861970372,73.2437999999966]]]},"properties":{"OBJECTID":43,"TYPE":4,"SUBTYPE":null,"SCHEDULE":"O12","NAME":"One Tree Hill","VALIDATIONSTATE":3,"VERSIONSTATUS":4,"GlobalID":"2a94719e-163e-48d2-909e-485586f7eab4"}},{"type":"Feature","id":44,"geometry":{"type":"Polygon","coordinates":[[[174.777948933628,-36.9006395086541,108.649999999994],[174.780115375688,-36.9004098939692,108.649999999994],[174.782194508409,-36.9001895303502,108.649999999994],[174.783336643622,-36.9000684369,108.649999999994],[174.784688847193,-36.8999250914747,108.649999999994],[174.78972806249,-36.8993907059399,108.649999999994],[174.790520032051,-36.9403454998142,4.55999999999767],[174.788901232195,-36.9354145585601,17.3999999999942],[174.788492177759,-36.9342452605312,18.8000000000029],[174.788200770333,-36.9335862039772,18.6600000000035],[174.78773580625,-36.9327849313375,17.5099999999948],[174.787289830082,-36.9321838816988,15.6399999999994],[174.777948933628,-36.9006395086541,108.649999999994]]]},"properties":{"OBJECTID":44,"TYPE":4,"SUBTYPE":null,"SCHEDULE":"O11","NAME":"One Tree Hill","VALIDATIONSTATE":3,"VERSIONSTATUS":4,"GlobalID":"4e2ba617-ce82-40d9-8b49-607346e47e26"}},{"type":"Feature","id":45,"geometry":{"type":"Polygon","coordinates":[[[174.827344347069,-36.8614473023125,59.3899999999994],[174.788951630167,-36.9042184430269,111.839999999997],[174.780096486005,-36.8980827612755,114.080000000002],[174.824740342627,-36.8616391876736,58.6499999999942],[174.827344347069,-36.8614473023125,59.3899999999994]]]},"properties":{"OBJECTID":45,"TYPE":4,"SUBTYPE":null,"SCHEDULE":"O1","NAME":"One Tree Hill","VALIDATIONSTATE":3,"VERSIONSTATUS":4,"GlobalID":"ae330f03-935c-4c45-b96a-1c988b8766fe"}},{"type":"Feature","id":46,"geometry":{"type":"Polygon","coordinates":[[[174.771812240512,-36.923366494119,4.69000000000233],[174.778395211982,-36.9268213596472,4.72000000000116],[174.786696784023,-36.9486678370688,53.8999999999942],[174.779884229164,-36.9498475583074,52.0399999999936],[174.771812240512,-36.923366494119,4.69000000000233]]]},"properties":{"OBJECTID":46,"TYPE":4,"SUBTYPE":null,"SCHEDULE":"M6","NAME":"Mount Mangere","VALIDATIONSTATE":3,"VERSIONSTATUS":4,"GlobalID":"66e4b500-eda5-4b56-8243-b2d0cf529284"}},{"type":"Feature","id":47,"geometry":{"type":"Polygon","coordinates":[[[174.788428350552,-36.9336861544482,19.4700000000012],[174.782330619444,-36.9499292915502,57.1999999999971],[174.781521413411,-36.94969008202,57.1999999999971],[174.787983355429,-36.9328800438593,18.5399999999936],[174.788428350552,-36.9336861544482,19.4700000000012]]]},"properties":{"OBJECTID":47,"TYPE":4,"SUBTYPE":null,"SCHEDULE":"M5","NAME":"Mount Mangere","VALIDATIONSTATE":3,"VERSIONSTATUS":4,"GlobalID":"d3364474-7024-4c70-a161-7a51f3795e5f"}},{"type":"Feature","id":48,"geometry":{"type":"Polygon","coordinates":[[[174.787446396585,-36.9321339572412,16.4900000000052],[174.780648277595,-36.9494319181314,57.1999999999971],[174.779722302902,-36.9491581302516,57.1999999999971],[174.786827325023,-36.9314510638098,13.4199999999983],[174.787446396585,-36.9321339572412,16.4900000000052]]]},"properties":{"OBJECTID":48,"TYPE":4,"SUBTYPE":null,"SCHEDULE":"M5","NAME":"Mount Mangere","VALIDATIONSTATE":3,"VERSIONSTATUS":4,"GlobalID":"b964502c-5f7c-4efb-823f-a5828319966b"}},{"type":"Feature","id":49,"geometry":{"type":"Polygon","coordinates":[[[174.789066806986,-36.9354132428122,17.6600000000035],[174.783751581122,-36.9503494136392,57.1999999999971],[174.783053714372,-36.9501430653456,57.1999999999971],[174.788770102567,-36.934528593655,19.2400000000052],[174.789066806986,-36.9354132428122,17.6600000000035]]]},"properties":{"OBJECTID":49,"TYPE":4,"SUBTYPE":null,"SCHEDULE":"M5","NAME":"Mount Mangere","VALIDATIONSTATE":3,"VERSIONSTATUS":4,"GlobalID":"89df9848-8225-40ab-a5e8-ce7356621be5"}},{"type":"Feature","id":50,"geometry":{"type":"Polygon","coordinates":[[[174.787983355429,-36.9328800438593,18.5399999999936],[174.781521413411,-36.94969008202,57.1999999999971],[174.780648277595,-36.9494319181314,57.1999999999971],[174.787446396585,-36.9321339572412,16.4900000000052],[174.787983355429,-36.9328800438593,18.5399999999936]]]},"properties":{"OBJECTID":50,"TYPE":4,"SUBTYPE":null,"SCHEDULE":"M5","NAME":"Mount Mangere","VALIDATIONSTATE":3,"VERSIONSTATUS":4,"GlobalID":"d44c89ef-71e1-41cc-9aef-eeb12bf68094"}},{"type":"Feature","id":51,"geometry":{"type":"Polygon","coordinates":[[[174.789745618561,-36.937449344187,12.070000000007],[174.785353163998,-36.9508228487338,57.1999999999971],[174.783751581122,-36.9503494136392,57.1999999999971],[174.789066806986,-36.9354132428122,17.6600000000035],[174.789745618561,-36.937449344187,12.070000000007]]]},"properties":{"OBJECTID":51,"TYPE":4,"SUBTYPE":null,"SCHEDULE":"M5","NAME":"Mount Mangere","VALIDATIONSTATE":3,"VERSIONSTATUS":4,"GlobalID":"b0bbb8c0-7c8b-4933-b84d-01cc03da4b6b"}},{"type":"Feature","id":52,"geometry":{"type":"Polygon","coordinates":[[[174.788770102567,-36.934528593655,19.2400000000052],[174.783053714372,-36.9501430653456,57.1999999999971],[174.782330619444,-36.9499292915502,57.1999999999971],[174.788428350552,-36.9336861544482,19.4700000000012],[174.788770102567,-36.934528593655,19.2400000000052]]]},"properties":{"OBJECTID":52,"TYPE":4,"SUBTYPE":null,"SCHEDULE":"M5","NAME":"Mount Mangere","VALIDATIONSTATE":3,"VERSIONSTATUS":4,"GlobalID":"c5e30d85-6604-42a1-aeb3-c66af29af45e"}},{"type":"Feature","id":53,"geometry":{"type":"Polygon","coordinates":[[[174.802081325611,-36.965132220327,14.5299999999988],[174.779056406772,-36.9512464914319,41.5],[174.779429689951,-36.9509494559471,41.5],[174.800982185778,-36.9641922737707,16.4199999999983],[174.802081325611,-36.965132220327,14.5299999999988]]]},"properties":{"OBJECTID":53,"TYPE":4,"SUBTYPE":null,"SCHEDULE":"M4","NAME":"Mount Mangere","VALIDATIONSTATE":3,"VERSIONSTATUS":4,"GlobalID":"eb4c7348-5feb-4eb2-8188-2a57f7642a65"}},{"type":"Feature","id":54,"geometry":{"type":"Polygon","coordinates":[[[174.800982185778,-36.9641922737707,16.4199999999983],[174.779429689951,-36.9509494559471,41.5],[174.782362689534,-36.9486152867617,41.5],[174.800047958113,-36.9631270690708,16.8500000000058],[174.800982185778,-36.9641922737707,16.4199999999983]]]},"properties":{"OBJECTID":54,"TYPE":4,"SUBTYPE":null,"SCHEDULE":"M4","NAME":"Mount Mangere","VALIDATIONSTATE":3,"VERSIONSTATUS":4,"GlobalID":"843a2e54-9e42-4ade-97aa-69161fe4d338"}},{"type":"Feature","id":55,"geometry":{"type":"Polygon","coordinates":[[[174.800047958113,-36.9631270690708,16.8500000000058],[174.782362689534,-36.9486152867617,41.5],[174.785691743549,-36.9459658495865,41.5],[174.79948865116,-36.9623290387333,16.0399999999936],[174.800047958113,-36.9631270690708,16.8500000000058]]]},"properties":{"OBJECTID":55,"TYPE":4,"SUBTYPE":null,"SCHEDULE":"M4","NAME":"Mount Mangere","VALIDATIONSTATE":3,"VERSIONSTATUS":4,"GlobalID":"46e1e83e-310e-45ed-8b2f-5c3497bdc394"}},{"type":"Feature","id":56,"geometry":{"type":"Polygon","coordinates":[[[174.755502475919,-36.9032221214498,111.218299999993],[174.755496765188,-36.9032385633469,111.300000000003],[174.755388832732,-36.9032139115437,111.300000000003],[174.7552812137,-36.903188387922,111.300000000003],[174.755173920519,-36.9031619959041,111.300000000003],[174.755066963331,-36.9031347371438,111.300000000003],[174.754960353441,-36.9031066150801,111.300000000003],[174.754854102156,-36.9030776331524,111.300000000003],[174.754748219596,-36.9030477921134,111.300000000003],[174.754666392086,-36.9030239852104,111.300000000003],[174.754642715985,-36.903017097221,111.300000000003],[174.75453760261,-36.9029855510133,111.300000000003],[174.754432889631,-36.9029531560455,111.300000000003],[174.754328589497,-36.9029199166413,111.300000000003],[174.754224710105,-36.9028858344878,111.300000000003],[174.754121263924,-36.90285091481,111.300000000003],[174.754018261115,-36.9028151601628,111.300000000003],[174.753915711883,-36.9027785749035,111.300000000003],[174.753820757604,-36.9027438080779,111.300000000003],[174.753836200635,-36.9027169382747,111.1584],[174.753859714911,-36.9026760272092,110.942800000004],[174.753883228021,-36.9026351152549,110.727199999994],[174.753906741127,-36.9025942041973,110.511599999998],[174.753930255331,-36.9025532931189,110.296000000002],[174.753953768367,-36.9025123811518,110.080400000006],[174.7539772814,-36.9024714700815,109.864799999996],[174.754000795509,-36.9024305580893,109.6492],[174.754024308493,-36.9023896470104,109.433600000004],[174.754047821432,-36.9023487350262,109.217999999993],[174.754071334367,-36.9023078239389,109.002399999998],[174.754094848379,-36.9022669119296,108.786800000002],[174.754118361265,-36.9022260008337,108.571200000006],[174.754141874126,-36.9021850897335,108.355599999995],[174.754165388065,-36.9021441777114,108.139999999999],[174.754188900878,-36.9021032666027,107.924400000004],[174.754212413646,-36.9020623545887,107.708799999993],[174.754235927532,-36.9020214434549,107.493199999997],[174.754259440251,-36.9019805314323,107.277600000001],[174.754282952966,-36.9019396203065,107.062000000005],[174.754306466779,-36.9018987091599,106.846399999995],[174.754329979424,-36.9018577971246,106.630799999999],[174.754353492066,-36.901816885986,106.415200000003],[174.754377005785,-36.9017759739256,106.199600000007],[174.754400518378,-36.9017350627785,105.984100000001],[174.754424030926,-36.9016941507261,105.768500000006],[174.754447544593,-36.9016532395538,105.552899999995],[174.754471057092,-36.9016123274929,105.337299999999],[174.754494569587,-36.9015714163288,105.121700000003],[174.75451808318,-36.9015305051438,104.906099999993],[174.754541595606,-36.90148959307,104.690499999997],[174.754565108028,-36.9014486818931,104.474900000001],[174.754588621527,-36.9014077697943,104.259300000005],[174.754612133901,-36.9013668586088,104.043699999995],[174.754635646229,-36.901325946518,103.828099999999],[174.754659159675,-36.9012850353074,103.612500000003],[174.754682671955,-36.9012441232081,103.396900000007],[174.75470618423,-36.9012032120055,103.181299999997],[174.754729697604,-36.9011623007822,102.965700000001],[174.75475320981,-36.9011213886701,102.750100000005],[174.754776722012,-36.9010804774547,102.534499999994],[174.754800235292,-36.9010395653175,102.318899999998],[174.754823747445,-36.9009986540937,102.103300000002],[174.754847259554,-36.9009577419645,101.887700000007],[174.75487077278,-36.9009168307155,101.672099999996],[174.754894284861,-36.9008759194789,101.4565],[174.754917796896,-36.9008350073369,101.240900000004],[174.754941310049,-36.9007940960752,101.025299999994],[174.754964822036,-36.9007531839247,100.809699999998],[174.754988334018,-36.900712272671,100.594100000002],[174.755011847078,-36.9006713604954,100.378500000006],[174.755035359012,-36.9006304492331,100.162899999996],[174.755058870901,-36.9005895370656,99.9472999999998],[174.755082383907,-36.9005486257782,99.7317000000039],[174.755105895768,-36.9005077145032,99.5160999999935],[174.755129407584,-36.9004668023229,99.3004999999976],[174.755152919395,-36.9004258910393,99.0849000000017],[174.755176432284,-36.9003849788339,98.8693000000058],[174.755199944047,-36.9003440675418,98.6536999999953],[174.755223455765,-36.9003031553444,98.4380999999994],[174.755246968601,-36.9002622440272,98.2225000000035],[174.75527048027,-36.9002213318213,98.006899999993],[174.755293991935,-36.9001804205121,97.7912999999971],[174.755317504698,-36.9001395091822,97.5757000000012],[174.755341016293,-36.9000985969635,97.3601000000053],[174.755364527885,-36.9000576856415,97.1444999999949],[174.755388040554,-36.9000167733977,96.928899999999],[174.755411552097,-36.8999758620673,96.7133000000031],[174.755435063595,-36.8999349498315,96.4977000000072],[174.755458576212,-36.8998940384759,96.2820999999967],[174.755482087682,-36.8998531271326,96.0665000000008],[174.755505599106,-36.8998122148841,95.8509000000049],[174.755529111649,-36.8997713035157,95.6352999999945],[174.755552623025,-36.8997303912586,95.4196999999986],[174.755576134398,-36.8996894798983,95.2041999999929],[174.755599646847,-36.8996485676162,94.9885999999969],[174.75562315817,-36.8996076562473,94.773000000001],[174.755646669449,-36.8995667439732,94.5574000000051],[174.755670181845,-36.8995258325792,94.3417999999947],[174.755693693095,-36.8994849211976,94.1261999999988],[174.7557172043,-36.8994440089107,93.9106000000029],[174.755740716624,-36.8994030975039,93.695000000007],[174.75576422778,-36.8993621852085,93.4793999999965],[174.755787738932,-36.8993212738098,93.2638000000006],[174.755811251162,-36.8992803614892,93.0482000000047],[174.755834762265,-36.899239450082,92.8325999999943],[174.755858273345,-36.8991985386706,92.6169999999984],[174.755881785501,-36.8991576263372,92.4014000000025],[174.755905296531,-36.8991167149172,92.1858000000066],[174.755928807517,-36.8990758025919,91.9701999999961],[174.75595231962,-36.8990348911468,91.7546000000002],[174.755975830557,-36.898993978813,91.5390000000043],[174.755999341489,-36.8989530673759,91.3233999999939],[174.756022853499,-36.898912155017,91.107799999998],[174.756046364383,-36.8988712435714,90.892200000002],[174.756069875243,-36.8988303321216,90.6766000000061],[174.756093387179,-36.8987894197498,90.4609999999957],[174.75611689799,-36.8987485082915,90.2453999999998],[174.756140408755,-36.8987075959278,90.0298000000039],[174.756163919517,-36.8986666844609,89.8141999999934],[174.756187431356,-36.8986257720721,89.5985999999975],[174.756210942069,-36.8985848605967,89.3830000000016],[174.756234452737,-36.898543948216,89.1674000000057],[174.756257964523,-36.8985030367155,88.9517999999953],[174.756281475163,-36.8984621252273,88.7361999999994],[174.756304985758,-36.8984212128338,88.5206000000035],[174.756328497471,-36.8983803013204,88.304999999993],[174.756352008016,-36.8983393889184,88.0893999999971],[174.756375518559,-36.8982984774131,87.8738000000012],[174.756399030178,-36.898257564986,87.6582000000053],[174.756422540671,-36.8982166534722,87.4425999999949],[174.75644605114,-36.8981757419542,87.226999999999],[174.756469562686,-36.8981348295142,87.0114000000031],[174.756493073106,-36.8980939179877,86.7958000000071],[174.756516583481,-36.8980530055558,86.5801999999967],[174.756540094974,-36.8980120940041,86.3646000000008],[174.7565636053,-36.8979711815637,86.1490000000049],[174.756587115623,-36.89793027002,85.9333999999944],[174.756610627022,-36.8978893575545,85.7177999999985],[174.756634137295,-36.8978484460024,85.5022000000026],[174.756657647545,-36.897807534446,85.2866000000067],[174.756681158871,-36.8977666219677,85.0709999999963],[174.756704669071,-36.8977257104027,84.8554000000004],[174.756728179226,-36.8976847979325,84.6398000000045],[174.7567516905,-36.8976438863425,84.4242999999988],[174.756775200606,-36.8976029738637,84.2087000000029],[174.756798710709,-36.8975620622817,83.993100000007],[174.756822221889,-36.8975211497778,83.7774999999965],[174.756845731943,-36.8974802381873,83.5619000000006],[174.756869241972,-36.8974393265925,83.3463000000047],[174.756892753078,-36.8973984140758,83.1306999999942],[174.756916263059,-36.8973575024725,82.9150999999983],[174.756939772995,-36.8973165899639,82.6995000000024],[174.756963284048,-36.8972756783355,82.4839000000065],[174.756986793935,-36.8972347658184,82.2682999999961],[174.757010303818,-36.8971938541981,82.0527000000002],[174.757033814799,-36.8971529425569,81.8371000000043],[174.757057324612,-36.8971120300269,81.6214999999938],[174.757080834422,-36.8970711183938,81.4058999999979],[174.757104345309,-36.8970302058387,81.190300000002],[174.75712785507,-36.8969892941971,80.9747000000061],[174.757151364786,-36.8969483816501,80.7590999999957],[174.75717487562,-36.8969074699833,80.5434999999998],[174.757198385287,-36.8968665574279,80.3279000000039],[174.75722189495,-36.8968256457692,80.1122999999934],[174.757245404589,-36.8967847341062,79.8966999999975],[174.757268915305,-36.8967438215213,79.6811000000016],[174.757292424895,-36.8967029098498,79.4655000000057],[174.75731593444,-36.896661997273,79.2498999999953],[174.757339445103,-36.8966210855764,79.0342999999993],[174.757362954599,-36.8965801729911,78.8187000000034],[174.757386464092,-36.8965392613025,78.603099999993],[174.757409974682,-36.8964983495931,78.3874999999971],[174.757433484105,-36.896457436995,78.1719000000012],[174.757456993524,-36.8964165252937,77.9563000000053],[174.75748050402,-36.8963756126705,77.7406999999948],[174.75750401339,-36.8963347009606,77.5250999999989],[174.757527522716,-36.8962937883455,77.309500000003],[174.757551033159,-36.8962528766105,77.0939000000071],[174.757574542436,-36.8962119639868,76.8782999999967],[174.757598051709,-36.8961710522599,76.6627000000008],[174.757621562079,-36.8961301405121,76.4471000000049],[174.757645071282,-36.8960892278757,76.2314999999944],[174.757668580482,-36.896048316136,76.0158999999985],[174.757692090758,-36.8960074034744,75.8003000000026],[174.757715599909,-36.8959664917262,75.5847000000067],[174.757739109014,-36.8959255790727,75.3690999999963],[174.757762619238,-36.8958846672993,75.1535000000003],[174.757786128295,-36.8958437546373,74.9379000000044],[174.757809637348,-36.895802842872,74.722299999994],[174.757833147499,-36.8957619310859,74.5066999999981],[174.757856656482,-36.8957210184111,74.2911000000022],[174.757880165462,-36.895680106633,74.0755000000063],[174.757903675519,-36.8956391939331,73.8598999999958],[174.75792718445,-36.8955982821465,73.6444000000047],[174.757950693336,-36.8955573694547,73.4287999999942],[174.75797420334,-36.895516457643,73.2131999999983],[174.757997712198,-36.8954755458436,72.9976000000024],[174.758021221011,-36.895434633139,72.7820000000065],[174.758044730941,-36.8953937213145,72.5663999999961],[174.758068239705,-36.8953528086013,72.3508000000002],[174.758091748466,-36.8953118967849,72.1352000000043],[174.758115258303,-36.8952709840466,71.9195999999938],[174.758138767014,-36.8952300722217,71.7039999999979],[174.75816227568,-36.8951891594915,71.488400000002],[174.758185785465,-36.8951482476415,71.2728000000061],[174.758209294103,-36.8951073358037,71.0571999999956],[174.758232802696,-36.8950664230607,70.8415999999997],[174.758256312407,-36.8950255111979,70.6260000000038],[174.758279820951,-36.8949845984464,70.4103999999934],[174.758303329492,-36.8949436865916,70.1947999999975],[174.758326837987,-36.8949027738316,69.9792000000016],[174.758350347601,-36.8948618619517,69.7636000000057],[174.758373856048,-36.8948209491831,69.5479999999952],[174.758397364491,-36.8947800373114,69.3323999999993],[174.758420874031,-36.8947391254187,69.1168000000034],[174.758444382404,-36.8946982126373,68.901199999993],[174.758467890774,-36.8946573007528,68.6855999999971],[174.758481499003,-36.8946448969683,68.6116000000038],[174.758466426168,-36.8946882996664,68.8271999999997],[174.758451353317,-36.8947317023627,69.0427999999956],[174.758436280449,-36.8947751050572,69.2584000000061],[174.758421207566,-36.89481850775,69.474000000002],[174.758406134646,-36.8948619095399,69.6895999999979],[174.75839106173,-36.8949053122291,69.9051999999938],[174.758375988798,-36.8949487149166,70.1208000000042],[174.75836091585,-36.8949921176023,70.3364000000001],[174.758345842886,-36.8950355202863,70.551999999996],[174.758330769885,-36.8950789220674,70.7676000000065],[174.75831569801,-36.8951223247312,70.9832000000024],[174.758300624998,-36.8951657274098,71.1987999999983],[174.758285551969,-36.8952091300867,71.4143999999942],[174.758270478924,-36.8952525327618,71.6300000000047],[174.758255405842,-36.8952959345341,71.8456000000006],[174.758240332765,-36.8953393372057,72.0611999999965],[174.758225259671,-36.8953827398755,72.2768000000069],[174.758210186562,-36.8954261425435,72.4924000000028],[174.758195113436,-36.8954695452098,72.7079999999987],[174.758180040294,-36.8955129478743,72.9235999999946],[174.758164967115,-36.895556349636,73.1392000000051],[174.758149893941,-36.895599752297,73.354800000001],[174.758134820751,-36.8956431549562,73.5703999999969],[174.758119747544,-36.8956865576137,73.7859999999928],[174.758104674322,-36.8957299602693,74.0016000000032],[174.758089601062,-36.8957733620222,74.2171999999991],[174.758074527807,-36.8958167646744,74.432799999995],[174.758059454536,-36.8958601673247,74.6484000000055],[174.758044381249,-36.8959035699734,74.8640000000014],[174.758029307946,-36.8959469726202,75.0795999999973],[174.758014234605,-36.8959903743643,75.2951999999932],[174.75799916127,-36.8960337770076,75.5106999999989],[174.757984087918,-36.8960771796491,75.7262999999948],[174.75796901455,-36.8961205822889,75.9419000000053],[174.757953941166,-36.896163984927,76.1575000000012],[174.757938867745,-36.8962073866622,76.3730999999971],[174.757923794328,-36.8962507892967,76.588699999993],[174.757908720895,-36.8962941919294,76.8043000000034],[174.757893647447,-36.8963375945603,77.0198999999993],[174.757878573982,-36.8963809971895,77.2354999999952],[174.757863500501,-36.8964243998169,77.4511000000057],[174.757848426983,-36.8964678015416,77.6667000000016],[174.757833353469,-36.8965112041655,77.8822999999975],[174.75781827994,-36.8965546067876,78.0978999999934],[174.757803206394,-36.8965980094079,78.3135000000038],[174.757788132832,-36.8966414120265,78.5290999999997],[174.757773059233,-36.8966848137423,78.7446999999956],[174.757757985639,-36.8967282163574,78.9603000000061],[174.757742912029,-36.8967716189707,79.175900000002],[174.757727838402,-36.8968150215822,79.3914999999979],[174.75771276476,-36.896858424192,79.6070999999938],[174.75769769108,-36.8969018258989,79.8227000000043],[174.757682617405,-36.8969452285052,80.0383000000002],[174.757667543714,-36.8969886311096,80.2538999999961],[174.757652470007,-36.8970320337123,80.4695000000065],[174.757637396283,-36.8970754363133,80.6851000000024],[174.757622322544,-36.8971188389124,80.9006999999983],[174.757607248767,-36.8971622406088,81.1162999999942],[174.757592174995,-36.8972056432044,81.3319000000047],[174.757577101207,-36.8972490457983,81.5475000000006],[174.757562027403,-36.8972924483904,81.7630999999965],[174.757546953583,-36.8973358509807,81.9787000000069],[174.757531879725,-36.8973792526682,82.1943000000028],[174.757516805873,-36.897422655255,82.4098999999987],[174.757501732004,-36.8974660578401,82.6254999999946],[174.757486658119,-36.8975094604233,82.8411000000051],[174.757471584218,-36.8975528630049,83.056700000001],[174.75745651028,-36.8975962646835,83.2722999999969],[174.757441436346,-36.8976396672615,83.4878999999928],[174.757426362397,-36.8976830698377,83.7035000000033],[174.757411288431,-36.8977264724122,83.9190999999992],[174.757396214449,-36.8977698749848,84.1346999999951],[174.75738114043,-36.8978132766547,84.3503000000055],[174.757366067538,-36.8978566792072,84.5659000000014],[174.757350993508,-36.8979000817746,84.7814999999973],[174.757335919461,-36.8979434843402,84.9970999999932],[174.757320845398,-36.897986886904,85.2127000000037],[174.757305771319,-36.8980302894661,85.4282999999996],[174.757290697204,-36.8980736911254,85.6438000000053],[174.757275623092,-36.8981170936839,85.8594000000012],[174.757260548965,-36.8981604962407,86.0749999999971],[174.757245474822,-36.8982038987957,86.290599999993],[174.757230400662,-36.8982473013489,86.5062000000034],[174.757215326466,-36.8982907029994,86.7217999999993],[174.757200252274,-36.8983341055491,86.9373999999953],[174.757185178065,-36.898377508097,87.1530000000057],[174.757170103841,-36.8984209106432,87.3686000000016],[174.757155029601,-36.8984643131876,87.5841999999975],[174.757139955323,-36.8985077148292,87.7997999999934],[174.757124881051,-36.8985511173701,88.0154000000039],[174.757109806762,-36.8985945199092,88.2309999999998],[174.757094732457,-36.8986379224465,88.4465999999957],[174.757079658135,-36.8986813249821,88.6622000000061],[174.757064583798,-36.8987247275159,88.877800000002],[174.757049509424,-36.8987681291469,89.0933999999979],[174.757034435054,-36.8988115316771,89.3089999999938],[174.757019360668,-36.8988549342057,89.5246000000043],[174.757004286266,-36.8988983367324,89.7402000000002],[174.756989211848,-36.8989417392574,89.9557999999961],[174.756974137393,-36.8989851408795,90.1714000000065],[174.756959062943,-36.899028543401,90.3870000000024],[174.756943988476,-36.8990719459207,90.6025999999983],[174.756928913993,-36.8991153484386,90.8181999999942],[174.756913839494,-36.8991587509547,91.0338000000047],[174.756898764958,-36.899202152568,91.2494000000006],[174.756883690427,-36.8992455550806,91.4649999999965],[174.75686861588,-36.8992889575915,91.680600000007],[174.756853541316,-36.8993323601005,91.8962000000029],[174.756838466736,-36.8993757626079,92.1117999999988],[174.75682339212,-36.8994191642124,92.3273999999947],[174.756808317508,-36.8994625667161,92.5430000000051],[174.756793242879,-36.8995059692181,92.758600000001],[174.756778168235,-36.8995493717184,92.9741999999969],[174.756763093574,-36.8995927742168,93.1897999999928],[174.756748018898,-36.8996361767136,93.4054000000033],[174.756732944184,-36.8996795783075,93.6209999999992],[174.756717869475,-36.8997229808006,93.8365999999951],[174.75670279475,-36.899766383292,94.0522000000055],[174.756687720009,-36.8998097857817,94.2678000000014],[174.756672645251,-36.8998531882696,94.4833999999973],[174.756657570457,-36.8998965898546,94.6989999999932],[174.756642495667,-36.899939992339,94.9146000000037],[174.756627420861,-36.8999833948215,95.1301999999996],[174.756612346039,-36.9000267973023,95.3457999999955],[174.756597271201,-36.9000701997813,95.561400000006],[174.756582196326,-36.9001136013576,95.7770000000019],[174.756567121455,-36.9001570038331,95.992499999993],[174.756552046568,-36.9002004063068,96.2081000000035],[174.756536971665,-36.9002438087788,96.4236999999994],[174.756521896746,-36.900287211249,96.6392999999953],[174.756506821811,-36.9003306137174,96.8549000000057],[174.756491746839,-36.900374015283,97.0705000000016],[174.756476671871,-36.900417417748,97.2860999999975],[174.756461596888,-36.9004608202111,97.5016999999934],[174.756446521888,-36.9005042226725,97.7173000000039],[174.756431447993,-36.9005476251155,97.9328999999998],[174.756416372941,-36.9005910266723,98.1484999999957],[174.756401297892,-36.9006344291283,98.3641000000061],[174.756386222828,-36.9006778315826,98.579700000002],[174.756371147747,-36.9007212340352,98.795299999998],[174.75635607265,-36.9007646364859,99.0108999999939],[174.756340997517,-36.9008080380339,99.2265000000043],[174.756325922387,-36.9008514404811,99.4421000000002],[174.756310847242,-36.9008948429266,99.6576999999961],[174.756295772081,-36.9009382453703,99.8733000000066],[174.756280696903,-36.9009816478122,100.088900000002],[174.756265621688,-36.9010250493513,100.304499999998],[174.756250546478,-36.9010684517897,100.520099999994],[174.756235471252,-36.9011118542264,100.735700000005],[174.75622039601,-36.9011552566612,100.951300000001],[174.756205320752,-36.9011986590943,101.166899999997],[174.756190245477,-36.9012420615257,101.382500000007],[174.756175170166,-36.9012854630542,101.598100000003],[174.756160094859,-36.901328865482,101.813699999999],[174.756145019535,-36.901372267908,102.029299999995],[174.756129944196,-36.9014156703322,102.244900000005],[174.756114868841,-36.9014590727547,102.460500000001],[174.756099793449,-36.9015024742744,102.676099999997],[174.756084718061,-36.9015458766934,102.891699999993],[174.756069642657,-36.9015892791106,103.107300000003],[174.756054567237,-36.901632681526,103.322899999999],[174.756039491801,-36.9016760839396,103.538499999995],[174.756024416328,-36.9017194854505,103.754100000006],[174.756009340859,-36.9017628878606,103.969700000001],[174.755994265374,-36.9018062902689,104.185299999997],[174.755979189873,-36.9018496926755,104.400899999993],[174.755964114356,-36.9018930950804,104.616500000004],[174.755949038803,-36.9019364965824,104.8321],[174.755933963253,-36.9019798989837,105.047699999996],[174.755918887688,-36.9020233013832,105.263300000006],[174.755903812106,-36.9020667037809,105.478900000002],[174.755888736508,-36.9021101061769,105.694499999998],[174.755873660894,-36.9021535085711,105.910099999994],[174.755858585243,-36.9021969100625,106.125700000004],[174.755843509597,-36.9022403124532,106.341199999995],[174.755828433935,-36.9022837148421,106.556800000006],[174.755813358256,-36.9023271172292,106.772400000002],[174.755798282561,-36.9023705196146,106.987999999998],[174.75578320683,-36.9024139210972,107.203599999993],[174.755768131102,-36.9024573234791,107.419200000004],[174.755753055359,-36.9025007258591,107.6348],[174.7557379796,-36.9025441282374,107.850399999996],[174.755722903824,-36.902587530614,108.066000000006],[174.755707828012,-36.9026309320877,108.281600000002],[174.755692752204,-36.9026743344607,108.497199999998],[174.75567767638,-36.9027177368319,108.712799999994],[174.755662600539,-36.9027611392014,108.928400000004],[174.755647524683,-36.9028045415691,109.144],[174.75563244881,-36.9028479439351,109.359599999996],[174.755617372901,-36.9028913453982,109.575200000007],[174.755602296996,-36.9029347477606,109.790800000002],[174.755587221075,-36.9029781501212,110.006399999998],[174.755572145138,-36.9030215524801,110.221999999994],[174.755557069184,-36.9030649548372,110.437600000005],[174.755541993194,-36.9031083562915,110.653200000001],[174.755526917208,-36.903151758645,110.868799999997],[174.755511841206,-36.9031951609969,111.084400000007],[174.755502475919,-36.9032221214498,111.218299999993]]]},"properties":{"OBJECTID":56,"TYPE":4,"SUBTYPE":null,"SCHEDULE":"K2","NAME":"Big King","VALIDATIONSTATE":3,"VERSIONSTATUS":4,"GlobalID":"09b41cf7-1b8e-4681-a1d8-16448ab81617"}},{"type":"Feature","id":57,"geometry":{"type":"Polygon","coordinates":[[[174.755980145841,-36.9032743740561,95.2584999999963],[174.75596767009,-36.903316533832,95.3099999999977],[174.755858582584,-36.9032954111505,95.3099999999977],[174.755749670467,-36.9032737116227,95.3099999999977],[174.75564093827,-36.9032514369847,95.3099999999977],[174.755532391627,-36.9032285880551,95.3099999999977],[174.755502475919,-36.9032221214498,95.3099999999977],[174.755424033947,-36.9032051665866,95.3099999999977],[174.755315870841,-36.9031811724969,95.3099999999977],[174.755207906842,-36.903156607522,95.3099999999977],[174.755100145358,-36.9031314734149,95.3099999999977],[174.754992593103,-36.9031057691755,95.3099999999977],[174.754885254629,-36.9030794974411,95.3099999999977],[174.754778132202,-36.9030526590801,95.3099999999977],[174.7546712337,-36.903025254878,95.3099999999977],[174.754666392086,-36.9030239852104,95.3099999999977],[174.754564560287,-36.9029972866209,95.3099999999977],[174.75445811984,-36.9029687550944,95.3099999999977],[174.754351914646,-36.902939662068,95.3099999999977],[174.754245950316,-36.9029100074592,95.3099999999977],[174.754140231425,-36.9028797948067,95.3099999999977],[174.75403476244,-36.9028490231437,95.3099999999977],[174.753929547913,-36.9028176951076,95.3099999999977],[174.753824592355,-36.9027858115338,95.3099999999977],[174.753746021546,-36.9027615268638,95.3099999999977],[174.753766303075,-36.9027195143408,95.2563999999984],[174.753786584581,-36.9026775018146,95.2029000000039],[174.753806864944,-36.9026354893018,95.1493000000046],[174.753827146408,-36.9025934767693,95.0957999999955],[174.75384742785,-36.9025514642337,95.0421999999962],[174.753867709271,-36.9025094516948,94.9887000000017],[174.753887990691,-36.9024674400539,94.9351000000024],[174.753908270947,-36.9024254275253,94.8815999999933],[174.753928552303,-36.902383414977,94.8279999999941],[174.753948833638,-36.9023414024255,94.7743999999948],[174.753969114952,-36.9022993898708,94.7209000000003],[174.753989396244,-36.902257377313,94.667300000001],[174.754009677514,-36.9022153647521,94.6138000000064],[174.754029957641,-36.9021733522045,94.5602000000072],[174.754050238869,-36.9021313396372,94.5066999999981],[174.754070520075,-36.9020893270667,94.4530999999988],[174.75409080126,-36.9020473144931,94.3994999999995],[174.754111082444,-36.9020053028173,94.346000000005],[174.754131362464,-36.9019632902539,94.2924000000057],[174.754151643584,-36.9019212776708,94.2388999999966],[174.754171924683,-36.9018792650846,94.1852999999974],[174.754192205761,-36.9018372524951,94.1318000000028],[174.754212486817,-36.9017952399025,94.0782000000036],[174.75423276673,-36.9017532273233,94.0246999999945],[174.754253047743,-36.9017112147244,93.9710999999952],[174.754273328734,-36.9016692021223,93.9174999999959],[174.754293609705,-36.9016271895171,93.8640000000014],[174.754313890653,-36.9015851769086,93.8104000000021],[174.754334171581,-36.9015431642971,93.756899999993],[174.754354451385,-36.9015011525999,93.7032999999938],[174.75437473227,-36.901459139982,93.6497999999992],[174.754395013133,-36.9014171273609,93.5962],[174.754415293974,-36.9013751147367,93.5427000000054],[174.754435574794,-36.9013331021093,93.4891000000061],[174.754455854471,-36.9012910894953,93.4355000000069],[174.754476135248,-36.9012490768616,93.3819999999978],[174.754496416004,-36.9012070642247,93.3283999999985],[174.754516696738,-36.9011650515847,93.274900000004],[174.754536977451,-36.9011230389415,93.2213000000047],[174.754557257021,-36.9010810263117,93.1677999999956],[174.754577537711,-36.9010390145632,93.1141999999963],[174.75459781836,-36.9009970019105,93.0605999999971],[174.754618098987,-36.9009549892546,93.0071000000025],[174.754638379592,-36.9009129765956,92.9535000000033],[174.754658660176,-36.9008709639334,92.8999999999942],[174.754678939617,-36.9008289512847,92.8463999999949],[174.754699220158,-36.9007869386162,92.7929000000004],[174.754719500678,-36.9007449259445,92.7393000000011],[174.754739781176,-36.9007029132696,92.6858000000066],[174.754760061653,-36.9006609005916,92.6321999999927],[174.754780340987,-36.900618887927,92.5785999999935],[174.754800621421,-36.9005768752427,92.5250999999989],[174.754820901854,-36.9005348634563,92.4714999999997],[174.754841182245,-36.9004928507656,92.4180000000051],[174.754861462615,-36.9004508380718,92.3644000000058],[174.754881742963,-36.9004088253749,92.3108999999968],[174.754902022167,-36.9003668126913,92.2572999999975],[174.754922302473,-36.900324799988,92.203800000003],[174.754942582757,-36.9002827872816,92.1502000000037],[174.754962863019,-36.9002407745719,92.0966000000044],[174.75498314326,-36.9001987618591,92.0430999999953],[174.755003422357,-36.9001567491598,91.989499999996],[174.755023702555,-36.9001147364407,91.9360000000015],[174.755043982732,-36.9000727237184,91.8824000000022],[174.755064262908,-36.900030711894,91.8288999999932],[174.755084543041,-36.8999886991654,91.7752999999939],[174.755104822032,-36.8999466864502,91.7216999999946],[174.755125102122,-36.8999046737153,91.6682000000001],[174.755145382192,-36.8998626609772,91.6146000000008],[174.75516566224,-36.899820648236,91.5611000000063],[174.755185942266,-36.8997786354916,91.507500000007],[174.755206222271,-36.899736622744,91.4539999999979],[174.755226501133,-36.8996946100099,91.4003999999986],[174.755246781095,-36.899652597256,91.3469000000041],[174.755267061035,-36.8996105844989,91.2933000000048],[174.755287340975,-36.8995685726398,91.2397000000055],[174.755307620873,-36.8995265598764,91.1861999999965],[174.755327899627,-36.8994845471264,91.1325999999972],[174.755348179482,-36.8994425343567,91.0791000000027],[174.755368459315,-36.8994005215838,91.0255000000034],[174.755388739127,-36.8993585088078,90.9719999999943],[174.755409018918,-36.8993164960286,90.918399999995],[174.755429297565,-36.8992744832629,90.8649000000005],[174.755449577313,-36.8992324704774,90.8113000000012],[174.755469857039,-36.8991904576887,90.7577000000019],[174.755490136743,-36.8991484448968,90.7041999999929],[174.755510416427,-36.8991064321019,90.6505999999936],[174.755530696109,-36.8990644202047,90.597099999999],[174.755550974628,-36.89902240742,90.5434999999998],[174.755571254246,-36.8989803946155,90.4900000000052],[174.755591533844,-36.8989383818079,90.436400000006],[174.75561181342,-36.8988963689971,90.3828000000067],[174.755632092974,-36.8988543561831,90.3292999999976],[174.755652371386,-36.8988123433825,90.2756999999983],[174.755672650897,-36.8987703305623,90.2222000000038],[174.755692930387,-36.8987283177388,90.1686000000045],[174.755713209856,-36.8986863049122,90.1150999999954],[174.755733489304,-36.8986442920824,90.0614999999962],[174.75575376875,-36.8986022801505,90.0080000000016],[174.755774047033,-36.898560267331,89.9544000000024],[174.755794326416,-36.8985182544917,89.9008000000031],[174.755814605777,-36.8984762416493,89.847299999994],[174.755834885117,-36.8984342288037,89.7936999999947],[174.755855164436,-36.898392215955,89.7402000000002],[174.755875442611,-36.8983502031197,89.6866000000009],[174.755895721887,-36.8983081902646,89.6331000000064],[174.755916001141,-36.8982661774063,89.5795000000071],[174.755936280374,-36.898224164545,89.525999999998],[174.755956559585,-36.8981821516804,89.4723999999987],[174.755976837653,-36.8981401388293,89.4187999999995],[174.755997116843,-36.8980981268594,89.3653000000049],[174.75601739599,-36.8980561139854,89.3117000000057],[174.756037675115,-36.8980141011082,89.2581999999966],[174.756057954219,-36.8979720882278,89.2045999999973],[174.756078233302,-36.8979300753443,89.1511000000028],[174.756098511242,-36.8978880624742,89.0975000000035],[174.756118790281,-36.8978460495844,89.0439000000042],[174.7561390693,-36.8978040366913,88.9903999999951],[174.756159348297,-36.8977620237952,88.9367999999959],[174.756179627272,-36.8977200108958,88.8833000000013],[174.756199905104,-36.8976779980099,88.829700000002],[174.756220184037,-36.8976359851043,88.776199999993],[174.756240462969,-36.8975939730965,88.7225999999937],[174.756260741858,-36.8975519601845,88.6690999999992],[174.756281020727,-36.8975099472694,88.6154999999999],[174.756301298452,-36.8974679343677,88.5619000000006],[174.756321577277,-36.8974259214462,88.5084000000061],[174.756341856081,-36.8973839085216,88.4548000000068],[174.756362134863,-36.8973418955938,88.4012999999977],[174.756382413624,-36.8972998826629,88.3476999999984],[174.756402692364,-36.8972578697288,88.2942000000039],[174.75642296996,-36.8972158568081,88.2406000000046],[174.756443248657,-36.8971738438677,88.1870999999956],[174.756463527353,-36.8971318318251,88.1334999999963],[174.756483806007,-36.8970898188784,88.079899999997],[174.756504084639,-36.8970478059284,88.0264000000025],[174.756524362128,-36.897005792992,87.9728000000032],[174.756544640717,-36.8969637800357,87.9192999999941],[174.756564919285,-36.8969217670763,87.8656999999948],[174.756585197832,-36.8968797541138,87.8122000000003],[174.756605476357,-36.8968377411481,87.758600000001],[174.756625754861,-36.8967957281792,87.7050000000017],[174.756646032221,-36.8967537152238,87.6515000000072],[174.756666310682,-36.8967117022486,87.5978999999934],[174.756686589121,-36.8966696892702,87.5443999999989],[174.75670686756,-36.8966276771897,87.4907999999996],[174.756727145956,-36.896585664205,87.4373000000051],[174.75674742321,-36.8965436512338,87.3837000000058],[174.756767701563,-36.8965016382428,87.3301999999967],[174.756787979895,-36.8964596252486,87.2765999999974],[174.756808258206,-36.8964176122513,87.2229999999981],[174.756828536495,-36.8963755992508,87.1695000000036],[174.756848813641,-36.8963335862638,87.1159000000043],[174.756869091888,-36.8962915732569,87.0623999999953],[174.756889370112,-36.896249560247,87.008799999996],[174.756909648316,-36.8962075472338,86.9553000000014],[174.756929926519,-36.8961655351186,86.9017000000022],[174.756950204679,-36.8961235220991,86.8481999999931],[174.756970481696,-36.8960815090931,86.7945999999938],[174.756990759814,-36.8960394960673,86.7409999999945],[174.75701103791,-36.8959974830384,86.6875],[174.757031315985,-36.8959554700063,86.6339000000007],[174.757051594039,-36.8959134569711,86.5804000000062],[174.757071870949,-36.8958714439492,86.5268000000069],[174.757092148959,-36.8958294309077,86.4732999999978],[174.757112426948,-36.8957874178629,86.4196999999986],[174.757132704916,-36.895745404815,86.3660999999993],[174.757152982862,-36.895703391764,86.3126000000047],[174.757173259685,-36.8956613796274,86.2590000000055],[174.757193537589,-36.89561936657,86.2054999999964],[174.757213815471,-36.8955773535095,86.1518999999971],[174.757234093331,-36.8955353404458,86.0984000000026],[174.75725437117,-36.8954933273789,86.0448000000033],[174.757274648987,-36.8954513143089,85.9912999999942],[174.757294925662,-36.8954093012523,85.9376999999949],[174.757315203436,-36.895367288176,85.8840999999957],[174.757335481189,-36.8953252750964,85.8306000000011],[174.757355758921,-36.8952832620138,85.7770000000019],[174.757376036631,-36.895241248928,85.7234999999928],[174.757396313198,-36.8951992358556,85.6698999999935],[174.757416590886,-36.8951572236645,85.616399999999],[174.757436868532,-36.8951152105692,85.5627999999997],[174.757457146157,-36.8950731974707,85.5093000000052],[174.75747742376,-36.8950311843691,85.4557000000059],[174.757497701342,-36.8949891712643,85.4021000000066],[174.75751797778,-36.894947158173,85.3485999999975],[174.757538255319,-36.8949051450618,85.2949999999983],[174.757558532836,-36.8948631319476,85.2415000000037],[174.757578810332,-36.8948211188301,85.1879000000044],[174.757599087806,-36.8947791057095,85.1343999999954],[174.757619364137,-36.8947370926024,85.0807999999961],[174.75763964159,-36.8946950803765,85.0271999999968],[174.757659919,-36.8946530672465,84.9737000000023],[174.757680196388,-36.8946110541132,84.920100000003],[174.757700473756,-36.8945690409768,84.8665999999939],[174.757720749979,-36.8945270278539,84.8129999999946],[174.757741027304,-36.8944850147112,84.7595000000001],[174.757761304607,-36.8944430015653,84.7059000000008],[174.757781581888,-36.8944009884163,84.6524000000063],[174.757801859148,-36.8943589752641,84.598800000007],[174.757822136387,-36.8943169621088,84.5451999999932],[174.757842412482,-36.8942749489668,84.4916999999987],[174.757862689678,-36.8942329358052,84.4380999999994],[174.757882966873,-36.8941909235414,84.3846000000049],[174.757903244025,-36.8941489103734,84.3310000000056],[174.757923521157,-36.8941068972023,84.2774999999965],[174.757943797145,-36.8940648840445,84.2238999999972],[174.757964074233,-36.8940228708671,84.1704000000027],[174.7579843513,-36.8939808576864,84.1168000000034],[174.758004628346,-36.8939388445026,84.0632000000041],[174.75802490537,-36.8938968313157,84.0096999999951],[174.758045182373,-36.8938548181256,83.9560999999958],[174.758065458232,-36.8938128049489,83.9026000000013],[174.758085735192,-36.8937707917525,83.849000000002],[174.758106012151,-36.893728779454,83.7954999999929],[174.758126289068,-36.8936867662512,83.7418999999936],[174.758146565964,-36.8936447530453,83.6882999999943],[174.758166841716,-36.8936027398528,83.6347999999998],[174.758187118569,-36.8935607266406,83.5812000000005],[174.7582073954,-36.8935187134252,83.527700000006],[174.75822767221,-36.8934767002067,83.4741000000067],[174.758247948998,-36.893434686985,83.4205999999976],[174.758268224643,-36.8933926737767,83.3669999999984],[174.758288501389,-36.8933506605487,83.3135000000038],[174.758308778113,-36.8933086473175,83.2599000000046],[174.758329054815,-36.8932666340831,83.2063000000053],[174.758349331517,-36.8932246217467,83.1527999999962],[174.758369608177,-36.893182608506,83.0991999999969],[174.758389883693,-36.8931405952788,83.0457000000024],[174.75841016031,-36.8930985820318,82.9921000000031],[174.758430436905,-36.8930565687817,82.938599999994],[174.758450713479,-36.8930145555284,82.8849999999948],[174.758470990032,-36.8929725422719,82.8315000000002],[174.758491265441,-36.8929305290289,82.777900000001],[174.758511541951,-36.8928885157661,82.7243000000017],[174.758531818439,-36.8928465025001,82.6708000000071],[174.758552094905,-36.892804489231,82.6171999999933],[174.758572371371,-36.8927624768598,82.5636999999988],[174.758592646673,-36.892720463601,82.5100999999995],[174.758612923076,-36.8926784503224,82.456600000005],[174.758633199457,-36.8926364370407,82.4030000000057],[174.758653475816,-36.8925944237558,82.3494000000064],[174.758673752155,-36.8925524104678,82.2958999999973],[174.758694028471,-36.8925103971765,82.2422999999981],[174.758714303645,-36.8924683838987,82.1888000000035],[174.758734579919,-36.8924263706012,82.1352000000043],[174.758754856171,-36.8923843573005,82.0816999999952],[174.758775132402,-36.8923423439967,82.0280999999959],[174.758795408611,-36.8923003306896,81.9746000000014],[174.758815683698,-36.8922583182971,81.9210000000021],[174.758835959865,-36.8922163049838,81.8674000000028],[174.75885623601,-36.8921742916673,81.8138999999937],[174.758876512134,-36.8921322783476,81.7602999999945],[174.758896788236,-36.8920902650248,81.7067999999999],[174.758917064317,-36.8920482516989,81.6532000000007],[174.758937339255,-36.8920062383864,81.5997000000061],[174.758957615293,-36.891964225054,81.5461000000068],[174.758977891309,-36.8919222117186,81.4925999999978],[174.758998167304,-36.89188019838,81.4389999999985],[174.759018443278,-36.8918381850383,81.3853999999992],[174.759038718108,-36.8917961717099,81.3319000000047],[174.75905899406,-36.8917541592629,81.2783000000054],[174.759079269969,-36.8917121459116,81.2247999999963],[174.759099545857,-36.8916701325572,81.171199999997],[174.759119821724,-36.8916281191997,81.1177000000025],[174.759140096447,-36.8915861058556,81.0641000000032],[174.75916037227,-36.8915440924917,81.010500000004],[174.759180648073,-36.8915020791247,80.9569999999949],[174.759200923853,-36.8914600657545,80.9033999999956],[174.759221199613,-36.8914180523811,80.8499000000011],[174.759241475351,-36.8913760390046,80.7963000000018],[174.759261749945,-36.8913340256415,80.7428000000073],[174.759282025661,-36.8912920131597,80.6891999999934],[174.759302301334,-36.8912499997737,80.6356999999989],[174.759322576987,-36.8912079863846,80.5820999999996],[174.759342852617,-36.8911659729923,80.5285000000003],[174.759363127105,-36.8911239596134,80.4750000000058],[174.759383402693,-36.8910819462148,80.4214000000065],[174.759403678259,-36.891039932813,80.3678999999975],[174.759423953804,-36.8909979194081,80.3142999999982],[174.759444229327,-36.890955906,80.2608000000037],[174.759464503708,-36.8909138926053,80.2072000000044],[174.759484779188,-36.8908718791909,80.1536999999953],[174.759505054648,-36.8908298657733,80.100099999996],[174.759525330106,-36.8907878532536,80.0464999999967],[174.759545605522,-36.8907458398297,79.9930000000022],[174.759565880917,-36.8907038264027,79.9394000000029],[174.759586155169,-36.890661812989,79.8858999999939],[174.759606430521,-36.8906197995557,79.8322999999946],[174.759626705852,-36.8905777861192,79.7788],[174.759646981161,-36.8905357726795,79.7252000000008],[174.759667256449,-36.8904937592366,79.6716000000015],[174.759687530593,-36.8904517458072,79.618100000007],[174.759707805838,-36.8904097323581,79.5644999999931],[174.759728081061,-36.8903677189057,79.5109999999986],[174.759748356284,-36.8903257063513,79.4573999999993],[174.759768631465,-36.8902836928926,79.4039000000048],[174.759788906624,-36.8902416794308,79.3503000000055],[174.75980918064,-36.8901996659825,79.2967999999964],[174.759829455756,-36.8901576525144,79.2431999999972],[174.759849730851,-36.8901156390431,79.1895999999979],[174.759870005924,-36.8900736255686,79.1361000000034],[174.759890280976,-36.8900316120911,79.0825000000041],[174.759909919323,-36.8899912412706,79.0310000000027],[174.759896952021,-36.8900350798616,79.084600000002],[174.759883984725,-36.8900789193524,79.1380999999965],[174.759871017395,-36.8901227579408,79.1916999999958],[174.75985805005,-36.8901665965279,79.2452000000048],[174.759845081591,-36.8902104360312,79.2988000000041],[174.759832114219,-36.8902542746156,79.3524000000034],[174.759819146833,-36.8902981131987,79.4058999999979],[174.759806179454,-36.8903419526814,79.4594999999972],[174.759793212041,-36.8903857912618,79.5130000000063],[174.759780244613,-36.8904296298409,79.5666000000056],[174.759767277193,-36.8904734693196,79.6201000000001],[174.759754308616,-36.8905173079126,79.6736999999994],[174.759741341167,-36.8905611473887,79.7272999999986],[174.759728373684,-36.8906049859624,79.7807999999932],[174.759715406187,-36.8906488245348,79.834400000007],[174.759702438697,-36.8906926640069,79.8879000000015],[174.759689471173,-36.8907365025766,79.9415000000008],[174.759676503634,-36.890780341145,79.9949999999953],[174.759663534981,-36.8908241806297,80.0485999999946],[174.759650567415,-36.8908680191954,80.1021000000037],[174.759637599835,-36.8909118577598,80.155700000003],[174.759624632262,-36.8909556972239,80.2093000000023],[174.759611664654,-36.8909995357856,80.2627999999968],[174.759598697053,-36.891043375247,80.3163999999961],[174.759585729417,-36.8910872138061,80.3699000000051],[174.759572760646,-36.8911310523804,80.4235000000044],[174.759559793003,-36.8911748918379,80.476999999999],[174.759546825326,-36.8912187303929,80.5305999999982],[174.759533857635,-36.8912625689466,80.5840999999928],[174.759520889951,-36.8913064084,80.6377000000066],[174.759507922232,-36.8913502469511,80.6913000000059],[174.759494953399,-36.8913940864185,80.7448000000004],[174.759481985652,-36.8914379249668,80.7983999999997],[174.759469017892,-36.8914817635139,80.8518999999942],[174.759456050138,-36.8915256029606,80.9054999999935],[174.75944308235,-36.891569441505,80.9590000000026],[174.759430114548,-36.8916132800481,81.0126000000018],[174.759417146753,-36.8916571194908,81.0662000000011],[174.759404177801,-36.8917009580478,81.1196999999956],[174.759391209958,-36.8917447965869,81.1732999999949],[174.759378242121,-36.8917886360256,81.226800000004],[174.759365274249,-36.891832474562,81.2804000000033],[174.759352306385,-36.8918763139981,81.3338999999978],[174.759339338486,-36.8919201525318,81.3874999999971],[174.759326370573,-36.8919639910642,81.4410000000062],[174.759313401545,-36.8920078305129,81.4946000000054],[174.759300433604,-36.8920516690426,81.5482000000047],[174.759287465649,-36.892095507571,81.6016999999993],[174.759274497702,-36.8921393469991,81.6552999999985],[174.759261529719,-36.8921831855248,81.7087999999931],[174.759248561723,-36.8922270240492,81.7624000000069],[174.759235593734,-36.8922708634733,81.8159000000014],[174.759222624588,-36.8923147020116,81.8695000000007],[174.759209656571,-36.892358541433,81.9229999999952],[174.759196688519,-36.8924023799521,81.9765999999945],[174.759183720453,-36.8924462184698,82.0301999999938],[174.759170752395,-36.8924900578872,82.0837000000029],[174.759157784301,-36.8925338964022,82.1373000000021],[174.759144816194,-36.8925777349159,82.1907999999967],[174.759131846972,-36.892621574346,82.2443999999959],[174.759118878837,-36.892665412857,82.297900000005],[174.759105910688,-36.8927092513667,82.3515000000043],[174.759092942546,-36.8927530907761,82.4051000000036],[174.75907997437,-36.8927969292832,82.4585999999981],[174.7590670062,-36.8928407686899,82.5121999999974],[174.759054037995,-36.8928846071943,82.5657000000065],[174.759041068655,-36.8929284457139,82.6193000000058],[174.759028100444,-36.8929722851167,82.6728000000003],[174.759015132198,-36.8930161236171,82.7263999999996],[174.759002163938,-36.8930599621161,82.7798999999941],[174.758989195685,-36.8931038015148,82.8334999999934],[174.758976227398,-36.8931476400112,82.8871000000072],[174.758963259117,-36.8931914794073,82.9406000000017],[174.75895028968,-36.8932353179176,82.994200000001],[174.758937321351,-36.89327915641,83.0476999999955],[174.758924353028,-36.8933229958021,83.1012999999948],[174.758911384671,-36.8933668342918,83.1548000000039],[174.7588984163,-36.8934106727801,83.2084000000032],[174.758885447936,-36.8934545121682,83.2618999999977],[174.758872479538,-36.8934983506539,83.315499999997],[174.758859510004,-36.8935421891549,83.3690999999963],[174.758846541598,-36.893586028539,83.4226000000053],[174.758833573158,-36.8936298670207,83.4762000000046],[174.758820604724,-36.8936737064021,83.5296999999991],[174.758807636257,-36.8937175448811,83.5832999999984],[174.758794667775,-36.8937613833588,83.6367999999929],[174.7587816993,-36.8938052227362,83.6904000000068],[174.758768729668,-36.8938490612279,83.7440000000061],[174.758755761145,-36.8938928997016,83.7975000000006],[174.758742792628,-36.8939367390749,83.8510999999999],[174.758729824077,-36.893980577546,83.9045999999944],[174.758716855512,-36.8940244160157,83.9581999999937],[174.758703886954,-36.8940682553851,84.0117000000027],[174.758690918361,-36.8941120938521,84.065300000002],[174.758677948653,-36.8941559332355,84.1187999999966],[174.758664980033,-36.8941997716998,84.1723999999958],[174.758652011398,-36.8942436101628,84.2259999999951],[174.758639042771,-36.8942874495256,84.2795000000042],[174.758626074108,-36.8943312879859,84.3331000000035],[174.758613105432,-36.894375126445,84.386599999998],[174.758600136763,-36.8944189658037,84.4401999999973],[174.758587166937,-36.8944628042767,84.4937000000064],[174.75857419822,-36.8945066427317,84.5473000000056],[174.758561229509,-36.8945504820864,84.6008000000002],[174.758548260763,-36.8945943205388,84.6543999999994],[174.758535292025,-36.8946381598908,84.7079999999987],[174.758522323252,-36.8946819983405,84.7614999999932],[174.758509354465,-36.8947258367889,84.8151000000071],[174.758496384562,-36.8947696761535,84.8686000000016],[174.758483415748,-36.8948135145992,84.9222000000009],[174.758470446919,-36.8948573530436,84.9756999999954],[174.758457478097,-36.8949011923876,85.0292999999947],[174.758444509241,-36.8949450308293,85.082899999994],[174.758431540391,-36.8949888701707,85.1364000000031],[174.758418571507,-36.8950327086097,85.1900000000023],[174.758405601487,-36.895076547064,85.2434999999969],[174.758392632596,-36.8951203864014,85.2970999999961],[174.75837966367,-36.8951642248364,85.3506000000052],[174.75836669473,-36.8952080632701,85.4042000000045],[174.758353725797,-36.8952519026035,85.457699999999],[174.75834075683,-36.8952957410345,85.5112999999983],[174.758327787848,-36.8953395794641,85.5648999999976],[174.758314817752,-36.8953834188101,85.6184000000067],[174.758301848743,-36.8954272572372,85.6720000000059],[174.758288879741,-36.8954710965639,85.7255000000005],[174.758275910704,-36.8955149349882,85.7790999999997],[174.758262941653,-36.8955587734112,85.8325999999943],[174.758249972609,-36.8956026127339,85.8861999999936],[174.758237003531,-36.8956464511543,85.9397000000026],[174.758224033317,-36.8956902895899,85.9933000000019],[174.758211064231,-36.8957341289086,86.0469000000012],[174.758198095111,-36.8957779673249,86.1003999999957],[174.758185125977,-36.8958218057399,86.153999999995],[174.75817215685,-36.8958656450546,86.2075000000041],[174.758159187688,-36.8959094834669,86.2611000000034],[174.758146218533,-36.895953322779,86.3145999999979],[174.758133248222,-36.8959971612053,86.3681999999972],[174.758120279019,-36.8960409996136,86.4217999999964],[174.758107309822,-36.8960848389216,86.4753000000055],[174.758094340591,-36.8961286773273,86.5289000000048],[174.758081371346,-36.8961725157316,86.5823999999993],[174.758068402108,-36.8962163550357,86.6359999999986],[174.758055432835,-36.8962601934373,86.6894999999931],[174.758042462427,-36.8963040318542,86.743100000007],[174.758029493147,-36.8963478711542,86.7966000000015],[174.758016523832,-36.8963917095519,86.8502000000008],[174.758003554525,-36.8964355488493,86.9038],[174.757990585183,-36.8964793872443,86.9572999999946],[174.757977615827,-36.8965232256379,87.0108999999939],[174.757964646477,-36.8965670649313,87.0644000000029],[174.757951675972,-36.8966109033389,87.1180000000022],[174.757938706574,-36.8966547417285,87.1714999999967],[174.757925737183,-36.8966985810179,87.225099999996],[174.757912767758,-36.8967424194049,87.2786000000051],[174.757899798339,-36.8967862586915,87.3322000000044],[174.757886828886,-36.8968300970758,87.3858000000037],[174.757873859419,-36.8968739354588,87.4392999999982],[174.757860888837,-36.8969177747581,87.4928999999975],[174.757847919342,-36.8969616131384,87.5464000000065],[174.757834949834,-36.8970054515174,87.6000000000058],[174.757821980332,-36.8970492907961,87.6535000000003],[174.757809010795,-36.8970931291724,87.7070999999996],[174.757796041245,-36.8971369675474,87.7606999999989],[174.757783071702,-36.897180806822,87.8141999999934],[174.757770101002,-36.8972246452109,87.8678000000073],[174.75775713143,-36.897268484483,87.9213000000018],[174.757744161825,-36.8973123228526,87.9749000000011],[174.757731192205,-36.8973561612209,88.0283999999956],[174.757718222592,-36.8974000004889,88.0819999999949],[174.757705252945,-36.8974438388545,88.135500000004],[174.757692283283,-36.8974876772188,88.1891000000032],[174.757679312507,-36.8975315164994,88.2427000000025],[174.757666342818,-36.8975753548611,88.296199999997],[174.757653373115,-36.8976191932214,88.3497999999963],[174.757640403419,-36.8976630324814,88.4033000000054],[174.757627433688,-36.897706870839,88.4569000000047],[174.757614463964,-36.8977507100963,88.5103999999992],[174.757601494206,-36.8977945484513,88.5639999999985],[174.757588523311,-36.8978383868215,88.617499999993],[174.757575553546,-36.8978822260748,88.6711000000068],[174.757562583746,-36.8979260644258,88.7247000000061],[174.757549613932,-36.8979699027754,88.7782000000007],[174.757536644124,-36.8980137420247,88.8317999999999],[174.757523674283,-36.8980575803717,88.8852999999945],[174.757510704427,-36.8981014187173,88.9388999999937],[174.757497733456,-36.8981452579792,88.9924000000028],[174.757484763573,-36.8981890963222,89.0460000000021],[174.757471793696,-36.8982329355648,89.0996000000014],[174.757458823785,-36.8982767739051,89.1530999999959],[174.75744585386,-36.898320612244,89.2066999999952],[174.757432883942,-36.8983644514827,89.2602000000043],[174.757419913989,-36.8984082898189,89.3138000000035],[174.757406942901,-36.8984521281705,89.3672999999981],[174.757393972941,-36.8984959674051,89.4208999999973],[174.757381002946,-36.8985398057374,89.4744000000064],[174.757368032959,-36.8985836449694,89.5280000000057],[174.757355062937,-36.898627483299,89.581600000005],[174.757342092901,-36.8986713216272,89.6350999999995],[174.757329121749,-36.8987151608718,89.6886999999988],[174.757316151686,-36.8987589991974,89.7421999999933],[174.757303181608,-36.8988028375217,89.7958000000071],[174.757290211537,-36.8988466767456,89.8493000000017],[174.757277241432,-36.8988905150672,89.902900000001],[174.757264271312,-36.8989343533875,89.9563999999955],[174.7572513012,-36.8989781926074,90.0099999999948],[174.757238329931,-36.8990220309416,90.063599999994],[174.75722535979,-36.8990658701589,90.1171000000031],[174.757212389615,-36.8991097084738,90.1707000000024],[174.757199419427,-36.8991535467874,90.2241999999969],[174.757186449245,-36.8991973860007,90.2777999999962],[174.757173479028,-36.8992412243116,90.3313000000053],[174.757160508798,-36.8992850626212,90.3849000000046],[174.757147537452,-36.8993289018471,90.4385000000038],[174.757134567194,-36.899372740154,90.4919999999984],[174.757121596922,-36.8994165784596,90.5455999999976],[174.757108626657,-36.8994604176648,90.5991000000067],[174.757095656357,-36.8995042559678,90.652700000006],[174.757082686064,-36.8995480951704,90.7062000000005],[174.757069715737,-36.8995919334706,90.7597999999998],[174.757056744273,-36.8996357717861,90.8132999999943],[174.757043773939,-36.8996796109847,90.8668999999936],[174.75703080357,-36.8997234492809,90.9204999999929],[174.757017833186,-36.8997672875758,90.974000000002],[174.75700486281,-36.8998111267704,91.0276000000013],[174.756991892399,-36.8998549650627,91.0810999999958],[174.756978921975,-36.8998988033536,91.1346999999951],[174.756965950435,-36.8999426425608,91.1882000000041],[174.756952979982,-36.899986480849,91.2418000000034],[174.756940009537,-36.9000303200369,91.295299999998],[174.756927039056,-36.9000741583225,91.3488999999972],[174.756914068562,-36.9001179966067,91.4024999999965],[174.756901098075,-36.9001618357906,91.4560000000056],[174.756888127553,-36.9002056740722,91.5096000000049],[174.756875155895,-36.900249512369,91.5630999999994],[174.756862185366,-36.9002933515489,91.6166999999987],[174.756849214803,-36.9003371898264,91.6701999999932],[174.756836244246,-36.9003810290037,91.723800000007],[174.756823273655,-36.9004248672786,91.7774000000063],[174.75681030305,-36.9004687055521,91.8309000000008],[174.756797332451,-36.9005125447254,91.8845000000001],[174.756784360696,-36.9005563830128,91.9379999999946],[174.75677139005,-36.9006002212824,91.9915999999939],[174.75675841941,-36.9006440604516,92.045100000003],[174.756745448735,-36.9006878987185,92.0987000000023],[174.756732478047,-36.900731736984,92.1521999999968],[174.756719507365,-36.9007755761492,92.2057999999961],[174.756706536649,-36.9008194144121,92.2593999999954],[174.756693564817,-36.9008632535912,92.3129000000044],[174.756680594073,-36.9009070918514,92.3665000000037],[174.756667623315,-36.9009509301103,92.4199999999983],[174.756654652564,-36.9009947692689,92.4735999999975],[174.756641681779,-36.901038607525,92.5271000000066],[174.756628710979,-36.9010824457799,92.5807000000059],[174.756615740186,-36.9011262849344,92.6343000000052],[174.756602768237,-36.9011701232032,92.6877999999997],[174.756589797396,-36.9012139614541,92.741399999999],[174.756576826562,-36.9012578006046,92.7948999999935],[174.756563855693,-36.9013016388528,92.8484999999928],[174.756550884831,-36.9013454780007,92.9020000000019],[174.756537913934,-36.9013893162462,92.9556000000011],[174.756524943023,-36.9014331544904,93.0090999999957],[174.756511970998,-36.9014769936508,93.0626999999949],[174.756499000059,-36.9015208318923,93.1162999999942],[174.756486029107,-36.9015646701325,93.1698000000033],[174.756473058162,-36.9016085092724,93.2234000000026],[174.756460087182,-36.9016523475098,93.2768999999971],[174.756447116188,-36.901696185746,93.3304999999964],[174.756434145201,-36.9017400248819,93.3840000000055],[174.756421173057,-36.9017838631319,93.4376000000047],[174.756408202042,-36.9018277022652,93.4910999999993],[174.756395230993,-36.901871540496,93.5446999999986],[174.756382259929,-36.9019153787254,93.5982999999978],[174.756369288873,-36.9019592178547,93.6518000000069],[174.756356317782,-36.9020030560814,93.7054000000062],[174.756343346677,-36.9020468943069,93.7589000000007],[174.756330374457,-36.9020907334487,93.8125],[174.756317403324,-36.9021345716715,93.8659999999945],[174.756304432198,-36.902178410794,93.9195999999938],[174.756291461038,-36.9022222490142,93.9731999999931],[174.756278489863,-36.902266087233,94.0267000000022],[174.756265518696,-36.9023099263515,94.0803000000014],[174.756252547494,-36.9023537645676,94.133799999996],[174.756239575156,-36.902397602799,94.1873999999953],[174.756226603946,-36.9024414419135,94.2409000000043],[174.756213632703,-36.9024852801256,94.2945000000036],[174.756200661445,-36.9025291183364,94.3479999999981],[174.756187690194,-36.9025729574469,94.4015999999974],[174.756174718909,-36.9026167956551,94.4551999999967],[174.75616174763,-36.9026606347629,94.5087000000058],[174.756148775195,-36.9027044729849,94.5623000000051],[174.756135803868,-36.902748311189,94.6157999999996],[174.756122832548,-36.9027921502928,94.6693999999989],[174.756109861193,-36.9028359884943,94.7228999999934],[174.756096889824,-36.9028798266944,94.7765000000072],[174.756083918462,-36.9029236657942,94.8300000000017],[174.756070947065,-36.9029675039917,94.883600000001],[174.756057974533,-36.9030113422044,94.9372000000003],[174.75604500313,-36.9030551813002,94.9906999999948],[174.756032031691,-36.9030990194936,95.0442999999941],[174.75601906026,-36.9031428585867,95.0978000000032],[174.756006088794,-36.9031866967775,95.1514000000025],[174.755993117314,-36.9032305349669,95.204899999997],[174.755980145841,-36.9032743740561,95.2584999999963]]]},"properties":{"OBJECTID":57,"TYPE":4,"SUBTYPE":null,"SCHEDULE":"K1","NAME":"Big King","VALIDATIONSTATE":3,"VERSIONSTATUS":4,"GlobalID":"9881ddc9-a6fb-4906-b9b0-200415f936a2"}},{"type":"Feature","id":58,"geometry":{"type":"Polygon","coordinates":[[[174.808517470638,-36.8547954006601,4.0399999999936],[174.809314129908,-36.8554227240188,5.27000000000407],[174.788911595634,-36.8792683924479,95.5899999999965],[174.784671969701,-36.8766775188169,95.8999999999942],[174.808517470638,-36.8547954006601,4.0399999999936]]]},"properties":{"OBJECTID":58,"TYPE":4,"SUBTYPE":null,"SCHEDULE":"H7","NAME":"Mount Hobson","VALIDATIONSTATE":3,"VERSIONSTATUS":4,"GlobalID":"7fe187a4-3f5e-40bf-b1aa-f7c9fda5d5ab"}},{"type":"Feature","id":59,"geometry":{"type":"Polygon","coordinates":[[[174.800192941375,-36.8318400093937,4.52000000000407],[174.800917592135,-36.8317317654348,4.55999999999767],[174.789444581332,-36.8787411611577,95.3000000000029],[174.787897322559,-36.8784717746996,95.3000000000029],[174.800192941375,-36.8318400093937,4.52000000000407]]]},"properties":{"OBJECTID":59,"TYPE":4,"SUBTYPE":null,"SCHEDULE":"H6","NAME":"Mount Hobson","VALIDATIONSTATE":3,"VERSIONSTATUS":4,"GlobalID":"7429a2b2-7c8f-4469-a761-fe2a8ff3c26f"}},{"type":"Feature","id":60,"geometry":{"type":"Polygon","coordinates":[[[174.798769925664,-36.8316439591964,4.36000000000058],[174.800192941375,-36.8318400093937,4.52000000000407],[174.787897322559,-36.8784717746996,95.3000000000029],[174.784613733722,-36.8779001241774,95.3000000000029],[174.798769925664,-36.8316439591964,4.36000000000058]]]},"properties":{"OBJECTID":60,"TYPE":4,"SUBTYPE":null,"SCHEDULE":"H6","NAME":"Mount Hobson","VALIDATIONSTATE":3,"VERSIONSTATUS":4,"GlobalID":"9779d2c9-5220-4a43-95fe-0e0bf92313f5"}},{"type":"Feature","id":61,"geometry":{"type":"Polygon","coordinates":[[[174.798449186444,-36.8317797579121,3.60000000000582],[174.798769925664,-36.8316439591964,4.36000000000058],[174.784613733722,-36.8779001241774,95.3000000000029],[174.783981836782,-36.8777900393029,95.3000000000029],[174.798449186444,-36.8317797579121,3.60000000000582]]]},"properties":{"OBJECTID":61,"TYPE":4,"SUBTYPE":null,"SCHEDULE":"H6","NAME":"Mount Hobson","VALIDATIONSTATE":3,"VERSIONSTATUS":4,"GlobalID":"21598c7d-9cd9-4f10-89b6-e64b1466eb0e"}},{"type":"Feature","id":62,"geometry":{"type":"Polygon","coordinates":[[[174.827502995552,-36.8613423951023,59.1699999999983],[174.788322437126,-36.8796322487067,93.2100000000064],[174.785890870008,-36.8758623674629,93.3099999999977],[174.825528693379,-36.8615548635798,59.1499999999942],[174.827502995552,-36.8613423951023,59.1699999999983]]]},"properties":{"OBJECTID":62,"TYPE":4,"SUBTYPE":null,"SCHEDULE":"H5","NAME":"Mount Hobson","VALIDATIONSTATE":3,"VERSIONSTATUS":4,"GlobalID":"d63a0328-f64f-4d7f-8388-d0e7630f8e78"}},{"type":"Feature","id":63,"geometry":{"type":"Polygon","coordinates":[[[174.820679642151,-36.861829121138,49.2599999999948],[174.788462867107,-36.8796394617926,94.1399999999994],[174.78567739691,-36.8759546103446,94.8300000000017],[174.818988247036,-36.8620347024504,40.3300000000017],[174.820679642151,-36.861829121138,49.2599999999948]]]},"properties":{"OBJECTID":63,"TYPE":4,"SUBTYPE":null,"SCHEDULE":"H4","NAME":"Mount Hobson","VALIDATIONSTATE":3,"VERSIONSTATUS":4,"GlobalID":"3f04d809-b6bb-497b-bdc0-fe833328844a"}},{"type":"Feature","id":64,"geometry":{"type":"Polygon","coordinates":[[[174.799600803523,-36.8530265473224,3.80000000000291],[174.80091079151,-36.8531951999129,3.94000000000233],[174.785637914765,-36.8778210709848,100.300000000003],[174.784410655621,-36.8773469433967,100.300000000003],[174.799600803523,-36.8530265473224,3.80000000000291]]]},"properties":{"OBJECTID":64,"TYPE":4,"SUBTYPE":null,"SCHEDULE":"H3","NAME":"Mount Hobson","VALIDATIONSTATE":3,"VERSIONSTATUS":4,"GlobalID":"3be9b99c-42f6-4ba3-832d-cad11f9a167c"}},{"type":"Feature","id":65,"geometry":{"type":"Polygon","coordinates":[[[174.80091079151,-36.8531951999129,3.94000000000233],[174.80318208164,-36.8530751326835,3.27000000000407],[174.787551018783,-36.8785601044001,100.300000000003],[174.785637914765,-36.8778210709848,100.300000000003],[174.80091079151,-36.8531951999129,3.94000000000233]]]},"properties":{"OBJECTID":65,"TYPE":4,"SUBTYPE":null,"SCHEDULE":"H3","NAME":"Mount Hobson","VALIDATIONSTATE":3,"VERSIONSTATUS":4,"GlobalID":"4a9ca484-519d-4ac0-b94b-b23d0914ebef"}},{"type":"Feature","id":66,"geometry":{"type":"Polygon","coordinates":[[[174.80318208164,-36.8530751326835,3.27000000000407],[174.80588695738,-36.8523953111453,3.5],[174.789550514425,-36.8793324570754,100.300000000003],[174.787551018783,-36.8785601044001,100.300000000003],[174.80318208164,-36.8530751326835,3.27000000000407]]]},"properties":{"OBJECTID":66,"TYPE":4,"SUBTYPE":null,"SCHEDULE":"H3","NAME":"Mount Hobson","VALIDATIONSTATE":3,"VERSIONSTATUS":4,"GlobalID":"3f137954-2950-485f-a932-326ebeee5394"}},{"type":"Feature","id":67,"geometry":{"type":"Polygon","coordinates":[[[174.796508624125,-36.8517963330273,4.5],[174.789432368859,-36.8788156324241,104.699999999997],[174.784115666838,-36.8776806478071,104.149999999994],[174.795317833316,-36.8508594300886,4.36999999999534],[174.796508624125,-36.8517963330273,4.5]]]},"properties":{"OBJECTID":67,"TYPE":4,"SUBTYPE":null,"SCHEDULE":"H2","NAME":"Mount Hobson","VALIDATIONSTATE":3,"VERSIONSTATUS":4,"GlobalID":"027322a0-a1ac-4be4-b966-de06ad425c78"}},{"type":"Feature","id":68,"geometry":{"type":"Polygon","coordinates":[[[174.786161493591,-36.8801299656694,96.6199999999953],[174.786111467351,-36.8801777775262,96.6199999999953],[174.775518282578,-36.8729832056887,82.6199999999953],[174.78817674592,-36.8775402091834,96.6199999999953],[174.788130470302,-36.8776222937698,96.6199999999953],[174.788083368499,-36.8777040753047,96.6199999999953],[174.78803544601,-36.8777855491976,96.6199999999953],[174.787986704909,-36.8778667082057,96.6199999999953],[174.787937148454,-36.8779475477723,96.6199999999953],[174.787886778759,-36.8780280624565,96.6199999999953],[174.787835601346,-36.878108248569,96.6199999999953],[174.787783618288,-36.8781880988667,96.6199999999953],[174.787730832844,-36.8782676087931,96.6199999999953],[174.787677248249,-36.8783467728902,96.6199999999953],[174.787622868883,-36.8784255865845,96.6199999999953],[174.787567697984,-36.8785040444181,96.6199999999953],[174.787511739908,-36.8785821409165,96.6199999999953],[174.787454996815,-36.8786598724407,96.6199999999953],[174.787397471899,-36.8787372317308,96.6199999999953],[174.787339171803,-36.8788142150805,96.6199999999953],[174.787280097523,-36.8788908170656,96.6199999999953],[174.787220254558,-36.8789670330955,96.6199999999953],[174.787159646146,-36.8790428577126,96.6199999999953],[174.787098276647,-36.8791182854418,96.6199999999953],[174.787036149339,-36.8791933126276,96.6199999999953],[174.786973268581,-36.879267933795,96.6199999999953],[174.786909638754,-36.8793421443705,96.6199999999953],[174.786845264217,-36.8794159388791,96.6199999999953],[174.786780149349,-36.8794893127471,96.6199999999953],[174.786714297388,-36.8795622605167,96.6199999999953],[174.786647712736,-36.8796347785151,96.6199999999953],[174.786580400895,-36.8797068621517,96.6199999999953],[174.786512366223,-36.8797785059516,96.6199999999953],[174.786443610837,-36.8798497044739,96.6199999999953],[174.786374142525,-36.8799204548961,96.6199999999953],[174.786303963402,-36.8799907517772,96.6199999999953],[174.786233078971,-36.8800605905266,96.6199999999953],[174.786161493591,-36.8801299656694,96.6199999999953]]]},"properties":{"OBJECTID":68,"TYPE":4,"SUBTYPE":null,"SCHEDULE":"H1","NAME":"Mount Hobson","VALIDATIONSTATE":3,"VERSIONSTATUS":4,"GlobalID":"639b08fb-f026-48b8-87d1-cc32833570a6"}},{"type":"Feature","id":69,"geometry":{"type":"Polygon","coordinates":[[[174.766013487783,-36.8786583880954,139.972699999998],[174.765974575884,-36.8787275188644,140.25],[174.76587247468,-36.8786902067491,140.25],[174.765770582777,-36.8786525272922,140.25],[174.765730395428,-36.8786374890242,140.25],[174.765668902398,-36.8786144795599,140.25],[174.76556743585,-36.8785760662224,140.25],[174.765466184256,-36.8785372872636,140.25],[174.765365152123,-36.8784981435183,140.25],[174.765264338352,-36.8784586359048,140.25],[174.765214649791,-36.8784389407958,140.25],[174.765163747431,-36.878418764357,140.25],[174.765063380523,-36.8783785306607,140.25],[174.764963238773,-36.8783379357008,140.25],[174.764863325545,-36.878296979428,140.25],[174.764819407007,-36.8782787766842,140.25],[174.764763642005,-36.8782556636282,140.25],[174.764720397432,-36.8782375418713,140.25],[174.764664190396,-36.8782139882686,140.25],[174.764595565304,-36.8781849153973,140.25],[174.764564973005,-36.8781719551184,140.25],[174.764465990952,-36.8781295641616,140.25],[174.764367247647,-36.878086817151,140.25],[174.764268744191,-36.8780437131691,140.25],[174.76417048289,-36.8780002548866,140.25],[174.764072464887,-36.8779564431883,140.25],[174.763974693548,-36.8779122780248,140.25],[174.763877168896,-36.8778677602977,140.25],[174.763779895458,-36.8778228917432,140.25],[174.763682873235,-36.8777776723617,140.25],[174.763658159287,-36.8777660342775,140.25],[174.763596294499,-36.8777369019234,140.25],[174.763586104513,-36.8777321039226,140.25],[174.763527503169,-36.8777042237237,140.25],[174.763489591537,-36.8776861863932,140.25],[174.763393336591,-36.8776399215429,140.25],[174.763297340798,-36.8775933093556,140.25],[174.763201607566,-36.8775463515841,140.25],[174.763106136936,-36.877499050031,140.25],[174.763010931131,-36.8774514037627,140.25],[174.762915993559,-36.8774034145318,140.25],[174.762821325363,-36.8773550832234,140.25],[174.762726927685,-36.8773064107224,140.25],[174.762720505072,-36.877303066496,140.25],[174.762632802812,-36.8772573987984,140.25],[174.762538954108,-36.877208047402,140.25],[174.762445380495,-36.8771583583524,140.25],[174.76235208648,-36.8771083324849,140.25],[174.762259073185,-36.8770579697835,140.25],[174.762217661384,-36.8770353294289,140.25],[174.762166342916,-36.8770072729185,140.25],[174.762073895653,-36.8769562409897,140.25],[174.762042632883,-36.8769388175359,140.25],[174.761981735967,-36.8769048775352,140.25],[174.761889863816,-36.8768531807536,140.25],[174.761819443677,-36.8768132203248,140.25],[174.762174450019,-36.8764109243775,138.447799999994],[174.763029422412,-36.8754420432609,134.107600000003],[174.765655166719,-36.8724662822139,120.777400000006],[174.765680799168,-36.8724372323232,120.647299999997],[174.76605193697,-36.8720165971305,118.763000000006],[174.776267701994,-36.8604361967001,66.8899999999994],[174.768208652866,-36.874758257056,124.330400000006],[174.768122763183,-36.8749108641064,124.942500000005],[174.767742190307,-36.8755870517252,127.654500000004],[174.766793288389,-36.87727297159,134.416200000007],[174.766429525414,-36.8779192509379,137.008300000001],[174.766428277282,-36.8779214687664,137.017200000002],[174.766268689378,-36.8782049957158,138.154299999995],[174.766189360662,-36.8783459333264,138.719500000007],[174.766131430304,-36.8784488524111,139.132299999997],[174.766013487783,-36.8786583880954,139.972699999998]]]},"properties":{"OBJECTID":69,"TYPE":4,"SUBTYPE":null,"SCHEDULE":"E9","NAME":"Mount Eden","VALIDATIONSTATE":3,"VERSIONSTATUS":4,"GlobalID":"cf87d534-f395-459e-96b2-df2b4d36de93"}},{"type":"Feature","id":70,"geometry":{"type":"Polygon","coordinates":[[[174.798769925664,-36.8316439591964,4.36000000000058],[174.800192941375,-36.8318400093937,4.52000000000407],[174.76513097754,-36.8784189285544,148.850000000006],[174.761357370442,-36.8765239277449,148.850000000006],[174.798769925664,-36.8316439591964,4.36000000000058]]]},"properties":{"OBJECTID":70,"TYPE":4,"SUBTYPE":null,"SCHEDULE":"E8","NAME":"Mount Eden","VALIDATIONSTATE":3,"VERSIONSTATUS":4,"GlobalID":"f031923a-7b34-4603-b40f-92bf6f45e19a"}},{"type":"Feature","id":71,"geometry":{"type":"Polygon","coordinates":[[[174.798449186444,-36.8317797579121,3.60000000000582],[174.766665134567,-36.8791892326748,148.850000000006],[174.760842115241,-36.8762651594917,148.850000000006],[174.798449186444,-36.8317797579121,3.60000000000582]]]},"properties":{"OBJECTID":71,"TYPE":4,"SUBTYPE":null,"SCHEDULE":"E8","NAME":"Mount Eden","VALIDATIONSTATE":3,"VERSIONSTATUS":4,"GlobalID":"78802770-4b53-42f6-854c-5957767fb560"}},{"type":"Feature","id":72,"geometry":{"type":"Polygon","coordinates":[[[174.798449186444,-36.8317797579121,3.60000000000582],[174.798769925664,-36.8316439591964,4.36000000000058],[174.761357370442,-36.8765239277449,148.850000000006],[174.760842115241,-36.8762651594917,148.850000000006],[174.798449186444,-36.8317797579121,3.60000000000582]]]},"properties":{"OBJECTID":72,"TYPE":4,"SUBTYPE":null,"SCHEDULE":"E8","NAME":"Mount Eden","VALIDATIONSTATE":3,"VERSIONSTATUS":4,"GlobalID":"b104d7eb-afb5-4b7b-a2ce-0db8f0631e9b"}},{"type":"Feature","id":73,"geometry":{"type":"Polygon","coordinates":[[[174.800192941375,-36.8318400093937,4.52000000000407],[174.800917592135,-36.8317317654348,4.55999999999767],[174.766665134588,-36.8791892335758,148.850000000006],[174.76513097754,-36.8784189285544,148.850000000006],[174.800192941375,-36.8318400093937,4.52000000000407]]]},"properties":{"OBJECTID":73,"TYPE":4,"SUBTYPE":null,"SCHEDULE":"E8","NAME":"Mount Eden","VALIDATIONSTATE":3,"VERSIONSTATUS":4,"GlobalID":"f75d35fd-b939-4a92-8bd0-f1ad8abbbb99"}},{"type":"Feature","id":74,"geometry":{"type":"Polygon","coordinates":[[[174.724737741375,-36.8898812468483,59.9499999999971],[174.761892260186,-36.8730889226168,109.949999999997],[174.765553638351,-36.8799893830538,109.949999999997],[174.724737741375,-36.8898812468483,59.9499999999971]]]},"properties":{"OBJECTID":74,"TYPE":4,"SUBTYPE":null,"SCHEDULE":"E6","NAME":"Mount Eden","VALIDATIONSTATE":3,"VERSIONSTATUS":4,"GlobalID":"81eea30d-2919-48b5-877a-99ab0cd41804"}},{"type":"Feature","id":75,"geometry":{"type":"Polygon","coordinates":[[[174.763036969005,-36.886955068711,100.346900000004],[174.757268552942,-36.8983392494675,76.7299999999959],[174.761060282429,-36.8790431778336,114.266199999998],[174.761276075176,-36.8779447447571,116.403000000006],[174.761360460196,-36.8775151943648,117.238599999997],[174.761390901381,-36.8773602378245,117.539999999994],[174.761397803796,-36.8773611251643,117.539999999994],[174.761501659601,-36.8773744755408,117.539999999994],[174.76161234125,-36.8773890901479,117.539999999994],[174.761722945209,-36.8774040816626,117.539999999994],[174.761833468115,-36.8774194501351,117.539999999994],[174.76194390997,-36.8774351955654,117.539999999994],[174.762004295159,-36.8774440164766,117.539999999994],[174.762054267369,-36.8774513162016,117.539999999994],[174.762164539233,-36.8774678138626,117.539999999994],[174.762274722159,-36.8774846867964,117.539999999994],[174.762384815004,-36.8775019341188,117.539999999994],[174.762494816691,-36.8775195576488,117.539999999994],[174.762604723795,-36.8775375547333,117.539999999994],[174.762714535236,-36.8775559271914,117.539999999994],[174.76282424761,-36.877574673271,117.539999999994],[174.76293386092,-36.8775937929724,117.539999999994],[174.763043372922,-36.8776132863292,117.539999999994],[174.763152780234,-36.8776331524904,117.539999999994],[174.763262081735,-36.8776533914729,117.539999999994],[174.763371275163,-36.8776740024093,117.539999999994],[174.763480359398,-36.8776949853165,117.539999999994],[174.763527503169,-36.8777042237237,117.539999999994],[174.763589332178,-36.8777163393269,117.539999999994],[174.763698191281,-36.8777380653753,117.539999999994],[174.763806933304,-36.8777601617096,117.539999999994],[174.763826659096,-36.8777642412626,117.539999999994],[174.763915559368,-36.8777826283137,117.539999999994],[174.76402406499,-36.8778054652542,117.539999999994],[174.764132449028,-36.8778286716473,117.539999999994],[174.764240710342,-36.8778522466087,117.539999999994],[174.764348845589,-36.8778761910897,117.539999999994],[174.764456853608,-36.8779005033053,117.539999999994],[174.764564732157,-36.8779251832891,117.539999999994],[174.764672480094,-36.877950230157,117.539999999994],[174.764780094079,-36.8779756448603,117.539999999994],[174.76488757407,-36.8780014255974,117.539999999994],[174.764994915603,-36.8780275733361,117.539999999994],[174.765102118618,-36.8780540853737,117.539999999994],[174.765132611256,-36.8780617399001,117.539999999994],[174.765209180893,-36.878080962645,117.539999999994],[174.765316100187,-36.8781082051836,117.539999999994],[174.765422875339,-36.8781358112045,117.539999999994],[174.765529502984,-36.8781637807579,117.539999999994],[174.765635983125,-36.8781921138443,117.539999999994],[174.765656600482,-36.8781976778686,117.539999999994],[174.765742311255,-36.8782208096296,117.539999999994],[174.765848488477,-36.8782498671966,117.539999999994],[174.765954510306,-36.8782792866122,117.539999999994],[174.765958873838,-36.878280514274,117.539999999994],[174.766060376701,-36.8783090660748,117.539999999994],[174.766166084342,-36.8783392074369,117.539999999994],[174.766189360662,-36.8783459333264,117.539999999994],[174.766271632023,-36.8783697071113,117.539999999994],[174.766377017567,-36.8784005678349,117.539999999994],[174.76648223977,-36.8784317860207,117.539999999994],[174.766587295309,-36.8784633635211,117.539999999994],[174.766692184125,-36.8784952976334,117.539999999994],[174.766796902894,-36.8785275902102,117.539999999994],[174.766901451556,-36.8785602385488,117.539999999994],[174.767005825626,-36.8785932427162,117.539999999994],[174.767110025105,-36.878626602713,117.539999999994],[174.767214046588,-36.8786603167875,117.539999999994],[174.767235315334,-36.8786672616133,117.539999999994],[174.763036969005,-36.886955068711,100.346900000004]]]},"properties":{"OBJECTID":75,"TYPE":4,"SUBTYPE":null,"SCHEDULE":"E3","NAME":"Mount Eden","VALIDATIONSTATE":3,"VERSIONSTATUS":4,"GlobalID":"53dd3142-cad9-478a-9f9c-a8cda61cd002"}},{"type":"Feature","id":76,"geometry":{"type":"Polygon","coordinates":[[[174.762181458712,-36.8791626755239,122.729999999996],[174.762162741027,-36.8791685432712,122.729999999996],[174.761970699637,-36.8787727905927,121.710200000001],[174.761936867813,-36.8787030697548,121.530499999993],[174.761872198219,-36.8785698001942,121.187099999996],[174.761850179248,-36.8785244224256,121.070200000002],[174.761551635345,-36.8779091772694,119.484800000006],[174.761392728099,-36.8775816937492,118.641000000003],[174.761360460196,-36.8775151943648,118.469599999997],[174.761179259763,-36.8771417634501,117.507400000002],[174.760141627439,-36.8750032547838,111.997000000003],[174.752668212248,-36.8595969376337,72.3000000000029],[174.761602814181,-36.8684512613649,99.6662999999971],[174.761625224306,-36.8684734671785,99.7348999999958],[174.765655166719,-36.8724662822139,112.076400000005],[174.765782116184,-36.8725920525576,112.465200000006],[174.768122763183,-36.8749108641064,119.632599999997],[174.769055952899,-36.8758352944199,122.490099999995],[174.769134302511,-36.875912906733,122.729999999996],[174.769122854053,-36.8759203329988,122.729999999996],[174.769047034685,-36.8759695169381,122.729999999996],[174.768959464697,-36.8760258251233,122.729999999996],[174.768871593647,-36.8760818303702,122.729999999996],[174.768783424901,-36.8761375326279,122.729999999996],[174.768694960681,-36.8761929309614,122.729999999996],[174.768606199824,-36.8762480235846,122.729999999996],[174.768517145675,-36.8763028095458,122.729999999996],[174.768427800456,-36.87635728791,122.729999999996],[174.768338164147,-36.8764114577753,122.729999999996],[174.768297639799,-36.8764357301373,122.729999999996],[174.768248240092,-36.87646531819,122.729999999996],[174.768158028271,-36.8765188682525,122.729999999996],[174.768067532028,-36.876572107011,122.729999999996],[174.767976751322,-36.8766250326627,122.729999999996],[174.767885689539,-36.8766776460579,122.729999999996],[174.767794346597,-36.876729943592,122.729999999996],[174.767702725901,-36.8767819270161,122.729999999996],[174.767610828513,-36.87683359361,122.729999999996],[174.767518655532,-36.8768849424552,122.729999999996],[174.767426208103,-36.8769359744355,122.729999999996],[174.767333490628,-36.8769866858792,122.729999999996],[174.767240502008,-36.8770370777035,122.729999999996],[174.767147245586,-36.8770871489568,122.729999999996],[174.767053722444,-36.8771368978194,122.729999999996],[174.766959933704,-36.8771863242743,122.729999999996],[174.76686588269,-36.8772354264685,122.729999999996],[174.766793288389,-36.87727297159,122.729999999996],[174.766771570523,-36.8772842043849,122.729999999996],[174.766676997163,-36.8773326562207,122.729999999996],[174.766582167097,-36.8773807819085,122.729999999996],[174.766487080304,-36.8774285805467,122.729999999996],[174.766391738988,-36.8774760502993,122.729999999996],[174.766296145412,-36.8775231920334,122.729999999996],[174.766200300637,-36.8775700030284,122.729999999996],[174.766104205785,-36.8776164832672,122.729999999996],[174.7660078642,-36.8776626317981,122.729999999996],[174.765911276984,-36.8777084477026,122.729999999996],[174.765814446361,-36.877753930046,122.729999999996],[174.765717373452,-36.8777990788109,122.729999999996],[174.765637959931,-36.877835649284,122.729999999996],[174.765620059339,-36.8778438921779,122.729999999996],[174.765522507387,-36.8778883700964,122.729999999996],[174.765424718678,-36.8779325107471,122.729999999996],[174.765326695453,-36.8779763140961,122.729999999996],[174.76525013529,-36.8780101811573,122.729999999996],[174.765228438817,-36.8780197792251,122.729999999996],[174.765132611256,-36.8780617399001,122.729999999996],[174.765129950992,-36.878062905199,122.729999999996],[174.765054898048,-36.8780954337852,122.729999999996],[174.765031233079,-36.8781056910997,122.729999999996],[174.764937905602,-36.8781457270696,122.729999999996],[174.764932288444,-36.8781481368766,122.729999999996],[174.764833117047,-36.878190240727,122.729999999996],[174.764733722232,-36.8782320016993,122.729999999996],[174.764720397432,-36.8782375418713,122.729999999996],[174.764634104022,-36.8782734206939,122.729999999996],[174.76454038421,-36.8783119785754,122.729999999996],[174.764534266861,-36.8783144958416,122.729999999996],[174.764484004832,-36.8783349564632,122.729999999996],[174.764434210731,-36.8783552262408,122.729999999996],[174.764333937854,-36.8783956109565,122.729999999996],[174.764233450475,-36.8784356499549,122.729999999996],[174.764132749695,-36.8784753423177,122.729999999996],[174.764031837739,-36.8785146871101,122.729999999996],[174.763930716828,-36.8785536833971,122.729999999996],[174.763829388087,-36.8785923311615,122.729999999996],[174.763727853717,-36.8786306285674,122.729999999996],[174.763626115984,-36.8786685764819,122.729999999996],[174.763609310115,-36.8786747748085,122.729999999996],[174.763524177091,-36.8787061730693,122.729999999996],[174.763422037017,-36.8787434174278,122.729999999996],[174.763319700271,-36.8787803103915,122.729999999996],[174.763217166791,-36.8788168492566,122.729999999996],[174.763114438844,-36.8788530348903,122.729999999996],[174.763011518631,-36.8788888654569,122.729999999996],[174.762966742713,-36.8789042713338,122.729999999996],[174.762908407297,-36.8789243418402,122.729999999996],[174.762805108164,-36.8789594621875,122.729999999996],[174.762701622337,-36.8789942255809,122.729999999996],[174.762597950936,-36.879028632003,122.729999999996],[174.762494097329,-36.8790626814035,122.729999999996],[174.762390062597,-36.8790963719632,122.729999999996],[174.762285848983,-36.8791297036483,122.729999999996],[174.762181458712,-36.8791626755239,122.729999999996]]]},"properties":{"OBJECTID":76,"TYPE":4,"SUBTYPE":null,"SCHEDULE":"E20","NAME":"Mount Eden","VALIDATIONSTATE":3,"VERSIONSTATUS":4,"GlobalID":"131752db-905a-449a-8d0b-d7599c3fd36f"}},{"type":"Feature","id":77,"geometry":{"type":"Polygon","coordinates":[[[174.762431114962,-36.8845302673506,103.663400000005],[174.760473889535,-36.8880255719071,89.3500000000058],[174.760716890157,-36.8864772412119,95.1781999999948],[174.761565903116,-36.8810671512192,115.542799999996],[174.761618450335,-36.8807322855582,116.8033],[174.761925812958,-36.8787735202829,124.176399999997],[174.761936867813,-36.8787030697548,124.441600000006],[174.76195908602,-36.8785614730522,124.974600000001],[174.762070260287,-36.8778529591238,127.641600000003],[174.762122717557,-36.8775186424759,128.899999999994],[174.762233942844,-36.8775302920369,128.899999999994],[174.762252056121,-36.8775323154758,128.899999999994],[174.762345040894,-36.8775427014085,128.899999999994],[174.762456003839,-36.8775558698067,128.899999999994],[174.762566822669,-36.8775697955625,128.899999999994],[174.762677490657,-36.8775844787763,128.899999999994],[174.762787999915,-36.8775999177627,128.899999999994],[174.76289834033,-36.8776161117709,128.899999999994],[174.763008506256,-36.8776330590824,128.899999999994],[174.763118487582,-36.8776507589464,128.899999999994],[174.763228278661,-36.8776692096444,128.899999999994],[174.763337869382,-36.8776884104256,128.899999999994],[174.763447254099,-36.8777083595717,128.899999999994],[174.763556422679,-36.8777290554311,128.899999999994],[174.763596294499,-36.8777369019234,128.899999999994],[174.763665368355,-36.8777504963019,128.899999999994],[174.763736617016,-36.8777650363088,128.899999999994],[174.763774083257,-36.8777726814002,128.899999999994],[174.763882558375,-36.8777956090578,128.899999999994],[174.763990788041,-36.8778192766553,128.899999999994],[174.764098763266,-36.8778436834256,128.899999999994],[174.764206475038,-36.8778688277004,128.899999999994],[174.76431391769,-36.8778947068605,128.899999999994],[174.76442108111,-36.8779213201555,128.899999999994],[174.764469156111,-36.8779336197306,128.899999999994],[174.76452795961,-36.8779486640653,128.899999999994],[174.764634545322,-36.8779767378059,128.899999999994],[174.76467810433,-36.8779885419351,128.899999999994],[174.764740829212,-36.8780055388085,128.899999999994],[174.764846804513,-36.8780350653715,128.899999999994],[174.764952463336,-36.8780653158103,128.899999999994],[174.765054898048,-36.8780954337852,128.899999999994],[174.765057797748,-36.8780962866381,128.899999999994],[174.765162800982,-36.8781279761537,128.899999999994],[174.765267464026,-36.8781603826892,128.899999999994],[174.765332111553,-36.8781809082708,128.899999999994],[174.765371781191,-36.8781935027245,128.899999999994],[174.765475742367,-36.8782273355094,128.899999999994],[174.765579342964,-36.8782618766063,128.899999999994],[174.765682573991,-36.8782971252485,128.899999999994],[174.765763203194,-36.8783253097177,128.899999999994],[174.765785427519,-36.8783330779492,128.899999999994],[174.765881574613,-36.8783674474388,128.899999999994],[174.765782170502,-36.8785450072029,128.172900000005],[174.765730395428,-36.8786374890242,127.794200000004],[174.764478124921,-36.8808742564897,118.634699999995],[174.762790498757,-36.8838884258172,106.291700000002],[174.762431114962,-36.8845302673506,103.663400000005]]]},"properties":{"OBJECTID":77,"TYPE":4,"SUBTYPE":null,"SCHEDULE":"E2","NAME":"Mount Eden","VALIDATIONSTATE":3,"VERSIONSTATUS":4,"GlobalID":"fef6f3ca-423f-4be8-8a31-3bff3d52de45"}},{"type":"Feature","id":78,"geometry":{"type":"Polygon","coordinates":[[[174.767267559078,-36.8649515467795,87.1999999999971],[174.767688495635,-36.8660560056386,84.9499999999971],[174.768124773278,-36.8788075266699,116.360000000001],[174.759627229747,-36.8770457300903,112],[174.766952841102,-36.8656468672555,88.5500000000029],[174.767267559078,-36.8649515467795,87.1999999999971]]]},"properties":{"OBJECTID":78,"TYPE":4,"SUBTYPE":null,"SCHEDULE":"E19","NAME":"Mount Eden","VALIDATIONSTATE":3,"VERSIONSTATUS":4,"GlobalID":"8bfc6204-1a5a-4e9a-a360-235a2458a56a"}},{"type":"Feature","id":79,"geometry":{"type":"Polygon","coordinates":[[[174.762367015482,-36.8785512483907,103.100000000006],[174.762322714198,-36.878553278293,103.100000000006],[174.762272984563,-36.8778347177851,102.267600000006],[174.762252056121,-36.8775323154758,101.917300000001],[174.762232166028,-36.8772449149924,101.584400000007],[174.762217661384,-36.8770353294289,101.3416],[174.762215506429,-36.877004195714,101.305500000002],[174.762174450019,-36.8764109243775,100.618300000002],[174.762097604064,-36.8753004658254,99.3319999999949],[174.761625224306,-36.8684734671785,91.4238000000041],[174.761608023633,-36.8682248479915,91.1358000000037],[174.76145239249,-36.8659752413981,88.5299999999988],[174.762205761313,-36.8671266586422,90.0344999999943],[174.765680799168,-36.8724372323232,96.9738999999972],[174.765782116184,-36.8725920525576,97.1762000000017],[174.767742190307,-36.8755870517252,101.089800000002],[174.768297639799,-36.8764357301373,102.198799999998],[174.768749042746,-36.8771254170116,103.100000000006],[174.768699353749,-36.8771463170321,103.100000000006],[174.768649571654,-36.8771670733022,103.100000000006],[174.768599696481,-36.8771876867227,103.100000000006],[174.768549731596,-36.8772081572436,103.100000000006],[174.768499674734,-36.877228483997,103.100000000006],[174.768449528118,-36.8772486660483,103.100000000006],[174.76839929177,-36.8772687042986,103.100000000006],[174.768348965668,-36.8772885978465,103.100000000006],[174.768298553178,-36.8773083466421,103.100000000006],[174.768248050934,-36.8773279507352,103.100000000006],[174.768197463404,-36.8773474091578,103.100000000006],[174.768146788343,-36.8773667219433,103.100000000006],[174.768096028016,-36.8773858899592,103.100000000006],[174.768045183503,-36.8774049113866,103.100000000006],[174.767994253683,-36.8774237862422,103.100000000006],[174.767943240799,-36.8774425144923,103.100000000006],[174.76789214373,-36.8774610961536,103.100000000006],[174.767840964719,-36.8774795311927,103.100000000006],[174.767789703745,-36.8774978187083,103.100000000006],[174.767738361952,-36.8775159595847,103.100000000006],[174.767686940419,-36.8775339520029,103.100000000006],[174.767635438046,-36.8775517968808,103.100000000006],[174.767583857056,-36.8775694932836,103.100000000006],[174.767532197448,-36.8775870412114,103.100000000006],[174.767480459223,-36.877604440664,103.100000000006],[174.767428644624,-36.8776216916079,103.100000000006],[174.767376753631,-36.877638793142,103.100000000006],[174.767324787386,-36.8776557461505,103.100000000006],[174.767272744727,-36.877672548848,103.100000000006],[174.767220627938,-36.877689203003,103.100000000006],[174.76716843808,-36.8777057058957,103.100000000006],[174.767116174071,-36.8777220593447,103.100000000006],[174.767063838135,-36.8777382624155,103.100000000006],[174.76701142915,-36.8777543151247,103.100000000006],[174.766958950482,-36.8777702174221,103.100000000006],[174.766906400988,-36.8777859684233,103.100000000006],[174.766853781791,-36.8778015681115,103.100000000006],[174.76680109289,-36.8778170164866,103.100000000006],[174.766748335407,-36.8778323135319,103.100000000006],[174.766695510443,-36.8778474583295,103.100000000006],[174.766642619141,-36.8778624517636,103.100000000006],[174.766589660359,-36.8778772929499,103.100000000006],[174.766536636341,-36.8778919818549,103.100000000006],[174.766483547086,-36.8779065184785,103.100000000006],[174.766434277275,-36.877919851785,103.100000000006],[174.766430393716,-36.8779209028039,103.100000000006],[174.766428277282,-36.8779214687664,103.100000000006],[174.76637717619,-36.877935133029,103.100000000006],[174.766323895672,-36.877949210939,103.100000000006],[174.766270552141,-36.8779631356329,103.100000000006],[174.766217147841,-36.8779769070772,103.100000000006],[174.766163682771,-36.8779905252717,103.100000000006],[174.766110156911,-36.8780039893155,103.100000000006],[174.766056571384,-36.8780172991917,103.100000000006],[174.76600292731,-36.8780304548836,103.100000000006],[174.765949224691,-36.8780434563911,103.100000000006],[174.765895464648,-36.8780563036973,103.100000000006],[174.765841647181,-36.8780689968024,103.100000000006],[174.765787774514,-36.8780815347717,103.100000000006],[174.765733845524,-36.8780939176219,103.100000000006],[174.765679862455,-36.8781061453195,103.100000000006],[174.765625824208,-36.8781182187822,103.100000000006],[174.765571732962,-36.8781301352735,103.100000000006],[174.765533765055,-36.8781383834376,103.100000000006],[174.765517589902,-36.8781418974797,103.100000000006],[174.765463393865,-36.8781535036152,103.100000000006],[174.765409147096,-36.8781649536469,103.100000000006],[174.765354848492,-36.8781762484921,103.100000000006],[174.765332111553,-36.8781809082708,103.100000000006],[174.765300501378,-36.8781873862989,103.100000000006],[174.765246103553,-36.8781983689024,103.100000000006],[174.765191658339,-36.8782091944507,103.100000000006],[174.765137164617,-36.8782198629603,103.100000000006],[174.765109709781,-36.8782251552286,103.100000000006],[174.765082624649,-36.8782303752987,103.100000000006],[174.765028037294,-36.8782407305816,103.100000000006],[174.764973404816,-36.8782509296767,103.100000000006],[174.764918726052,-36.8782609707983,103.100000000006],[174.764864004409,-36.8782708556986,103.100000000006],[174.764819407007,-36.8782787766842,103.100000000006],[174.764809237603,-36.8782805826087,103.100000000006],[174.764754428998,-36.8782901514786,103.100000000006],[174.764699577494,-36.8782995632259,103.100000000006],[174.764644685335,-36.8783088178172,103.100000000006],[174.764589751379,-36.8783179143681,103.100000000006],[174.764534777868,-36.8783268528452,103.100000000006],[174.764533763976,-36.8783270148224,103.100000000006],[174.764484004832,-36.8783349564632,103.100000000006],[174.764479763682,-36.8783356332651,103.100000000006],[174.764424712186,-36.8783442555778,103.100000000006],[174.764369622238,-36.8783527188988,103.100000000006],[174.764314495001,-36.8783610250134,103.100000000006],[174.764259330434,-36.8783691721196,103.100000000006],[174.764204130781,-36.878377160184,103.100000000006],[174.764148894941,-36.8783849901242,103.100000000006],[174.764093625136,-36.8783926610057,103.100000000006],[174.764038321388,-36.8784001737297,103.100000000006],[174.763982984778,-36.8784075264773,103.100000000006],[174.763927616468,-36.8784147210338,103.100000000006],[174.763872215296,-36.8784217556138,103.100000000006],[174.763816783527,-36.8784286310851,103.100000000006],[174.76376132116,-36.8784353474474,103.100000000006],[174.763705829296,-36.8784419037831,103.100000000006],[174.7636503091,-36.8784483018776,103.100000000006],[174.763594760509,-36.8784545390277,103.100000000006],[174.763539184686,-36.8784606170188,103.100000000006],[174.763483581632,-36.8784665358508,103.100000000006],[174.76342795355,-36.8784722936884,103.100000000006],[174.763372299358,-36.8784778923501,103.100000000006],[174.763316621281,-36.8784833309017,103.100000000006],[174.763260918196,-36.8784886093596,103.100000000006],[174.763205192348,-36.8784937276907,103.100000000006],[174.763149444857,-36.8784986858782,103.100000000006],[174.763093674604,-36.8785034839386,103.100000000006],[174.76303788381,-36.8785081209378,103.100000000006],[174.76298207364,-36.8785125986609,103.100000000006],[174.762926242929,-36.8785169153227,103.100000000006],[174.762870392822,-36.8785210718073,103.100000000006],[174.762814525541,-36.8785250671806,103.100000000006],[174.762758639985,-36.8785289023601,103.100000000006],[174.762702738398,-36.8785325773124,103.100000000006],[174.762646820759,-36.8785360911366,103.100000000006],[174.762590887069,-36.8785394438326,103.100000000006],[174.762534939592,-36.8785426362681,103.100000000006],[174.762478978308,-36.8785456675421,103.100000000006],[174.762423003238,-36.8785485385555,103.100000000006],[174.762367015482,-36.8785512483907,103.100000000006]]]},"properties":{"OBJECTID":79,"TYPE":4,"SUBTYPE":null,"SCHEDULE":"E18","NAME":"Mount Eden","VALIDATIONSTATE":3,"VERSIONSTATUS":4,"GlobalID":"0aecf5da-bb71-41e4-89cb-6ca8599dc9f6"}},{"type":"Feature","id":80,"geometry":{"type":"Polygon","coordinates":[[[174.744222673682,-36.8329490024356,28.1000000000058],[174.747674762118,-36.8277114298632,40.75],[174.767401640688,-36.8772863313601,135],[174.763255396148,-36.878407533673,135],[174.744222673682,-36.8329490024356,28.1000000000058]]]},"properties":{"OBJECTID":80,"TYPE":4,"SUBTYPE":null,"SCHEDULE":"E16","NAME":"Mount Eden","VALIDATIONSTATE":3,"VERSIONSTATUS":4,"GlobalID":"fb1ee9ab-d992-47d1-a4ce-166dead41184"}},{"type":"Feature","id":81,"geometry":{"type":"Polygon","coordinates":[[[174.777132060202,-36.8738309209613,82.0399999999936],[174.77816760696,-36.8742485450183,81.0899999999965],[174.779108309216,-36.8747511956126,80.1399999999994],[174.779961615117,-36.8753666913706,79.1699999999983],[174.780361823706,-36.8757736586558,78.6199999999953],[174.765573329007,-36.8811867734704,110.75],[174.76344234749,-36.8747978113287,110.75],[174.777132060202,-36.8738309209613,82.0399999999936]]]},"properties":{"OBJECTID":81,"TYPE":4,"SUBTYPE":null,"SCHEDULE":"E14","NAME":"Mount Eden","VALIDATIONSTATE":3,"VERSIONSTATUS":4,"GlobalID":"e26654c0-adfb-40bf-bd59-1631f6b6ead4"}},{"type":"Feature","id":82,"geometry":{"type":"Polygon","coordinates":[[[174.820679642151,-36.861829121138,49.2599999999948],[174.765131279804,-36.8795649345215,113.5],[174.762656665364,-36.8734573216906,115.800000000003],[174.818988247036,-36.8620347024504,40.3300000000017],[174.820679642151,-36.861829121138,49.2599999999948]]]},"properties":{"OBJECTID":82,"TYPE":4,"SUBTYPE":null,"SCHEDULE":"E13","NAME":"Mount Eden","VALIDATIONSTATE":3,"VERSIONSTATUS":4,"GlobalID":"0d23c5e4-095c-4dbd-abc7-0280db15c049"}},{"type":"Feature","id":83,"geometry":{"type":"Polygon","coordinates":[[[174.809352624334,-36.8554537117599,5.55000000000291],[174.765998002119,-36.8800668338788,126.779999999999],[174.761419407391,-36.8740221472506,127.330000000002],[174.808517584861,-36.8547954881542,4.0399999999936],[174.809352624334,-36.8554537117599,5.55000000000291]]]},"properties":{"OBJECTID":83,"TYPE":4,"SUBTYPE":null,"SCHEDULE":"E12","NAME":"Mount Eden","VALIDATIONSTATE":3,"VERSIONSTATUS":4,"GlobalID":"3466b414-dced-4e5a-8ca3-c7c9ee0c19be"}},{"type":"Feature","id":84,"geometry":{"type":"Polygon","coordinates":[[[174.801159064618,-36.8532023000561,3.9600000000064],[174.802122783782,-36.8531749450955,4.05000000000291],[174.802854975294,-36.8531202855287,4.11999999999534],[174.803614644379,-36.8529837720559,4.19000000000233],[174.805525826356,-36.8525075612309,4.38000000000466],[174.806079881728,-36.8523357327636,4.42999999999302],[174.766681160501,-36.8802076261103,135],[174.760909947545,-36.8744484562309,135],[174.801159064618,-36.8532023000561,3.9600000000064]]]},"properties":{"OBJECTID":84,"TYPE":4,"SUBTYPE":null,"SCHEDULE":"E11","NAME":"Mount Eden","VALIDATIONSTATE":3,"VERSIONSTATUS":4,"GlobalID":"2e7cbc15-6eac-405d-ab4a-8622b8396cfb"}},{"type":"Feature","id":85,"geometry":{"type":"Polygon","coordinates":[[[174.767454589293,-36.8777076297219,135],[174.761908356542,-36.8783786771806,135],[174.750341333317,-36.8165994547058,4.60000000000582],[174.750544863514,-36.8158848148713,4.41000000000349],[174.751217962417,-36.8145943958136,4.16999999999825],[174.754880200385,-36.8105699015192,4],[174.767454589293,-36.8777076297219,135]]]},"properties":{"OBJECTID":85,"TYPE":4,"SUBTYPE":null,"SCHEDULE":"E10","NAME":"Mount Eden","VALIDATIONSTATE":3,"VERSIONSTATUS":4,"GlobalID":"92e977db-c6af-4646-aefe-089b1108c316"}},{"type":"Feature","id":86,"geometry":{"type":"Polygon","coordinates":[[[174.762093345639,-36.883178345949,101.024300000005],[174.761233982933,-36.8840085871331,94.9400000000023],[174.761574920807,-36.8811032450996,111.383900000001],[174.761618450335,-36.8807322855582,113.483500000002],[174.761848185122,-36.8787744515806,124.564599999998],[174.761872198219,-36.8785698001942,125.722899999993],[174.761876472736,-36.8785333676882,125.929099999994],[174.761954985469,-36.8778642599336,129.716100000005],[174.762004295159,-36.8774440164766,132.094599999997],[174.762029698053,-36.8772275179153,133.320000000007],[174.762141296256,-36.8772365688791,133.320000000007],[174.762232166028,-36.8772449149924,133.320000000007],[174.762252736572,-36.8772468037379,133.320000000007],[174.762363997715,-36.8772582237093,133.320000000007],[174.762475061622,-36.8772708236536,133.320000000007],[174.762585909231,-36.8772846038541,133.320000000007],[174.762696519134,-36.8772995601224,133.320000000007],[174.762720505072,-36.877303066496,133.320000000007],[174.76280687335,-36.8773156909229,133.320000000007],[174.762916952734,-36.8773329929352,133.320000000007],[174.763026737041,-36.8773514637564,133.320000000007],[174.763136208226,-36.8773710991482,133.320000000007],[174.76315834815,-36.8773753178476,133.320000000007],[174.763245346045,-36.8773918967079,133.320000000007],[174.763354132454,-36.8774138521975,133.320000000007],[174.763462547165,-36.8774369614124,133.320000000007],[174.763570572155,-36.8774612210154,133.320000000007],[174.763678188258,-36.8774866267857,133.320000000007],[174.763785376289,-36.8775131736009,133.320000000007],[174.763892118222,-36.8775408581244,133.320000000007],[174.763998394832,-36.8775696734321,133.320000000007],[174.764104188092,-36.8775996161875,133.320000000007],[174.764209478817,-36.8776306812686,133.320000000007],[174.764314248901,-36.8776628617349,133.320000000007],[174.764418480297,-36.8776961533489,133.320000000007],[174.764522153778,-36.877730549187,133.320000000007],[174.764625252399,-36.8777660440941,133.320000000007],[174.764654150094,-36.8777763588573,133.320000000007],[174.764727756952,-36.8778026320475,133.320000000007],[174.764749966534,-36.8778108432539,133.320000000007],[174.764829650431,-36.8778403051894,133.320000000007],[174.76493091477,-36.8778790583816,133.320000000007],[174.76503153186,-36.8779188846838,133.320000000007],[174.765131484696,-36.8779597762384,133.320000000007],[174.765230756312,-36.8780017269897,133.320000000007],[174.76525013529,-36.8780101811573,133.320000000007],[174.765329327456,-36.8780447291131,133.320000000007],[174.765427182244,-36.8780887747346,133.320000000007],[174.765524302547,-36.878133856013,133.320000000007],[174.765533765055,-36.8781383834376,133.320000000007],[174.765620672499,-36.8781799659752,133.320000000007],[174.765656600482,-36.8781976778686,133.320000000007],[174.765716275092,-36.8782270967637,133.320000000007],[174.765811093278,-36.878275238719,133.320000000007],[174.765863497029,-36.8783026312305,133.320000000007],[174.765905111169,-36.8783243839669,133.320000000007],[174.765998310615,-36.8783745237657,133.320000000007],[174.766090676852,-36.8784256502247,133.320000000007],[174.766131430304,-36.8784488524111,133.320000000007],[174.766182192828,-36.8784777536845,133.320000000007],[174.766272842637,-36.8785308253702,133.320000000007],[174.76636261035,-36.8785848556057,133.320000000007],[174.76645148118,-36.8786398355995,133.320000000007],[174.766539439178,-36.8786957547745,133.320000000007],[174.766626468414,-36.8787526034551,133.320000000007],[174.766654571238,-36.8787712921788,133.320000000007],[174.766512235223,-36.8789088269534,132.312099999996],[174.764478124921,-36.8808742564897,117.909199999995],[174.762093345639,-36.883178345949,101.024300000005]]]},"properties":{"OBJECTID":86,"TYPE":4,"SUBTYPE":null,"SCHEDULE":"E1","NAME":"Mount Eden","VALIDATIONSTATE":3,"VERSIONSTATUS":4,"GlobalID":"7a5f2553-e9c0-4c5f-8d2f-5e0276e97626"}},{"type":"Feature","id":87,"geometry":{"type":"Polygon","coordinates":[[[174.919330935115,-36.8856801833632,56.3899999999994],[174.918807427765,-36.8854905634959,51.6499999999942],[174.831038641211,-36.7975933626202,-107.399999999994],[174.893940323979,-36.774492771872,-116.300000000003],[174.919330935115,-36.8856801833632,56.3899999999994]]]},"properties":{"OBJECTID":87,"TYPE":4,"SUBTYPE":null,"SCHEDULE":"B6","NAME":"Browns Island","VALIDATIONSTATE":3,"VERSIONSTATUS":4,"GlobalID":"60b49912-0b9e-4d28-a6c2-aa69798bc4ae"}},{"type":"Feature","id":88,"geometry":{"type":"Polygon","coordinates":[[[174.901001942508,-36.7724679284997,-269.130000000005],[174.900296583873,-36.8501742945848,40.8000000000029],[174.893784909864,-36.8454754334914,12.7482000000018],[174.875027410505,-36.8319345690981,-68.0767000000051],[174.865353183258,-36.8249477318344,-109.773400000005],[174.854997643874,-36.8174665033146,-154.415099999998],[174.85030416919,-36.8140749650016,-174.650999999998],[174.838681565522,-36.8056742483729,-224.7696],[174.828396405105,-36.7982376814994,-269.130000000005],[174.828433877748,-36.7982041873071,-269.130000000005],[174.828471374293,-36.7981707098611,-269.130000000005],[174.828508894762,-36.7981372500625,-269.130000000005],[174.828546440275,-36.7981038078939,-269.130000000005],[174.828584008591,-36.7980703833899,-269.130000000005],[174.82862160193,-36.7980369756149,-269.130000000005],[174.828659218094,-36.7980035864054,-269.130000000005],[174.82869685928,-36.7979702139248,-269.130000000005],[174.828734524411,-36.7979368599925,-269.130000000005],[174.828772213445,-36.7979035228063,-269.130000000005],[174.828809926402,-36.7978702032673,-269.130000000005],[174.828847663283,-36.7978369013754,-269.130000000005],[174.828885424087,-36.7978036171307,-269.130000000005],[174.828923208815,-36.797770350533,-269.130000000005],[174.828961017467,-36.7977371015824,-269.130000000005],[174.828998851163,-36.7977038702616,-269.130000000005],[174.82903670764,-36.797670655704,-269.130000000005],[174.829074588063,-36.7976374596945,-269.130000000005],[174.829112492409,-36.7976042813319,-269.130000000005],[174.829150420678,-36.7975711206163,-269.130000000005],[174.829188372871,-36.7975379775476,-269.130000000005],[174.829226348988,-36.7975048521259,-269.130000000005],[174.829264349029,-36.797471744351,-269.130000000005],[174.829302372992,-36.797438654223,-269.130000000005],[174.82934042088,-36.7974055817418,-269.130000000005],[174.82937849157,-36.7973725269246,-269.130000000005],[174.829416587326,-36.7973394906381,-269.130000000005],[174.829454705864,-36.7973064711146,-269.130000000005],[174.829492848347,-36.7972734701388,-269.130000000005],[174.829531014731,-36.7972404859087,-269.130000000005],[174.829569205061,-36.7972075202264,-269.130000000005],[174.829607419314,-36.7971745721907,-269.130000000005],[174.829645656392,-36.7971416427199,-269.130000000005],[174.829683918492,-36.7971087299776,-269.130000000005],[174.829722203416,-36.7970758358001,-269.130000000005],[174.829760512265,-36.7970429592692,-269.130000000005],[174.829798843916,-36.7970101004021,-269.130000000005],[174.829837200611,-36.7969772591644,-269.130000000005],[174.829875580131,-36.7969444364914,-269.130000000005],[174.829913983552,-36.7969116305638,-269.130000000005],[174.82995241094,-36.7968788440849,-269.130000000005],[174.82999086111,-36.7968460743686,-269.130000000005],[174.830029335224,-36.7968133231997,-269.130000000005],[174.830067832142,-36.7967805896945,-269.130000000005],[174.830106354103,-36.7967478738185,-269.130000000005],[174.830144898889,-36.796715176507,-269.130000000005],[174.830183466478,-36.7966824968592,-269.130000000005],[174.830222059111,-36.7966498348404,-269.130000000005],[174.830260674568,-36.7966171913862,-269.130000000005],[174.830299312828,-36.7965845655956,-269.130000000005],[174.830337975033,-36.7965519583521,-269.130000000005],[174.830376661162,-36.796519368755,-269.130000000005],[174.830415370093,-36.7964867968213,-269.130000000005],[174.83045410297,-36.7964542434347,-269.130000000005],[174.830492858649,-36.7964217077116,-269.130000000005],[174.830531638273,-36.7963891905357,-269.130000000005],[174.830570441821,-36.7963566910058,-269.130000000005],[174.830609268193,-36.7963242100403,-269.130000000005],[174.830648117368,-36.7962917467382,-269.130000000005],[174.830686990466,-36.7962593010821,-269.130000000005],[174.830725887531,-36.7962268748741,-269.130000000005],[174.830764807377,-36.7961944654283,-269.130000000005],[174.830803750048,-36.7961620745467,-269.130000000005],[174.830842716663,-36.7961297022121,-269.130000000005],[174.830881706103,-36.7960973484417,-269.130000000005],[174.830920719466,-36.7960650123172,-269.130000000005],[174.830959755632,-36.7960326938559,-269.130000000005],[174.830998814623,-36.7960003939587,-269.130000000005],[174.831037897558,-36.7959681126083,-269.130000000005],[174.831077003297,-36.7959358489211,-269.130000000005],[174.83111613298,-36.7959036037806,-269.130000000005],[174.831155285487,-36.7958713772042,-269.130000000005],[174.831194460798,-36.7958391682908,-269.130000000005],[174.831233660053,-36.7958069779242,-269.130000000005],[174.831272882133,-36.7957748061215,-269.130000000005],[174.831312127015,-36.7957426519817,-269.130000000005],[174.831351394722,-36.7957105164059,-269.130000000005],[174.831390686374,-36.7956783993768,-269.130000000005],[174.831430000829,-36.7956463000105,-269.130000000005],[174.831469338108,-36.7956142192081,-269.130000000005],[174.831508699332,-36.7955821569522,-269.130000000005],[174.83154808338,-36.7955501132602,-269.130000000005],[174.831587490231,-36.795518087231,-269.130000000005],[174.831626919928,-36.7954860806665,-269.130000000005],[174.831666372428,-36.7954540917648,-269.130000000005],[174.831705848873,-36.7954221214096,-269.130000000005],[174.83174534812,-36.795390168717,-269.130000000005],[174.831784869093,-36.7953582355065,-269.130000000005],[174.83182441399,-36.7953263199413,-269.130000000005],[174.831863982852,-36.7952944238235,-269.130000000005],[174.831903573397,-36.7952625453855,-269.130000000005],[174.831943186767,-36.7952306855112,-269.130000000005],[174.831982824081,-36.7951988441831,-269.130000000005],[174.832022483077,-36.7951670205348,-269.130000000005],[174.83206216604,-36.7951352163338,-269.130000000005],[174.832101871827,-36.7951034306964,-269.130000000005],[174.832141599297,-36.7950716627386,-269.130000000005],[174.832181350733,-36.7950399142281,-269.130000000005],[174.832221124972,-36.79500818338,-269.130000000005],[174.832260922057,-36.7949764719963,-269.130000000005],[174.832300741944,-36.794944778275,-269.130000000005],[174.832340583536,-36.7949131031343,-269.130000000005],[174.832380449094,-36.7948814474407,-269.130000000005],[174.832420337454,-36.7948498094094,-269.130000000005],[174.832460248661,-36.7948181908425,-269.130000000005],[174.83250018155,-36.794786589955,-269.130000000005],[174.832540138405,-36.7947550085146,-269.130000000005],[174.832580116964,-36.7947234456546,-269.130000000005],[174.832620119446,-36.7946919004396,-269.130000000005],[174.832660143654,-36.794660374706,-269.130000000005],[174.832700190687,-36.7946288675356,-269.130000000005],[174.832740260543,-36.7945973789284,-269.130000000005],[174.832780353224,-36.7945659088842,-269.130000000005],[174.832820468751,-36.7945344583042,-269.130000000005],[174.83286060596,-36.7945030254035,-269.130000000005],[174.832900766015,-36.7944716119669,-269.130000000005],[174.832940948873,-36.7944402161922,-269.130000000005],[174.832981154577,-36.7944088398816,-269.130000000005],[174.833021383105,-36.794377482134,-269.130000000005],[174.833061634479,-36.7943461438503,-269.130000000005],[174.833101907536,-36.7943148232459,-269.130000000005],[174.833142203438,-36.7942835221053,-269.130000000005],[174.833182521044,-36.7942522395449,-269.130000000005],[174.833222862595,-36.7942209755301,-269.130000000005],[174.833263225872,-36.7941897309965,-269.130000000005],[174.833303611973,-36.7941585050256,-269.130000000005],[174.833344019778,-36.7941272976349,-269.130000000005],[174.833384450407,-36.7940961088069,-269.130000000005],[174.833424903882,-36.7940649394427,-269.130000000005],[174.833465380181,-36.7940337886411,-269.130000000005],[174.833505878185,-36.7940026564196,-269.130000000005],[174.833546399034,-36.7939715436618,-269.130000000005],[174.833586941587,-36.7939404494839,-269.130000000005],[174.833627506965,-36.7939093738687,-269.130000000005],[174.833668094068,-36.7938783177343,-269.130000000005],[174.833708703996,-36.7938472801626,-269.130000000005],[174.833749336748,-36.7938162611534,-269.130000000005],[174.833789991225,-36.793785261625,-269.130000000005],[174.833830668548,-36.7937542815602,-269.130000000005],[174.833871367575,-36.7937233200752,-269.130000000005],[174.833912089427,-36.7936923771526,-269.130000000005],[174.833952833004,-36.7936614537108,-269.130000000005],[174.833993599406,-36.7936305488315,-269.130000000005],[174.834034387511,-36.7935996625318,-269.130000000005],[174.834075197342,-36.7935687957128,-269.130000000005],[174.834116030019,-36.7935379483571,-269.130000000005],[174.83415688552,-36.7935071195639,-269.130000000005],[174.834197762747,-36.7934763102512,-269.130000000005],[174.834238661678,-36.7934455195181,-269.130000000005],[174.834279583455,-36.7934147482483,-269.130000000005],[174.834320526936,-36.793383995558,-269.130000000005],[174.834361492142,-36.7933532623482,-269.130000000005],[174.834402480173,-36.7933225477007,-269.130000000005],[174.834443489929,-36.7932918525336,-269.130000000005],[174.834484522531,-36.7932611768297,-269.130000000005],[174.834525576837,-36.7932305197052,-269.130000000005],[174.834566652869,-36.7931998820611,-269.130000000005],[174.834607750626,-36.7931692638974,-269.130000000005],[174.834648871208,-36.7931386642957,-269.130000000005],[174.834690013515,-36.7931080841744,-269.130000000005],[174.834731177526,-36.7930775226324,-269.130000000005],[174.834772364384,-36.7930469805535,-269.130000000005],[174.834813571846,-36.793016457972,-269.130000000005],[174.834854802133,-36.7929859539526,-269.130000000005],[174.834896054167,-36.7929554703143,-269.130000000005],[174.834937329025,-36.792925005238,-269.130000000005],[174.834978624468,-36.7928945587581,-269.130000000005],[174.835019942777,-36.7928641326421,-269.130000000005],[174.835061282791,-36.7928337251053,-269.130000000005],[174.83510264453,-36.7928033370485,-269.130000000005],[174.835144027995,-36.7927729684719,-269.130000000005],[174.835185433164,-36.7927426184743,-269.130000000005],[174.83522686008,-36.7927122888577,-269.130000000005],[174.835268309821,-36.7926819778029,-269.130000000005],[174.835309780166,-36.7926516862454,-269.130000000005],[174.835351273337,-36.7926214132495,-269.130000000005],[174.835392787134,-36.7925911606519,-269.130000000005],[174.835434323777,-36.792560927517,-269.130000000005],[174.835475882124,-36.7925307129609,-269.130000000005],[174.835517462197,-36.7925005178848,-269.130000000005],[174.835559062875,-36.7924703423058,-269.130000000005],[174.835600686399,-36.7924401861893,-269.130000000005],[174.835642331649,-36.7924100495527,-269.130000000005],[174.835683997504,-36.7923799324131,-269.130000000005],[174.835725686205,-36.792349834736,-269.130000000005],[174.835767395511,-36.792319756556,-269.130000000005],[174.835809127664,-36.7922896978384,-269.130000000005],[174.8358508804,-36.7922596577168,-269.130000000005],[174.835892656004,-36.7922296379586,-269.130000000005],[174.835934452213,-36.7921996376974,-269.130000000005],[174.835976270126,-36.7921696560147,-269.130000000005],[174.836018109787,-36.7921396947127,-269.130000000005],[174.836059971152,-36.7921097519893,-269.130000000005],[174.836101853143,-36.7920798296638,-269.130000000005],[174.836143757981,-36.7920499268005,-269.130000000005],[174.836185683424,-36.7920200434341,-269.130000000005],[174.836227630593,-36.7919901795471,-269.130000000005],[174.836269599466,-36.7919603342386,-269.130000000005],[174.836311588987,-36.7919305102289,-269.130000000005],[174.836353601333,-36.7919007047803,-269.130000000005],[174.836395634285,-36.7918709188284,-269.130000000005],[174.836437688962,-36.7918411523559,-269.130000000005],[174.836479764266,-36.7918114062811,-269.130000000005],[174.836521862395,-36.7917816787673,-269.130000000005],[174.836563981151,-36.7917519716511,-269.130000000005],[174.836606120512,-36.7917222840316,-269.130000000005],[174.836648282719,-36.791692615874,-269.130000000005],[174.836690465532,-36.791662967213,-269.130000000005],[174.836732668972,-36.7916333389495,-269.130000000005],[174.836774895257,-36.7916037301479,-269.130000000005],[174.836817142127,-36.7915741399418,-269.130000000005],[174.836859409646,-36.7915445710342,-269.130000000005],[174.836901698868,-36.7915150207047,-269.130000000005],[174.836944009838,-36.7914854907553,-269.130000000005],[174.836986341392,-36.7914559794014,-269.130000000005],[174.837028694715,-36.7914264893285,-269.130000000005],[174.837071068622,-36.7913970178509,-269.130000000005],[174.837113464276,-36.7913675667534,-269.130000000005],[174.837155881656,-36.7913381351349,-269.130000000005],[174.837198319642,-36.7913087230126,-269.130000000005],[174.837240778255,-36.7912793312877,-269.130000000005],[174.837283258593,-36.7912499590417,-269.130000000005],[174.837325759538,-36.7912206062919,-269.130000000005],[174.837368282229,-36.791191273922,-269.130000000005],[174.837410825526,-36.7911619610482,-269.130000000005],[174.837453390549,-36.7911326676533,-269.130000000005],[174.8374959762,-36.7911033946556,-269.130000000005],[174.837538583576,-36.7910741411366,-269.130000000005],[174.837581211579,-36.7910449080147,-269.130000000005],[174.837623860188,-36.791015694389,-269.130000000005],[174.837666529424,-36.7909865011602,-269.130000000005],[174.837709220386,-36.7909573274102,-269.130000000005],[174.837751933074,-36.7909281731388,-269.130000000005],[174.837794665269,-36.7908990392817,-269.130000000005],[174.83783741919,-36.7908699249033,-269.130000000005],[174.837880194858,-36.7908408309045,-269.130000000005],[174.837922990012,-36.7908117564189,-269.130000000005],[174.837965806914,-36.7907827023129,-269.130000000005],[174.838008644421,-36.7907536677027,-269.130000000005],[174.838050361133,-36.7907254264583,-269.130000000005],[174.838051502555,-36.7907246534894,-269.130000000005],[174.838094382437,-36.7906956596556,-269.130000000005],[174.838137281804,-36.7906666853349,-269.130000000005],[174.838180202897,-36.7906377304927,-269.130000000005],[174.838223144618,-36.7906087960472,-269.130000000005],[174.838266108086,-36.7905798819811,-269.130000000005],[174.838309091039,-36.7905509874281,-269.130000000005],[174.83835209574,-36.7905221132544,-269.130000000005],[174.838395121047,-36.7904932585764,-269.130000000005],[174.838438166982,-36.790464424295,-269.130000000005],[174.838481233543,-36.7904356104102,-269.130000000005],[174.838524320711,-36.7904068160211,-269.130000000005],[174.838567428505,-36.7903780420285,-269.130000000005],[174.838610556927,-36.7903492884325,-269.130000000005],[174.838653707076,-36.7903205543147,-269.130000000005],[174.838696876731,-36.7902918406107,-269.130000000005],[174.838740067014,-36.7902631473032,-269.130000000005],[174.838783279022,-36.7902344734738,-269.130000000005],[174.83882651056,-36.7902058209592,-269.130000000005],[174.838869763802,-36.7901771870217,-269.130000000005],[174.838913036573,-36.7901485743989,-269.130000000005],[174.83895633107,-36.7901199812541,-269.130000000005],[174.838999645074,-36.7900914085231,-269.130000000005],[174.839042979706,-36.7900628561883,-269.130000000005],[174.839086334965,-36.7900343242499,-269.130000000005],[174.83912971195,-36.7900058117894,-269.130000000005],[174.839173108464,-36.7899773206435,-269.130000000005],[174.839216525584,-36.7899488489928,-269.130000000005],[174.83925996219,-36.7899203968547,-269.130000000005],[174.839303420565,-36.7898919659965,-269.130000000005],[174.839346899567,-36.7898635555344,-269.130000000005],[174.839390398055,-36.7898351645848,-269.130000000005],[174.839433917171,-36.7898067940313,-269.130000000005],[174.839477456914,-36.7897784438739,-269.130000000005],[174.839521017285,-36.7897501141126,-269.130000000005],[174.839564598284,-36.7897218047474,-269.130000000005],[174.83960819879,-36.7896935157955,-269.130000000005],[174.839651819923,-36.7896652472397,-269.130000000005],[174.839695461662,-36.7896369981788,-269.130000000005],[174.839739122931,-36.7896087704322,-269.130000000005],[174.839782805925,-36.7895805621632,-269.130000000005],[174.839826508449,-36.7895523752085,-269.130000000005],[174.839870230458,-36.7895242077661,-269.130000000005],[174.839913974237,-36.7894960616032,-269.130000000005],[174.839957737502,-36.7894679349524,-269.130000000005],[174.840001521394,-36.7894398286975,-269.130000000005],[174.840045324816,-36.7894117437568,-269.130000000005],[174.840089148844,-36.7893836783108,-269.130000000005],[174.8401329924,-36.789355634179,-269.130000000005],[174.840176856563,-36.7893276095418,-269.130000000005],[174.840220741353,-36.7892996053005,-269.130000000005],[174.840264646793,-36.7892716223558,-269.130000000005],[174.84030857062,-36.7892436598414,-269.130000000005],[174.840352516174,-36.7892157168044,-269.130000000005],[174.840396481256,-36.7891877950813,-269.130000000005],[174.840440465847,-36.7891598937712,-269.130000000005],[174.840484471064,-36.7891320128567,-269.130000000005],[174.84052849691,-36.7891041523377,-269.130000000005],[174.840572542264,-36.7890763122316,-269.130000000005],[174.840616607146,-36.7890484934394,-269.130000000005],[174.840660692635,-36.7890206941417,-269.130000000005],[174.840704797653,-36.7889929161578,-269.130000000005],[174.840748923298,-36.7889651585693,-269.130000000005],[174.840793068452,-36.7889374213936,-269.130000000005],[174.840837233113,-36.7889097046307,-269.130000000005],[174.840881418402,-36.7888820082631,-269.130000000005],[174.84092562434,-36.7888543331919,-269.130000000005],[174.840969848666,-36.7888266785508,-269.130000000005],[174.84101409362,-36.7887990443049,-269.130000000005],[174.841058358082,-36.7887714304717,-269.130000000005],[174.841102643193,-36.7887438379347,-269.130000000005],[174.84114694779,-36.7887162649094,-269.130000000005],[174.841191271917,-36.7886887131976,-269.130000000005],[174.841235616693,-36.788661182782,-269.130000000005],[174.841279979835,-36.7886336718953,-269.130000000005],[174.841324363627,-36.7886061823048,-269.130000000005],[174.841368768068,-36.7885787140103,-269.130000000005],[174.841413190875,-36.7885512652447,-269.130000000005],[174.841457634332,-36.7885238377752,-269.130000000005],[174.841502097297,-36.7884964307182,-269.130000000005],[174.841546579791,-36.7884690449744,-269.130000000005],[174.841591081793,-36.7884416796431,-269.130000000005],[174.841635603303,-36.7884143347241,-269.130000000005],[174.841680145463,-36.7883870111012,-269.130000000005],[174.84172470601,-36.7883597079078,-269.130000000005],[174.841769287186,-36.7883324251094,-269.130000000005],[174.841813887891,-36.7883051636243,-269.130000000005],[174.841858508104,-36.7882779225514,-269.130000000005],[174.841903147846,-36.7882507027917,-269.130000000005],[174.841947807097,-36.7882235034442,-269.130000000005],[174.841992485877,-36.7881963254098,-269.130000000005],[174.842037184165,-36.7881691677877,-269.130000000005],[174.842081901961,-36.7881420305777,-269.130000000005],[174.842126639286,-36.7881149146807,-269.130000000005],[174.842171396141,-36.7880878200969,-269.130000000005],[174.842216172505,-36.7880607459251,-269.130000000005],[174.842260968376,-36.7880336921654,-269.130000000005],[174.842305783777,-36.7880066597187,-269.130000000005],[174.842350618708,-36.7879796485849,-269.130000000005],[174.842395473147,-36.7879526578632,-269.130000000005],[174.842440347115,-36.7879256884544,-269.130000000005],[174.842485240592,-36.7878987394575,-269.130000000005],[174.842530152478,-36.7878718117909,-269.130000000005],[174.842575084992,-36.7878449045188,-269.130000000005],[174.842620035917,-36.787818018577,-269.130000000005],[174.842665006349,-36.787791153047,-269.130000000005],[174.842709996311,-36.7877643088298,-269.130000000005],[174.842755005803,-36.7877374859254,-269.130000000005],[174.842800033683,-36.7877106834502,-269.130000000005],[174.842845082213,-36.7876839022703,-269.130000000005],[174.842890149152,-36.7876571424205,-269.130000000005],[174.8429352356,-36.7876304029825,-269.130000000005],[174.842980340458,-36.7876036848745,-269.130000000005],[174.843025465965,-36.7875769880618,-269.130000000005],[174.843070609861,-36.7875503116781,-269.130000000005],[174.843115773287,-36.787523656607,-269.130000000005],[174.843160955122,-36.7874970228659,-269.130000000005],[174.843206156466,-36.7874704095363,-269.130000000005],[174.84325137734,-36.7874438175193,-269.130000000005],[174.843296616623,-36.7874172468323,-269.130000000005],[174.843341875437,-36.7873906974577,-269.130000000005],[174.843387153759,-36.7873641684946,-269.130000000005],[174.843432450491,-36.7873376608613,-269.130000000005],[174.843477766753,-36.7873111745405,-269.130000000005],[174.843523102523,-36.7872847086311,-269.130000000005],[174.843568456725,-36.7872582649525,-269.130000000005],[174.843613830435,-36.7872318416852,-269.130000000005],[174.843659222555,-36.7872054397477,-269.130000000005],[174.843704633085,-36.7871790591399,-269.130000000005],[174.843750063146,-36.7871526998444,-269.130000000005],[174.843795512715,-36.7871263609601,-269.130000000005],[174.843840980715,-36.7871000443065,-269.130000000005],[174.843886468224,-36.7870737480642,-269.130000000005],[174.843931974143,-36.7870474731515,-269.130000000005],[174.843977499592,-36.7870212195509,-269.130000000005],[174.844023042331,-36.7869949872973,-269.130000000005],[174.844068605699,-36.7869687754374,-269.130000000005],[174.844114187499,-36.7869425858081,-269.130000000005],[174.844159787709,-36.7869164175083,-269.130000000005],[174.844205406307,-36.7868902696369,-269.130000000005],[174.844251044436,-36.7868641430775,-269.130000000005],[174.844296700996,-36.7868380387486,-269.130000000005],[174.844342377065,-36.7868119548308,-269.130000000005],[174.844388071544,-36.7867858922423,-269.130000000005],[174.844433784456,-36.7867598518841,-269.130000000005],[174.844479515755,-36.7867338319543,-269.130000000005],[174.844525266585,-36.7867078333364,-269.130000000005],[174.844571035826,-36.7866818560479,-269.130000000005],[174.844616823476,-36.7866559000885,-269.130000000005],[174.844662630657,-36.7866299654411,-269.130000000005],[174.84470845627,-36.7866040530239,-269.130000000005],[174.844754299152,-36.7865781610522,-269.130000000005],[174.844800162684,-36.786552290375,-269.130000000005],[174.844846043528,-36.7865264419453,-269.130000000005],[174.844891942761,-36.7865006139438,-269.130000000005],[174.844937861546,-36.786474808155,-269.130000000005],[174.84498379872,-36.7864490227943,-269.130000000005],[174.845029753205,-36.786423259681,-269.130000000005],[174.845075727222,-36.7863975178794,-269.130000000005],[174.845121719648,-36.7863717974069,-269.130000000005],[174.845167731606,-36.7863460982459,-269.130000000005],[174.845213760853,-36.7863204204314,-269.130000000005],[174.845259808512,-36.7862947639458,-269.130000000005],[174.84530587458,-36.7862691287891,-269.130000000005],[174.845351960201,-36.786243515845,-269.130000000005],[174.845398063113,-36.7862179242472,-269.130000000005],[174.845444184435,-36.7861923539782,-269.130000000005],[174.845490324167,-36.7861668050381,-269.130000000005],[174.845536483431,-36.7861412774095,-269.130000000005],[174.845582660007,-36.786115772028,-269.130000000005],[174.845628854971,-36.7860902870743,-269.130000000005],[174.845675068368,-36.7860648243505,-269.130000000005],[174.845721300176,-36.7860393829553,-269.130000000005],[174.845767550416,-36.7860139637899,-269.130000000005],[174.845813819066,-36.7859885659532,-269.130000000005],[174.845860104986,-36.7859631885616,-269.130000000005],[174.84590641048,-36.7859378342832,-269.130000000005],[174.845952733242,-36.7859125004498,-269.130000000005],[174.845999074438,-36.7858871888461,-269.130000000005],[174.846045434044,-36.785861898571,-269.130000000005],[174.846091812061,-36.7858366296245,-269.130000000005],[174.84613820851,-36.7858113829075,-269.130000000005],[174.84618462225,-36.7857861575364,-269.130000000005],[174.846231054401,-36.7857609534938,-269.130000000005],[174.846277504985,-36.7857357716808,-269.130000000005],[174.846323972859,-36.7857106112136,-269.130000000005],[174.846370460265,-36.7856854720574,-269.130000000005],[174.846416964982,-36.785660355148,-269.130000000005],[174.846463486991,-36.7856352595845,-269.130000000005],[174.846510028553,-36.7856101862329,-269.130000000005],[174.846556587405,-36.7855851342271,-269.130000000005],[174.846603163549,-36.785560103567,-269.130000000005],[174.846649758125,-36.7855350951363,-269.130000000005],[174.846696371112,-36.7855101080338,-269.130000000005],[174.84674300251,-36.7854851422596,-269.130000000005],[174.846789651221,-36.7854601987321,-269.130000000005],[174.846836317244,-36.7854352774512,-269.130000000005],[174.846883002799,-36.7854103774811,-269.130000000005],[174.846929704525,-36.7853854988739,-269.130000000005],[174.846976425804,-36.7853606424786,-269.130000000005],[174.847023163253,-36.7853358074462,-269.130000000005],[174.847069920256,-36.7853109946254,-269.130000000005],[174.84711669343,-36.7852862031676,-269.130000000005],[174.847163486156,-36.7852614339215,-269.130000000005],[174.847210295076,-36.7852366869393,-269.130000000005],[174.847257123527,-36.7852119612676,-269.130000000005],[174.847303968148,-36.7851872569588,-269.130000000005],[174.847350831203,-36.785162574879,-269.130000000005],[174.847397712691,-36.7851379150282,-269.130000000005],[174.84744461035,-36.78511327654,-269.130000000005],[174.847491526442,-36.7850886602808,-269.130000000005],[174.847538460946,-36.7850640653496,-269.130000000005],[174.847585412763,-36.7850394926646,-269.130000000005],[174.84763238187,-36.7850149413249,-269.130000000005],[174.847679369411,-36.784990412214,-269.130000000005],[174.847726373145,-36.7849659053668,-269.130000000005],[174.847773395291,-36.7849414198473,-269.130000000005],[174.84782043587,-36.7849169565567,-269.130000000005],[174.847867493761,-36.7848925155122,-269.130000000005],[174.847914567824,-36.7848680958302,-269.130000000005],[174.847961660321,-36.7848436983769,-269.130000000005],[174.848008771251,-36.7848193231524,-269.130000000005],[174.848055898352,-36.7847949692903,-269.130000000005],[174.848103043886,-36.7847706376569,-269.130000000005],[174.848150206734,-36.7847463282695,-269.130000000005],[174.848197386873,-36.7847220402271,-269.130000000005],[174.848244584326,-36.7846977744307,-269.130000000005],[174.848291800212,-36.7846735308629,-269.130000000005],[174.848339032291,-36.7846493095584,-269.130000000005],[174.848386282782,-36.7846251095815,-269.130000000005],[174.848433549466,-36.7846009318678,-269.130000000005],[174.848480834584,-36.7845767763827,-269.130000000005],[174.848528137015,-36.7845526431434,-269.130000000005],[174.848575455618,-36.7845285312663,-269.130000000005],[174.848622792654,-36.7845044416177,-269.130000000005],[174.848670147004,-36.7844803742149,-269.130000000005],[174.848717518667,-36.7844563290579,-269.130000000005],[174.848764907644,-36.7844323061466,-269.130000000005],[174.848812313913,-36.7844083045801,-269.130000000005],[174.848859736375,-36.7843843252767,-269.130000000005],[174.84890717727,-36.7843603682015,-269.130000000005],[174.84895463548,-36.7843364333721,-269.130000000005],[174.849002109883,-36.7843125208057,-269.130000000005],[174.84904960272,-36.7842886304676,-269.130000000005],[174.849097111728,-36.7842647614914,-269.130000000005],[174.849144638072,-36.7842409156619,-269.130000000005],[174.849192182828,-36.7842170911595,-269.130000000005],[174.849239742658,-36.7841932889375,-269.130000000005],[174.849287320922,-36.7841695089436,-269.130000000005],[174.849334916499,-36.7841457511952,-269.130000000005],[174.84938252827,-36.7841220157098,-269.130000000005],[174.849430157355,-36.7840983024698,-269.130000000005],[174.849477803753,-36.7840746114752,-269.130000000005],[174.849525467466,-36.7840509427261,-269.130000000005],[174.849573147372,-36.7840272962398,-269.130000000005],[174.849620845691,-36.7840036710804,-269.130000000005],[174.849668559105,-36.7839800691023,-269.130000000005],[174.849716290953,-36.783956489352,-269.130000000005],[174.849764038974,-36.7839329309635,-269.130000000005],[174.84981180433,-36.7839093957214,-269.130000000005],[174.849859587,-36.7838858827244,-269.130000000005],[174.849907385843,-36.7838623910892,-269.130000000005],[174.849955202021,-36.7838389226002,-269.130000000005],[174.850003034393,-36.7838154763738,-269.130000000005],[174.850050884079,-36.7837920523927,-269.130000000005],[174.850098751058,-36.7837686497557,-269.130000000005],[174.850146634253,-36.7837452702823,-269.130000000005],[174.850194534762,-36.783721913054,-269.130000000005],[174.850242451465,-36.7836985780882,-269.130000000005],[174.850290385503,-36.7836752662686,-269.130000000005],[174.850338335715,-36.7836519758104,-269.130000000005],[174.85038630324,-36.7836287075973,-269.130000000005],[174.850434286982,-36.7836054625477,-269.130000000005],[174.850482288016,-36.783582238842,-269.130000000005],[174.850530305266,-36.7835590382998,-269.130000000005],[174.850578339831,-36.7835358600025,-269.130000000005],[174.85062639059,-36.7835127039676,-269.130000000005],[174.850674458663,-36.7834895701776,-269.130000000005],[174.850722541811,-36.7834664586674,-269.130000000005],[174.850770643415,-36.7834433702856,-269.130000000005],[174.850818760071,-36.7834203032826,-269.130000000005],[174.850866894064,-36.7833972594253,-269.130000000005],[174.850915045371,-36.783374237813,-269.130000000005],[174.850963211775,-36.7833512393812,-269.130000000005],[174.851011395471,-36.7833282622933,-269.130000000005],[174.851059595383,-36.7833053083685,-269.130000000005],[174.851107812611,-36.7832823766885,-269.130000000005],[174.851156046032,-36.7832594672706,-269.130000000005],[174.851204295649,-36.7832365801148,-269.130000000005],[174.851252561482,-36.7832137161222,-269.130000000005],[174.851300843509,-36.7831908743916,-269.130000000005],[174.851349142851,-36.7831680549057,-269.130000000005],[174.85139745841,-36.7831452585828,-269.130000000005],[174.851445790141,-36.783122483621,-269.130000000005],[174.85149413809,-36.7830997318221,-269.130000000005],[174.851542502254,-36.7830770031862,-269.130000000005],[174.851590883712,-36.7830542958939,-269.130000000005],[174.851639280266,-36.7830316117819,-269.130000000005],[174.851687694157,-36.7830089508155,-269.130000000005],[174.851736124221,-36.7829863112099,-269.130000000005],[174.851784570502,-36.7829636947672,-269.130000000005],[174.851833033,-36.7829411014874,-269.130000000005],[174.85188151055,-36.7829185295858,-269.130000000005],[174.851930005438,-36.7828959808297,-269.130000000005],[174.851978516542,-36.7828734552363,-269.130000000005],[174.852027043841,-36.7828509519047,-269.130000000005],[174.852075587335,-36.7828284708349,-269.130000000005],[174.852124147046,-36.7828060129278,-269.130000000005],[174.852172722952,-36.7827835772825,-269.130000000005],[174.852221315054,-36.7827611638988,-269.130000000005],[174.852269923372,-36.7827387736778,-269.130000000005],[174.852318546765,-36.7827164057359,-269.130000000005],[174.852367187495,-36.7826940609393,-269.130000000005],[174.852415843301,-36.7826717384216,-269.130000000005],[174.852464516444,-36.7826494390492,-269.130000000005],[174.852513204661,-36.7826271619557,-269.130000000005],[174.852561909096,-36.7826049080249,-269.130000000005],[174.852610628606,-36.782582676373,-269.130000000005],[174.852659365432,-36.7825604669651,-269.130000000005],[174.852708117355,-36.7825382807373,-269.130000000005],[174.852756886615,-36.7825161176544,-269.130000000005],[174.85280566983,-36.7824939768679,-269.130000000005],[174.852854470382,-36.7824718592264,-269.130000000005],[174.85290328713,-36.7824497638463,-269.130000000005],[174.852952118954,-36.7824276907451,-269.130000000005],[174.853000965896,-36.7824056417247,-269.130000000005],[174.853049830133,-36.7823836140472,-269.130000000005],[174.853098709488,-36.7823616104505,-269.130000000005],[174.853147605039,-36.7823396291151,-269.130000000005],[174.853196515666,-36.7823176700584,-269.130000000005],[174.85324544363,-36.7822957341465,-269.130000000005],[174.853289664103,-36.7822759356517,-269.130000000005],[174.853294385571,-36.7822738214319,-269.130000000005],[174.853343344829,-36.782251930961,-269.130000000005],[174.853392319183,-36.7822300636698,-269.130000000005],[174.853441308635,-36.7822082195582,-269.130000000005],[174.853490314283,-36.7821863977078,-269.130000000005],[174.853539336127,-36.7821645981185,-269.130000000005],[174.853588373091,-36.7821428226099,-269.130000000005],[174.85363742513,-36.7821210693798,-269.130000000005],[174.853686493386,-36.7820993393118,-269.130000000005],[174.853735577839,-36.7820776315049,-269.130000000005],[174.853784677389,-36.7820559468775,-269.130000000005],[174.853833793157,-36.7820342854121,-269.130000000005],[174.853882922881,-36.7820126462427,-269.130000000005],[174.853932069943,-36.7819910302178,-269.130000000005],[174.853981232103,-36.7819694373723,-269.130000000005],[174.854030409339,-36.7819478668052,-269.130000000005],[174.854079601694,-36.7819263203186,-269.130000000005],[174.854128810246,-36.7819047960928,-269.130000000005],[174.854178033873,-36.7818832941454,-269.130000000005],[174.854227273741,-36.7818618162609,-269.130000000005],[174.854276528684,-36.7818403606547,-269.130000000005],[174.854325798726,-36.7818189282278,-269.130000000005],[174.854375083844,-36.7817975180791,-269.130000000005],[174.854424385202,-36.7817761319933,-269.130000000005],[174.854473701636,-36.7817547681857,-269.130000000005],[174.854523033168,-36.7817334275573,-269.130000000005],[174.854572380918,-36.7817121100907,-269.130000000005],[174.854621742647,-36.7816908158206,-269.130000000005],[174.854671120571,-36.7816695438113,-269.130000000005],[174.854720513595,-36.7816482949811,-269.130000000005],[174.854769921716,-36.7816270693301,-269.130000000005],[174.854819346056,-36.7816058668406,-269.130000000005],[174.854868784374,-36.7815846875477,-269.130000000005],[174.85491823891,-36.7815635314165,-269.130000000005],[174.854967708523,-36.7815423975632,-269.130000000005],[174.855017192114,-36.7815212869064,-269.130000000005],[174.855066691946,-36.7815002003122,-269.130000000005],[174.855116206854,-36.781479135996,-269.130000000005],[174.855165736861,-36.7814580948587,-269.130000000005],[174.855215281966,-36.7814370769004,-269.130000000005],[174.855264842148,-36.78141608122,-269.130000000005],[174.85531441745,-36.7813951096195,-269.130000000005],[174.855327230185,-36.781389697263,-269.130000000005],[174.855364007851,-36.7813741611978,-269.130000000005],[174.855413613329,-36.7813532350541,-269.130000000005],[174.855463233905,-36.7813323320892,-269.130000000005],[174.855512869602,-36.7813114532041,-269.130000000005],[174.855562520376,-36.7812905965968,-269.130000000005],[174.855612186248,-36.7812697631683,-269.130000000005],[174.855661866121,-36.7812489538371,-269.130000000005],[174.855711562192,-36.7812281667661,-269.130000000005],[174.85576127224,-36.7812074028913,-269.130000000005],[174.855810998508,-36.7811866621778,-269.130000000005],[174.855860738755,-36.7811659446605,-269.130000000005],[174.855910494122,-36.7811452512228,-269.130000000005],[174.855960263447,-36.7811245800802,-269.130000000005],[174.856010048991,-36.7811039320988,-269.130000000005],[174.856059848513,-36.7810833073135,-269.130000000005],[174.856109663135,-36.7810627057067,-269.130000000005],[174.856159492877,-36.7810421281796,-269.130000000005],[174.856209336577,-36.7810215729475,-269.130000000005],[174.856259195376,-36.7810010408939,-269.130000000005],[174.856309069295,-36.7809805329199,-269.130000000005],[174.856358958293,-36.7809600472233,-269.130000000005],[174.856408861291,-36.7809395856237,-269.130000000005],[174.856458779366,-36.7809191463016,-269.130000000005],[174.856508712563,-36.7808987310589,-269.130000000005],[174.856558659739,-36.7808783390121,-269.130000000005],[174.856608622015,-36.7808579701437,-269.130000000005],[174.856658598269,-36.7808376244711,-269.130000000005],[174.856708589623,-36.780817301977,-269.130000000005],[174.856758596077,-36.7807970026611,-269.130000000005],[174.856808616532,-36.7807767274421,-269.130000000005],[174.856858650944,-36.7807564745179,-269.130000000005],[174.856908700478,-36.780736245673,-269.130000000005],[174.856958765111,-36.7807160400063,-269.130000000005],[174.857008843724,-36.7806958575353,-269.130000000005],[174.857058937437,-36.7806756982426,-269.130000000005],[174.857109045129,-36.7806555621456,-269.130000000005],[174.857159166822,-36.7806354501452,-269.130000000005],[174.857209303616,-36.7806153613231,-269.130000000005],[174.857259455509,-36.780595295679,-269.130000000005],[174.857309620261,-36.7805752532481,-269.130000000005],[174.857359800114,-36.7805552339953,-269.130000000005],[174.857409995088,-36.7805352388216,-269.130000000005],[174.857460204021,-36.7805152659424,-269.130000000005],[174.857510426955,-36.7804953171598,-269.130000000005],[174.85756066389,-36.7804753924738,-269.130000000005],[174.857610915904,-36.7804554900647,-269.130000000005],[174.85766118192,-36.7804356117522,-269.130000000005],[174.857711463035,-36.7804157566176,-269.130000000005],[174.857761757011,-36.7803959246959,-269.130000000005],[174.857812066108,-36.7803761168532,-269.130000000005],[174.857862389186,-36.7803563322059,-269.130000000005],[174.857912726244,-36.780336570754,-269.130000000005],[174.857963078402,-36.78031683248,-269.130000000005],[174.858013444562,-36.7802971183024,-269.130000000005],[174.858063823582,-36.7802774273376,-269.130000000005],[174.858114217702,-36.7802577595506,-269.130000000005],[174.858164626945,-36.7802381158424,-269.130000000005],[174.858215049048,-36.780218495347,-269.130000000005],[174.858265485131,-36.7801988980469,-269.130000000005],[174.858315936336,-36.7801793248255,-269.130000000005],[174.858366400402,-36.7801597748168,-269.130000000005],[174.85841687959,-36.7801402488869,-269.130000000005],[174.858467372737,-36.7801207452511,-269.130000000005],[174.858517878788,-36.7801012666301,-269.130000000005],[174.858568399918,-36.7800818102856,-269.130000000005],[174.85861893505,-36.7800623780373,-269.130000000005],[174.858669483043,-36.7800429690017,-269.130000000005],[174.858720046158,-36.7800235840446,-269.130000000005],[174.858770623254,-36.7800042222826,-269.130000000005],[174.858821213232,-36.7799848846342,-269.130000000005],[174.858871818311,-36.7799655701633,-269.130000000005],[174.858922436251,-36.7799462789049,-269.130000000005],[174.858973068193,-36.7799270117426,-269.130000000005],[174.859023714117,-36.7799077677752,-269.130000000005],[174.859074375163,-36.7798885478863,-269.130000000005],[174.85912504795,-36.7798693512274,-269.130000000005],[174.85917573586,-36.7798501786469,-269.130000000005],[174.85922643775,-36.7798310292613,-269.130000000005],[174.859277152502,-36.7798119030881,-269.130000000005],[174.859327881257,-36.7797928010108,-269.130000000005],[174.859378624014,-36.7797737230293,-269.130000000005],[174.859429380753,-36.7797546682427,-269.130000000005],[174.859480150374,-36.7797356375694,-269.130000000005],[174.859530933977,-36.7797166300909,-269.130000000005],[174.859581731561,-36.7796976458072,-269.130000000005],[174.859632542028,-36.7796786856368,-269.130000000005],[174.859683366498,-36.7796597495622,-269.130000000005],[174.859734204949,-36.7796408366822,-269.130000000005],[174.859785057404,-36.779621947898,-269.130000000005],[174.85983592272,-36.779603082326,-269.130000000005],[174.859886802039,-36.7795842408496,-269.130000000005],[174.859937694241,-36.7795654234864,-269.130000000005],[174.859988600425,-36.7795466293179,-269.130000000005],[174.860039519471,-36.7795278583615,-269.130000000005],[174.86009045252,-36.7795091115007,-269.130000000005],[174.860141399572,-36.7794903887355,-269.130000000005],[174.860192359486,-36.7794716891824,-269.130000000005],[174.860243333403,-36.7794530137248,-269.130000000005],[174.860294320204,-36.7794343623802,-269.130000000005],[174.860345320986,-36.7794157342302,-269.130000000005],[174.860396334652,-36.7793971301932,-269.130000000005],[174.86044736118,-36.7793785493681,-269.130000000005],[174.860498401734,-36.7793599935396,-269.130000000005],[174.860549455127,-36.7793414600219,-269.130000000005],[174.860600522546,-36.7793229515007,-269.130000000005],[174.860651602827,-36.7793044661914,-269.130000000005],[174.86070269709,-36.7792860040766,-269.130000000005],[174.860753804258,-36.7792675669755,-269.130000000005],[174.860804924289,-36.7792491530864,-269.130000000005],[174.860856057203,-36.7792307633101,-269.130000000005],[174.860907204099,-36.7792123967281,-269.130000000005],[174.86095836388,-36.7791940542589,-269.130000000005],[174.861009537664,-36.7791757358851,-269.130000000005],[174.861060723213,-36.7791574416415,-269.130000000005],[174.861111922744,-36.7791391705921,-269.130000000005],[174.861163135158,-36.7791209236555,-269.130000000005],[174.861214361577,-36.7791027008141,-269.130000000005],[174.861265599739,-36.7790845012019,-269.130000000005],[174.861316851904,-36.7790663256849,-269.130000000005],[174.861368116954,-36.7790481742806,-269.130000000005],[174.861419394888,-36.7790300469889,-269.130000000005],[174.861470685685,-36.7790119429089,-269.130000000005],[174.861521990507,-36.7789938638249,-269.130000000005],[174.861573307073,-36.7789758079701,-269.130000000005],[174.861624637621,-36.7789577753093,-269.130000000005],[174.861675979955,-36.7789397676797,-269.130000000005],[174.861727336272,-36.778921783244,-269.130000000005],[174.861778705495,-36.7789038238219,-269.130000000005],[174.861830086461,-36.7788858876289,-269.130000000005],[174.86188148141,-36.7788679746298,-269.130000000005],[174.861932889265,-36.7788500866441,-269.130000000005],[174.861984308885,-36.7788322227885,-269.130000000005],[174.862035742488,-36.7788143821268,-269.130000000005],[174.862087188975,-36.7787965655775,-269.130000000005],[174.862138647227,-36.7787787731582,-269.130000000005],[174.862190119484,-36.7787610048337,-269.130000000005],[174.862241603485,-36.7787432597381,-269.130000000005],[174.862293101512,-36.7787255396384,-269.130000000005],[174.862344611282,-36.7787078427675,-269.130000000005],[174.862396133958,-36.77869017091,-269.130000000005],[174.862447669498,-36.7786725222637,-269.130000000005],[174.862499216803,-36.7786548977473,-269.130000000005],[174.862550778114,-36.7786372973256,-269.130000000005],[174.862602351189,-36.7786197210337,-269.130000000005],[174.862653937149,-36.7786021688541,-269.130000000005],[174.862705535973,-36.7785846398856,-269.130000000005],[174.862757147704,-36.7785671359304,-269.130000000005],[174.8628087712,-36.7785496561049,-269.130000000005],[174.86286040756,-36.7785321994905,-269.130000000005],[174.862912056826,-36.7785147678893,-269.130000000005],[174.862963717837,-36.7784973595168,-269.130000000005],[174.863015391732,-36.7784799752564,-269.130000000005],[174.863067078535,-36.7784626160091,-269.130000000005],[174.863118777082,-36.7784452799904,-269.130000000005],[174.863170488514,-36.7784279680838,-269.130000000005],[174.863222212832,-36.7784106802892,-269.130000000005],[174.863273948937,-36.7783934175252,-269.130000000005],[174.863325697906,-36.7783761779722,-269.130000000005],[174.863377458641,-36.7783589625487,-269.130000000005],[174.863429232261,-36.7783417712372,-269.130000000005],[174.863481018768,-36.7783246040377,-269.130000000005],[174.863532817061,-36.7783074618686,-269.130000000005],[174.863584627099,-36.7782903429281,-269.130000000005],[174.863636450023,-36.7782732480994,-269.130000000005],[174.863688284713,-36.7782561774002,-269.130000000005],[174.86374013231,-36.7782391317138,-269.130000000005],[174.863791992771,-36.7782221092383,-269.130000000005],[174.863843863879,-36.7782051109098,-269.130000000005],[174.863895747894,-36.778188137594,-269.130000000005],[174.863947644796,-36.7781711883901,-269.130000000005],[174.863999553442,-36.7781542624145,-269.130000000005],[174.864051473876,-36.7781373614692,-269.130000000005],[174.864103407196,-36.7781204846357,-269.130000000005],[174.86415535114,-36.778103631048,-269.130000000005],[174.864207309113,-36.7780868024555,-269.130000000005],[174.864259277732,-36.7780699980098,-269.130000000005],[174.864311259259,-36.7780532185768,-269.130000000005],[174.864363252531,-36.778036462372,-269.130000000005],[174.864415257569,-36.7780197302964,-269.130000000005],[174.864467275516,-36.7780030232334,-269.130000000005],[174.864519304087,-36.7779863394162,-269.130000000005],[174.864571345567,-36.7779696806115,-269.130000000005],[174.864623399933,-36.7779530459185,-269.130000000005],[174.864675464946,-36.7779364353721,-269.130000000005],[174.864727541726,-36.7779198489548,-269.130000000005],[174.864779631414,-36.7779032875501,-269.130000000005],[174.864831732847,-36.7778867493734,-269.130000000005],[174.864883844949,-36.7778702362444,-269.130000000005],[174.864935969937,-36.7778537472268,-269.130000000005],[174.864988118926,-36.777837278541,-269.130000000005],[174.865040255215,-36.7778208415787,-269.130000000005],[174.865092415526,-36.7778044258491,-269.130000000005],[174.865144587583,-36.7777880333475,-269.130000000005],[174.865196771428,-36.7777716658759,-269.130000000005],[174.86524896816,-36.7777553225157,-269.130000000005],[174.86530117554,-36.7777390033019,-269.130000000005],[174.865353394708,-36.7777227091181,-269.130000000005],[174.865405625644,-36.7777064390631,-269.130000000005],[174.865457868347,-36.777690193137,-269.130000000005],[174.865510121697,-36.7776739713573,-269.130000000005],[174.865562387935,-36.777657773689,-269.130000000005],[174.865614665961,-36.7776416010504,-269.130000000005],[174.865666954635,-36.7776254525582,-269.130000000005],[174.865719256197,-36.7776093281773,-269.130000000005],[174.865771568428,-36.7775932288437,-269.130000000005],[174.865823892404,-36.7775771527378,-269.130000000005],[174.86587622817,-36.7775611016617,-269.130000000005],[174.865928574606,-36.7775450756329,-269.130000000005],[174.865980933907,-36.7775290728142,-269.130000000005],[174.866033303878,-36.7775130950428,-269.130000000005],[174.866085685638,-36.7774971423011,-269.130000000005],[174.866138078024,-36.7774812128046,-269.130000000005],[174.86619048332,-36.7774653083202,-269.130000000005],[174.866242899264,-36.777449427982,-269.130000000005],[174.866295325877,-36.777433572691,-269.130000000005],[174.866347765357,-36.77741774061,-269.130000000005],[174.866400215506,-36.7774019335761,-269.130000000005],[174.866452676325,-36.7773861515894,-269.130000000005],[174.866505150033,-36.7773703937137,-269.130000000005],[174.866557633268,-36.7773546600016,-269.130000000005],[174.866610129413,-36.7773389513015,-269.130000000005],[174.866662636185,-36.7773232658465,-269.130000000005],[174.866715153649,-36.7773076063395,-269.130000000005],[174.866767682859,-36.77729197006,-269.130000000005],[174.866820223859,-36.77727635881,-269.130000000005],[174.866872775529,-36.777260772607,-269.130000000005],[174.866925338968,-36.7772452105323,-269.130000000005],[174.866977913055,-36.7772296726037,-269.130000000005],[174.867030497791,-36.7772141588211,-269.130000000005],[174.867083094317,-36.7771986700678,-269.130000000005],[174.867135702633,-36.7771832063439,-269.130000000005],[174.867188321598,-36.7771677667658,-269.130000000005],[174.867240951211,-36.7771523513338,-269.130000000005],[174.867293591495,-36.7771369609485,-269.130000000005],[174.867346243548,-36.7771215946916,-269.130000000005],[174.86739890737,-36.777106252563,-269.130000000005],[174.867451580764,-36.7770909363997,-269.130000000005],[174.867504265905,-36.7770756434638,-269.130000000005],[174.867556961717,-36.7770603755746,-269.130000000005],[174.867609669297,-36.7770451318137,-269.130000000005],[174.867662387549,-36.7770299130995,-269.130000000005],[174.867715116471,-36.7770147194321,-269.130000000005],[174.867767856021,-36.7769995490094,-269.130000000005],[174.867820606263,-36.7769844045345,-269.130000000005],[174.867873368253,-36.7769692832867,-269.130000000005],[174.867926140935,-36.7769541879867,-269.130000000005],[174.867978924267,-36.7769391168323,-269.130000000005],[174.868031718248,-36.7769240698235,-269.130000000005],[174.86808452402,-36.7769090478439,-269.130000000005],[174.868137339322,-36.7768940500275,-269.130000000005],[174.868190166415,-36.7768790772401,-269.130000000005],[174.868243003037,-36.7768641286159,-269.130000000005],[174.86829585145,-36.7768492050207,-269.130000000005],[174.868348710535,-36.7768343064722,-269.130000000005],[174.86840158027,-36.7768194320691,-269.130000000005],[174.868454459534,-36.7768045818293,-269.130000000005],[174.868507350589,-36.7767897566183,-269.130000000005],[174.868560252316,-36.7767749564539,-269.130000000005],[174.868613164693,-36.776760180435,-269.130000000005],[174.868666087742,-36.7767454294626,-269.130000000005],[174.86871902144,-36.7767307026356,-269.130000000005],[174.86877196469,-36.7767160008728,-269.130000000005],[174.86882491971,-36.7767013232377,-269.130000000005],[174.868877884303,-36.7766866715677,-269.130000000005],[174.868930860645,-36.7766720431245,-269.130000000005],[174.868983846561,-36.7766574406463,-269.130000000005],[174.869036843104,-36.7766428614125,-269.130000000005],[174.869089850342,-36.776628308126,-269.130000000005],[174.869142868229,-36.7766137789849,-269.130000000005],[174.869195895669,-36.7765992749078,-269.130000000005],[174.869248934879,-36.7765847949583,-269.130000000005],[174.869301983641,-36.7765703400728,-269.130000000005],[174.869355043076,-36.7765559102336,-269.130000000005],[174.86940811204,-36.7765415045572,-269.130000000005],[174.869461192797,-36.7765271239095,-269.130000000005],[174.869514283085,-36.7765127674247,-269.130000000005],[174.869567382946,-36.7764984369047,-269.130000000005],[174.869620494579,-36.7764841305123,-269.130000000005],[174.869673615741,-36.7764698482827,-269.130000000005],[174.869726747577,-36.7764555910993,-269.130000000005],[174.869779888965,-36.7764413589797,-269.130000000005],[174.869833041025,-36.7764271519062,-269.130000000005],[174.869886202616,-36.7764129689955,-269.130000000005],[174.86993937488,-36.7763988111309,-269.130000000005],[174.869992557817,-36.7763846783124,-269.130000000005],[174.870045750284,-36.7763705696567,-269.130000000005],[174.870098953425,-36.776356486047,-269.130000000005],[174.870152166118,-36.776342427501,-269.130000000005],[174.870205389462,-36.7763283931,-269.130000000005],[174.870258622359,-36.7763143837627,-269.130000000005],[174.87031186593,-36.7763003994714,-269.130000000005],[174.870365119053,-36.7762864402438,-269.130000000005],[174.870418382827,-36.7762725051611,-269.130000000005],[174.870471656155,-36.776258595142,-269.130000000005],[174.870524939036,-36.7762447101865,-269.130000000005],[174.87057823259,-36.7762308502769,-269.130000000005],[174.870631535675,-36.7762170145299,-269.130000000005],[174.870684849434,-36.7762032038288,-269.130000000005],[174.870738172746,-36.7761894181913,-269.130000000005],[174.870791505611,-36.7761756576172,-269.130000000005],[174.870844848008,-36.7761619212056,-269.130000000005],[174.870898201101,-36.7761482107409,-269.130000000005],[174.870951563725,-36.7761345244386,-269.130000000005],[174.871004937,-36.7761208622812,-269.130000000005],[174.871058318731,-36.7761072261058,-269.130000000005],[174.871111711114,-36.7760936140753,-269.130000000005],[174.871165113051,-36.7760800271081,-269.130000000005],[174.871218524542,-36.7760664652043,-269.130000000005],[174.871271945586,-36.7760529283639,-269.130000000005],[174.871325377304,-36.7760394165693,-269.130000000005],[174.871378818554,-36.776025928937,-269.130000000005],[174.871432268238,-36.7760124663856,-269.130000000005],[174.871485728618,-36.7759990297809,-269.130000000005],[174.871539198508,-36.7759856164376,-269.130000000005],[174.871592677975,-36.7759722290586,-269.130000000005],[174.871646166995,-36.7759588667427,-269.130000000005],[174.871699666668,-36.7759455285716,-269.130000000005],[174.871753174796,-36.7759322163823,-269.130000000005],[174.871806692457,-36.7759189283553,-269.130000000005],[174.871860219673,-36.7759056653915,-269.130000000005],[174.871913757562,-36.7758924274733,-269.130000000005],[174.871967303865,-36.7758792137349,-269.130000000005],[174.872020859743,-36.7758660259606,-269.130000000005],[174.872074425176,-36.7758528632496,-269.130000000005],[174.872128000142,-36.7758397247007,-269.130000000005],[174.872181584662,-36.7758266112149,-269.130000000005],[174.872235178759,-36.7758135236932,-269.130000000005],[174.872288781269,-36.7758004603513,-269.130000000005],[174.872342394453,-36.7757874220549,-269.130000000005],[174.872396016072,-36.7757744088391,-269.130000000005],[174.872449647224,-36.7757614197855,-269.130000000005],[174.872503287953,-36.7757484566959,-269.130000000005],[174.872556938237,-36.7757355186693,-269.130000000005],[174.872610596933,-36.7757226048224,-269.130000000005],[174.872664266327,-36.7757097169219,-269.130000000005],[174.872717944134,-36.775696853201,-269.130000000005],[174.872771630398,-36.7756840154617,-269.130000000005],[174.872825327315,-36.7756712018667,-269.130000000005],[174.872879032667,-36.7756584133524,-269.130000000005],[174.872932747596,-36.775645650802,-269.130000000005],[174.872986470939,-36.7756329124311,-269.130000000005],[174.873040203837,-36.7756201991232,-269.130000000005],[174.87309394629,-36.7756075108781,-269.130000000005],[174.873147697179,-36.7755948477136,-269.130000000005],[174.873201457623,-36.775582209612,-269.130000000005],[174.873255227645,-36.7755695974743,-269.130000000005],[174.87330900608,-36.775557009516,-269.130000000005],[174.873362794071,-36.7755444466205,-269.130000000005],[174.873416590498,-36.7755319088055,-269.130000000005],[174.87347039536,-36.775519396071,-269.130000000005],[174.873524210898,-36.7755069083816,-269.130000000005],[174.873578033752,-36.7754944457903,-269.130000000005],[174.873631866162,-36.7754820082617,-269.130000000005],[174.873685708128,-36.7754695957959,-269.130000000005],[174.873739558529,-36.7754572084105,-269.130000000005],[174.873793417367,-36.7754448461054,-269.130000000005],[174.87384728576,-36.7754325088631,-269.130000000005],[174.873901162612,-36.7754201976021,-269.130000000005],[174.873955048998,-36.7754079105027,-269.130000000005],[174.874008943819,-36.7753956484837,-269.130000000005],[174.874062847078,-36.775383411545,-269.130000000005],[174.874116759914,-36.7753712005699,-269.130000000005],[174.874170680045,-36.7753590137918,-269.130000000005],[174.874224610874,-36.7753468529596,-269.130000000005],[174.874278548997,-36.7753347163244,-269.130000000005],[174.874332496699,-36.7753226056527,-269.130000000005],[174.874386452816,-36.7753105191602,-269.130000000005],[174.874440417391,-36.775298458649,-269.130000000005],[174.874494390402,-36.7752864232179,-269.130000000005],[174.87454837297,-36.7752744128494,-269.130000000005],[174.874602362855,-36.7752624275787,-269.130000000005],[174.874656362297,-36.7752504673705,-269.130000000005],[174.874710370175,-36.7752385322425,-269.130000000005],[174.874764386491,-36.7752266221946,-269.130000000005],[174.874818411265,-36.7752147381278,-269.130000000005],[174.874872445574,-36.7752028782225,-269.130000000005],[174.874926487222,-36.7751910443159,-269.130000000005],[174.874980538427,-36.7751792354718,-269.130000000005],[174.875034596927,-36.7751674508243,-269.130000000005],[174.875088663886,-36.775155692158,-269.130000000005],[174.875142740403,-36.775143958554,-269.130000000005],[174.875196824258,-36.7751322509487,-269.130000000005],[174.875250917649,-36.7751205675048,-269.130000000005],[174.875305018379,-36.7751089100595,-269.130000000005],[174.875359128645,-36.7750972767756,-269.130000000005],[174.87541324625,-36.7750856694903,-269.130000000005],[174.875467372292,-36.775074087285,-269.130000000005],[174.875521506772,-36.7750625301597,-269.130000000005],[174.87557564969,-36.7750509981143,-269.130000000005],[174.875629801067,-36.7750394920498,-269.130000000005],[174.87568396086,-36.7750280101642,-269.130000000005],[174.875738127992,-36.7750165542772,-269.130000000005],[174.875792304683,-36.7750051234525,-269.130000000005],[174.87584648869,-36.7749937177252,-269.130000000005],[174.875900681158,-36.7749823379789,-269.130000000005],[174.875954882042,-36.7749709824114,-269.130000000005],[174.876009090266,-36.7749596528424,-269.130000000005],[174.876063306927,-36.7749483483532,-269.130000000005],[174.876117532027,-36.7749370689439,-269.130000000005],[174.876171765565,-36.7749258146143,-269.130000000005],[174.876226006443,-36.7749145862832,-269.130000000005],[174.876280255737,-36.7749033821309,-269.130000000005],[174.876334512371,-36.7748922039771,-269.130000000005],[174.876388778564,-36.7748810508853,-269.130000000005],[174.876443050977,-36.7748699238096,-269.130000000005],[174.876497332926,-36.774858820895,-269.130000000005],[174.876551622216,-36.7748477439787,-269.130000000005],[174.876605918824,-36.7748366921598,-269.130000000005],[174.876660223893,-36.7748256663216,-269.130000000005],[174.876714537378,-36.7748146646621,-269.130000000005],[174.876768858204,-36.774803689001,-269.130000000005],[174.876823187469,-36.7747927384195,-269.130000000005],[174.876877524052,-36.7747818129353,-269.130000000005],[174.876931869096,-36.7747709134317,-269.130000000005],[174.876986221459,-36.7747600390255,-269.130000000005],[174.877040581141,-36.7747491897165,-269.130000000005],[174.877094949262,-36.7747383654871,-269.130000000005],[174.877149325843,-36.7747275672383,-269.130000000005],[174.877203708624,-36.7747167941044,-269.130000000005],[174.877258099844,-36.7747060460501,-269.130000000005],[174.877312499525,-36.7746953239763,-269.130000000005],[174.877366906503,-36.7746846260987,-269.130000000005],[174.877421320822,-36.7746739542193,-269.130000000005],[174.877475742483,-36.7746633083382,-269.130000000005],[174.877530172561,-36.7746526866355,-269.130000000005],[174.87758460998,-36.7746420909309,-269.130000000005],[174.877639054741,-36.7746315212246,-269.130000000005],[174.877693507919,-36.7746209756966,-269.130000000005],[174.877747967318,-36.7746104561845,-269.130000000005],[174.877802435158,-36.7745999617519,-269.130000000005],[174.877856910339,-36.7745894933173,-269.130000000005],[174.877911393959,-36.7745790499622,-269.130000000005],[174.877965883779,-36.7745686317218,-269.130000000005],[174.878020382039,-36.7745582385608,-269.130000000005],[174.878074886521,-36.7745478714155,-269.130000000005],[174.878129399443,-36.7745375293496,-269.130000000005],[174.878183919706,-36.7745272132818,-269.130000000005],[174.87823844729,-36.774516922311,-269.130000000005],[174.878292982193,-36.7745066564372,-269.130000000005],[174.878347524417,-36.7744964156604,-269.130000000005],[174.878402073983,-36.7744862008815,-269.130000000005],[174.878456630891,-36.7744760121007,-269.130000000005],[174.878511195097,-36.7744658475158,-269.130000000005],[174.878565766645,-36.7744557089289,-269.130000000005],[174.878620345536,-36.77444559634,-269.130000000005],[174.878674931725,-36.7744355079469,-269.130000000005],[174.878729525257,-36.7744254455518,-269.130000000005],[174.878784126131,-36.7744154091546,-269.130000000005],[174.878838734325,-36.7744053978543,-269.130000000005],[174.87889334872,-36.7743954116686,-269.130000000005],[174.878947971578,-36.7743854514631,-269.130000000005],[174.879002600636,-36.7743755163721,-269.130000000005],[174.879057237015,-36.774365606378,-269.130000000005],[174.879111880737,-36.7743557223817,-269.130000000005],[174.87916653178,-36.7743458634823,-269.130000000005],[174.879221190165,-36.7743360305806,-269.130000000005],[174.879275854752,-36.7743262227935,-269.130000000005],[174.879330526681,-36.7743164410042,-269.130000000005],[174.87938520591,-36.7743066834107,-269.130000000005],[174.879439891383,-36.7742969527336,-269.130000000005],[174.879494584178,-36.7742872471533,-269.130000000005],[174.879549284294,-36.7742775666698,-269.130000000005],[174.879603991731,-36.774267911283,-269.130000000005],[174.879658705391,-36.7742582819116,-269.130000000005],[174.879713425275,-36.7742486785557,-269.130000000005],[174.8797681536,-36.7742391002788,-269.130000000005],[174.879822888127,-36.7742295471162,-269.130000000005],[174.879877628877,-36.7742200199691,-269.130000000005],[174.879932378068,-36.7742105179009,-269.130000000005],[174.879987132364,-36.7742010418658,-269.130000000005],[174.88004189398,-36.7741915909274,-269.130000000005],[174.880096662941,-36.7741821659866,-269.130000000005],[174.880151438103,-36.7741727661601,-269.130000000005],[174.880206220587,-36.7741633914303,-269.130000000005],[174.880261009295,-36.7741540427158,-269.130000000005],[174.880315805347,-36.7741447199988,-269.130000000005],[174.880370607601,-36.7741354223962,-269.130000000005],[174.880425417176,-36.7741261498902,-269.130000000005],[174.880480231856,-36.7741169034171,-269.130000000005],[174.880535055,-36.7741076829239,-269.130000000005],[174.880589883204,-36.7740984866616,-269.130000000005],[174.880644718775,-36.7740893172979,-269.130000000005],[174.880699561667,-36.7740801730306,-269.130000000005],[174.880754409642,-36.7740710538954,-269.130000000005],[174.880809264961,-36.7740619607576,-269.130000000005],[174.880864126483,-36.7740528927341,-269.130000000005],[174.880918995349,-36.774043850708,-269.130000000005],[174.880973870439,-36.7740348346971,-269.130000000005],[174.881028751733,-36.7740258438003,-269.130000000005],[174.881083639228,-36.7740168780178,-269.130000000005],[174.881138532949,-36.7740079382503,-269.130000000005],[174.881193433992,-36.7739990235794,-269.130000000005],[174.88124834126,-36.7739901349235,-269.130000000005],[174.881303253633,-36.7739812723005,-269.130000000005],[174.881358174449,-36.7739724347561,-269.130000000005],[174.881413100369,-36.7739636232446,-269.130000000005],[174.881468032493,-36.7739548368471,-269.130000000005],[174.88152297082,-36.7739460755638,-269.130000000005],[174.881577916513,-36.7739373411787,-269.130000000005],[174.881632867268,-36.7739286310245,-269.130000000005],[174.88168782539,-36.7739199477686,-269.130000000005],[174.881742788574,-36.7739112887435,-269.130000000005],[174.881797759125,-36.7739026566166,-269.130000000005],[174.881852734759,-36.7738940496215,-269.130000000005],[174.881907717716,-36.7738854677227,-269.130000000005],[174.881962705779,-36.7738769118566,-269.130000000005],[174.882017700067,-36.7738683820056,-269.130000000005],[174.882072701679,-36.7738598772507,-269.130000000005],[174.882127708397,-36.7738513985285,-269.130000000005],[174.882182721318,-36.7738429449204,-269.130000000005],[174.882237740465,-36.7738345173272,-269.130000000005],[174.882292765838,-36.7738261157488,-269.130000000005],[174.882347796294,-36.7738177393022,-269.130000000005],[174.882402834097,-36.7738093888527,-269.130000000005],[174.882457876983,-36.773801063535,-269.130000000005],[174.882512926096,-36.773792764232,-269.130000000005],[174.882567981412,-36.773784490043,-269.130000000005],[174.882623042954,-36.7737762418689,-269.130000000005],[174.882678109603,-36.7737680197273,-269.130000000005],[174.882733182456,-36.7737598226997,-269.130000000005],[174.882788261535,-36.7737516516868,-269.130000000005],[174.882843345698,-36.7737435058056,-269.130000000005],[174.882898436088,-36.7737353859392,-269.130000000005],[174.882953532704,-36.7737272920876,-269.130000000005],[174.883008634405,-36.7737192233675,-269.130000000005],[174.883063742332,-36.7737111806623,-269.130000000005],[174.883118856486,-36.7737031639718,-269.130000000005],[174.883173975724,-36.7736951724129,-269.130000000005],[174.883229101189,-36.7736872068687,-269.130000000005],[174.883284231739,-36.773679266456,-269.130000000005],[174.883339368515,-36.7736713520581,-269.130000000005],[174.883394511519,-36.7736634636749,-269.130000000005],[174.883449659607,-36.7736556004232,-269.130000000005],[174.883504812802,-36.773647763204,-269.130000000005],[174.883559972224,-36.7736399519995,-269.130000000005],[174.883615136732,-36.7736321659264,-269.130000000005],[174.883670307466,-36.773624405868,-269.130000000005],[174.883725483308,-36.7736166718421,-269.130000000005],[174.883780665354,-36.7736089629298,-269.130000000005],[174.883835852508,-36.7736012800499,-269.130000000005],[174.883891044747,-36.7735936223015,-269.130000000005],[174.883946243214,-36.7735859905677,-269.130000000005],[174.884001446788,-36.7735783848662,-269.130000000005],[174.88405665547,-36.7735708051971,-269.130000000005],[174.884111870357,-36.7735632506417,-269.130000000005],[174.884167090351,-36.7735557221186,-269.130000000005],[174.884222315432,-36.7735482187269,-269.130000000005],[174.88427754674,-36.7735407413497,-269.130000000005],[174.884332782035,-36.7735332900226,-269.130000000005],[174.884388023559,-36.7735258647102,-269.130000000005],[174.884443271288,-36.7735184645112,-269.130000000005],[174.884498523005,-36.7735110903623,-269.130000000005],[174.884553779809,-36.7735037413447,-269.130000000005],[174.884609042862,-36.7734964192427,-269.130000000005],[174.884664311001,-36.7734891222719,-269.130000000005],[174.884719584227,-36.7734818504324,-269.130000000005],[174.884774862582,-36.7734746055261,-269.130000000005],[174.884830146024,-36.7734673857511,-269.130000000005],[174.884885434552,-36.7734601911074,-269.130000000005],[174.884940729331,-36.7734530233791,-269.130000000005],[174.884996028076,-36.7734458807998,-269.130000000005],[174.885051331929,-36.7734387642527,-269.130000000005],[174.885106642011,-36.7734316737201,-269.130000000005],[174.885161956059,-36.7734246083364,-269.130000000005],[174.885217275216,-36.7734175689849,-269.130000000005],[174.885272600602,-36.7734105556478,-269.130000000005],[174.885327929954,-36.7734035674597,-269.130000000005],[174.885383264415,-36.7733966053037,-269.130000000005],[174.885438603985,-36.7733896691799,-269.130000000005],[174.885493948664,-36.7733827590882,-269.130000000005],[174.885549298429,-36.7733758741276,-269.130000000005],[174.885604652184,-36.773369015217,-269.130000000005],[174.885660012168,-36.7733621823207,-269.130000000005],[174.885715376141,-36.7733553754743,-269.130000000005],[174.885770745201,-36.773348593759,-269.130000000005],[174.88582611937,-36.7733418380757,-269.130000000005],[174.885881498649,-36.7733351084246,-269.130000000005],[174.885936883014,-36.7733284039046,-269.130000000005],[174.885992271392,-36.7733217263354,-269.130000000005],[174.886047664856,-36.7733150738972,-269.130000000005],[174.886103062288,-36.7733084466079,-269.130000000005],[174.886158465972,-36.7733018462338,-269.130000000005],[174.886213873623,-36.7732952710086,-269.130000000005],[174.886269285264,-36.7732887218331,-269.130000000005],[174.886324703134,-36.7732821986719,-269.130000000005],[174.886380123875,-36.7732757015782,-269.130000000005],[174.886435550823,-36.7732692295978,-269.130000000005],[174.886490981761,-36.7732627836671,-269.130000000005],[174.886546417808,-36.7732563637684,-269.130000000005],[174.886601857824,-36.7732499690185,-269.130000000005],[174.886657302972,-36.7732436012016,-269.130000000005],[174.886712752088,-36.7732372585333,-269.130000000005],[174.886768206314,-36.773230941897,-269.130000000005],[174.88682366453,-36.7732246513105,-269.130000000005],[174.886879127835,-36.7732183858549,-269.130000000005],[174.886934595129,-36.773212146449,-269.130000000005],[174.886990067557,-36.7732059339759,-269.130000000005],[174.88704554393,-36.7731997457507,-269.130000000005],[174.887101025436,-36.7731935844583,-269.130000000005],[174.887156509791,-36.7731874483323,-269.130000000005],[174.887212000398,-36.7731813391215,-269.130000000005],[174.887267493854,-36.773175255077,-269.130000000005],[174.88732299242,-36.7731691970645,-269.130000000005],[174.887378496075,-36.7731631641828,-269.130000000005],[174.887434002623,-36.7731571582696,-269.130000000005],[174.88748951426,-36.7731511774872,-269.130000000005],[174.887545029888,-36.7731452227543,-269.130000000005],[174.887600550626,-36.7731392940534,-269.130000000005],[174.887656074214,-36.7731333905188,-269.130000000005],[174.887711602935,-36.7731275139171,-269.130000000005],[174.887767135624,-36.7731216624639,-269.130000000005],[174.887822673425,-36.7731158370425,-269.130000000005],[174.887878214098,-36.7731100376885,-269.130000000005],[174.887933759881,-36.7731042643663,-269.130000000005],[174.887989308514,-36.7730985162104,-269.130000000005],[174.888044862259,-36.7730927940863,-269.130000000005],[174.888100420016,-36.7730870989127,-269.130000000005],[174.888155981744,-36.7730814288877,-269.130000000005],[174.88821154744,-36.7730757840112,-269.130000000005],[174.888267118271,-36.7730701660674,-269.130000000005],[174.888322691951,-36.77306457329,-269.130000000005],[174.888378269645,-36.773059007463,-269.130000000005],[174.888433851309,-36.7730534667846,-269.130000000005],[174.888489438084,-36.7730479521378,-269.130000000005],[174.888545027732,-36.7730424635583,-269.130000000005],[174.888600621349,-36.7730370001274,-269.130000000005],[174.88865621898,-36.7730315636469,-269.130000000005],[174.888711820582,-36.7730261523148,-269.130000000005],[174.888767426175,-36.7730207670322,-269.130000000005],[174.888823035761,-36.7730154077991,-269.130000000005],[174.888878649339,-36.7730100746154,-269.130000000005],[174.88893426579,-36.773004767499,-269.130000000005],[174.88898988733,-36.7729994855131,-269.130000000005],[174.889045511765,-36.7729942304955,-269.130000000005],[174.889101140171,-36.7729890006264,-269.130000000005],[174.889156772569,-36.7729837968066,-269.130000000005],[174.889212407839,-36.772978619054,-269.130000000005],[174.889268048222,-36.772973467333,-269.130000000005],[174.889323691478,-36.7729683416792,-269.130000000005],[174.889379338705,-36.7729632411738,-269.130000000005],[174.889434988826,-36.7729581676366,-269.130000000005],[174.889490642919,-36.7729531192477,-269.130000000005],[174.889546301004,-36.7729480969082,-269.130000000005],[174.889601963082,-36.7729431006181,-269.130000000005],[174.889657628033,-36.772938130395,-269.130000000005],[174.889713296977,-36.7729331862214,-269.130000000005],[174.889768968772,-36.7729282672138,-269.130000000005],[174.889824644583,-36.7729233751566,-269.130000000005],[174.889880324365,-36.7729185082478,-269.130000000005],[174.88993600702,-36.772913667406,-269.130000000005],[174.889991692548,-36.7729088526313,-269.130000000005],[174.89004738207,-36.772904063906,-269.130000000005],[174.890103075585,-36.7728993012299,-269.130000000005],[174.890158771974,-36.7728945646209,-269.130000000005],[174.890214472356,-36.7728898540612,-269.130000000005],[174.89027017559,-36.7728851686676,-269.130000000005],[174.89032588172,-36.7728805102421,-269.130000000005],[174.890381591821,-36.7728758769648,-269.130000000005],[174.890437305917,-36.7728712697368,-269.130000000005],[174.890493021766,-36.7728666885936,-269.130000000005],[174.890548742729,-36.7728621334819,-269.130000000005],[174.890604465446,-36.772857604455,-269.130000000005],[174.890660192157,-36.7728531014773,-269.130000000005],[174.890715921742,-36.7728486245667,-269.130000000005],[174.890771654179,-36.7728441728221,-269.130000000005],[174.890827390632,-36.7728397480277,-269.130000000005],[174.890883129938,-36.7728353483993,-269.130000000005],[174.890938872118,-36.7728309748379,-269.130000000005],[174.890994618292,-36.7728266273257,-269.130000000005],[174.891050366221,-36.7728223058983,-269.130000000005],[174.891106118144,-36.7728180105201,-269.130000000005],[174.891161872942,-36.7728137412089,-269.130000000005],[174.891217630614,-36.7728094979646,-269.130000000005],[174.891273392281,-36.7728052807696,-269.130000000005],[174.891329155681,-36.7728010887582,-269.130000000005],[174.891384923097,-36.7727969236971,-269.130000000005],[174.891440693366,-36.7727927838018,-269.130000000005],[174.891496465413,-36.7727886708924,-269.130000000005],[174.891552241432,-36.7727845831311,-269.130000000005],[174.891608020326,-36.7727805214367,-269.130000000005],[174.891663802095,-36.7727764858092,-269.130000000005],[174.891719586739,-36.7727724762487,-269.130000000005],[174.891775374258,-36.772768492755,-269.130000000005],[174.891831164653,-36.7727645353283,-269.130000000005],[174.891886957923,-36.7727606039685,-269.130000000005],[174.891942754046,-36.7727566977746,-269.130000000005],[174.891998553066,-36.7727528185486,-269.130000000005],[174.892054354962,-36.7727489653895,-269.130000000005],[174.892110158591,-36.7727451374141,-269.130000000005],[174.892165966216,-36.7727413354878,-269.130000000005],[174.892221775619,-36.7727375605471,-269.130000000005],[174.892277588995,-36.7727338107545,-269.130000000005],[174.892333404127,-36.7727300870466,-269.130000000005],[174.892389221015,-36.7727263894233,-269.130000000005],[174.892445041898,-36.7727227178491,-269.130000000005],[174.892500865658,-36.7727190723418,-269.130000000005],[174.892556691173,-36.7727154529191,-269.130000000005],[174.892612519565,-36.7727118595632,-269.130000000005],[174.892668350832,-36.7727082922742,-269.130000000005],[174.892724183856,-36.7727047510698,-269.130000000005],[174.892780019734,-36.7727012350312,-269.130000000005],[174.89283585851,-36.7726977459605,-269.130000000005],[174.892891700162,-36.7726942829565,-269.130000000005],[174.892947543548,-36.7726908451362,-269.130000000005],[174.893003389834,-36.7726874342837,-269.130000000005],[174.893059237853,-36.7726840486148,-269.130000000005],[174.893115088749,-36.7726806890127,-269.130000000005],[174.893170941424,-36.7726773563962,-269.130000000005],[174.893226798073,-36.7726740489277,-269.130000000005],[174.893282655359,-36.7726707675616,-269.130000000005],[174.893338516641,-36.7726675122444,-269.130000000005],[174.893394378561,-36.7726642830297,-269.130000000005],[174.893450244477,-36.7726610798638,-269.130000000005],[174.89350611103,-36.7726579028004,-269.130000000005],[174.89356198046,-36.7726547518038,-269.130000000005],[174.893617852768,-36.7726516268739,-269.130000000005],[174.893673726832,-36.7726485280285,-269.130000000005],[174.893729603773,-36.7726454552499,-269.130000000005],[174.89378548133,-36.7726424076727,-269.130000000005],[174.893841362906,-36.7726393870454,-269.130000000005],[174.893897245119,-36.7726363925204,-269.130000000005],[174.893953130187,-36.7726334231612,-269.130000000005],[174.894009018155,-36.7726304807697,-269.130000000005],[174.894064906739,-36.7726275635795,-269.130000000005],[174.894120798222,-36.7726246733571,-269.130000000005],[174.89417669144,-36.7726218083182,-269.130000000005],[174.894232587559,-36.7726189702469,-269.130000000005],[174.894288484293,-36.772616157377,-269.130000000005],[174.894344383904,-36.7726133705739,-269.130000000005],[174.894400285296,-36.7726106107562,-269.130000000005],[174.894456189543,-36.7726078761042,-269.130000000005],[174.894512094429,-36.7726051675545,-269.130000000005],[174.894568002192,-36.7726024850715,-269.130000000005],[174.894623911736,-36.7725998295739,-269.130000000005],[174.894679823015,-36.7725971992599,-269.130000000005],[174.894735736053,-36.7725945950304,-269.130000000005],[174.894791650849,-36.7725920168853,-269.130000000005],[174.894847567403,-36.7725894648248,-269.130000000005],[174.894903485716,-36.7725869388487,-269.130000000005],[174.894959406907,-36.7725844389392,-269.130000000005],[174.895015328736,-36.772581965132,-269.130000000005],[174.895071252324,-36.7725795174093,-269.130000000005],[174.895127178791,-36.7725770957533,-269.130000000005],[174.895183105896,-36.7725747001995,-269.130000000005],[174.895239034737,-36.7725723298291,-269.130000000005],[174.89529496648,-36.7725699864264,-269.130000000005],[174.895350898861,-36.772567669126,-269.130000000005],[174.895406833002,-36.7725653779099,-269.130000000005],[174.895462768901,-36.7725631127784,-269.130000000005],[174.895518706537,-36.7725608728302,-269.130000000005],[174.895574645954,-36.7725586598675,-269.130000000005],[174.89563058601,-36.772556473007,-269.130000000005],[174.895686527804,-36.77255431133,-269.130000000005],[174.895742472498,-36.7725521766206,-269.130000000005],[174.895798417832,-36.7725500680134,-269.130000000005],[174.895854363783,-36.7725479846074,-269.130000000005],[174.895910312636,-36.772545928169,-269.130000000005],[174.895966262106,-36.7725438969319,-269.130000000005],[174.896022213357,-36.7725418926801,-269.130000000005],[174.896078166346,-36.7725399136118,-269.130000000005],[174.896134119997,-36.7725379615467,-269.130000000005],[174.896190075385,-36.7725360346649,-269.130000000005],[174.896246032555,-36.7725341347686,-269.130000000005],[174.896301990343,-36.7725322600735,-269.130000000005],[174.89635794989,-36.7725304114628,-269.130000000005],[174.89641391122,-36.7725285898374,-269.130000000005],[174.896469873167,-36.7725267934133,-269.130000000005],[174.896525836897,-36.7725250239744,-269.130000000005],[174.896581801244,-36.7725232797369,-269.130000000005],[174.896637767352,-36.7725215615837,-269.130000000005],[174.896693735241,-36.7725198704158,-269.130000000005],[174.896749702629,-36.772518204467,-269.130000000005],[174.896805672898,-36.7725165645847,-269.130000000005],[174.896861643806,-36.7725149508046,-269.130000000005],[174.896917615378,-36.7725133640277,-269.130000000005],[174.896973588687,-36.7725118024341,-269.130000000005],[174.897029562637,-36.7725102669427,-269.130000000005],[174.897085537228,-36.7725087575536,-269.130000000005],[174.897141513601,-36.7725072751497,-269.130000000005],[174.897197491713,-36.7725058179291,-269.130000000005],[174.897253469346,-36.7725043868286,-269.130000000005],[174.897309449859,-36.7725029817946,-269.130000000005],[174.897365429893,-36.7725016028806,-269.130000000005],[174.897421411689,-36.7725002500509,-269.130000000005],[174.897477394125,-36.7724989233233,-269.130000000005],[174.897533377225,-36.7724976235989,-269.130000000005],[174.897589360943,-36.7724963490758,-269.130000000005],[174.897645346423,-36.7724951006369,-269.130000000005],[174.897701332543,-36.7724938783001,-269.130000000005],[174.897757319306,-36.7724926820655,-269.130000000005],[174.897813306709,-36.7724915119331,-269.130000000005],[174.897869295874,-36.7724903678849,-269.130000000005],[174.89792528568,-36.7724892499389,-269.130000000005],[174.897981275008,-36.7724881581129,-269.130000000005],[174.898037266097,-36.7724870923712,-269.130000000005],[174.898093257828,-36.7724860527316,-269.130000000005],[174.898149250201,-36.7724850391941,-269.130000000005],[174.898205244335,-36.7724840517409,-269.130000000005],[174.898261237991,-36.7724830904078,-269.130000000005],[174.898317232289,-36.7724821551767,-269.130000000005],[174.898373227229,-36.7724812460478,-269.130000000005],[174.898429223931,-36.7724803630031,-269.130000000005],[174.898485220155,-36.7724795060785,-269.130000000005],[174.898541217021,-36.7724786752559,-269.130000000005],[174.898597214529,-36.7724778705355,-269.130000000005],[174.898653212657,-36.7724770910161,-269.130000000005],[174.898709211449,-36.7724763384999,-269.130000000005],[174.898765210884,-36.7724756120858,-269.130000000005],[174.898821210962,-36.7724749117738,-269.130000000005],[174.898877211681,-36.772474237564,-269.130000000005],[174.898933213043,-36.7724735894562,-269.130000000005],[174.898989213928,-36.7724729674684,-269.130000000005],[174.899045215433,-36.7724723706817,-269.130000000005],[174.899101217603,-36.7724718008981,-269.130000000005],[174.899157220416,-36.7724712572165,-269.130000000005],[174.899213222751,-36.772470739655,-269.130000000005],[174.899269226827,-36.7724702472767,-269.130000000005],[174.899325230448,-36.7724697819193,-269.130000000005],[174.899381234713,-36.772469342664,-269.130000000005],[174.8994372385,-36.7724689295287,-269.130000000005],[174.899493242908,-36.7724685415945,-269.130000000005],[174.899549247981,-36.7724681806634,-269.130000000005],[174.899605252577,-36.7724678458522,-269.130000000005],[174.899661258915,-36.7724675362242,-269.130000000005],[174.899717263678,-36.772467253635,-269.130000000005],[174.899773270204,-36.77246699713,-269.130000000005],[174.899829275112,-36.7724667658619,-269.130000000005],[174.899885281805,-36.772466561579,-269.130000000005],[174.899941288022,-36.772466383416,-269.130000000005],[174.89999729374,-36.7724662304719,-269.130000000005],[174.900053301244,-36.7724661045131,-269.130000000005],[174.900109307129,-36.772466003791,-269.130000000005],[174.900165313681,-36.772465930072,-269.130000000005],[174.900221320854,-36.7724658815541,-269.130000000005],[174.900277326453,-36.772465860075,-269.130000000005],[174.900333332674,-36.772465863797,-269.130000000005],[174.900389339561,-36.772465894522,-269.130000000005],[174.90044534595,-36.772465950466,-269.130000000005],[174.900501351863,-36.7724660325299,-269.130000000005],[174.900557358442,-36.7724661415968,-269.130000000005],[174.900613364523,-36.7724662758827,-269.130000000005],[174.900669370129,-36.7724664362885,-269.130000000005],[174.900725376401,-36.7724666236973,-269.130000000005],[174.900781382175,-36.7724668363251,-269.130000000005],[174.900837387474,-36.7724670750728,-269.130000000005],[174.900893392298,-36.7724673399404,-269.130000000005],[174.900949397766,-36.7724676309101,-269.130000000005],[174.901001942508,-36.7724679284997,-269.130000000005]]]},"properties":{"OBJECTID":88,"TYPE":4,"SUBTYPE":null,"SCHEDULE":"B5","NAME":"Browns Island","VALIDATIONSTATE":3,"VERSIONSTATUS":4,"GlobalID":"1975965e-d943-4b26-b89d-b6a4c575279c"}},{"type":"Feature","id":89,"geometry":{"type":"Polygon","coordinates":[[[174.848364900241,-36.8505102861095,4.39999999999418],[174.893031658762,-36.8254670693326,-44.179999999993],[174.896120826687,-36.8294680582165,-44.179999999993],[174.848364900241,-36.8505102861095,4.39999999999418]]]},"properties":{"OBJECTID":89,"TYPE":4,"SUBTYPE":null,"SCHEDULE":"B3","NAME":"Browns Island","VALIDATIONSTATE":3,"VERSIONSTATUS":4,"GlobalID":"2736d460-4137-481f-b99a-ccad958b85bf"}},{"type":"Feature","id":90,"geometry":{"type":"Polygon","coordinates":[[[174.835873025659,-36.8470836669864,1.33999999999651],[174.893030198007,-36.8246175820228,-56.0288],[174.898525846473,-36.8354007029543,-56.0288],[174.871682983313,-36.8404106582087,-31.4477000000043],[174.847248541847,-36.8507639913635,3.08000000000175],[174.84597055683,-36.8507100942327,4.63289999999688],[174.843425038098,-36.8501598373473,4.39040000000386],[174.84291186026,-36.8500358749347,4.35510000000068],[174.841900339712,-36.8496479417998,3.7838999999949],[174.840811365305,-36.8491355546242,3.93799999999464],[174.839990290057,-36.8487003054582,3.875],[174.839682750612,-36.8485260130799,3.8804999999993],[174.838577493815,-36.848097731605,3.91689999999653],[174.837199848271,-36.8474921086209,4.02550000000338],[174.836496005833,-36.8472109866132,3.87780000000203],[174.835873025659,-36.8470836669864,1.33999999999651]]]},"properties":{"OBJECTID":90,"TYPE":4,"SUBTYPE":null,"SCHEDULE":"B2","NAME":"Browns Island","VALIDATIONSTATE":3,"VERSIONSTATUS":4,"GlobalID":"bb0fcb75-ccef-4644-943f-ed9ab9b8027e"}},{"type":"Feature","id":91,"geometry":{"type":"Polygon","coordinates":[[[174.832700087244,-36.8478083128448,3.60000000000582],[174.824448228187,-36.8444585516821,5.13000000000466],[174.894778557371,-36.8258455671107,0],[174.897754160413,-36.8360470338663,0],[174.832700087244,-36.8478083128448,3.60000000000582]]]},"properties":{"OBJECTID":91,"TYPE":4,"SUBTYPE":null,"SCHEDULE":"B1","NAME":"Browns Island","VALIDATIONSTATE":3,"VERSIONSTATUS":4,"GlobalID":"0ba39ab0-c126-40ce-ae85-c16aab15e7a1"}},{"type":"Feature","id":92,"geometry":{"type":"Polygon","coordinates":[[[174.725755109128,-36.8921495703484,82.3831000000064],[174.730035990969,-36.8952660658832,65.3999999999942],[174.72970587511,-36.8952073880934,66.3938000000053],[174.729147223167,-36.8951080859311,68.0755999999965],[174.726822271433,-36.8946947889744,75.0749999999971],[174.721838365139,-36.8938086505879,90.0795999999973],[174.721607358415,-36.8937675715229,90.7750999999989],[174.721408512338,-36.8937322118872,91.3736999999965],[174.720965179456,-36.8936533746464,92.7084000000032],[174.719378986413,-36.8933712875801,97.4839000000065],[174.718981690333,-36.8933006295357,98.679999999993],[174.719006485505,-36.8932127474342,98.679999999993],[174.719014926921,-36.8931841454835,98.679999999993],[174.719032364667,-36.8931250659631,98.679999999993],[174.719059323572,-36.8930375959994,98.679999999993],[174.719084829989,-36.8929582158887,98.679999999993],[174.719087360114,-36.8929503438823,98.679999999993],[174.719116471146,-36.8928633195713,98.679999999993],[174.719146655725,-36.8927765311915,98.679999999993],[174.719156126673,-36.8927503064999,98.679999999993],[174.719177908441,-36.8926899878339,98.679999999993],[174.719210227207,-36.8926036967385,98.679999999993],[174.71924361,-36.8925176678488,98.679999999993],[174.71927805137,-36.8924319084535,98.679999999993],[174.71931354925,-36.8923464266936,98.679999999993],[174.719350099372,-36.892261232545,98.679999999993],[174.719387699653,-36.8921763332475,98.679999999993],[174.719426344682,-36.8920917378919,98.679999999993],[174.719433560934,-36.8920764133294,98.679999999993],[174.719466031251,-36.8920074537346,98.679999999993],[174.71948316102,-36.8919721353526,98.679999999993],[174.719506756175,-36.8919234889328,98.679999999993],[174.719548515186,-36.8918398534618,98.679999999993],[174.719591302812,-36.8917565537094,98.679999999993],[174.71963511589,-36.8916735987338,98.679999999993],[174.719671670845,-36.8916062528493,98.679999999993],[174.71967995123,-36.891590996692,98.679999999993],[174.719725802284,-36.89150875579,98.679999999993],[174.719772665843,-36.8914268832837,98.679999999993],[174.71982053762,-36.8913453882475,98.679999999993],[174.719823630694,-36.8913402553745,98.679999999993],[174.719869412166,-36.89126427797,98.679999999993],[174.719876372594,-36.8912530122357,98.679999999993],[174.719894660526,-36.8912234140874,98.679999999993],[174.719919284051,-36.8911835606406,98.679999999993],[174.719961332691,-36.8911171680689,98.679999999993],[174.719970150088,-36.8911032444163,98.679999999993],[174.720021222772,-36.8910245403888,98.679999999993],[174.720022003708,-36.8910233366019,98.679999999993],[174.720074840622,-36.8909438462716,98.679999999993],[174.72012865536,-36.8908647798127,98.679999999993],[174.720183443616,-36.8907861453985,98.679999999993],[174.720239197696,-36.8907079503498,98.679999999993],[174.720295914435,-36.8906302037245,98.679999999993],[174.720321108522,-36.890596439532,98.679999999993],[174.720353587243,-36.8905529119262,98.679999999993],[174.720412210689,-36.8904760831442,98.679999999993],[174.720471779326,-36.8903997246669,98.679999999993],[174.720532286582,-36.8903238437988,98.679999999993],[174.720593727029,-36.8902484487293,98.679999999993],[174.720656094077,-36.8901735458617,98.679999999993],[174.720719382295,-36.8900991433855,98.679999999993],[174.720783585115,-36.890025248605,98.679999999993],[174.720848695946,-36.8899518679238,98.679999999993],[174.720914709339,-36.8898790086301,98.679999999993],[174.720981617623,-36.8898066789456,98.679999999993],[174.721049415328,-36.8897348852575,98.679999999993],[174.721118094744,-36.8896636339855,98.679999999993],[174.721187650463,-36.8895929342197,98.679999999993],[174.72125807361,-36.8895227905942,98.679999999993],[174.721329358737,-36.889453210397,98.679999999993],[174.721401499296,-36.8893842018336,98.679999999993],[174.721474487554,-36.8893157704226,98.679999999993],[174.721548315821,-36.8892479234847,98.679999999993],[174.721622977506,-36.8891806674232,98.679999999993],[174.721647525362,-36.8891588443257,98.679999999993],[174.721889330405,-36.889334912856,97.7206000000006],[174.722068366535,-36.8894652759474,97.0102000000043],[174.722700421163,-36.8899254926065,94.5025000000023],[174.723468997817,-36.8904851030164,91.4530999999988],[174.724878034458,-36.8915110056968,85.8628000000026],[174.725755109128,-36.8921495703484,82.3831000000064]]]},"properties":{"OBJECTID":92,"TYPE":4,"SUBTYPE":null,"SCHEDULE":"A9","NAME":"Mount Albert","VALIDATIONSTATE":3,"VERSIONSTATUS":4,"GlobalID":"1786bd58-b53b-4e61-b029-684a4ad66574"}},{"type":"Feature","id":93,"geometry":{"type":"Polygon","coordinates":[[[174.729147223167,-36.8951080859311,82.6772999999957],[174.738571022796,-36.9024395009239,65.9199999999983],[174.730182464188,-36.8982538113623,78.5332999999955],[174.721773018245,-36.8940566256313,91.1793000000034],[174.721555365434,-36.8939479801232,91.5065999999933],[174.72144255625,-36.8938916693318,91.6763000000064],[174.720965179456,-36.8936533746464,92.3941999999952],[174.71922796184,-36.8927861670257,95.0068000000028],[174.719156126673,-36.8927503064999,95.1147999999957],[174.71896650153,-36.8926556440918,95.3999999999942],[174.718996173775,-36.8926174023903,95.3999999999942],[174.719025960649,-36.8925792194128,95.3999999999942],[174.719055864374,-36.8925410942257,95.3999999999942],[174.719085881605,-36.8925030277787,95.3999999999942],[174.719116015708,-36.892465020023,95.3999999999942],[174.719146263317,-36.8924270710072,95.3999999999942],[174.719176626695,-36.8923891815998,95.3999999999942],[174.719207103579,-36.8923513509322,95.3999999999942],[174.719237695132,-36.8923135807901,95.3999999999942],[174.719268401311,-36.8922758693714,95.3999999999942],[174.719299221037,-36.8922382184942,95.3999999999942],[174.71933015543,-36.8922006281423,95.3999999999942],[174.719361202247,-36.8921630983481,95.3999999999942],[174.719392363731,-36.892125629079,95.3999999999942],[174.719423637639,-36.8920882203673,95.3999999999942],[174.719433560934,-36.8920764133294,95.3999999999942],[174.719455025113,-36.8920508730979,95.3999999999942],[174.71948652503,-36.8920135872869,95.3999999999942],[174.719518138513,-36.8919763629179,95.3999999999942],[174.719549863317,-36.8919392000234,95.3999999999942],[174.719581700606,-36.891902100389,95.3999999999942],[174.719613651459,-36.8918650621965,95.3999999999942],[174.719645712533,-36.8918280863954,95.3999999999942],[174.719677886069,-36.8917911729533,95.3999999999942],[174.719710170988,-36.8917543236883,95.3999999999942],[174.71974256837,-36.891717536782,95.3999999999942],[174.719775075992,-36.8916808131679,95.3999999999942],[174.719807694974,-36.8916441528297,95.3999999999942],[174.719840424217,-36.8916075566844,95.3999999999942],[174.719873264841,-36.891571024716,95.3999999999942],[174.719906214583,-36.8915345560555,95.3999999999942],[174.719939275727,-36.8914981524727,95.3999999999942],[174.71997244715,-36.8914618139836,95.3999999999942],[174.72000572771,-36.8914255397034,95.3999999999942],[174.720023549304,-36.8914062137067,95.3999999999942],[174.720037627559,-36.8913909465848,95.3999999999942],[174.720039117449,-36.891389331434,95.3999999999942],[174.720072617446,-36.8913531873571,95.3999999999942],[174.720099508514,-36.8913243208849,95.3999999999942],[174.720106226622,-36.8913171092908,95.3999999999942],[174.720139944955,-36.8912810963341,95.3999999999942],[174.720161594616,-36.8912580905773,95.3999999999942],[174.720173771364,-36.8912451503052,95.3999999999942],[174.72020770693,-36.8912092693857,95.3999999999942],[174.720241751694,-36.8911734553775,95.3999999999942],[174.720269755904,-36.8911441428063,95.3999999999942],[174.720275903412,-36.8911377083131,95.3999999999942],[174.720286542998,-36.8911266281324,95.3999999999942],[174.720310164307,-36.8911020272588,95.3999999999942],[174.720344532177,-36.8910664140492,95.3999999999942],[174.720379008122,-36.8910308677669,95.3999999999942],[174.720413592143,-36.8909953884117,95.3999999999942],[174.720448282016,-36.8909599769172,95.3999999999942],[174.720476955741,-36.8909308528973,95.3999999999942],[174.720483079984,-36.8909246332506,95.3999999999942],[174.720517983805,-36.8908893574445,95.3999999999942],[174.720552994619,-36.8908541503836,95.3999999999942],[174.720588112407,-36.8908190111667,95.3999999999942],[174.720623336068,-36.890783940711,95.3999999999942],[174.7206586656,-36.8907489390164,95.3999999999942],[174.720694101024,-36.8907140069839,95.3999999999942],[174.72072964232,-36.8906791437123,95.3999999999942],[174.720765288387,-36.8906443501189,95.3999999999942],[174.720801039224,-36.8906096262036,95.3999999999942],[174.720836895973,-36.890574972851,95.3999999999942],[174.720872857472,-36.8905403882752,95.3999999999942],[174.720908922659,-36.8905058751956,95.3999999999942],[174.720945092617,-36.8904714317937,95.3999999999942],[174.720981367385,-36.8904370598714,95.3999999999942],[174.7210177447,-36.8904027585602,95.3999999999942],[174.721054226805,-36.8903685278275,95.3999999999942],[174.721090811476,-36.8903343686067,95.3999999999942],[174.721127499836,-36.8903002808815,95.3999999999942],[174.721164290783,-36.890266265569,95.3999999999942],[174.721201185419,-36.890232321752,95.3999999999942],[174.721238181519,-36.8901984503637,95.3999999999942],[174.721275280186,-36.890164650487,95.3999999999942],[174.721304269629,-36.8901383690449,95.3999999999942],[174.72131248146,-36.8901309239237,95.3999999999942],[174.72134978532,-36.8900972697727,95.3999999999942],[174.721387189524,-36.8900636880665,95.3999999999942],[174.721424696334,-36.8900301796734,95.3999999999942],[174.721462303528,-36.889996745527,95.3999999999942],[174.721500012187,-36.8899633838088,95.3999999999942],[174.721537821229,-36.889930096337,95.3999999999942],[174.721575731757,-36.8898968821943,95.3999999999942],[174.721613741566,-36.8898637432152,95.3999999999942],[174.721651851738,-36.8898306775812,95.3999999999942],[174.721690062313,-36.8897976870944,95.3999999999942],[174.721728372151,-36.8897647708697,95.3999999999942],[174.721766782392,-36.8897319297921,95.3999999999942],[174.721805290792,-36.8896991638938,95.3999999999942],[174.721843898455,-36.8896664722574,95.3999999999942],[174.721882605439,-36.8896338575861,95.3999999999942],[174.721921410563,-36.8896013171928,95.3999999999942],[174.721960313888,-36.8895688537806,95.3999999999942],[174.721993524133,-36.8895412644308,95.3999999999942],[174.722651641632,-36.8900534473397,94.2295000000013],[174.723350009884,-36.8905969438329,92.9873999999982],[174.724613021636,-36.8915798367672,90.7410999999993],[174.729147223167,-36.8951080859311,82.6772999999957]]]},"properties":{"OBJECTID":93,"TYPE":4,"SUBTYPE":null,"SCHEDULE":"A8","NAME":"Mount Albert","VALIDATIONSTATE":3,"VERSIONSTATUS":4,"GlobalID":"0ac80861-871b-45e5-86b8-821eb417a358"}},{"type":"Feature","id":94,"geometry":{"type":"Polygon","coordinates":[[[174.741865963303,-36.9046166496602,68.5850000000064],[174.743058191326,-36.9055389785211,66.75],[174.741772390142,-36.9048784866964,68.4419000000053],[174.74166020013,-36.9048208561111,68.5895000000019],[174.731411304271,-36.8995552549042,82.0761000000057],[174.721646472892,-36.8945368275726,94.9274000000005],[174.721419312127,-36.8944200651267,95.2263999999996],[174.720839660532,-36.894122116565,95.9893000000011],[174.719378986413,-36.8933712875801,97.9118000000017],[174.719014926921,-36.8931841454835,98.3910000000033],[174.718931444319,-36.8931412318016,98.5008999999991],[174.718628220511,-36.8929853600362,98.8999999999942],[174.718688880287,-36.8929095563047,98.8999999999942],[174.718749904413,-36.8928339419615,98.8999999999942],[174.718811291767,-36.8927585170222,98.8999999999942],[174.718873041287,-36.8926832842057,98.8999999999942],[174.718935152972,-36.8926082435115,98.8999999999942],[174.71899762572,-36.8925333958564,98.8999999999942],[174.71906045845,-36.892458743058,98.8999999999942],[174.719123650058,-36.8923842860333,98.8999999999942],[174.719187200565,-36.8923100256825,98.8999999999942],[174.719251106645,-36.8922359638561,98.8999999999942],[174.719315369439,-36.8921621014382,98.8999999999942],[174.719379987825,-36.8920884384446,98.8999999999942],[174.719444959599,-36.8920149767093,98.8999999999942],[174.71948316102,-36.8919721353526,98.8999999999942],[174.719510284801,-36.8919417180338,98.8999999999942],[174.719575962309,-36.8918686624338,98.8999999999942],[174.719641991021,-36.891795810826,98.8999999999942],[174.719708369875,-36.8917231659293,98.8999999999942],[174.71977509887,-36.891650727743,98.8999999999942],[174.719842175762,-36.8915784962992,98.8999999999942],[174.719909599511,-36.8915064752176,98.8999999999942],[174.719977368973,-36.8914346636129,98.8999999999942],[174.720008966482,-36.8914014485291,98.8999999999942],[174.720027260408,-36.8913822184463,98.8999999999942],[174.720045484168,-36.8913630623855,98.8999999999942],[174.720095761934,-36.8913106350317,98.8999999999942],[174.720113944034,-36.8912916742544,98.8999999999942],[174.720148136809,-36.8912563015912,98.8999999999942],[174.720182746309,-36.8912204983503,98.8999999999942],[174.720222978133,-36.891179211021,98.8999999999942],[174.720251892172,-36.8911495373596,98.8999999999942],[174.720274861856,-36.8911261510276,98.8999999999942],[174.72032137828,-36.8910787922315,98.8999999999942],[174.720391203509,-36.8910082629817,98.8999999999942],[174.720461369021,-36.8909379513954,98.8999999999942],[174.720474352104,-36.8909250435808,98.8999999999942],[174.720531872574,-36.8908678575045,98.8999999999942],[174.720602711982,-36.8907979840441,98.8999999999942],[174.720673888368,-36.8907283309974,98.8999999999942],[174.720745398387,-36.8906588993136,98.8999999999942],[174.720817243199,-36.8905896907779,98.8999999999942],[174.720889420562,-36.8905207054223,98.8999999999942],[174.720961929394,-36.8904519450645,98.8999999999942],[174.721034768592,-36.8903834106212,98.8999999999942],[174.721107937055,-36.8903151030092,98.8999999999942],[174.721181433681,-36.8902470231451,98.8999999999942],[174.721255258491,-36.8901791719295,98.8999999999942],[174.721313145865,-36.8901263814324,98.8999999999942],[174.721329408158,-36.8901115512125,98.8999999999942],[174.721403883805,-36.8900441609773,98.8999999999942],[174.721478683208,-36.8899770021569,98.8999999999942],[174.721553804163,-36.8899100765853,98.8999999999942],[174.721629247813,-36.8898433851468,98.8999999999942],[174.721705011914,-36.8897769278731,98.8999999999942],[174.721781095404,-36.8897107074832,98.8999999999942],[174.721857497142,-36.8896447230915,98.8999999999942],[174.721934216065,-36.8895789774171,98.8999999999942],[174.722011251033,-36.8895134695743,98.8999999999942],[174.722068366535,-36.8894652759474,98.8999999999942],[174.722088599861,-36.8894482022984,98.8999999999942],[174.722166263672,-36.8893831755725,98.8999999999942],[174.722173500496,-36.8893771416122,98.8999999999942],[174.722741766012,-36.8898170417107,98.0249999999942],[174.723530324098,-36.8904274600996,96.8108999999968],[174.724917042822,-36.8915008742145,94.6757999999973],[174.725755109128,-36.8921495703484,93.385500000004],[174.72970587511,-36.8952073880934,87.3031000000046],[174.74186317687,-36.9046144939576,68.5893000000069],[174.741865963303,-36.9046166496602,68.5850000000064]]]},"properties":{"OBJECTID":94,"TYPE":4,"SUBTYPE":null,"SCHEDULE":"A7","NAME":"Mount Albert","VALIDATIONSTATE":3,"VERSIONSTATUS":4,"GlobalID":"f1ef87d7-f399-4b3a-8eb3-bcba0785b2f7"}},{"type":"Feature","id":95,"geometry":{"type":"Polygon","coordinates":[[[174.719414319726,-36.9013764284938,82.8469999999943],[174.714677176399,-36.917807224507,56.570000000007],[174.716877158744,-36.8946465305105,92.7602000000043],[174.716879536676,-36.8946214847197,92.7992999999988],[174.717117105168,-36.8921197772295,96.7084000000032],[174.717196259138,-36.8912862135714,98.0108999999939],[174.717225982032,-36.8909732063307,98.5],[174.717281914924,-36.8909766701471,98.5],[174.717337840521,-36.8909802088542,98.5],[174.717393757722,-36.8909838233692,98.5],[174.717449668731,-36.8909875118578,98.5],[174.717505571345,-36.8909912761543,98.5],[174.717561465562,-36.8909951162588,98.5],[174.717617352466,-36.890999030353,98.5],[174.717673230975,-36.8910030202552,98.5],[174.717729099946,-36.8910070850806,98.5],[174.717784961625,-36.8910112247968,98.5],[174.717840814909,-36.891015440321,98.5],[174.717896658656,-36.8910197307684,98.5],[174.717952492847,-36.891024095238,98.5],[174.718008318643,-36.8910285355157,98.5],[174.718064134924,-36.8910330516177,98.5],[174.718119941649,-36.8910376417418,98.5],[174.718175738838,-36.8910423067893,98.5],[174.718231526512,-36.891047047661,98.5],[174.71828730463,-36.891051862555,98.5],[174.718343072112,-36.8910567532896,98.5],[174.718398828917,-36.8910617180626,98.5],[174.718454575085,-36.8910667586762,98.5],[174.718510311718,-36.8910718742132,98.5],[174.718566036553,-36.8910770638048,98.5],[174.718621750752,-36.8910823292372,98.5],[174.718677454275,-36.891087668708,98.5],[174.718733147163,-36.8910930840195,98.5],[174.718788827131,-36.8910985734019,98.5],[174.718844496443,-36.891104137724,98.5],[174.71890015512,-36.8911097778868,98.5],[174.718955800858,-36.8911154912196,98.5],[174.71901143484,-36.8911212804093,98.5],[174.719035220221,-36.8911237880711,98.5],[174.719067055923,-36.8911271445712,98.5],[174.719122665209,-36.8911330827879,98.5],[174.719178262719,-36.8911390959605,98.5],[174.719233847331,-36.8911451841052,98.5],[174.719271551372,-36.8911493659785,98.5],[174.719289417923,-36.8911513472384,98.5],[174.71934497672,-36.8911575844265,98.5],[174.719400522619,-36.8911638965869,98.5],[174.71945605562,-36.8911702837194,98.5],[174.719511574583,-36.8911767449394,98.5],[174.719567079526,-36.8911832811478,98.5],[174.719622571553,-36.8911898914275,98.5],[174.719678049561,-36.8911965766956,98.5],[174.719733513551,-36.8912033369523,98.5],[174.719788963502,-36.8912101712966,98.5],[174.71983356161,-36.8912157295861,98.5],[174.719844398314,-36.8912170806456,98.5],[174.719894660526,-36.8912234140874,98.5],[174.719899819087,-36.8912240640821,98.5],[174.719955225823,-36.8912311216062,98.5],[174.720010617419,-36.8912382541351,98.5],[174.720065993877,-36.891245461669,98.5],[174.720078540731,-36.8912471115275,98.5],[174.720121355155,-36.8912527424056,98.5],[174.720125001821,-36.891253226803,98.5],[174.720148136809,-36.8912563015912,98.5],[174.720161594616,-36.8912580905773,98.5],[174.720176701293,-36.8912600981471,98.5],[174.720232032294,-36.8912675288935,98.5],[174.720287348115,-36.8912750328428,98.5],[174.720342647676,-36.8912826118132,98.5],[174.720397930958,-36.8912902649039,98.5],[174.720426481905,-36.8912942571872,98.5],[174.720453199101,-36.8912979929995,98.5],[174.720508450943,-36.8913057943142,98.5],[174.720563686527,-36.8913136706503,98.5],[174.720618904709,-36.8913216211228,98.5],[174.720648179776,-36.8913258768731,98.5],[174.720674106611,-36.8913296457156,98.5],[174.720729292235,-36.8913377444287,98.5],[174.720784460457,-36.8913459172783,98.5],[174.720839611279,-36.8913541642645,98.5],[174.720894745842,-36.8913624862721,98.5],[174.720949862984,-36.8913708815152,98.5],[174.721004961605,-36.8913793509112,98.5],[174.721060042825,-36.8913878944439,98.5],[174.721115106645,-36.8913965121132,98.5],[174.721170151924,-36.8914052030344,98.5],[174.721225178701,-36.8914139690096,98.5],[174.721280188058,-36.8914228082205,98.5],[174.721335177773,-36.8914317216007,98.5],[174.721390150088,-36.8914407091176,98.5],[174.721445102761,-36.8914497708038,98.5],[174.721500036893,-36.8914589057421,98.5],[174.721554951382,-36.8914681148497,98.5],[174.721609847331,-36.8914773972093,98.5],[174.721664723658,-36.8914867546394,98.5],[174.721719580303,-36.8914961844368,98.5],[174.721774417306,-36.8915056884037,98.5],[174.721829234667,-36.89151526654,98.5],[174.721884031246,-36.891524917961,98.5],[174.721938808182,-36.8915346435515,98.5],[174.721993564316,-36.8915444415257,98.5],[174.722048300829,-36.8915543145705,98.5],[174.722077441221,-36.8915596111689,98.5],[174.722103015416,-36.8915642600153,98.5],[174.722157710364,-36.8915742796297,98.5],[174.722212384528,-36.891584372529,98.5],[174.722235301556,-36.8915886263228,98.5],[174.722213152396,-36.8916654842213,98.3770999999979],[174.722045682848,-36.8922466077643,97.4477999999945],[174.721607358415,-36.8937675715229,95.0154000000039],[174.721555365434,-36.8939479801232,94.7268999999942],[174.721419312127,-36.8944200651267,93.9719000000041],[174.721222489633,-36.8951029968792,92.879700000005],[174.719414319726,-36.9013764284938,82.8469999999943]]]},"properties":{"OBJECTID":95,"TYPE":4,"SUBTYPE":null,"SCHEDULE":"A3","NAME":"Mount Albert","VALIDATIONSTATE":3,"VERSIONSTATUS":4,"GlobalID":"ba6cdb7d-5d85-42c1-bf1b-ba96f5f3248d"}},{"type":"Feature","id":96,"geometry":{"type":"Polygon","coordinates":[[[174.721456017702,-36.8952595374591,84.2023999999947],[174.719622661161,-36.9022158226141,60.3899999999994],[174.719414319726,-36.9013764284938,63.2563999999984],[174.717718004285,-36.8945413476609,86.5967999999993],[174.717711848457,-36.8945165424318,86.6815000000061],[174.717117105168,-36.8921197772295,94.8659999999945],[174.716920617943,-36.8913279145749,97.570000000007],[174.717030729433,-36.8913106612872,97.570000000007],[174.717141010686,-36.891294125619,97.570000000007],[174.717196259138,-36.8912862135714,97.570000000007],[174.717251456136,-36.8912783094528,97.570000000007],[174.717362057974,-36.8912632147038,97.570000000007],[174.717472808331,-36.8912488405839,97.570000000007],[174.717583699396,-36.8912351890083,97.570000000007],[174.717694725585,-36.8912222609587,97.570000000007],[174.717805879048,-36.8912100565482,97.570000000007],[174.717917151976,-36.891198577692,97.570000000007],[174.718028536498,-36.8911878236022,97.570000000007],[174.718140027071,-36.8911777970627,97.570000000007],[174.718251614682,-36.8911684964008,97.570000000007],[174.718363291542,-36.891159924433,97.570000000007],[174.718475053147,-36.8911520803227,97.570000000007],[174.718586889424,-36.8911449651168,97.570000000007],[174.718698793646,-36.8911385789123,97.570000000007],[174.718810759105,-36.8911329227075,97.570000000007],[174.718922777932,-36.8911279957145,97.570000000007],[174.719034842318,-36.8911237998491,97.570000000007],[174.719035220221,-36.8911237880711,97.570000000007],[174.719146946637,-36.891120334291,97.570000000007],[174.719187970464,-36.8911193340854,97.570000000007],[174.719259080815,-36.8911176000872,97.570000000007],[174.719371240349,-36.8911155964015,97.570000000007],[174.719483415167,-36.8911143242809,97.570000000007],[174.719595599642,-36.8911137829054,97.570000000007],[174.719707785944,-36.8911139732896,97.570000000007],[174.719718076897,-36.8911140577595,97.570000000007],[174.719819967327,-36.8911148946299,97.570000000007],[174.719932134819,-36.8911165470561,97.570000000007],[174.719961332691,-36.8911171680689,97.570000000007],[174.720044282815,-36.8911189306493,97.570000000007],[174.720044982359,-36.8911189502647,97.570000000007],[174.720156402342,-36.8911220455396,97.570000000007],[174.720268486654,-36.8911258909233,97.570000000007],[174.720274861856,-36.8911261510276,97.570000000007],[174.720286542998,-36.8911266281324,97.570000000007],[174.720292864293,-36.8911268863123,97.570000000007],[174.720380527902,-36.8911304669141,97.570000000007],[174.720492520478,-36.8911357735933,97.570000000007],[174.720547129022,-36.8911387178471,97.570000000007],[174.720569254444,-36.8911399107458,97.570000000007],[174.720604454251,-36.8911418093052,97.570000000007],[174.720716324756,-36.8911485750158,97.570000000007],[174.720828122982,-36.8911560690531,97.570000000007],[174.720939841099,-36.8911642924321,97.570000000007],[174.721051473441,-36.891173242531,97.570000000007],[174.721163011078,-36.8911829212821,97.570000000007],[174.721274447221,-36.89119332608,97.570000000007],[174.721385775142,-36.8912044570223,97.570000000007],[174.72149698585,-36.8912163133384,97.570000000007],[174.721608074841,-36.8912288941924,97.570000000007],[174.721719032001,-36.8912421988299,97.570000000007],[174.721829850583,-36.8912562264477,97.570000000007],[174.72194052494,-36.8912709753252,97.570000000007],[174.722051046101,-36.8912864455929,97.570000000007],[174.722161407318,-36.8913026364477,97.570000000007],[174.722174636062,-36.8913046664807,97.570000000007],[174.722271601803,-36.8913195452842,97.570000000007],[174.722381620583,-36.8913371722332,97.570000000007],[174.722485085575,-36.8913544308187,97.570000000007],[174.722465659354,-36.8914281549644,97.3175999999949],[174.722264998558,-36.8921896513376,94.7109000000055],[174.721838365139,-36.8938086505879,89.1689000000042],[174.721773018245,-36.8940566256313,88.3200999999972],[174.721646472892,-36.8945368275726,86.6763000000064],[174.721456017702,-36.8952595374591,84.2023999999947]]]},"properties":{"OBJECTID":96,"TYPE":4,"SUBTYPE":null,"SCHEDULE":"A2","NAME":"Mount Albert","VALIDATIONSTATE":3,"VERSIONSTATUS":4,"GlobalID":"c81f08ab-2338-4c4d-874b-0866d42e9708"}},{"type":"Feature","id":97,"geometry":{"type":"Polygon","coordinates":[[[174.718254920035,-36.8939382577072,78.0899999999965],[174.654664070383,-36.8582812057946,16.1999999999971],[174.722932991143,-36.8878287207953,78.0899999999965],[174.718254920035,-36.8939382577072,78.0899999999965]]]},"properties":{"OBJECTID":97,"TYPE":4,"SUBTYPE":null,"SCHEDULE":"A13","NAME":"Mount Albert","VALIDATIONSTATE":3,"VERSIONSTATUS":4,"GlobalID":"b8f51f21-3aa0-491b-9f51-80125f751605"}},{"type":"Feature","id":98,"geometry":{"type":"Polygon","coordinates":[[[174.721422727729,-36.8924083876595,98.1916000000056],[174.721400683382,-36.8924291063403,98.3000000000029],[174.721384906591,-36.892418209664,98.3000000000029],[174.721315620247,-36.8923703526716,98.3000000000029],[174.72123101128,-36.8923111795434,98.3000000000029],[174.721146857603,-36.8922515869404,98.3000000000029],[174.721063162685,-36.8921915793199,98.3000000000029],[174.720979931052,-36.89213115842,98.3000000000029],[174.720947181978,-36.8921070883466,98.3000000000029],[174.72089716501,-36.8920703269123,98.3000000000029],[174.720814866822,-36.8920090856663,98.3000000000029],[174.720733041057,-36.8919474382223,98.3000000000029],[174.72065169002,-36.8918853872517,98.3000000000029],[174.720570817095,-36.891822933608,98.3000000000029],[174.720490424609,-36.8917600808636,98.3000000000029],[174.72041051711,-36.8916968316579,98.3000000000029],[174.720331095758,-36.8916331877776,98.3000000000029],[174.720252166205,-36.8915691509445,98.3000000000029],[174.720227355597,-36.8915487720857,98.3000000000029],[174.72017372853,-36.8915047247638,98.3000000000029],[174.720143309016,-36.891479429149,98.3000000000029],[174.720095787282,-36.8914399118748,98.3000000000029],[174.720075982835,-36.891423238031,98.3000000000029],[174.720037627559,-36.8913909465848,98.3000000000029],[174.720027260408,-36.8913822184463,98.3000000000029],[174.720018345847,-36.8913747131305,98.3000000000029],[174.719993676796,-36.8913536859069,98.3000000000029],[174.719941405447,-36.8913091330212,98.3000000000029],[174.719876372594,-36.8912530122357,98.3000000000029],[174.71986497059,-36.8912431723837,98.3000000000029],[174.71983356161,-36.8912157295861,98.3000000000029],[174.7197890436,-36.8911768347908,98.3000000000029],[174.719718076897,-36.8911140577595,98.3000000000029],[174.719713627882,-36.8911101219969,98.3000000000029],[174.719638725742,-36.8910430366736,98.3000000000029],[174.719564339502,-36.8909755823936,98.3000000000029],[174.719490473691,-36.890907760895,98.3000000000029],[174.71941712947,-36.8908395739647,98.3000000000029],[174.719344309184,-36.8907710260764,98.3000000000029],[174.719272018462,-36.8907021180509,98.3000000000029],[174.719200256262,-36.8906328535097,98.3000000000029],[174.719129028253,-36.8905632350756,98.3000000000029],[174.71905833672,-36.8904932645194,98.3000000000029],[174.718988182864,-36.8904229454299,98.3000000000029],[174.718918571233,-36.8903522804464,98.3000000000029],[174.718849503009,-36.8902812722566,98.3000000000029],[174.718780980474,-36.8902099226313,98.3000000000029],[174.718713008198,-36.8901382351106,98.3000000000029],[174.71864558736,-36.8900662123825,98.3000000000029],[174.718578720265,-36.8899938571185,98.3000000000029],[174.718512410339,-36.8899211719741,98.3000000000029],[174.718446659904,-36.889848160522,98.3000000000029],[174.718381471224,-36.8897748236317,98.3000000000029],[174.718316846643,-36.8897011657769,98.3000000000029],[174.718252789566,-36.8896271887122,98.3000000000029],[174.718189300093,-36.8895528969435,98.3000000000029],[174.718126383852,-36.8894782912919,98.3000000000029],[174.718064040923,-36.8894033753623,98.3000000000029],[174.718002274732,-36.8893281518103,98.3000000000029],[174.717941086479,-36.8892526242247,98.3000000000029],[174.717880480712,-36.8891767952448,98.3000000000029],[174.717820456349,-36.8891006666896,98.3000000000029],[174.717761019098,-36.8890242429844,98.3000000000029],[174.717754551891,-36.8890158638504,98.3000000000029],[174.719019912399,-36.8883862045664,93.545100000003],[174.71996806943,-36.8879143744279,89.9820999999938],[174.724286295382,-36.8857653344203,73.7544999999955],[174.733219842605,-36.8813185303741,40.179999999993],[174.725255367855,-36.8888059921893,79.3466999999946],[174.723530324098,-36.8904274600996,87.8288999999932],[174.723468997817,-36.8904851030164,88.1303999999946],[174.723350009884,-36.8905969438329,88.7155000000057],[174.723140105108,-36.8907942384755,89.7476000000024],[174.722465659354,-36.8914281549644,93.0638000000035],[174.722213152396,-36.8916654842213,94.3053000000073],[174.721938753699,-36.8919233880057,95.6545000000042],[174.721910832381,-36.891949630683,95.7918000000063],[174.721422727729,-36.8924083876595,98.1916000000056]]]},"properties":{"OBJECTID":98,"TYPE":4,"SUBTYPE":null,"SCHEDULE":"A10","NAME":"Mount Albert","VALIDATIONSTATE":3,"VERSIONSTATUS":4,"GlobalID":"cbe186b0-a929-4339-a2f6-30a0db436c36"}},{"type":"Feature","id":99,"geometry":{"type":"Polygon","coordinates":[[[174.716842371984,-36.8946261707568,88.0599999999977],[174.700836300715,-36.8966431133435,49.8999999999942],[174.711434728347,-36.8914609731736,79.1245999999956],[174.717371180586,-36.8885576129688,95.4958000000042],[174.718678047028,-36.8879183907122,99.1000000000058],[174.718736135858,-36.8879954806457,99.1000000000058],[174.71879370973,-36.8880728195597,99.1000000000058],[174.718850765238,-36.8881504057018,99.1000000000058],[174.718907301218,-36.8882282372866,99.1000000000058],[174.718963315346,-36.8883063107433,99.1000000000058],[174.7190188076,-36.8883846251716,99.1000000000058],[174.719019912399,-36.8883862045664,99.1000000000058],[174.719073775676,-36.8884631779015,99.1000000000058],[174.719128217287,-36.8885419671642,99.1000000000058],[174.719182131231,-36.8886209893723,99.1000000000058],[174.719235517486,-36.8887002436256,99.1000000000058],[174.719288371483,-36.8887797263856,99.1000000000058],[174.719340694323,-36.8888594367356,99.1000000000058],[174.71939248368,-36.8889393711047,99.1000000000058],[174.719443737269,-36.8890195277239,99.1000000000058],[174.719494453927,-36.8890999048082,99.1000000000058],[174.719544633571,-36.889180498754,99.1000000000058],[174.719594273916,-36.8892613077923,99.1000000000058],[174.719643372698,-36.8893423310554,99.1000000000058],[174.719691928692,-36.8894235640548,99.1000000000058],[174.719739940735,-36.8895050050054,99.1000000000058],[174.719752743518,-36.8895270261078,99.1000000000058],[174.719787408805,-36.8895866530069,99.1000000000058],[174.719834329435,-36.8896685036034,99.1000000000058],[174.719880702603,-36.8897505558944,99.1000000000058],[174.719926527125,-36.8898328071938,99.1000000000058],[174.719971800696,-36.8899152548315,99.1000000000058],[174.720016522132,-36.8899978961214,99.1000000000058],[174.720060690269,-36.8900807292781,99.1000000000058],[174.720104303944,-36.8901637525164,99.1000000000058],[174.720147361952,-36.8902469622491,99.1000000000058],[174.720189864232,-36.8903303557736,99.1000000000058],[174.720231807396,-36.8904139322383,99.1000000000058],[174.720273191362,-36.8904976880395,99.1000000000058],[174.720314014967,-36.890581621392,99.1000000000058],[174.720321108522,-36.890596439532,99.1000000000058],[174.720354275904,-36.8906657296257,99.1000000000058],[174.720393975253,-36.8907500109229,99.1000000000058],[174.720433109567,-36.8908344617288,99.1000000000058],[174.720471678783,-36.8909190793407,99.1000000000058],[174.720474352104,-36.8909250435808,99.1000000000058],[174.720476955741,-36.8909308528973,99.1000000000058],[174.720497244783,-36.8909761139265,99.1000000000058],[174.720509682879,-36.8910038628582,99.1000000000058],[174.720547118429,-36.8910888096275,99.1000000000058],[174.720560975917,-36.8911207995541,99.1000000000058],[174.720569254444,-36.8911399107458,99.1000000000058],[174.720583985348,-36.891173916045,99.1000000000058],[174.720620283596,-36.891259180309,99.1000000000058],[174.720648179776,-36.8913258768731,99.1000000000058],[174.720656010866,-36.8913445997495,99.1000000000058],[174.720691167117,-36.8914301725649,99.1000000000058],[174.720725750021,-36.8915158951841,99.1000000000058],[174.720759759538,-36.8916017658056,99.1000000000058],[174.720774342799,-36.8916392830524,99.1000000000058],[174.720793194502,-36.8916877826439,99.1000000000058],[174.72082605371,-36.8917739421116,99.1000000000058],[174.720858335977,-36.8918602415225,99.1000000000058],[174.720890041261,-36.8919466790748,99.1000000000058],[174.720921168398,-36.8920332529833,99.1000000000058],[174.720947181978,-36.8921070883466,99.1000000000058],[174.720951716163,-36.8921199587593,99.1000000000058],[174.720981683433,-36.8922067964197,99.1000000000058],[174.721011070085,-36.8922937605587,99.1000000000058],[174.721039874995,-36.8923808511929,99.1000000000058],[174.721068096958,-36.8924680647349,99.1000000000058],[174.721077577652,-36.892498020572,99.1000000000058],[174.721095735912,-36.8925553984819,99.1000000000058],[174.721122789571,-36.8926428506649,99.1000000000058],[174.721149258974,-36.8927304176637,99.1000000000058],[174.721175141835,-36.8928180977094,99.1000000000058],[174.721200438111,-36.892905889,99.1000000000058],[174.7212251477,-36.892993787031,99.1000000000058],[174.721249268336,-36.893081790934,99.1000000000058],[174.721272801058,-36.8931698970891,99.1000000000058],[174.721295744722,-36.8932581046118,99.1000000000058],[174.72131809698,-36.8933464090298,99.1000000000058],[174.721339858914,-36.8934348085252,99.1000000000058],[174.721361029337,-36.8935233004113,99.1000000000058],[174.721381608207,-36.8936118828864,99.1000000000058],[174.721401594321,-36.893700552363,99.1000000000058],[174.721408512338,-36.8937322118872,99.1000000000058],[174.721420987655,-36.8937893079404,99.1000000000058],[174.721439786965,-36.8938781442288,99.1000000000058],[174.72144255625,-36.8938916693318,99.1000000000058],[174.721457992248,-36.8939670612285,99.1000000000058],[174.721472910904,-36.8940422515074,99.1000000000058],[174.720839660532,-36.894122116565,97.590200000006],[174.719930315964,-36.8942367967045,95.4222000000009],[174.717743689753,-36.8945125279904,90.2088999999978],[174.717711848457,-36.8945165424318,90.1330000000016],[174.716879536676,-36.8946214847197,88.1486000000004],[174.716842371984,-36.8946261707568,88.0599999999977]]]},"properties":{"OBJECTID":99,"TYPE":4,"SUBTYPE":null,"SCHEDULE":"A1","NAME":"Mount Albert","VALIDATIONSTATE":3,"VERSIONSTATUS":4,"GlobalID":"9c699842-7a5b-40ac-98b8-f293c29e47fc"}},{"type":"Feature","id":100,"geometry":{"type":"MultiPolygon","coordinates":[[[[174.901359569449,-36.8465175823379,0],[174.901388666997,-36.846523687448,0],[174.901399999178,-36.8465221361187,0],[174.901453235443,-36.8464800306507,0],[174.901530697783,-36.8464547708653,0],[174.90154196493,-36.8464550313265,0],[174.90155559766,-36.8464517315536,0],[174.901582618326,-36.8464523627493,0],[174.901642448088,-36.8464826633411,0],[174.901679622072,-36.8465160484531,0],[174.901692266431,-36.8465416150131,0],[174.901739717076,-36.846604128736,0],[174.901745854043,-36.8466223364502,0],[174.90175235026,-36.8466296954677,0],[174.901756502691,-36.8466406342022,0],[174.901794750137,-36.8467083335894,0],[174.901794502723,-36.8467155481537,0],[174.901835996288,-36.8467544342776,0],[174.901849204585,-36.8467637859598,0],[174.901877535379,-36.8467915350331,0],[174.902015662857,-36.8469031347303,0],[174.902051132275,-36.8469202149826,0],[174.902101681946,-36.8469575139404,0],[174.902117178521,-36.8469651164469,0],[174.902169567892,-36.8470151036312,0],[174.902180631895,-36.84702078515,0],[174.902214037027,-36.8470324003089,0],[174.902232037411,-36.8470328332371,0],[174.90227400279,-36.8470572994543,0],[174.902313432397,-36.8470907203573,0],[174.902350748703,-36.8471854832343,0],[174.902345338086,-36.8472124293464,0],[174.902340534885,-36.8472213482389,0],[174.902330613223,-36.8472481862981,0],[174.902290212099,-36.8473104205983,0],[174.902284014325,-36.8473608137695,0],[174.902288087993,-36.8473735473812,0],[174.902285527968,-36.8473825204961,0],[174.902286299511,-36.8474258709123,0],[174.902290383273,-36.8474386043621,0],[174.902308130466,-36.8475130311344,0],[174.902388421423,-36.8476701988303,0],[174.902470884961,-36.8478960036608,0],[174.90247051416,-36.8479068345144,0],[174.902476786302,-36.8479214347184,0],[174.902486995953,-36.8479523669927,0],[174.902516729592,-36.848005420683,0],[174.902569412092,-36.8480463807116,0],[174.902588149521,-36.8480919671934,0],[174.902630416014,-36.8481742034018,0],[174.902634488668,-36.848186937015,0],[174.902660520841,-36.8482164352057,0],[174.902689180697,-36.8482351655477,0],[174.902718018215,-36.8482484850863,0],[174.90280078419,-36.8483317041684,0],[174.902873182116,-36.8483893653888,0],[174.902894883443,-36.8484133536707,0],[174.902986184455,-36.8485779968613,0],[174.903032415873,-36.8486097853423,0],[174.903043614807,-36.8486118503009,0],[174.903090138565,-36.8486346208256,0],[174.90311373587,-36.8486694847359,0],[174.903137632892,-36.8487621187818,0],[174.90317577157,-36.8488334328282,0],[174.903179833165,-36.8488461674983,0],[174.903207581782,-36.8488919520555,0],[174.903231662567,-36.8489123869946,0],[174.903343347049,-36.8490071031007,0],[174.903436595385,-36.8491158866469,0],[174.903512439181,-36.8492043175763,0],[174.903558903878,-36.8492975364167,0],[174.90359103861,-36.849413887455,0],[174.903590553515,-36.8494951676978,0],[174.903583202506,-36.8495130505678,0],[174.903579845981,-36.8495454799279,0],[174.903574795995,-36.8495616314466,0],[174.90357158663,-36.8495904531492,0],[174.903552395081,-36.8496243169006,0],[174.903549488038,-36.8496441205102,0],[174.903567867265,-36.8497005464778,0],[174.90361980022,-36.8497649795026,0],[174.903639695173,-36.8497762969041,0],[174.903671048374,-36.8497824464191,0],[174.903817728407,-36.849776878837,0],[174.903903732338,-36.8497662623675,0],[174.90393923848,-36.8497833504512,0],[174.903954567219,-36.8497963633435,0],[174.903967055064,-36.8498273662275,0],[174.903963631309,-36.8498616002233,0],[174.90395160102,-36.8498848037969,0],[174.903931815315,-36.8499367126369,0],[174.903910516518,-36.8499669147737,0],[174.903838818022,-36.8500212326362,0],[174.903811368846,-36.8500332183703,0],[174.903769914694,-36.8500593359084,0],[174.903760847519,-36.850060932302,0],[174.903740031644,-36.8500766964613,0],[174.903732780915,-36.8500909814465,0],[174.903731264433,-36.8501360990234,0],[174.9037391309,-36.8501706019013,0],[174.903738466942,-36.850190450698,0],[174.903752100792,-36.8502540010114,0],[174.903749783672,-36.8503894171212,0],[174.903762700622,-36.8504077864901,0],[174.903773045088,-36.8504351201859,0],[174.903815787003,-36.8505047658005,0],[174.903850899331,-36.8505326851246,0],[174.903866429992,-36.8505402688148,0],[174.903877629676,-36.8505423517047,0],[174.903888536713,-36.8505534345035,0],[174.903904101604,-36.8505592330173,0],[174.903912799362,-36.8505684674414,0],[174.903923469734,-36.8505867826532,0],[174.903938618612,-36.8506051973609,0],[174.903942883984,-36.8506125288972,0],[174.903941254114,-36.8506612535875,0],[174.903956515628,-36.8506760702022,0],[174.903969970284,-36.8506781800462,0],[174.904001683696,-36.850673516813,0],[174.9040163613,-36.8507063872966,0],[174.904035897868,-36.8507285172522,0],[174.904053683985,-36.8507361458973,0],[174.90416396201,-36.85074057096,0],[174.904188369441,-36.8507519872076,0],[174.90420784988,-36.8507759206828,0],[174.904202754754,-36.8507938665841,0],[174.904197712784,-36.8508026541745,0],[174.904197651563,-36.8508146517871,0],[174.904199871761,-36.8508295511602,0],[174.904198932139,-36.8508404542192,0],[174.904182532305,-36.8508774459943,0],[174.904181612738,-36.8508810660283,0],[174.904180244649,-36.8508828815868,0],[174.904178887155,-36.8508868871946,0],[174.904177515451,-36.8508890543276,0],[174.90417706234,-36.8508915852974,0],[174.904173884172,-36.8508959355434,0],[174.904169331104,-36.8509031830464,0],[174.904168870396,-36.8509053626213,0],[174.904137879987,-36.8509808043554,0],[174.904137884922,-36.850983715555,0],[174.904133288052,-36.8510036634233,0],[174.904131902954,-36.8510138345335,0],[174.904129611284,-36.8510218209382,0],[174.904131316293,-36.8510534301136,0],[174.904133119151,-36.8510574301464,0],[174.904133568207,-36.8510610643024,0],[174.904139384359,-36.8510766992212,0],[174.904139837932,-36.8510796113438,0],[174.90414253721,-36.8510839854833,0],[174.904143414552,-36.8510872522467,0],[174.904145236552,-36.8510901703829,0],[174.904146571943,-36.8510938173761,0],[174.9041519523,-36.8511054483825,0],[174.904153299126,-36.8511091042057,0],[174.904154205339,-36.8511130825529,0],[174.904160484,-36.8511265649064,0],[174.904168585732,-36.8511407481197,0],[174.904173086754,-36.8511458676249,0],[174.904178483902,-36.8511549656386,0],[174.904181188626,-36.8511582481856,0],[174.904190632011,-36.8511731661097,0],[174.904193329113,-36.8511797124751,0],[174.904195571583,-36.851181902813,0],[174.904196914264,-36.8511840805296,0],[174.904203228043,-36.8511899371114,0],[174.904209083502,-36.8511990187662,0],[174.904211778139,-36.8512023014741,0],[174.904213147168,-36.8512059479275,0],[174.904216281614,-36.8512106837335,0],[174.904220351107,-36.8512146834961,0],[174.904227996489,-36.8512267009239,0],[174.904230705555,-36.8512292542285,0],[174.904232951533,-36.8512325351123,0],[174.904234297695,-36.8512361639053,0],[174.904241928816,-36.8512503636675,0],[174.904250000462,-36.8512714695298,0],[174.904254931079,-36.8512889302948,0],[174.904258520954,-36.8512962005369,0],[174.904263446634,-36.8513107501021,0],[174.904273786295,-36.8513315041541,0],[174.90427648094,-36.8513347868602,0],[174.904279181945,-36.8513369698484,0],[174.904289518898,-36.8513580664456,0],[174.904293114036,-36.8513700685562,0],[174.904294469502,-36.8513722640932,0],[174.904297155142,-36.8513787998237,0],[174.904314232357,-36.8514093793994,0],[174.904324098083,-36.8514326827766,0],[174.904326350744,-36.8514366846109,0],[174.904331279325,-36.8514486833777,0],[174.90433441224,-36.8514592327483,0],[174.904342501598,-36.8514810503656,0],[174.904342935051,-36.851483603181,0],[174.904356348901,-36.8515337812726,0],[174.904357694983,-36.8515355984028,0],[174.904360378835,-36.8515425136178,0],[174.904360816494,-36.8515519705119,0],[174.904365285621,-36.8515675999647,0],[174.904367055437,-36.8515792167154,0],[174.90436884951,-36.8515810537058,0],[174.904370180454,-36.851587232588,0],[174.904370150744,-36.8516014027875,0],[174.904375080872,-36.8516170338651,0],[174.904376436122,-36.8516192203912,0],[174.904379077997,-36.8516330314112,0],[174.904380884365,-36.8516384825158,0],[174.904383581386,-36.8516432163136,0],[174.904386261248,-36.8516526823403,0],[174.904388970472,-36.8516592185916,0],[174.904389402584,-36.851661762415,0],[174.90439701844,-36.8516803158077,0],[174.904402418873,-36.8516945152539,0],[174.904408247211,-36.8517043544446,0],[174.904410504045,-36.851709427885,0],[174.904419947208,-36.8517265468262,0],[174.904420382711,-36.8517287300653,0],[174.904426228716,-36.8517392810183,0],[174.904434786164,-36.8517505816819,0],[174.904442465709,-36.8517567859044,0],[174.904445162399,-36.8517596981291,0],[174.904449671073,-36.8517655304478,0],[174.9044532684,-36.8517695287555,0],[174.904456864805,-36.8517738966209,0],[174.904459580878,-36.8517757368598,0],[174.904462278515,-36.8517782804271,0],[174.904477615324,-36.851788886576,0],[174.90448125138,-36.8517903326124,0],[174.904495703313,-36.8517933015967,0],[174.904498870797,-36.8517943955139,0],[174.904505633702,-36.85179480088,0],[174.904587497504,-36.8517940206023,0],[174.904594738872,-36.8517947698113,0],[174.904596535799,-36.8517944165338,0],[174.904600596601,-36.8517980640037,0],[174.904602847647,-36.8517969832893,0],[174.90460558767,-36.8517962633793,0],[174.904627738465,-36.8517985312022,0],[174.904642647346,-36.8517982201354,0],[174.90464716536,-36.8517985983821,0],[174.904663446968,-36.8517975622772,0],[174.904678383129,-36.8517983503846,0],[174.904682445577,-36.8517979968459,0],[174.904684695802,-36.8517987359173,0],[174.904708215589,-36.8517991791332,0],[174.904713186229,-36.8518006677648,0],[174.904715006251,-36.8518002960888,0],[174.90476926198,-36.8518001474839,0],[174.904775154764,-36.8517994311131,0],[174.904792780545,-36.8517987790404,0],[174.904797305135,-36.8517980665735,0],[174.904802283025,-36.8517984464559,0],[174.904813564725,-36.8518006622372,0],[174.904815384399,-36.8518021292672,0],[174.904818552133,-36.8518032330863,0],[174.904827568661,-36.8518072706998,0],[174.904832999629,-36.8518087339209,0],[174.904834805275,-36.8518087320166,0],[174.904859632267,-36.8518193662544,0],[174.90486189722,-36.8518211956888,0],[174.904864155351,-36.8518244673517,0],[174.904884449376,-36.8518405371281,0],[174.904886253086,-36.8518427164592,0],[174.904894361186,-36.8518485622655,0],[174.904903380856,-36.851859503968,0],[174.904905633337,-36.8518634967802,0],[174.904912380009,-36.8518718782032,0],[174.904916885008,-36.8518762504169,0],[174.904917780402,-36.8518784352949,0],[174.904921394952,-36.8518835329277,0],[174.904927233872,-36.8518973647892,0],[174.904928117937,-36.8519013524977,0],[174.904933954923,-36.8519173655949,0],[174.90493618089,-36.8519257122285,0],[174.904937963265,-36.8519315503766,0],[174.904940662396,-36.8519359154855,0],[174.904941096308,-36.8519421006284,0],[174.904943350245,-36.8519479140918,0],[174.904944212088,-36.8519591848577,0],[174.904943303864,-36.8519646163769,0],[174.904942380132,-36.8519671639066,0],[174.904941918202,-36.8519711461524,0],[174.90494055475,-36.8519740522477,0],[174.904935065477,-36.8519896700642,0],[174.904908236762,-36.8520411331316,0],[174.904906422248,-36.8520425854103,0],[174.904901866839,-36.8520483827467,0],[174.904895519771,-36.8520592643325,0],[174.904894584154,-36.8520617850126,0],[174.904892772256,-36.852064698296,0],[174.904887295998,-36.8520799373454,0],[174.90488185228,-36.8520879021849,0],[174.904879133655,-36.8520904334204,0],[174.904876861327,-36.8520915153826,0],[174.90487415187,-36.852094416014,0],[174.904871863903,-36.8520980309484,0],[174.904869132457,-36.8521045642696,0],[174.904862788297,-36.8521150663494,0],[174.904857779008,-36.8521216010327,0],[174.904849584216,-36.8521411829759,0],[174.904848198417,-36.8521459001891,0],[174.904846384048,-36.8521491659293,0],[174.904845013791,-36.8521531537218,0],[174.904845018308,-36.8521560469008,0],[174.904839984349,-36.852172387487,0],[174.904838085658,-36.8522025311714,0],[174.90483940126,-36.8522112529292,0],[174.904840747365,-36.8522130700531,0],[174.904846172339,-36.8522174536603,0],[174.904849328634,-36.8522185477471,0],[174.904853844959,-36.852221116231,0],[174.904865582643,-36.8522258853596,0],[174.904885012568,-36.8522292332714,0],[174.90499804953,-36.8522376332108,0],[174.905000300668,-36.852238363248,0],[174.905003012155,-36.8522387524152,0],[174.905010704385,-36.8522409455025,0],[174.905025611416,-36.8522428156212,0],[174.905032855318,-36.8522432132456,0],[174.905036913705,-36.8522435988457,0],[174.905040078617,-36.8522432326437,0],[174.905041902612,-36.8522439695279,0],[174.905057702448,-36.8522465644154,0],[174.905063582567,-36.8522480474645,0],[174.905088438173,-36.8522521465912,0],[174.905099738287,-36.8522551011349,0],[174.905104705715,-36.8522551035171,0],[174.905108336714,-36.8522558474832,0],[174.905112847064,-36.8522573164372,0],[174.905119638893,-36.8522584333503,0],[174.905133612244,-36.8522643022779,0],[174.905136335728,-36.8522664848852,0],[174.905138583706,-36.8522675845134,0],[174.905145348132,-36.8522730642742,0],[174.905154367555,-36.8522821852846,0],[174.905157517733,-36.8522880024008,0],[174.905157955636,-36.8522916367304,0],[174.90516020043,-36.8522970807927,0],[174.905160181614,-36.8523040032653,0],[174.905152878344,-36.8523206866969,0],[174.905141531053,-36.8523366147585,0],[174.90513382849,-36.8523416865198,0],[174.905128395212,-36.8523441981906,0],[174.905127029386,-36.8523456531936,0],[174.905125221014,-36.8523459976495,0],[174.905119783654,-36.8523492484713,0],[174.905116171998,-36.8523510459302,0],[174.905111631973,-36.8523543003918,0],[174.905102578538,-36.8523582671531,0],[174.90509489001,-36.8523611484687,0],[174.905079466195,-36.8523723468339,0],[174.905075846512,-36.8523734143476,0],[174.90507177087,-36.8523759484152,0],[174.905068130018,-36.8523788288313,0],[174.905050936106,-36.8523842330155,0],[174.905045971871,-36.8523871157192,0],[174.905041431508,-36.8523885495083,0],[174.905039168342,-36.8523900008697,0],[174.905036447339,-36.8523910810147,0],[174.905034181684,-36.8523928839324,0],[174.905031912512,-36.852393596304,0],[174.905026486355,-36.8523968469419,0],[174.905019233035,-36.8523997302889,0],[174.905008818175,-36.8524062335637,0],[174.905006097171,-36.852407313708,0],[174.904974813379,-36.852429717406,0],[174.904959829116,-36.8524496335293,0],[174.904954387764,-36.8524554351555,0],[174.904947552224,-36.8524746528114,0],[174.904947537473,-36.8524808361329,0],[174.904949778765,-36.852484829123,0],[174.904953830805,-36.8524899287539,0],[174.904960605422,-36.8524939662426,0],[174.904961504012,-36.852495420996,0],[174.904966022399,-36.8524976198993,0],[174.904968736718,-36.8524994331142,0],[174.904981815928,-36.8525049288236,0],[174.90498407216,-36.8525067674083,0],[174.904985883605,-36.8525074954812,0],[174.905000330658,-36.8525151865184,0],[174.905016582953,-36.8525224970967,0],[174.905019297945,-36.8525243373393,0],[174.905059484801,-36.8525433689895,0],[174.905066697473,-36.8525452182443,0],[174.905077995274,-36.8525503369062,0],[174.90507980376,-36.8525518041111,0],[174.905083417888,-36.8525532685063,0],[174.905103730191,-36.8525645978828,0],[174.905119546394,-36.8525683011276,0],[174.905147095713,-36.8525792972513,0],[174.905153400064,-36.8525847663607,0],[174.905158371549,-36.8525880485945,0],[174.905162434707,-36.8525913363778,0],[174.905181834377,-36.8526034005307,0],[174.905185895273,-36.8526070488791,0],[174.9051935462,-36.8526179674353,0],[174.905197132373,-36.8526259858042,0],[174.905198478944,-36.8526314352531,0],[174.9051984487,-36.8526419632058,0],[174.905197078901,-36.8526459690211,0],[174.905195712847,-36.8526474150154,0],[174.90519071813,-36.852657202358,0],[174.905183448358,-36.852664799905,0],[174.905179367975,-36.8526680469998,0],[174.905177546568,-36.8526687702218,0],[174.905175754266,-36.8526702140366,0],[174.905152181067,-36.8526843011208,0],[174.905128631988,-36.8526961975956,0],[174.905102820062,-36.8527113660984,0],[174.905098735143,-36.8527153343227,0],[174.905093734071,-36.8527189476918,0],[174.905090572212,-36.8527203864224,0],[174.90507742881,-36.8527294301158,0],[174.905074721158,-36.8527319521666,0],[174.905068811555,-36.8527352015439,0],[174.905053420968,-36.8527409643879,0],[174.905049804763,-36.8527434829773,0],[174.905043467989,-36.8527470997314,0],[174.905041654605,-36.8527485528954,0],[174.90503711525,-36.8527514287873,0],[174.905025781247,-36.8527615701228,0],[174.905023970933,-36.8527640958132,0],[174.905018514612,-36.8527687980667,0],[174.905013984757,-36.8527738640235,0],[174.905012603288,-36.8527778519974,0],[174.905008071699,-36.8527854687296,0],[174.90500715352,-36.85278873723,0],[174.905005781112,-36.8527912829396,0],[174.90500392943,-36.8528025341122,0],[174.90500568826,-36.8528232363747,0],[174.905011502897,-36.8528392489218,0],[174.905022314923,-36.8528505503487,0],[174.905025487097,-36.8528527347782,0],[174.905044451287,-36.8528626157158,0],[174.905054387493,-36.852866647579,0],[174.905065668904,-36.8528728661197,0],[174.905076495096,-36.8528798130167,0],[174.905105850864,-36.8528944485769,0],[174.905119845835,-36.8529006867006,0],[174.905134738038,-36.8529087311127,0],[174.905138366803,-36.8529098356428,0],[174.905141518601,-36.8529116508528,0],[174.9051478376,-36.8529163986677,0],[174.905152353977,-36.8529189671385,0],[174.905169949202,-36.8529270132757,0],[174.905190994978,-36.8529373880905,0],[174.905192987705,-36.8529383701309,0],[174.905226822078,-36.8529617307798,0],[174.905231329736,-36.8529639478708,0],[174.905235449475,-36.8529674808055,0],[174.905246215847,-36.8529767153053,0],[174.905257932608,-36.8529923817383,0],[174.905259250315,-36.853000733913,0],[174.905252435969,-36.8530148858025,0],[174.905250590688,-36.8530164999168,0],[174.90524790125,-36.8530188522305,0],[174.90524334579,-36.853024648679,0],[174.90523020135,-36.8530355040678,0],[174.905226580495,-36.8530369321348,0],[174.905223867723,-36.8530387512381,0],[174.905221599791,-36.8530409147256,0],[174.905219788242,-36.853041628777,0],[174.905213900125,-36.8530452473601,0],[174.905211630151,-36.853047780423,0],[174.905206179494,-36.8530514010051,0],[174.905195782122,-36.8530568044006,0],[174.905185822096,-36.8530603981348,0],[174.905179937944,-36.853061465905,0],[174.905171788122,-36.8530643365955,0],[174.905156833347,-36.8530741033589,0],[174.905137355388,-36.8530823833477,0],[174.905133179965,-36.8530836553607,0],[174.905125579365,-36.8530859701389,0],[174.905107013252,-36.8530953351192,0],[174.905096132078,-36.8531029364805,0],[174.905093886227,-36.8531032789366,0],[174.905069419734,-36.8531148205659,0],[174.90506490424,-36.8531159024412,0],[174.90504949943,-36.8531219990033,0],[174.905041785573,-36.8531270709401,0],[174.90503409822,-36.8531314033656,0],[174.905032732155,-36.8531328493583,0],[174.905027281036,-36.8531364519132,0],[174.905025935329,-36.853138266221,0],[174.905024111667,-36.8531393509079,0],[174.905021866038,-36.8531397023723,0],[174.905018233963,-36.853141130613,0],[174.905010533355,-36.8531458327925,0],[174.905008265413,-36.8531479962761,0],[174.905006453272,-36.8531509005517,0],[174.905002371262,-36.8531545352362,0],[174.905000094482,-36.8531581499934,0],[174.904992388637,-36.8531675661816,0],[174.904989649142,-36.8531733695613,0],[174.904988714073,-36.8531777199213,0],[174.90498689525,-36.8531799032443,0],[174.904977821285,-36.8531947493098,0],[174.904975538486,-36.8532012844537,0],[174.904975483509,-36.8532194470187,0],[174.9049772886,-36.8532216353386,0],[174.904978638469,-36.8532245520156,0],[174.904983585966,-36.8532318365203,0],[174.904984465413,-36.8532347336989,0],[174.904987165021,-36.8532391159228,0],[174.904990788257,-36.853242753267,0],[174.904992133241,-36.8532449309363,0],[174.90500114938,-36.8532544125383,0],[174.905003852739,-36.8532562349407,0],[174.905008362784,-36.8532599031338,0],[174.905010165279,-36.8532606313495,0],[174.90501333839,-36.853262446221,0],[174.905016954839,-36.8532635509521,0],[174.905027766578,-36.8532694164951,0],[174.905041764093,-36.8532825316899,0],[174.905062521156,-36.8532946011374,0],[174.905079228173,-36.8533012013811,0],[174.905085555117,-36.8533048674822,0],[174.905106754184,-36.8533198320995,0],[174.905109462077,-36.8533209333674,0],[174.905111270583,-36.8533224005711,0],[174.90512663011,-36.8533275352264,0],[174.905146486353,-36.8533381499427,0],[174.905150995961,-36.8533418001107,0],[174.905172221442,-36.8533542135449,0],[174.905177620014,-36.8533593366441,0],[174.905182153169,-36.8533629864333,0],[174.905186196909,-36.8533655354404,0],[174.905190248676,-36.8533688143912,0],[174.905194785463,-36.8533717520755,0],[174.905202878013,-36.8533783191657,0],[174.905207403256,-36.8533830506698,0],[174.905225428463,-36.8533980210859,0],[174.90523175271,-36.8534020297254,0],[174.905235362938,-36.8534060458265,0],[174.905254300216,-36.8534224707729,0],[174.905257127538,-36.8534261686401,0],[174.905265995547,-36.8534377680038,0],[174.905270520798,-36.8534424995053,0],[174.9052813113,-36.8534592533611,0],[174.905284901946,-36.8534683532429,0],[174.905284897981,-36.8534709040539,0],[174.905285803027,-36.8534734312767,0],[174.905286213893,-36.8534832491224,0],[174.905282547723,-36.8534959534832,0],[174.905270282439,-36.8535173312598,0],[174.905252137735,-36.8535387041577,0],[174.905241231719,-36.8535484691087,0],[174.905232611772,-36.8535604146627,0],[174.905228531769,-36.8535636788784,0],[174.905219466903,-36.8535694493826,0],[174.905214487084,-36.8535730624161,0],[174.905202113182,-36.8535844192026,0],[174.905190438899,-36.8535951338439,0],[174.905186372167,-36.8535980292038,0],[174.905183187046,-36.8536016495146,0],[174.905179555627,-36.8536067190995,0],[174.905171852587,-36.8536135836052,0],[174.905165951421,-36.8536211961628,0],[174.905140994644,-36.8536432641216,0],[174.905134184665,-36.8536508633072,0],[174.905129664947,-36.8536544869871,0],[174.905116038748,-36.8536725967339,0],[174.905104668255,-36.8536907153811,0],[174.905101482005,-36.8536943357078,0],[174.905098317369,-36.8537001368924,0],[174.905094652976,-36.8537124626629,0],[174.905093233191,-36.8537302685511,0],[174.905102236797,-36.8537477360767,0],[174.905105837865,-36.8537513827854,0],[174.905119346379,-36.8537692377605,0],[174.905147282169,-36.8537998495073,0],[174.905149536989,-36.8538034817457,0],[174.905152245461,-36.8538064126911,0],[174.905158994739,-36.8538162460866,0],[174.905164394937,-36.8538209815902,0],[174.905165750251,-36.8538231681048,0],[174.905178812917,-36.8538388300886,0],[174.905184218344,-36.8538464866989,0],[174.905199538238,-36.8538636186027,0],[174.905203128894,-36.8538727184862,0],[174.905204013225,-36.8538767151999,0],[174.90520489552,-36.8538846957989,0],[174.905204445141,-36.8538868842243,0],[174.905203284248,-36.8539657146183,0],[174.905204146953,-36.8539787789993,0],[174.905202317698,-36.8539864155037,0],[174.905197647912,-36.8540314303955,0],[174.905199817003,-36.8540623290614,0],[174.905202030157,-36.8540728661091,0],[174.90520338319,-36.854075412288,0],[174.905203795533,-36.8540870516855,0],[174.905211451153,-36.8541008634114,0],[174.905211905037,-36.8541037854374,0],[174.905216385933,-36.8541121499872,0],[174.905218188007,-36.8541165195555,0],[174.905219086714,-36.8541201464955,0],[174.905220438874,-36.8541227026027,0],[174.905240265776,-36.854140212899,0],[174.905248365891,-36.854152953933,0],[174.905255115329,-36.8541645989808,0],[174.905266845072,-36.8541726490113,0],[174.905269556499,-36.8541752013501,0],[174.905275844475,-36.8541832124464,0],[174.905278568258,-36.8541854040573,0],[174.905280816412,-36.8541883153404,0],[174.905306970609,-36.8542131150308,0],[174.905310117585,-36.8542178506026,0],[174.905314170664,-36.8542225806588,0],[174.905320464755,-36.8542335029312,0],[174.905322262076,-36.8542349703104,0],[174.905324512496,-36.8542375210266,0],[174.905328134099,-36.8542433486029,0],[174.905330831159,-36.8542462707135,0],[174.905333978714,-36.8542488160578,0],[174.905338028838,-36.8542542852462,0],[174.905339381454,-36.8542568143049,0],[174.905345238072,-36.8542641202678,0],[174.905351996365,-36.8542743140359,0],[174.905361470279,-36.8542845183392,0],[174.905380803771,-36.8543129155035,0],[174.905383967635,-36.8543165692134,0],[174.905384418921,-36.8543180311353,0],[174.905387118368,-36.854322404338,0],[174.905389350911,-36.8543278485897,0],[174.905400163652,-36.8543427813994,0],[174.905402862757,-36.8543453339326,0],[174.905413216733,-36.8543602650841,0],[174.905415913801,-36.8543631871925,0],[174.905416832582,-36.8543650021475,0],[174.905438431363,-36.854395598261,0],[174.90544158404,-36.854402866458,0],[174.905443389397,-36.8544050637789,0],[174.905451464233,-36.8544217980685,0],[174.905454604574,-36.854433086368,0],[174.905459530914,-36.8544439854985,0],[174.905466717691,-36.8544628972049,0],[174.905473005139,-36.8544730985156,0],[174.905475233961,-36.8544811025853,0],[174.905475547266,-36.8544824279155,0],[174.905477039685,-36.8544887348835,0],[174.905478831937,-36.8544927530884,0],[174.905480171778,-36.8544992842287,0],[174.905480149822,-36.8545029169165,0],[174.905482831749,-36.8545120043222,0],[174.905483285422,-36.854514917337,0],[174.905484616072,-36.8545174647725,0],[174.905486851358,-36.8545261807842,0],[174.90548819593,-36.8545283854933,0],[174.90548865154,-36.8545327315822,0],[174.905492231055,-36.8545418316339,0],[174.905492598209,-36.8545445576593,0],[174.90549311123,-36.8545483701451,0],[174.905496698001,-36.8545600208271,0],[174.905515138228,-36.8545934977319,0],[174.905515578183,-36.8545967615815,0],[174.90552007955,-36.8546054962343,0],[174.905528628545,-36.8546164364141,0],[174.905532230022,-36.8546219037766,0],[174.90554122163,-36.8546411831176,0],[174.905550666854,-36.8546524874796,0],[174.905555620965,-36.8546604838969,0],[174.905564636428,-36.8546703350046,0],[174.905568687632,-36.8546772462854,0],[174.905572729744,-36.8546823460507,0],[174.905576330084,-36.8546878125285,0],[174.905577687834,-36.8546914510316,0],[174.905587600791,-36.8547031174325,0],[174.905603802036,-36.8547267787566,0],[174.905604705538,-36.8547293330407,0],[174.905616427797,-36.8547477357613,0],[174.905619550902,-36.8547526375503,0],[174.90562313882,-36.8547602683046,0],[174.905636998774,-36.8548111871537,0],[174.905639218134,-36.8548246353679,0],[174.905640112465,-36.8548268202559,0],[174.905641446115,-36.8548362627694,0],[174.90564143334,-36.8548402648525,0],[174.905642319968,-36.8548439009955,0],[174.905642304834,-36.8548500662939,0],[174.905643682745,-36.8548550131951,0],[174.905649903825,-36.8548773536888,0],[174.9056503496,-36.8548813484181,0],[174.9056517002,-36.8548842470479,0],[174.9056516873,-36.8548864374719,0],[174.905653484769,-36.8548897165044,0],[174.905656621976,-36.8548977150151,0],[174.905661112018,-36.854904637281,0],[174.905664719192,-36.8549129977973,0],[174.905667415168,-36.8549159199169,0],[174.905675522225,-36.8549275792183,0],[174.905676868751,-36.8549312169986,0],[174.905679082127,-36.8549435656925,0],[174.905683112884,-36.8549559303064,0],[174.905684470719,-36.8549577652574,0],[174.905687171433,-36.8549639491918,0],[174.90569163213,-36.8549792190877,0],[174.905692050501,-36.8549879362921,0],[174.905694754312,-36.8549915802458,0],[174.905695198599,-36.854994114854,0],[174.905699234108,-36.855005767345,0],[174.905703232672,-36.8550290294803,0],[174.905704548561,-36.8550395628794,0],[174.905710834915,-36.8550592010544,0],[174.905713953028,-36.8550723013626,0],[174.905724301651,-36.8550897652893,0],[174.905726096515,-36.8550915842176,0],[174.905728353759,-36.8550930532272,0],[174.905740079301,-36.8551036359949,0],[174.905758133434,-36.8551156855665,0],[174.905767166813,-36.8551189837453,0],[174.905784335679,-36.8551270456329,0],[174.905791546481,-36.8551310670602,0],[174.905795163159,-36.8551339834234,0],[174.905815465475,-36.8551453299491,0],[174.905820437157,-36.8551486121484,0],[174.905823602537,-36.8551500665909,0],[174.905839863696,-36.8551545016802,0],[174.905843484767,-36.8551548852513,0],[174.905847998462,-36.8551559845779,0],[174.905892236777,-36.8551786643922,0],[174.905901269759,-36.8551856039153,0],[174.905908483322,-36.8551928970966,0],[174.905914797888,-36.8551969148648,0],[174.905930144748,-36.8552038702867,0],[174.905936480709,-36.8552060850629,0],[174.905949569181,-36.8552119320245,0],[174.905952730717,-36.8552141346239,0],[174.905960847856,-36.8552185200593,0],[174.905969877874,-36.8552221788058,0],[174.905997862661,-36.855241180498,0],[174.905999668746,-36.855242999242,0],[174.906008237194,-36.8552488465928,0],[174.906015908113,-36.8552534194465,0],[174.906016821152,-36.8552539636219,0],[174.906028100333,-36.855264183977,0],[174.906030797232,-36.8552670970598,0],[174.906042529016,-36.855274767519,0],[174.906056500384,-36.8552886139765,0],[174.906067786355,-36.8552977526301,0],[174.906071835314,-36.8553017706787,0],[174.906073646749,-36.8553043013815,0],[174.906096178201,-36.8553254635699,0],[174.906098433113,-36.8553290957868,0],[174.906105653624,-36.8553371189164,0],[174.906117786625,-36.8553582315843,0],[174.906118650321,-36.8553731346383,0],[174.906117282564,-36.8553767708871,0],[174.906116813967,-36.8553800312815,0],[174.906115453685,-36.8553825686967,0],[174.906111796029,-36.855392001137,0],[174.906108165645,-36.8553985128507,0],[174.906104972268,-36.8554054141366,0],[174.906095888293,-36.8554180972667,0],[174.906090431732,-36.8554300642426,0],[174.906085898401,-36.8554358513542,0],[174.906080445363,-36.8554398325445,0],[174.906065036187,-36.8554543026091,0],[174.906052767466,-36.8554666041861,0],[174.906048698189,-36.8554698511327,0],[174.906046428622,-36.8554724022312,0],[174.906039167906,-36.8554839835356,0],[174.906032800217,-36.8554926843054,0],[174.906030515053,-36.8554977683736,0],[174.906019163435,-36.85551443567,0],[174.906014170398,-36.8555202292515,0],[174.906006887631,-36.855533632483,0],[174.905995970032,-36.8555564849099,0],[174.905988603837,-36.8555967840788,0],[174.905987698768,-36.855598231701,0],[174.905984918432,-36.8556181955533,0],[174.905984851995,-36.8556421628182,0],[174.905982545231,-36.8556526993395,0],[174.90598297897,-36.8556606790122,0],[174.905982962973,-36.8556645053882,0],[174.905982929494,-36.8556726854384,0],[174.905980203582,-36.8556803002819,0],[174.905979285103,-36.8556853624274,0],[174.90597926362,-36.8556890131333,0],[174.905980170305,-36.85569119782,0],[174.905980152671,-36.8556941003654,0],[174.905983695762,-36.8557166307076,0],[174.905983561992,-36.8557554979338,0],[174.905981730744,-36.8557635040225,0],[174.90598078349,-36.8557791031043,0],[174.905978049628,-36.8557841853554,0],[174.905976695105,-36.8557874518475,0],[174.905970329421,-36.8557957830389,0],[174.905968514417,-36.8557972182166,0],[174.905963978752,-36.8557997515823,0],[174.90595719752,-36.8558044480905,0],[174.905945868828,-36.8558098484652,0],[174.905936812646,-36.8558123642055,0],[174.905928217818,-36.8558126823284,0],[174.905905134119,-36.8558198665877,0],[174.905876635548,-36.8558248483306,0],[174.905873464852,-36.8558259357083,0],[174.905869848178,-36.8558266336565,0],[174.90585988045,-36.8558298850704,0],[174.905842232385,-36.8558319797881,0],[174.905834547169,-36.8558341490553,0],[174.905828755282,-36.8558349206471,0],[174.905816001032,-36.8558366187027,0],[174.905800620528,-36.855840551799,0],[174.905797894987,-36.8558405504465,0],[174.905753546049,-36.8558509149079,0],[174.905731370909,-36.8558581025886,0],[174.905723200559,-36.8558624157665,0],[174.905710536859,-36.8558659988293,0],[174.905705795669,-36.8558677540337,0],[174.905696944536,-36.8558710298885,0],[174.905693780377,-36.8558713870844,0],[174.905685182733,-36.8558738954517,0],[174.9056779325,-36.8558764182623,0],[174.905672947684,-36.8558789317806,0],[174.90566980505,-36.8558792976438,0],[174.905660730279,-36.8558810655626,0],[174.905650315091,-36.8558857653518,0],[174.905638546521,-36.8558897135088,0],[174.905630837338,-36.8558994993333,0],[174.905626745596,-36.8559027466261,0],[174.905623571967,-36.8559081874381,0],[174.905622646853,-36.8559110865104,0],[174.905618112912,-36.8559187033016,0],[174.905615814615,-36.8559295830846,0],[174.90562543741,-36.855966999544,0],[174.905625634827,-36.8559677679112,0],[174.90562697988,-36.8559699455705,0],[174.905627450222,-36.8559717677148,0],[174.905628803305,-36.8559743138867,0],[174.905628783292,-36.8559757662403,0],[174.905631014695,-36.8559870330551,0],[174.90563234764,-36.8559892199217,0],[174.905632803368,-36.8559917633595,0],[174.905641772538,-36.8560150539372,0],[174.905664721882,-36.8560521809595,0],[174.905670130308,-36.8560576463764,0],[174.9056723713,-36.8560616663934,0],[174.905672815594,-36.8560642010011,0],[174.905675970373,-36.8560674853041,0],[174.905678685638,-36.8560711371853,0],[174.905683635081,-36.8560762314066,0],[174.905698938867,-36.8561035304234,0],[174.905707438228,-36.8561282706481,0],[174.905714181457,-36.8561392037171,0],[174.905722282901,-36.8561537473375,0],[174.905730811917,-36.8561734036186,0],[174.905741147561,-36.8561930480493,0],[174.905746081034,-36.8562083373966,0],[174.905747882839,-36.8562108862848,0],[174.905754612868,-36.8562258034138,0],[174.905757719154,-36.8562304314646,0],[174.905760471403,-36.8562345334124,0],[174.905763614982,-36.8562378178926,0],[174.905768586303,-36.8562451019757,0],[174.905772161942,-36.8562491186115,0],[174.90578163439,-36.856263315762,0],[174.905785663613,-36.8562720471576,0],[174.905788353068,-36.8562854977401,0],[174.905788331129,-36.8562891304266,0],[174.905790549318,-36.8563007669922,0],[174.905790978593,-36.8563076642468,0],[174.905792763116,-36.8563149363478,0],[174.905794530709,-36.8563287523303,0],[174.905795882275,-36.8563353013029,0],[174.905794938102,-36.8563469164822,0],[174.905791698018,-36.8563668877025,0],[174.905788946745,-36.856378495812,0],[174.905783934244,-36.8563911857238,0],[174.905781649655,-36.856401713773,0],[174.905779818562,-36.8564060694947,0],[174.905777983449,-36.8564144181449,0],[174.905770705546,-36.8564307316579,0],[174.905769287579,-36.8564463472998,0],[174.905768388513,-36.8564485339095,0],[174.905763833575,-36.8564543123423,0],[174.905762013933,-36.8564583163638,0],[174.905761545563,-36.8564615866675,0],[174.905760650571,-36.8564630341263,0],[174.905755182678,-36.8564750012683,0],[174.905754248588,-36.8564866162855,0],[174.905755137859,-36.8564917125284,0],[174.905752846221,-36.8564996989573,0],[174.905747404563,-36.8565073032715,0],[174.905741914702,-36.8565229021984,0],[174.905740104351,-36.856525428801,0],[174.905736454506,-36.8565337795157,0],[174.905731449203,-36.8565413858441,0],[174.905720988682,-36.8565627797834,0],[174.90571143614,-36.8565787331909,0],[174.905709617167,-36.8565827191744,0],[174.905707797406,-36.8565888863739,0],[174.905706879988,-36.856590334192,0],[174.905701420131,-36.8566026707454,0],[174.905700051982,-36.8566044863217,0],[174.905697771194,-36.8566106519016,0],[174.905691416532,-36.856620785549,0],[174.905687312564,-36.8566298646042,0],[174.905685935497,-36.8566349341019,0],[174.905685038463,-36.8566367511356,0],[174.905684566559,-36.8566389308939,0],[174.905682753246,-36.8566418351979,0],[174.905677285458,-36.8566556139952,0],[174.905677285362,-36.8566574166441,0],[174.905668138088,-36.8566842695653,0],[174.905650364383,-36.8567259794474,0],[174.90564763356,-36.8567361541209,0],[174.905633497125,-36.8567698650065,0],[174.905622997307,-36.8567996148377,0],[174.905622545016,-36.8568039844977,0],[174.905621611858,-36.8568061536266,0],[174.90560835559,-36.8568594992496,0],[174.905608318483,-36.856865682925,0],[174.905607394976,-36.856871853776,0],[174.905607847307,-36.8568751183268,0],[174.905606898822,-36.856887103116,0],[174.905614485391,-36.8569202042393,0],[174.90561628134,-36.8569234652687,0],[174.905618512744,-36.856931117774,0],[174.905632450477,-36.8569616654404,0],[174.905642331716,-36.8569769646719,0],[174.905653154864,-36.8569900856199,0],[174.905657216023,-36.8569937339424,0],[174.905661248327,-36.8570002849896,0],[174.905663948148,-36.8570082814979,0],[174.905665749841,-36.8570090187281,0],[174.905674316559,-36.8570170473303,0],[174.905677478069,-36.8570210525833,0],[174.905681961685,-36.8570290655492,0],[174.905684680837,-36.8570319692684,0],[174.905694583045,-36.8570454474851,0],[174.905699102079,-36.8570494670187,0],[174.905706317714,-36.8570545789719,0],[174.905711716144,-36.857059684016,0],[174.905722998367,-36.8570677141293,0],[174.905727519925,-36.8570749964127,0],[174.905744183672,-36.8570943149182,0],[174.905757665,-36.8571150634872,0],[174.905775245402,-36.8571351153849,0],[174.905790153462,-36.8571446195884,0],[174.905793297641,-36.8571457138409,0],[174.905806849545,-36.857154852224,0],[174.905823964828,-36.8571719822724,0],[174.905832102691,-36.8571785485834,0],[174.905843380514,-36.857185497167,0],[174.90584834676,-36.85718769696,0],[174.905867301314,-36.8571993994745,0],[174.905869105183,-36.8572015787843,0],[174.905871371222,-36.8572033991651,0],[174.905889421587,-36.8572161788391,0],[174.905906997034,-36.8572333195205,0],[174.905909230021,-36.8572369701175,0],[174.905911955278,-36.8572391707009,0],[174.905913746818,-36.8572413502078,0],[174.905915555345,-36.8572446200438,0],[174.905917350489,-36.8572464479766,0],[174.905918699108,-36.8572497161761,0],[174.905922744697,-36.857255897458,0],[174.905925450841,-36.8572591799358,0],[174.90592862276,-36.8572617519103,0],[174.905939869698,-36.8572770292095,0],[174.905944802414,-36.8572868646479,0],[174.905947500239,-36.8572952307236,0],[174.905948854725,-36.8572977867829,0],[174.905951999408,-36.8573025133569,0],[174.905954687144,-36.8573108795942,0],[174.905960081047,-36.8573221677785,0],[174.905960516632,-36.8573243510079,0],[174.905963237977,-36.8573286968028,0],[174.905965895838,-36.8573381631337,0],[174.905976705475,-36.8573592699934,0],[174.905978438455,-36.8573807207359,0],[174.905975680265,-36.8573915988871,0],[174.905962047449,-36.8574126201078,0],[174.905959779862,-36.8574148016303,0],[174.905937555142,-36.8574412334061,0],[174.905934815984,-36.8574433954523,0],[174.905923037173,-36.8574546165834,0],[174.905920300274,-36.8574564180637,0],[174.905911671294,-36.8574680122929,0],[174.905909869946,-36.8574690957346,0],[174.905907137478,-36.8574719787318,0],[174.905904861294,-36.8574756205353,0],[174.905898068838,-36.8574821288812,0],[174.905883999417,-36.8574937022122,0],[174.905877651135,-36.8575009335047,0],[174.905874934621,-36.8575031041997,0],[174.905867682607,-36.8575114315752,0],[174.905863578393,-36.8575205016264,0],[174.905862186755,-36.8575299517915,0],[174.905858535311,-36.8575382845083,0],[174.905840389855,-36.8575600180347,0],[174.905837648,-36.8575661810972,0],[174.905835369614,-36.8575737986728,0],[174.90583265549,-36.8575774204594,0],[174.905828500326,-36.8576006511193,0],[174.905828017718,-36.857606102854,0],[174.905827113895,-36.8576090015858,0],[174.90582710078,-36.8576111829991,0],[174.905826202801,-36.8576133686902,0],[174.905824817157,-36.8576198993719,0],[174.905822534316,-36.8576264345291,0],[174.905822066544,-36.857631128914,0],[174.905820703482,-36.857634053038,0],[174.905812829273,-36.8576895836895,0],[174.905799564786,-36.8577371339486,0],[174.905797748277,-36.8577407683774,0],[174.905791368935,-36.8577585366355,0],[174.905789554462,-36.8577618014888,0],[174.905787271167,-36.8577683186261,0],[174.905770004502,-36.8577929673486,0],[174.905765464303,-36.857798032598,0],[174.905751848536,-36.8578125198273,0],[174.905748214708,-36.8578179499964,0],[174.905742736766,-36.8578317289581,0],[174.90573591261,-36.8578433302812,0],[174.905729113903,-36.8578527499929,0],[174.905710021902,-36.8578860987142,0],[174.905707267805,-36.8578944341597,0],[174.905703633076,-36.8579002347859,0],[174.90569864998,-36.8579060290961,0],[174.905697261777,-36.8579092961248,0],[174.905693598501,-36.8579288955701,0],[174.905683571694,-36.8579546629804,0],[174.905680380763,-36.8579593649855,0],[174.905679011823,-36.8579630012477,0],[174.905678545481,-36.8579659019753,0],[174.905674452211,-36.8579749628311,0],[174.905673530607,-36.8579789524483,0],[174.905671272843,-36.857981485324,0],[174.905663516201,-36.8579988971082,0],[174.905656263968,-36.858005411913,0],[174.905653098304,-36.858007563668,0],[174.905648552762,-36.8580119178544,0],[174.905642194921,-36.8580206184452,0],[174.90564038881,-36.8580224140049,0],[174.905634472097,-36.8580343793249,0],[174.905632182892,-36.8580420141952,0],[174.905628998867,-36.8580474461602,0],[174.905620828315,-36.8580554187093,0],[174.905599079099,-36.8580698461814,0],[174.905592732185,-36.8580752838032,0],[174.905585038385,-36.8580785167558,0],[174.905584580861,-36.8580799662108,0],[174.905578668051,-36.8580857664127,0],[174.905574604487,-36.8580883012066,0],[174.905560588317,-36.8580907792921,0],[174.905557844923,-36.8580918688229,0],[174.905555581156,-36.8580933021781,0],[174.905548800346,-36.8580943663237,0],[174.905546550277,-36.8580954479428,0],[174.905537486257,-36.8581008660427,0],[174.905503498393,-36.8581174456365,0],[174.905495365704,-36.8581174138173,0],[174.905487214692,-36.8581203025795,0],[174.905484946498,-36.8581206544161,0],[174.905474528188,-36.8581238859864,0],[174.905470479782,-36.8581238697882,0],[174.905460504751,-36.858127833334,0],[174.905444202279,-36.8581375676705,0],[174.905435578996,-36.8581408155187,0],[174.905422019421,-36.8581422136911,0],[174.905418400596,-36.8581432812039,0],[174.905413863288,-36.8581443544319,0],[174.905397586611,-36.8581497529823,0],[174.905376771828,-36.8581543860699,0],[174.905369369723,-36.8581580289401,0],[174.905366718455,-36.8581596667966,0],[174.905361254894,-36.8581672984841,0],[174.905343855068,-36.8581793668048,0],[174.905340898935,-36.8581831817389,0],[174.905337080178,-36.8581865868832,0],[174.90533100175,-36.8581902355655,0],[174.905320363781,-36.8581954625697,0],[174.90531613381,-36.8581981171952,0],[174.905313361918,-36.8581994144818,0],[174.905306155487,-36.8582005034649,0],[174.90529976188,-36.8582023455392,0],[174.905294196342,-36.8582049675,0],[174.905287167304,-36.858209631892,0],[174.905268537043,-36.8582141127608,0],[174.905260719436,-36.8582173296514,0],[174.905224914467,-36.8582181020482,0],[174.905214269889,-36.8582172362017,0],[174.905210321764,-36.8582163350898,0],[174.905204103653,-36.8582156686656,0],[174.90519970481,-36.8582147297138,0],[174.905151680381,-36.8582116961367,0],[174.905149067149,-36.8582108457255,0],[174.905138800798,-36.858210711992,0],[174.905134304349,-36.8582112176218,0],[174.905131182501,-36.8582110693842,0],[174.905120304302,-36.8582133979604,0],[174.905106453276,-36.8582134487845,0],[174.905104717265,-36.8582126474005,0],[174.905098997007,-36.858211296996,0],[174.905090362023,-36.8582072983655,0],[174.905085928403,-36.8582067204965,0],[174.905080120159,-36.858206795593,0],[174.905073135465,-36.8582046632819,0],[174.905067801505,-36.8582044153104,0],[174.905065653366,-36.8582032329642,0],[174.905060830064,-36.8582019132433,0],[174.905056333592,-36.8582024179692,0],[174.905050649459,-36.858200715467,0],[174.905039897411,-36.8582008968633,0],[174.905033602077,-36.8582016827992,0],[174.905028570732,-36.8582032326214,0],[174.90501418803,-36.8582107819577,0],[174.905007247185,-36.8582140298413,0],[174.905003953417,-36.8582163990494,0],[174.905001968509,-36.8582191708956,0],[174.904997650984,-36.8582232690313,0],[174.904993272199,-36.8582280621682,0],[174.904983484773,-36.8582584675003,0],[174.904981819146,-36.8582691298218,0],[174.904979737724,-36.8582733453326,0],[174.904973300183,-36.8582820021,0],[174.904960711466,-36.8582953992985,0],[174.904948748129,-36.8583127522934,0],[174.90493865271,-36.8583226664615,0],[174.904924517902,-36.8583388464928,0],[174.90490233249,-36.8583614648501,0],[174.90489883874,-36.8583666674173,0],[174.904896954148,-36.8583680135623,0],[174.904895347925,-36.8583715364477,0],[174.904893400031,-36.8583739471692,0],[174.904890868084,-36.8583781329467,0],[174.904875248457,-36.8583964017081,0],[174.904866932871,-36.8584124974569,0],[174.904851145388,-36.8584393666316,0],[174.904848712438,-36.858442118618,0],[174.904837765932,-36.8584638357337,0],[174.904835511923,-36.8584701811323,0],[174.904833938884,-36.8584736854584,0],[174.904827370861,-36.8585027953414,0],[174.904827963053,-36.8585067696982,0],[174.904827715491,-36.8585103519213,0],[174.904828696222,-36.8585150672468,0],[174.904828428993,-36.8585250861367,0],[174.904825335581,-36.85854325233,0],[174.904823494595,-36.8585499696632,0],[174.904823099572,-36.8585556994002,0],[174.904821097671,-36.858564564463,0],[174.904819665758,-36.8585845968005,0],[174.904820533831,-36.8585910994539,0],[174.904818069406,-36.8586128698711,0],[174.904816478265,-36.8586224674343,0],[174.90481669913,-36.8586440145396,0],[174.904817184536,-36.8586558862025,0],[174.904818537216,-36.858662029571,0],[174.904821487391,-36.8586891022014,0],[174.904824971939,-36.8587025490692,0],[174.904832783639,-36.8587230821764,0],[174.904833013416,-36.8587309821988,0],[174.904836479881,-36.8587432035561,0],[174.904836535379,-36.8587486015943,0],[174.90483763662,-36.8587522523272,0],[174.904841330547,-36.8587628377408,0],[174.90484199589,-36.8587660988792,0],[174.904844733972,-36.8587716161512,0],[174.904846748141,-36.8587745852694,0],[174.904849617358,-36.8587844358051,0],[174.904852118847,-36.8587867030919,0],[174.904852455096,-36.8587885003485,0],[174.904853646148,-36.8587903469944,0],[174.904853496892,-36.8587925125635,0],[174.904857578243,-36.8588042003937,0],[174.904857818001,-36.8588070807854,0],[174.904858945301,-36.8588100190547,0],[174.904859935008,-36.8588150956664,0],[174.904861012482,-36.8588187377667,0],[174.904904596866,-36.8588145509301,0],[174.904905213753,-36.8588145500537,0],[174.904905637158,-36.8588175536864,0],[174.904906345446,-36.8588226348092,0],[174.904909262203,-36.8588253641256,0],[174.904909363531,-36.8588258311893,0],[174.904915653861,-36.8588343289717,0],[174.904915720661,-36.8588347154699,0],[174.904916201047,-36.8588373486464,0],[174.904917320573,-36.8588391153192,0],[174.904917666051,-36.8588403806468,0],[174.904918512157,-36.8588432873704,0],[174.904922667444,-36.8588489171189,0],[174.904922985101,-36.8588504172366,0],[174.904923428971,-36.8588524831647,0],[174.904926302729,-36.8588579982595,0],[174.904926786134,-36.8588589459126,0],[174.904932211378,-36.8588669347952,0],[174.904933048621,-36.8588681291462,0],[174.904936179531,-36.858874514402,0],[174.904937149253,-36.8588764817673,0],[174.904938781823,-36.8588785827177,0],[174.904945235124,-36.8588990654881,0],[174.904946167099,-36.8589022682717,0],[174.904951771796,-36.8589093529528,0],[174.904952970405,-36.858912000753,0],[174.904954688878,-36.858921537146,0],[174.904955197059,-36.8589243861944,0],[174.904958404944,-36.8589298508654,0],[174.904970838384,-36.858978818728,0],[174.904971645011,-36.8589819874679,0],[174.904974720677,-36.8589861473391,0],[174.904974849799,-36.8589868302749,0],[174.904981888407,-36.8590033288225,0],[174.90498315026,-36.8590062649332,0],[174.904986870859,-36.8590101981467,0],[174.904987635157,-36.8590125203211,0],[174.904990470925,-36.8590160531116,0],[174.904990685913,-36.8590170321074,0],[174.904993778331,-36.8590223183639,0],[174.904994606272,-36.8590253515634,0],[174.905000654939,-36.8590331501828,0],[174.905002136612,-36.8590350462471,0],[174.905004264339,-36.859036715636,0],[174.905011628041,-36.8590468816789,0],[174.905010546057,-36.8590434649833,0],[174.905012002121,-36.8590461365962,0],[174.905014332757,-36.8590482984596,0],[174.905018332469,-36.8590571484233,0],[174.905019522111,-36.859063952369,0],[174.905019695159,-36.8590650492092,0],[174.905021053592,-36.8590691645048,0],[174.905021334063,-36.8590700703448,0],[174.905036185205,-36.8591026133765,0],[174.905037321384,-36.859107264016,0],[174.905037633004,-36.8591085208727,0],[174.905071151622,-36.8591863174952,0],[174.905071650044,-36.859187463198,0],[174.905078145915,-36.8591979126458,0],[174.905079685165,-36.8592011786988,0],[174.905080798386,-36.8592035493576,0],[174.905083636205,-36.8592067125701,0],[174.905084984353,-36.8592104134209,0],[174.905085466617,-36.8592117666871,0],[174.905089101429,-36.8592181168194,0],[174.905094578784,-36.8592367855406,0],[174.90509501978,-36.8592382836801,0],[174.905097729213,-36.8592435039681,0],[174.905097779856,-36.8592437365989,0],[174.905098362751,-36.8592463870586,0],[174.90510481246,-36.859256829133,0],[174.905106252522,-36.8592606177408,0],[174.90510686642,-36.8592623032874,0],[174.905111045234,-36.8592688790408,0],[174.905120568448,-36.8592978030451,0],[174.905121533177,-36.8593009692488,0],[174.905122104218,-36.8593027357002,0],[174.905131277971,-36.8593180372965,0],[174.905132034622,-36.8593205029028,0],[174.905133133893,-36.8593241185123,0],[174.90513701641,-36.8593282023495,0],[174.905142905052,-36.8593390860527,0],[174.905145197682,-36.8593433305797,0],[174.90514766897,-36.859344832219,0],[174.90514890466,-36.8593467141988,0],[174.905149067894,-36.8593469639521,0],[174.905154902651,-36.8593551806013,0],[174.905159070329,-36.8593644695148,0],[174.905159712027,-36.8593659193699,0],[174.905176514723,-36.8593894178566,0],[174.905177955588,-36.8593914317448,0],[174.905178596891,-36.8593919622563,0],[174.905180885696,-36.8593965042806,0],[174.905181511484,-36.8593977651127,0],[174.905185817725,-36.8594035997349,0],[174.905191519434,-36.8594132335931,0],[174.905192034469,-36.8594140996187,0],[174.905196983805,-36.859420536829,0],[174.905197065872,-36.8594206346587,0],[174.905198456521,-36.8594224330341,0],[174.905201351582,-36.8594247841347,0],[174.905202263267,-36.8594262657135,0],[174.905204861196,-36.8594288018428,0],[174.905211148877,-36.8594380477487,0],[174.905211613468,-36.8594387343183,0],[174.905228696878,-36.8594595333391,0],[174.905229968695,-36.8594610632225,0],[174.905231686538,-36.8594624868087,0],[174.905232784777,-36.8594642538194,0],[174.905233439508,-36.8594652798431,0],[174.905236967047,-36.859469612726,0],[174.905238250748,-36.8594711694585,0],[174.90524585133,-36.859477320798,0],[174.905246583673,-36.8594779039287,0],[174.905259304254,-36.8594864788497,0],[174.905261020282,-36.8594882810203,0],[174.905263045971,-36.859490402702,0],[174.90526644852,-36.8594923671077,0],[174.905277168961,-36.8595031012213,0],[174.905284980064,-36.8595141163288,0],[174.905285317971,-36.8595145795986,0],[174.9052944133,-36.8595258625365,0],[174.905296600861,-36.8595285855086,0],[174.905297284105,-36.8595289981748,0],[174.905299670999,-36.8595320694667,0],[174.905302370465,-36.8595355323288,0],[174.905304537168,-36.8595383187278,0],[174.905304765214,-36.8595384682961,0],[174.905307761292,-36.8595430350295,0],[174.90530878555,-36.8595445328288,0],[174.905316147481,-36.8595519137901,0],[174.905316428431,-36.8595523869864,0],[174.905317221684,-36.8595545194161,0],[174.905317895655,-36.859556365335,0],[174.905330150435,-36.8595742313476,0],[174.905330836787,-36.8595752208107,0],[174.90534418132,-36.8595899949334,0],[174.905349732705,-36.8595980457661,0],[174.905350569292,-36.8595992130847,0],[174.905353804259,-36.8596026042658,0],[174.905363735004,-36.859616316388,0],[174.905364537059,-36.8596174482072,0],[174.905373315913,-36.8596263296802,0],[174.905376444531,-36.8596308131673,0],[174.905377212726,-36.8596319365162,0],[174.905386046724,-36.8596412317126,0],[174.905387478156,-36.8596433169538,0],[174.905389701147,-36.8596465630248,0],[174.905392013913,-36.8596480041082,0],[174.90540649527,-36.8596570645315,0],[174.905407862434,-36.8596579168915,0],[174.905413555162,-36.8596604124015,0],[174.905421465117,-36.8596645668436,0],[174.905422795712,-36.8596657532794,0],[174.905423201787,-36.8596662965748,0],[174.905423702886,-36.8596760859236,0],[174.905422668509,-36.8596791489837,0],[174.905421738248,-36.8596809845744,0],[174.90541730427,-36.859685364003,0],[174.905413152236,-36.8596884500178,0],[174.905405711827,-36.8596928145642,0],[174.905404363631,-36.8596936293481,0],[174.905397401467,-36.8596991849849,0],[174.905395828108,-36.8597004179882,0],[174.905384804699,-36.8597136188784,0],[174.905383366979,-36.8597153454343,0],[174.905381119124,-36.859720131454,0],[174.905380255016,-36.8597219209174,0],[174.905378980037,-36.8597288004329,0],[174.90537840446,-36.8597318651487,0],[174.905379568019,-36.85973666857,0],[174.905379879646,-36.8597379704917,0],[174.905380865523,-36.8597401809511,0],[174.905380850881,-36.8597413979723,0],[174.905382794493,-36.8597478473198,0],[174.905389238718,-36.8597535034381,0],[174.905401417074,-36.8597673868187,0],[174.905402732357,-36.8597697632471,0],[174.905404386867,-36.8597727011679,0],[174.905418514956,-36.8597842017285,0],[174.905419604923,-36.8597856804465,0],[174.905424088908,-36.8597896374564,0],[174.905426853476,-36.8597920627496,0],[174.905427861403,-36.8597929479097,0],[174.905439516473,-36.8598011162747,0],[174.905447046451,-36.8598075841958,0],[174.90546294666,-36.8598244994241,0],[174.905464270295,-36.8598259022886,0],[174.905474205457,-36.8598334673048,0],[174.905474571408,-36.8598337498597,0],[174.905486969603,-36.8598424831496,0],[174.905488865511,-36.8598438497968,0],[174.905491747197,-36.8598451645826,0],[174.905493063676,-36.8598462340719,0],[174.905509796026,-36.8598556008863,0],[174.905511272384,-36.8598567849835,0],[174.905512062361,-36.8598574302808,0],[174.905517104751,-36.8598608375381,0],[174.905519027983,-36.8598628526993,0],[174.905520662408,-36.8598645299893,0],[174.905529987917,-36.8598710322029,0],[174.90553115282,-36.8598718697785,0],[174.905549718787,-36.8598819012004,0],[174.905552618402,-36.8598834860941,0],[174.905554470182,-36.8598839791643,0],[174.905554817065,-36.8598843972232,0],[174.905556387951,-36.8598875807415,0],[174.905557122091,-36.8598882359472,0],[174.905567136803,-36.8598971967307,0],[174.905568984261,-36.8598988706035,0],[174.905573736529,-36.8599014352672,0],[174.905583188279,-36.8599125682534,0],[174.905584989254,-36.8599154866975,0],[174.905588102749,-36.8599180506025,0],[174.905617790964,-36.8599671815051,0],[174.905621266271,-36.8599729320935,0],[174.90563644628,-36.8600029370478,0],[174.905639432257,-36.8600084503235,0],[174.905652938783,-36.8600333535852,0],[174.905660814521,-36.8600559983039,0],[174.905662253196,-36.8600601357384,0],[174.90566222141,-36.8600634170647,0],[174.90567197897,-36.8600891186337,0],[174.905686621782,-36.8601362852782,0],[174.905689788036,-36.8601422823755,0],[174.905691070593,-36.8601446953781,0],[174.905736451495,-36.8602778320562,0],[174.905753585144,-36.8603277339143,0],[174.905794161522,-36.8603938801671,0],[174.905798168203,-36.8604011977396,0],[174.905801217945,-36.860405664453,0],[174.905802651442,-36.8604077866098,0],[174.90580442099,-36.8604117871419,0],[174.905888261201,-36.8605240181001,0],[174.905913263014,-36.8605574166841,0],[174.905929294781,-36.8605814682137,0],[174.905971921965,-36.8606330792151,0],[174.905971913151,-36.8606345304867,0],[174.905977302132,-36.8606415014031,0],[174.906045952098,-36.8607309831512,0],[174.906049065642,-36.8607335470425,0],[174.906049488371,-36.8607379206914,0],[174.906066366212,-36.8607590022888,0],[174.906093119321,-36.8607924538574,0],[174.906100679265,-36.8608041849801,0],[174.906121387605,-36.8608277468516,0],[174.906139798859,-36.860859529583,0],[174.906146502565,-36.8608679485564,0],[174.906146938853,-36.8608701137459,0],[174.906152955962,-36.8608775342517,0],[174.906154979007,-36.8608799984621,0],[174.906157615908,-36.8608854542305,0],[174.906186214035,-36.8609222822776,0],[174.906196418947,-36.8609357294427,0],[174.90624321765,-36.8609945020272,0],[174.906317047771,-36.8610875328316,0],[174.906321915188,-36.8610951790778,0],[174.90633169495,-36.8611086682029,0],[174.906333702972,-36.8611113850215,0],[174.906349607329,-36.861133232996,0],[174.906405438172,-36.8612099294208,0],[174.906415120063,-36.8612321178752,0],[174.906429177373,-36.86126589564,0],[174.906448629089,-36.8613126362038,0],[174.90645205485,-36.8613313287549,0],[174.906454811308,-36.861342496985,0],[174.906456538155,-36.8613446865322,0],[174.906456445679,-36.8613468331645,0],[174.906458145154,-36.8613493656536,0],[174.906459279129,-36.8613561794868,0],[174.90646346684,-36.8613648641406,0],[174.906463751224,-36.8613695374436,0],[174.906472447408,-36.8613904708427,0],[174.906472796435,-36.8613936829654,0],[174.906489165284,-36.8614258679493,0],[174.906489095234,-36.8614280142218,0],[174.906490344632,-36.8614308964347,0],[174.906497627874,-36.8614396125374,0],[174.906498017982,-36.861441769453,0],[174.906503033046,-36.8614481334434,0],[174.906513862154,-36.8614614164368,0],[174.906520078189,-36.8614705192043,0],[174.906532119849,-36.8614828994434,0],[174.906534799239,-36.8614869033907,0],[174.906555166462,-36.8615040829782,0],[174.906568593021,-36.8615154089768,0],[174.906593928082,-36.8615367802129,0],[174.906635685,-36.8615659709943,0],[174.90665205248,-36.8615836536906,0],[174.906701765528,-36.8616268774618,0],[174.906727100123,-36.8616489039373,0],[174.906736070013,-36.8616631991865,0],[174.906741484042,-36.8616698181474,0],[174.906752733956,-36.8616819316583,0],[174.906764403049,-36.8616988154524,0],[174.90678107078,-36.861718647473,0],[174.906785946939,-36.8617288983811,0],[174.906791305972,-36.8617373208678,0],[174.906792134462,-36.8617404622022,0],[174.906792137373,-36.8617405793275,0],[174.906793597713,-36.8617460810011,0],[174.906793762894,-36.8617549834198,0],[174.906795783171,-36.8617608997293,0],[174.906797944495,-36.8617860299778,0],[174.906797928788,-36.8617863006268,0],[174.90680047103,-36.8617947142371,0],[174.90681700527,-36.8618236157018,0],[174.906818137172,-36.8618267341403,0],[174.906819667304,-36.8618309367886,0],[174.906890521305,-36.8619522353833,0],[174.906901245879,-36.8619640148072,0],[174.906907416783,-36.8619708018774,0],[174.906911012856,-36.8619773869133,0],[174.906916430759,-36.8619833027715,0],[174.906921396715,-36.8619917495866,0],[174.906934201358,-36.8620127522091,0],[174.906935988684,-36.8620178700771,0],[174.906940497933,-36.8620237374246,0],[174.906940911825,-36.862025948036,0],[174.906946490867,-36.8620336080701,0],[174.906975031748,-36.8620727928871,0],[174.906977494936,-36.8620761747754,0],[174.906983486251,-36.8620844005308,0],[174.906987838742,-36.8620906850007,0],[174.90698977501,-36.8620927242628,0],[174.90703342795,-36.8621386968389,0],[174.907084063428,-36.8621969838622,0],[174.907091404219,-36.8622057530814,0],[174.907096336474,-36.8622101354638,0],[174.907116279505,-36.8622326188313,0],[174.90712347934,-36.8622384700252,0],[174.907130598527,-36.8622482513789,0],[174.907137526473,-36.8622544458333,0],[174.907161044039,-36.8622754711629,0],[174.907194497527,-36.8623053799738,0],[174.90723603759,-36.8623416133435,0],[174.907237813113,-36.8623449017108,0],[174.907278932388,-36.86238586475,0],[174.907284784651,-36.8623943153478,0],[174.907293048991,-36.8624016997184,0],[174.907306087967,-36.8624133518199,0],[174.907306153155,-36.8624134021488,0],[174.907328712327,-36.8624310664732,0],[174.90734316415,-36.8624423822304,0],[174.90736604363,-36.86246029648,0],[174.907373832944,-36.8624663950722,0],[174.907373948498,-36.8624664860535,0],[174.907388859951,-36.862475670009,0],[174.907405468738,-36.862485899289,0],[174.907411698257,-36.8624919273781,0],[174.90741265222,-36.8624928503408,0],[174.907434594591,-36.8625105182367,0],[174.907437444698,-36.8625128132176,0],[174.907458737368,-36.8625300652131,0],[174.907462751589,-36.8625340657354,0],[174.907511920437,-36.8625725470126,0],[174.907538012951,-36.8626015292623,0],[174.907539761341,-36.8626055301052,0],[174.907550785327,-36.8626172983507,0],[174.90755247114,-36.862619098267,0],[174.90756968806,-36.8626374972624,0],[174.907570047117,-36.8626380881735,0],[174.907592949211,-36.862675763512,0],[174.907604318186,-36.8627003673564,0],[174.907608756197,-36.8627069298388,0],[174.907618562996,-36.862742735162,0],[174.907617999302,-36.8627489362982,0],[174.907623067044,-36.862766568628,0],[174.90762871923,-36.8627862321686,0],[174.907631053363,-36.8627907824257,0],[174.907638836347,-36.8628060520582,0],[174.907639232074,-36.8628093355321,0],[174.907640564978,-36.8628115133592,0],[174.9076669656,-36.8628947863015,0],[174.907671784091,-36.8629054166503,0],[174.907677832148,-36.8629262482552,0],[174.907696165751,-36.8629913980261,0],[174.907729528128,-36.8630596161488,0],[174.907738053829,-36.8630774606442,0],[174.907744699192,-36.8630913668068,0],[174.90776179322,-36.8631271452421,0],[174.907767076675,-36.8631382034596,0],[174.907786680454,-36.8631792323565,0],[174.90779098884,-36.8631882485096,0],[174.907791313774,-36.8631886849403,0],[174.907803410511,-36.8632047036971,0],[174.907808213704,-36.8632110638192,0],[174.907817134351,-36.8632184015596,0],[174.907835906438,-36.8632437121192,0],[174.907875722008,-36.8632973955028,0],[174.907881770054,-36.8633055490935,0],[174.907889173931,-36.8633152230756,0],[174.907894847963,-36.8633226354749,0],[174.907899686503,-36.8633317692959,0],[174.907904118546,-36.8633372322483,0],[174.907914658648,-36.8633590345376,0],[174.90791494956,-36.8633596364563,0],[174.90791761319,-36.8633625500224,0],[174.907927331676,-36.863379866102,0],[174.907945712283,-36.8634126152336,0],[174.907950806262,-36.8634216908711,0],[174.907955254705,-36.8634296168723,0],[174.907955715911,-36.8634304810451,0],[174.907969845027,-36.8634569981988,0],[174.907973431006,-36.8634618176705,0],[174.907974309759,-36.8634646769753,0],[174.907975371582,-36.8634681318184,0],[174.907976829658,-36.8634694333484,0],[174.907978468412,-36.8634744814783,0],[174.907990281026,-36.8634970682067,0],[174.907995955838,-36.8635059993164,0],[174.907997113102,-36.86351198354,0],[174.908005188797,-36.863532250784,0],[174.908005187111,-36.8635384969753,0],[174.908006187898,-36.8635417527046,0],[174.908013396077,-36.8635555533707,0],[174.908029232998,-36.8635761826934,0],[174.908030131297,-36.8635796924385,0],[174.908030337597,-36.8635805003158,0],[174.908056719856,-36.8636147505235,0],[174.908060411478,-36.8636179540274,0],[174.908078527885,-36.8636436842746,0],[174.908081582865,-36.8636460507586,0],[174.908089296776,-36.8636590321078,0],[174.908101465952,-36.8636725007284,0],[174.908103498769,-36.8636742698264,0],[174.908107038151,-36.8636773504898,0],[174.90811144486,-36.8636844993135,0],[174.908110851257,-36.863684535886,0],[174.908110255413,-36.8636844823623,0],[174.908115354878,-36.8636897182704,0],[174.908119302554,-36.863694647298,0],[174.908124016559,-36.8636992683849,0],[174.90812911333,-36.863704801772,0],[174.908134616009,-36.8637100131775,0],[174.908138912686,-36.8637127833404,0],[174.90814281334,-36.8637149199243,0],[174.908146183588,-36.8637196337948,0],[174.90815324638,-36.8637266858819,0],[174.908157368094,-36.8637322980194,0],[174.908161837417,-36.8637370032519,0],[174.908168172309,-36.863742300436,0],[174.908175580199,-36.8637501031889,0],[174.908181082884,-36.863756712543,0],[174.908190812273,-36.8637653982619,0],[174.908198187259,-36.8637710663091,0],[174.90820176269,-36.8637768134035,0],[174.908204147393,-36.8637784335381,0],[174.908208621211,-36.863781515415,0],[174.908211682946,-36.8637841981511,0],[174.908213848324,-36.8637860200988,0],[174.908214804757,-36.8637869961929,0],[174.908224787738,-36.8637987513454,0],[174.908249988432,-36.8638223371096,0],[174.90825247718,-36.8638246676168,0],[174.908268923155,-36.863840059454,0],[174.908275446425,-36.8638461647967,0],[174.908287857886,-36.863857781795,0],[174.908298415705,-36.8638676628727,0],[174.908301551021,-36.8638705976962,0],[174.908308379302,-36.8638754362871,0],[174.908308420721,-36.863875477984,0],[174.908321370788,-36.8638885897337,0],[174.908337745347,-36.8639051679467,0],[174.908348350405,-36.8639184354302,0],[174.908376594367,-36.8639454459833,0],[174.908383437913,-36.8639499508352,0],[174.908415053452,-36.8639853787538,0],[174.908421037199,-36.8639905373522,0],[174.908425729442,-36.8639969875589,0],[174.908429161814,-36.8640037464246,0],[174.90843351814,-36.8640088680695,0],[174.908438170908,-36.8640159858882,0],[174.908443303373,-36.864022095534,0],[174.908450131677,-36.864026934116,0],[174.908474433264,-36.8640585154802,0],[174.90848701759,-36.8640748688323,0],[174.908494605414,-36.864081379783,0],[174.908497665116,-36.864087136053,0],[174.908500445181,-36.8640902189861,0],[174.908500464239,-36.8640905341428,0],[174.908500648752,-36.8640947493672,0],[174.908507811572,-36.8641067661108,0],[174.908515782869,-36.8641160208347,0],[174.908519435692,-36.8641213151131,0],[174.908522119048,-36.8641312866024,0],[174.908531484053,-36.8641448002189,0],[174.908536283522,-36.8641501490853,0],[174.908537701653,-36.864153947011,0],[174.90854081499,-36.8641568993059,0],[174.908549797711,-36.8641644703347,0],[174.908554627301,-36.8641676483326,0],[174.908561817531,-36.864172380146,0],[174.908564471595,-36.8641731036372,0],[174.908570256013,-36.8641774181866,0],[174.908628916978,-36.8642173679755,0],[174.908649839943,-36.8642350141523,0],[174.908653395735,-36.8642368137561,0],[174.908657421551,-36.864240417467,0],[174.908735032938,-36.8642850029281,0],[174.908744383695,-36.8642929375713,0],[174.90875464675,-36.8642983158292,0],[174.90876501137,-36.8643040340558,0],[174.908805520254,-36.8643263859214,0],[174.908810002444,-36.8643270971629,0],[174.908836595629,-36.8643388296705,0],[174.908837699193,-36.8643393166816,0],[174.908840364241,-36.8643418336212,0],[174.908860431538,-36.8643544361876,0],[174.908913306669,-36.8644088016951,0],[174.908924277837,-36.8644336641594,0],[174.908924694935,-36.8644369022179,0],[174.908933387849,-36.8644675336931,0],[174.908935972342,-36.8644794346881,0],[174.908935016535,-36.8644833978355,0],[174.908936697019,-36.8644963850266,0],[174.908939281075,-36.8645064653578,0],[174.908940355333,-36.8645374634944,0],[174.908941212428,-36.8645403519812,0],[174.908940247855,-36.8645475690422,0],[174.908941896232,-36.8646106531342,0],[174.908943219555,-36.8646142461748,0],[174.908951921217,-36.8646903041415,0],[174.908995984223,-36.8647890210344,0],[174.908999963631,-36.8647947697237,0],[174.909010147588,-36.8648091813775,0],[174.909030119474,-36.8648282659512,0],[174.909040749932,-36.8648394337807,0],[174.909043430706,-36.8648412294049,0],[174.909055397043,-36.8648541955382,0],[174.909058046423,-36.8648556311377,0],[174.909099735216,-36.8648977479575,0],[174.909126353881,-36.8649355993986,0],[174.909126317769,-36.8649377541385,0],[174.909129865723,-36.8649427977113,0],[174.909134315244,-36.8649467470137,0],[174.909137388685,-36.8649539532717,0],[174.909191095979,-36.8650133797146,0],[174.909197782237,-36.86501877034,0],[174.909240385917,-36.8650670365476,0],[174.909240311677,-36.8650735182458,0],[174.909238929561,-36.8650792818763,0],[174.909233020554,-36.8650861457564,0],[174.909232516414,-36.8650897321058,0],[174.909222697911,-36.8650918998266,0],[174.909219579816,-36.865091913878,0],[174.909192797914,-36.8650984371662,0],[174.90917048303,-36.8651010039726,0],[174.909135211562,-36.8651125668534,0],[174.909130769442,-36.8651125661242,0],[174.909118629436,-36.8651186756656,0],[174.909117818469,-36.8651190834753,0],[174.909107514187,-36.8651291816128,0],[174.909109251491,-36.8651385454735,0],[174.909122082856,-36.8651583666747,0],[174.909127841343,-36.8651632575565,0],[174.909141152902,-36.8651745634611,0],[174.909160227883,-36.8651933018931,0],[174.909260395383,-36.8652625362315,0],[174.909336882833,-36.8652961161678,0],[174.909364144866,-36.8653186590735,0],[174.909366568371,-36.8653206634244,0],[174.909430385637,-36.8653734341579,0],[174.909434416037,-36.865378479882,0],[174.909454587096,-36.865396182156,0],[174.909456368845,-36.8654001644044,0],[174.909460833191,-36.8654055636824,0],[174.909464399603,-36.865411346933,0],[174.909470687632,-36.8654175010524,0],[174.909471571219,-36.8654196500249,0],[174.909482753732,-36.865432665663,0],[174.909488999833,-36.8654420471877,0],[174.909497514549,-36.8654510858031,0],[174.909511317581,-36.8654792465978,0],[174.909512705315,-36.8654855605881,0],[174.909513063238,-36.8654871862284,0],[174.909513506646,-36.8654878749228,0],[174.909530486263,-36.8655142694471,0],[174.909542612062,-36.8655363822836,0],[174.909547044473,-36.865544463504,0],[174.909557218445,-36.8655630168414,0],[174.909558549238,-36.8655745684265,0],[174.909555861722,-36.8655810650844,0],[174.909551333115,-36.8656185968052,0],[174.90955000326,-36.8656215024083,0],[174.909548646963,-36.8656323130295,0],[174.909520367931,-36.8657157341988,0],[174.909519466211,-36.8657290792415,0],[174.909517666781,-36.8657446199107,0],[174.909516312702,-36.8657474988631,0],[174.909516750732,-36.8657673479444,0],[174.909521196069,-36.865783247925,0],[174.909522987937,-36.8657929984694,0],[174.909524319842,-36.8658005842203,0],[174.909535038218,-36.8658197363001,0],[174.909541717659,-36.8658388631591,0],[174.90957299887,-36.8658905018829,0],[174.909577012485,-36.8658944662849,0],[174.909609629023,-36.8659533301643,0],[174.909611868295,-36.8659594682287,0],[174.909618550207,-36.8659710329527,0],[174.909619903192,-36.8659753645915,0],[174.909640664363,-36.8660167170434,0],[174.909641968016,-36.8660217705322,0],[174.909671724774,-36.8660777744946,0],[174.90967554497,-36.8660849633259,0],[174.909677271605,-36.8660943453737,0],[174.90968124915,-36.8661023122204,0],[174.909695598257,-36.8661224812043,0],[174.909700801302,-36.8661297938223,0],[174.909711821183,-36.8661452825727,0],[174.909713249972,-36.8661486035114,0],[174.909714431399,-36.8661514507254,0],[174.909720150953,-36.8661601800303,0],[174.909724937706,-36.866167487621,0],[174.909725931265,-36.8661695023293,0],[174.909727099615,-36.8661718693489,0],[174.909748217389,-36.8661978034449,0],[174.909761488388,-36.8662094965938,0],[174.90976323137,-36.8662124159001,0],[174.909791281223,-36.8662384684013,0],[174.909803181204,-36.8662495211113,0],[174.909809471102,-36.8662520969333,0],[174.90982109623,-36.8662594541336,0],[174.90983100147,-36.8662635131012,0],[174.909833235359,-36.8662653339161,0],[174.909876401492,-36.866281450599,0],[174.90990563257,-36.8662923635107,0],[174.909952688871,-36.8663077993248,0],[174.909980335001,-36.8663168683549,0],[174.909993370976,-36.8663227697563,0],[174.910020344892,-36.8663320523806,0],[174.910029331124,-36.8663360990654,0],[174.910088812264,-36.8663602356361,0],[174.910092949266,-36.8663632967143,0],[174.910098367274,-36.8663682480005,0],[174.910099899027,-36.8663720990587,0],[174.910099711134,-36.8663758155248,0],[174.910122817047,-36.8663685128971,0],[174.910124114285,-36.8663782623691,0],[174.910122138619,-36.8663863158945,0],[174.910119583805,-36.8664269705235,0],[174.910075937858,-36.8665427709773,0],[174.910041955423,-36.866602966754,0],[174.910037901631,-36.8666249160135,0],[174.910043979121,-36.866643286393,0],[174.910059997596,-36.8666675989073,0],[174.910092906499,-36.8666935326575,0],[174.910096485782,-36.8666972156001,0],[174.910105971084,-36.8667046342114,0],[174.910162984203,-36.8667659601915,0],[174.910165411685,-36.8667685719517,0],[174.910177723062,-36.8667818145284,0],[174.91018042882,-36.8667833032741,0],[174.910180760668,-36.8667837008297,0],[174.910185354393,-36.866789199847,0],[174.910188425245,-36.8667917904472,0],[174.91032177871,-36.8669043044349,0],[174.910327129312,-36.8669124024058,0],[174.910368363598,-36.8669578149743,0],[174.910388849224,-36.8669880313764,0],[174.910434295875,-36.8670287163574,0],[174.910490751904,-36.8670669349343,0],[174.910499766552,-36.8670739644992,0],[174.910507830793,-36.8670824694868,0],[174.910514598739,-36.8670880209573,0],[174.910546998019,-36.8671164945828,0],[174.910560971485,-36.8671276003967,0],[174.910564551491,-36.8671316708811,0],[174.910614583165,-36.8671709210648,0],[174.910619048829,-36.8671768160011,0],[174.910630253771,-36.8671893624742,0],[174.910641379848,-36.8672059481348,0],[174.910664671166,-36.8672340012615,0],[174.910681994923,-36.8672633707403,0],[174.910626065179,-36.867269121976,0],[174.910621879864,-36.8672721852729,0],[174.910598249756,-36.8672894812689,0],[174.910620403651,-36.8673234806862,0],[174.910630929019,-36.8674434404579,0],[174.910608502466,-36.8674438010998,0],[174.910609849015,-36.8674978587354,0],[174.910587422446,-36.8674982193739,0],[174.910587871291,-36.8675162385859,0],[174.910551992564,-36.8675315593549,0],[174.91054526232,-36.8676070559119,0],[174.910522835718,-36.867607416539,0],[174.910524325685,-36.8676672340171,0],[174.910523423039,-36.8676687807784,0],[174.910523248447,-36.8676795156207,0],[174.910502204425,-36.8676798540119,0],[174.910502653253,-36.8676978732243,0],[174.910480226624,-36.8676982338441,0],[174.910480675447,-36.8677162530566,0],[174.910403527296,-36.8677627362991,0],[174.910336250057,-36.867790320505,0],[174.910184024374,-36.867856449967,0],[174.910081770915,-36.8678564219434,0],[174.909896240137,-36.8678837591044,0],[174.909803391619,-36.86798870169,0],[174.909678921976,-36.868112794495,0],[174.909651342068,-36.8682071104277,0],[174.909631155902,-36.8682798930172,0],[174.909609180255,-36.8683159466705,0],[174.909575023507,-36.8684066278074,0],[174.909498849326,-36.8683901780695,0],[174.909417171683,-36.8683691776268,0],[174.909342301202,-36.8684103679807,0],[174.909100537011,-36.8685948697185,0],[174.908875911133,-36.8686237582543,0],[174.908421037342,-36.8687435190207,0],[174.908313203065,-36.8688028338195,0],[174.908277914243,-36.8688965080445,0],[174.90805787418,-36.8689248103412,0],[174.908033399531,-36.8690084440553,0],[174.908104679827,-36.8691654524145,0],[174.90801087463,-36.8694355599557,0],[174.907846461887,-36.8695193191537,0],[174.907586450545,-36.8695192344852,0],[174.907486708137,-36.8695224726886,0],[174.907462465861,-36.8695044749329,0],[174.90739646723,-36.8694514552053,0],[174.907305124322,-36.8695184522021,0],[174.907309839533,-36.8696120202255,0],[174.907266448449,-36.86972093759,0],[174.907266386782,-36.8698135962507,0],[174.907499873259,-36.8698703526447,0],[174.907585323014,-36.8699337280456,0],[174.907545931139,-36.8700404685956,0],[174.907458989249,-36.8701161531931,0],[174.907410860234,-36.8701358761734,0],[174.907315948437,-36.8701898072356,0],[174.907116220327,-36.8702192337786,0],[174.906922834076,-36.8703600273513,0],[174.906901300743,-36.8703787518168,0],[174.906790823976,-36.870447340813,0],[174.906825815435,-36.8706068251013,0],[174.90695356222,-36.8708080561188,0],[174.907100200888,-36.8708993289558,0],[174.907225122155,-36.8708952731552,0],[174.907299780555,-36.8709229097192,0],[174.907274929934,-36.8709853006515,0],[174.907248891443,-36.8710792307618,0],[174.907127103595,-36.8711291387949,0],[174.907033154707,-36.8711874724622,0],[174.906875540955,-36.8712981608659,0],[174.906761841081,-36.8712521471646,0],[174.906613480052,-36.8711674154092,0],[174.906531489059,-36.8708853421276,0],[174.906484596073,-36.870782020809,0],[174.906449361078,-36.8706276976868,0],[174.906316748697,-36.8705585382295,0],[174.906150256823,-36.8705270845799,0],[174.905872315132,-36.8705030689589,0],[174.905624736192,-36.8704893662265,0],[174.905545042151,-36.8704688766242,0],[174.905397561895,-36.8705120925447,0],[174.905293617269,-36.8705120515097,0],[174.905155540144,-36.8705686442768,0],[174.90512324072,-36.8705967390542,0],[174.905022317673,-36.8706248598051,0],[174.904856627097,-36.8706856354765,0],[174.904621261628,-36.8707217825404,0],[174.904598452566,-36.8707217786489,0],[174.904468265168,-36.8707599274818,0],[174.904351995361,-36.8707038920794,0],[174.904349482836,-36.8706538485934,0],[174.904349531822,-36.8705693488715,0],[174.904314355435,-36.8704215911482,0],[174.904314557729,-36.8700970768182,0],[174.904266104297,-36.8699246220358,0],[174.90425355071,-36.8696749262784,0],[174.90427957942,-36.8696096120973,0],[174.904299323599,-36.8695188110055,0],[174.904321324311,-36.8694827488913,0],[174.904319470511,-36.869446038911,0],[174.904364366907,-36.8694099622252,0],[174.904385005781,-36.8693551996639,0],[174.904428963959,-36.869300768146,0],[174.904450852413,-36.869153389112,0],[174.904602809293,-36.8690911261856,0],[174.904576548763,-36.8689194946663,0],[174.904552327893,-36.868866137992,0],[174.90455233626,-36.8688479527812,0],[174.904551425141,-36.8688297832111,0],[174.90457299985,-36.8687756743955,0],[174.904572088706,-36.8687575039246,0],[174.90457210379,-36.8687219708572,0],[174.904536000148,-36.8686683116376,0],[174.904500318834,-36.8685601877461,0],[174.904451973153,-36.868420280717,0],[174.904493858085,-36.8682620455737,0],[174.904625750981,-36.868207998929,0],[174.904580630225,-36.8681803450051,0],[174.90448974944,-36.8681345265583,0],[174.904511452936,-36.867979712746,0],[174.904573082728,-36.8679301994344,0],[174.904613898416,-36.8678277678282,0],[174.904542025675,-36.8676694634201,0],[174.904542138231,-36.8674781063693,0],[174.904537674277,-36.8673892255173,0],[174.904578894704,-36.867248392898,0],[174.904578929358,-36.8671800802152,0],[174.904576646298,-36.8671348929601,0],[174.904598198587,-36.8670808025183,0],[174.904617941868,-36.8669900013664,0],[174.904640783413,-36.8669525520959,0],[174.904633156139,-36.8668006555175,0],[174.90463329441,-36.8665574377385,0],[174.904598159884,-36.8662797879303,0],[174.904552963918,-36.8661802051326,0],[174.904529624018,-36.8661261474912,0],[174.904485384592,-36.8660933211102,0],[174.904478154805,-36.8659494633315,0],[174.904523837662,-36.8658745738514,0],[174.904454294723,-36.8657712090485,0],[174.904429182039,-36.8656951226294,0],[174.904332758146,-36.8655309094832,0],[174.904287915267,-36.8654269900487,0],[174.904241030368,-36.8653572995055,0],[174.904214374737,-36.8651757983226,0],[174.904189714296,-36.8651214363858,0],[174.904189735113,-36.8650860789629,0],[174.904164334146,-36.8650301263356,0],[174.904182118131,-36.864797759719,0],[174.90420409544,-36.8647617070056,0],[174.90422387155,-36.864650176741,0],[174.904267615117,-36.8645403840607,0],[174.904003772112,-36.8643446665314,0],[174.903839993314,-36.8640379451921,0],[174.90377166815,-36.8638308118303,0],[174.90367100068,-36.8637284995106,0],[174.90363499634,-36.8635771890098,0],[174.903635045157,-36.8634926369146,0],[174.903586769519,-36.8633862637725,0],[174.90355555094,-36.8632494707862,0],[174.903422023587,-36.8630977775076,0],[174.903369850777,-36.8630365328537,0],[174.903238146355,-36.8629388453791,0],[174.903175085079,-36.8628881700077,0],[174.903083750115,-36.8628405270459,0],[174.902717450614,-36.8629822516888,0],[174.902678857714,-36.8629835033296,0],[174.902656413807,-36.8629654757364,0],[174.902585683835,-36.8629482736121,0],[174.902453482327,-36.8628420297379,0],[174.902302317435,-36.8628757403592,0],[174.90221116414,-36.8628398353497,0],[174.902140157663,-36.8629016356727,0],[174.902071797088,-36.8628536764052,0],[174.902039000909,-36.8627776862662,0],[174.901922424977,-36.8627776424518,0],[174.901799026085,-36.862781642008,0],[174.901769343613,-36.8626916062016,0],[174.901573752828,-36.8627484636009,0],[174.901507348486,-36.8627679133211,0],[174.901461668664,-36.8627678962517,0],[174.901348806808,-36.8628169163698,0],[174.901129265171,-36.8629001405628,0],[174.900748034613,-36.8629239138286,0],[174.900727004143,-36.862979711397,0],[174.900682968329,-36.8630150870423,0],[174.900684570111,-36.8630470043261,0],[174.900571048,-36.8630711766732,0],[174.900510247496,-36.8631240987899,0],[174.900350356377,-36.8631292790206,0],[174.900303106889,-36.8630755947658,0],[174.900279770989,-36.86302153615,0],[174.900233160174,-36.8630042731518,0],[174.900187837753,-36.8629328740589,0],[174.900176187609,-36.8629242228941,0],[174.900153309146,-36.8628629490498,0],[174.900093827581,-36.8628275561973,0],[174.900060505412,-36.862765666094,0],[174.89995615162,-36.8627035724613,0],[174.899918344035,-36.8626657833288,0],[174.899882152138,-36.8625985689716,0],[174.89988927539,-36.8625536088082,0],[174.899835005073,-36.8624844482213,0],[174.899723557863,-36.8624181288208,0],[174.899767776311,-36.8623564680055,0],[174.899702444698,-36.8623652936899,0],[174.899634971244,-36.862358380415,0],[174.899557827439,-36.86236881175,0],[174.89952375567,-36.8624057789471,0],[174.899450392914,-36.8623052535861,0],[174.899384967915,-36.8621695866572,0],[174.899335053919,-36.8620825757742,0],[174.899276050376,-36.8619602475716,0],[174.899221660848,-36.8619278716209,0],[174.899174666011,-36.8618304451721,0],[174.899101435342,-36.8617077539065,0],[174.899033871088,-36.8615803248007,0],[174.898984849944,-36.8615293524435,0],[174.898964366017,-36.8614913032433,0],[174.898953016652,-36.8614768435197,0],[174.898983938492,-36.8612401618724,0],[174.899792855187,-36.8603323974369,0],[174.89984432213,-36.8601532025057,0],[174.899859403344,-36.8601067865377,0],[174.899864029568,-36.8600816197056,0],[174.89987071754,-36.8600454958596,0],[174.89987600414,-36.8600098540955,0],[174.899884066912,-36.8599739876768,0],[174.899897284232,-36.8599428969758,0],[174.899913762136,-36.8599094016819,0],[174.899914628892,-36.8599072156317,0],[174.899926383189,-36.8598728044083,0],[174.899939100675,-36.8598378369879,0],[174.899950680738,-36.8598121533652,0],[174.899966682152,-36.8597780347562,0],[174.899972666492,-36.8597642299265,0],[174.899987178286,-36.8597297024983,0],[174.899989852662,-36.8597221967707,0],[174.899991655942,-36.8597193287649,0],[174.900010705007,-36.859661979361,0],[174.900012517883,-36.8596522971911,0],[174.900013882989,-36.8596476335433,0],[174.900015732685,-36.8596340029849,0],[174.900017569374,-36.8596275471745,0],[174.900018063785,-36.8596153533665,0],[174.900021736446,-36.8595956187334,0],[174.900022689613,-36.8595837871326,0],[174.900027600031,-36.8595484037465,0],[174.900028270871,-36.8595437872531,0],[174.900031629185,-36.8595326472651,0],[174.900035303821,-36.8594898477153,0],[174.900038199922,-36.8594790666344,0],[174.90003823021,-36.8594753526947,0],[174.900039184419,-36.8594731201789,0],[174.900039734387,-36.8594649363747,0],[174.900051750029,-36.8594251851201,0],[174.900056938365,-36.8594177834028,0],[174.900059283329,-36.8594155466741,0],[174.900066351634,-36.8594052036172,0],[174.900068700949,-36.8594022367462,0],[174.900075383859,-36.8593840312918,0],[174.90007728675,-36.8593807020165,0],[174.900078728157,-36.8593754963532,0],[174.900080145471,-36.859372895902,0],[174.900080712155,-36.8593709129403,0],[174.900091914188,-36.8593223146756,0],[174.900092179265,-36.8593167132138,0],[174.900093767881,-36.8593088462901,0],[174.90009412946,-36.8593062356813,0],[174.900110029252,-36.8592693335858,0],[174.900112264654,-36.8592662964296,0],[174.900120394525,-36.8592467338742,0],[174.900121148807,-36.8592418636751,0],[174.90013118245,-36.8592226312049,0],[174.900132006687,-36.8592196346413,0],[174.900133317889,-36.8592173693762,0],[174.900135432521,-36.8592117203108,0],[174.900143904942,-36.8591964335657,0],[174.900150049019,-36.8591868623959,0],[174.900153465484,-36.859180336254,0],[174.900155401724,-36.8591774480929,0],[174.900156402114,-36.8591752689172,0],[174.90015831342,-36.8591727326712,0],[174.900159367582,-36.8591691015036,0],[174.900164200378,-36.8591622453605,0],[174.900202279561,-36.8591209875884,0],[174.900211244738,-36.8591138679685,0],[174.900213100874,-36.8591131803185,0],[174.900219684067,-36.8591085684189,0],[174.900222488207,-36.8591068020457,0],[174.90022773012,-36.8591010669139,0],[174.900238146896,-36.8590914183967,0],[174.900244704254,-36.8590871674386,0],[174.900248452001,-36.8590854130141,0],[174.900269564408,-36.8590705370172,0],[174.900282171612,-36.8590642334314,0],[174.900295853777,-36.8590528291845,0],[174.900300080857,-36.85905000353,0],[174.900300263647,-36.8590497302094,0],[174.900303771972,-36.8590436983225,0],[174.900305266298,-36.8590420340141,0],[174.90030666664,-36.8590387488253,0],[174.900307779531,-36.8590370816038,0],[174.900310166971,-36.8590302203981,0],[174.900310368285,-36.8590269814247,0],[174.900313138324,-36.8590197625837,0],[174.900313244765,-36.8590091153418,0],[174.900314168581,-36.8590042523447,0],[174.900311379554,-36.8589795015215,0],[174.900305351647,-36.8589671326115,0],[174.900303596138,-36.8589646369793,0],[174.900296906332,-36.8589480965103,0],[174.900296337293,-36.8589455458501,0],[174.900291831184,-36.8589379656727,0],[174.900291566611,-36.8589376995067,0],[174.900289702107,-36.8589353318028,0],[174.900287500292,-36.8589333841024,0],[174.900279538115,-36.8589207667144,0],[174.900278367092,-36.8589173694235,0],[174.900276248608,-36.8589143027482,0],[174.900274762576,-36.8589086481713,0],[174.900273517171,-36.8589063688105,0],[174.900273434905,-36.8589007828175,0],[174.900271902956,-36.8588891982618,0],[174.900273338599,-36.8588814509541,0],[174.90027228362,-36.8588624498856,0],[174.900266204905,-36.8588420960535,0],[174.900265237789,-36.858821615408,0],[174.900264088048,-36.8588182168751,0],[174.900269433183,-36.858793553184,0],[174.90027050106,-36.8587913819412,0],[174.900271181589,-36.8587880631981,0],[174.900270952377,-36.8587846959113,0],[174.900271878004,-36.8587776868325,0],[174.900270145238,-36.8587616168936,0],[174.900271962956,-36.8587412629631,0],[174.900273150983,-36.8587376026139,0],[174.900276129406,-36.8587206371262,0],[174.900277999801,-36.8587132794482,0],[174.900277877887,-36.8586943175367,0],[174.90027236946,-36.8586517008891,0],[174.900272638822,-36.8586476316091,0],[174.900271299945,-36.8586397664342,0],[174.900271518046,-36.8586367975896,0],[174.900257921973,-36.8585900821698,0],[174.900256763133,-36.858586316042,0],[174.900256995179,-36.8585830044711,0],[174.900255784832,-36.8585803288679,0],[174.900253538284,-36.8585720455728,0],[174.900251966193,-36.8585678975829,0],[174.900251702829,-36.8585649175102,0],[174.900249633131,-36.8585611028562,0],[174.90023626164,-36.8585248130643,0],[174.900235983902,-36.8585222036656,0],[174.900234700763,-36.8585206648948,0],[174.900228798182,-36.8584906640731,0],[174.900227563573,-36.8584883674138,0],[174.900226936476,-36.8584838798344,0],[174.900225788829,-36.8584801126258,0],[174.90022598473,-36.8584771531494,0],[174.900224198328,-36.8584688805213,0],[174.900221249834,-36.8584576160544,0],[174.90021817202,-36.8584202963714,0],[174.900222649291,-36.8584085976881,0],[174.90023164673,-36.8583919145008,0],[174.900234785367,-36.8583868529446,0],[174.900240635346,-36.8583685346147,0],[174.900243947011,-36.8583604959211,0],[174.900245461524,-36.858358696092,0],[174.900247185659,-36.8583535850505,0],[174.900256618739,-36.8583372824639,0],[174.900259285797,-36.8583322014089,0],[174.9002730317,-36.8583138649621,0],[174.900279337129,-36.858302614742,0],[174.900282344619,-36.8582990514802,0],[174.900286638308,-36.858290312074,0],[174.900288383742,-36.8582852006913,0],[174.900297819091,-36.8582685375354,0],[174.900303396136,-36.8582613459087,0],[174.900304511859,-36.8582584348144,0],[174.900317165136,-36.8582426296299,0],[174.900320656552,-36.858239086569,0],[174.900338416023,-36.8582157376563,0],[174.900339567895,-36.8582124294009,0],[174.900339997451,-36.858205770758,0],[174.900346981542,-36.8581915803766,0],[174.900356321749,-36.8581697180968,0],[174.900357696289,-36.8581627198639,0],[174.900359319732,-36.8581594311061,0],[174.900360247409,-36.8581520524505,0],[174.900365466921,-36.8581399813614,0],[174.900373379184,-36.8581179346129,0],[174.900374748856,-36.8581085209085,0],[174.90037563733,-36.8581063525339,0],[174.900375650355,-36.8581041612063,0],[174.900377452943,-36.858103078729,0],[174.900379722082,-36.8580932991228,0],[174.900381968986,-36.8580875127386,0],[174.900382430055,-36.8580835305245,0],[174.900386952741,-36.8580704971488,0],[174.900390562481,-36.8580654370673,0],[174.90039825239,-36.8580462330447,0],[174.900406378407,-36.8580328626281,0],[174.900415881403,-36.8580107814221,0],[174.900417703864,-36.8580046142561,0],[174.900432161547,-36.8579702318484,0],[174.900433985405,-36.857967336467,0],[174.900436229118,-36.8579619196757,0],[174.900436234359,-36.8579593688442,0],[174.900438396288,-36.8579348002199,0],[174.900439768037,-36.8579322635857,0],[174.900439768009,-36.8579304510231,0],[174.900444298962,-36.857919563566,0],[174.900444763441,-36.8579170324292,0],[174.900445662677,-36.8579148458555,0],[174.900446129441,-36.8579119541525,0],[174.900447502311,-36.8579094175003,0],[174.90045068026,-36.8578941703453,0],[174.900451150666,-36.8578796515006,0],[174.900450264469,-36.857877835986,0],[174.900450717271,-36.857869852024,0],[174.900449383971,-36.8578622120921,0],[174.900443532055,-36.8578433147835,0],[174.900443087919,-36.8578407801524,0],[174.900442201724,-36.8578389646377,0],[174.900441301554,-36.8578284335405,0],[174.900440422891,-36.8578255182897,0],[174.900439966188,-36.8578193515226,0],[174.900438170916,-36.8578120795089,0],[174.900436887893,-36.8577743165144,0],[174.900433748784,-36.8577594317765,0],[174.900432401061,-36.8577561454713,0],[174.900431951228,-36.8577525203288,0],[174.900430148388,-36.8577485202431,0],[174.900425629796,-36.8577426978508,0],[174.900420689272,-36.8577343314586,0],[174.900417533725,-36.8577256210546,0],[174.90041573892,-36.857723802045,0],[174.900412588393,-36.8577125317996,0],[174.900410333224,-36.8577088814511,0],[174.900401780647,-36.8576878190881,0],[174.900401338131,-36.8576848968613,0],[174.900395486474,-36.8576696318825,0],[174.900392332059,-36.8576627331215,0],[174.900388735129,-36.8576529121336,0],[174.900385578434,-36.8576481856005,0],[174.900383781336,-36.8576431038329,0],[174.900382412809,-36.8576412870184,0],[174.900375667883,-36.8576234675503,0],[174.900375678867,-36.8576216466995,0],[174.900372982304,-36.8576151191716,0],[174.900367598344,-36.8575838662305,0],[174.900367616184,-36.8575791520189,0],[174.900365370159,-36.8575704360804,0],[174.900364463608,-36.8575682513475,0],[174.900364037101,-36.8575646168183,0],[174.900363137413,-36.8575631620484,0],[174.900360904657,-36.8575504530307,0],[174.900359547113,-36.8575450037031,0],[174.900359102756,-36.8575406483999,0],[174.900358203042,-36.857537381067,0],[174.900356453336,-36.8575079456583,0],[174.900355544719,-36.8575043188394,0],[174.900355095757,-36.8574952487821,0],[174.900353329803,-36.8574850839478,0],[174.900353314011,-36.8574821819359,0],[174.900352418224,-36.8574781673423,0],[174.900351531798,-36.8574690961693,0],[174.900347496452,-36.857457831059,0],[174.900347086869,-36.8574349529839,0],[174.900346179199,-36.8574327682687,0],[174.900343529297,-36.8574022647654,0],[174.900342637635,-36.8573993677478,0],[174.900342637406,-36.8573957354143,0],[174.900337680666,-36.8573772023383,0],[174.900330482951,-36.8573601201805,0],[174.900325989996,-36.8573521161686,0],[174.900321929509,-36.8573484856768,0],[174.900319211262,-36.8573452032618,0],[174.900313361919,-36.8573332001335,0],[174.900298931073,-36.8573120974722,0],[174.900295783549,-36.8573095519946,0],[174.900290369886,-36.8573033653544,0],[174.90028764747,-36.857301182621,0],[174.900277734272,-36.8572895338065,0],[174.900275019438,-36.8572877024681,0],[174.900268261973,-36.8572811497477,0],[174.900260129355,-36.8572756825813,0],[174.900253802741,-36.8572720342477,0],[174.900251999923,-36.8572698458204,0],[174.90024388287,-36.8572636483312,0],[174.900239814186,-36.8572592788814,0],[174.900232150407,-36.8572523620964,0],[174.900229454094,-36.8572494668979,0],[174.900224482054,-36.8572407314573,0],[174.900215012053,-36.8572265518413,0],[174.9002046513,-36.8572149011642,0],[174.900201032662,-36.8572123542046,0],[174.900198780029,-36.8572101639565,0],[174.90019561879,-36.857207970212,0],[174.900191098185,-36.8572043290468,0],[174.900174865951,-36.8571806855004,0],[174.900167650882,-36.8571737705486,0],[174.900163134611,-36.8571675866769,0],[174.900159997445,-36.8571559475676,0],[174.900159999511,-36.8571537663295,0],[174.900159099833,-36.8571504998956,0],[174.900159121793,-36.8571432339681,0],[174.900158670835,-36.8571399702731,0],[174.900161862096,-36.8571207300437,0],[174.900165496075,-36.8571134793627,0],[174.90017773082,-36.8570939142504,0],[174.900180454127,-36.8570870296484,0],[174.900192699855,-36.8570620203594,0],[174.900197701175,-36.8570551353811,0],[174.900199963227,-36.8570500517904,0],[174.900212195666,-36.8570308472413,0],[174.900218998901,-36.8570206796652,0],[174.900228084046,-36.8570007503062,0],[174.900230348336,-36.8569902316928,0],[174.90024034486,-36.8569659343611,0],[174.900241283468,-36.8569390688957,0],[174.900242202836,-36.8569336192068,0],[174.900243128392,-36.8569143791549,0],[174.900253134006,-36.8568890000873,0],[174.900263994492,-36.8568719626254,0],[174.90026446561,-36.8568701524423,0],[174.900265821518,-36.8568686976526,0],[174.900273547319,-36.8568414802874,0],[174.900278533996,-36.8568313327453,0],[174.900280815455,-36.856828799591,0],[174.900282617769,-36.8568258955429,0],[174.900284886894,-36.8568233625858,0],[174.900286248763,-36.8568208351244,0],[174.900290786516,-36.8568070534103,0],[174.900306205279,-36.856786031299,0],[174.900311203874,-36.8567700700222,0],[174.900312554306,-36.8567675337302,0],[174.900320271328,-36.8567584863021,0],[174.900322527869,-36.856752682639,0],[174.900325716077,-36.8567396165261,0],[174.900329438139,-36.8566757342152,0],[174.900327218245,-36.8566590140952,0],[174.90032499695,-36.8566299638786,0],[174.900324116057,-36.856619802013,0],[174.900326018759,-36.8566137507364,0],[174.900326838665,-36.8566110787167,0],[174.900326871838,-36.8565965668621,0],[174.900330054551,-36.8565878533327,0],[174.900331448934,-36.8565653529016,0],[174.900330553383,-36.8565613473166,0],[174.900330585423,-36.8565304854537,0],[174.900333337081,-36.8565152361033,0],[174.900334687508,-36.8565126998112,0],[174.900338777925,-36.8564876496796,0],[174.90034376915,-36.8564804043268,0],[174.900345584279,-36.8564789692318,0],[174.900351463516,-36.8564713491471,0],[174.90035556582,-36.8564553841758,0],[174.900355565594,-36.8564535635039,0],[174.900358755183,-36.8564455808378,0],[174.900364179309,-36.8564372469715,0],[174.900372795077,-36.8564169375381,0],[174.900377328453,-36.8564093209499,0],[174.900379600969,-36.8564046157447,0],[174.900382761497,-36.8563995358077,0],[174.900389118463,-36.8563835798425,0],[174.900389131735,-36.8563813984249,0],[174.900395020998,-36.8563687037209,0],[174.900396379221,-36.8563647161708,0],[174.900401381418,-36.8563556499646,0],[174.900403649788,-36.8563407688716,0],[174.900405934,-36.8563320525848,0],[174.90041273508,-36.8563186312506,0],[174.900419983018,-36.8563092136634,0],[174.900420882461,-36.8563070360995,0],[174.900422746991,-36.8562736302328,0],[174.900421852762,-36.8562696327392,0],[174.900423664261,-36.8562613034698,0],[174.900425019034,-36.8562598486965,0],[174.90042505198,-36.8562507628185,0],[174.900425955053,-36.8562482336799,0],[174.900426415436,-36.8562406011115,0],[174.900431421273,-36.8562180960973,0],[174.900431451912,-36.8562003124745,0],[174.900430554522,-36.8561966854758,0],[174.900429701969,-36.856163620501,0],[174.900426103039,-36.8561487340993,0],[174.900424782809,-36.8561298454256,0],[174.900423438792,-36.8561258470135,0],[174.90042297978,-36.8561222130035,0],[174.900420713892,-36.8561167691894,0],[174.900412166587,-36.8561000330933,0],[174.900411266913,-36.8560967666607,0],[174.900400901249,-36.8560731374726,0],[174.900397782839,-36.8560400636687,0],[174.900395988072,-36.8560364329949,0],[174.900395979367,-36.8560342699552,0],[174.900394182085,-36.8560273675135,0],[174.9003915192,-36.8560063010802,0],[174.900387029801,-36.8559808653943,0],[174.900387033925,-36.8559783145798,0],[174.900385680983,-36.8559703324554,0],[174.900383437079,-36.8559648702622,0],[174.900381632941,-36.8559590495193,0],[174.900380304925,-36.8559416121015,0],[174.900378966652,-36.8559365320073,0],[174.900378515446,-36.8559314467396,0],[174.900376253919,-36.8559270844441,0],[174.900374472422,-36.8559158373651,0],[174.900360945609,-36.8558900144301,0],[174.900360504452,-36.8558871011938,0],[174.900357802041,-36.855881285803,0],[174.900355997906,-36.8558754650595,0],[174.900356002478,-36.8558729322644,0],[174.900351070334,-36.8558522175846,0],[174.900346553928,-36.8558442139456,0],[174.900339804833,-36.8558235012833,0],[174.900337550151,-36.8558198680491,0],[174.900336645484,-36.8558136823052,0],[174.900334848437,-36.8558086005341,0],[174.900333505554,-36.8558064137649,0],[174.900333048881,-36.8558038703197,0],[174.900326279885,-36.8557900531078,0],[174.900323582931,-36.8557871299794,0],[174.900320432753,-36.8557704346487,0],[174.900314581275,-36.8557569813191,0],[174.900312784009,-36.8557537022002,0],[174.900304670525,-36.8557453324625,0],[174.900301965836,-36.855738065974,0],[174.900301516923,-36.8557344318017,0],[174.900299717372,-36.8557315132491,0],[174.900297897907,-36.8557264318359,0],[174.900287534843,-36.8557078860647,0],[174.900283467365,-36.8557035165951,0],[174.900280314889,-36.8556926159157,0],[174.900273112564,-36.8556762458682,0],[174.900265895348,-36.8556660681584,0],[174.900260038816,-36.8556609701857,0],[174.900255512384,-36.8556562294982,0],[174.900254620928,-36.8556537020188,0],[174.900252815908,-36.8556515136258,0],[174.900239751594,-36.8556271524377,0],[174.900231187215,-36.8556078658506,0],[174.90022576566,-36.8555976864623,0],[174.900223969789,-36.8555958674656,0],[174.900223967504,-36.8555944163695,0],[174.900218118344,-36.8555824141299,0],[174.900210963497,-36.8555253845643,0],[174.90021188286,-36.8555144998872,0],[174.900213699589,-36.8555108655365,0],[174.900214594903,-36.8555076154636,0],[174.90021551401,-36.8555057791886,0],[174.900217795024,-36.8554887356171,0],[174.900215551152,-36.8554796500945,0],[174.900214219996,-36.8554680172539,0],[174.90021603673,-36.8554589479154,0],[174.900217951297,-36.8553972126128,0],[174.900221120728,-36.8553852464169,0],[174.90022248464,-36.8553823493802,0],[174.900227551218,-36.8553188151015,0],[174.900227999682,-36.8553169962673,0],[174.9002271378,-36.8553021201666,0],[174.900229396353,-36.8552941343652,0],[174.900231237349,-36.8552810627568,0],[174.900232131271,-36.8552781642227,0],[174.900232585031,-36.8552734340251,0],[174.900233968856,-36.8552672648612,0],[174.90023488364,-36.8552571013165,0],[174.900234431504,-36.8552541972682,0],[174.900237650635,-36.8552266193335,0],[174.900236748027,-36.8552200631107,0],[174.900237665093,-36.8552131623248,0],[174.900237214125,-36.8552080860653,0],[174.900232719033,-36.8551968192844,0],[174.900230463277,-36.855193186966,0],[174.900227317028,-36.8551793658924,0],[174.900225966185,-36.8551692025254,0],[174.900225067653,-36.8551659360724,0],[174.900224630465,-36.8551546674918,0],[174.900219705469,-36.8551365025366,0],[174.900219730012,-36.8551125368218,0],[174.900218380091,-36.855103814658,0],[174.900218404382,-36.8550998132892,0],[174.900215679548,-36.8550907354572,0],[174.900212151979,-36.8550475192689,0],[174.900211245026,-36.8550398815255,0],[174.900208568498,-36.8550282701983,0],[174.900208570344,-36.855024268287,0],[174.900207670472,-36.8550191811793,0],[174.900207700731,-36.8549995678697,0],[174.90020815238,-36.8549973794414,0],[174.900204103757,-36.8549788678817,0],[174.900202746276,-36.8549752302112,0],[174.900201904563,-36.8549497992744,0],[174.900199652741,-36.8549327371539,0],[174.900197885041,-36.8549120349529,0],[174.900198354809,-36.8549084041153,0],[174.900194313071,-36.8548833308008,0],[174.900191170014,-36.8548746201856,0],[174.90019026535,-36.854868433538,0],[174.900188049704,-36.8548401042792,0],[174.900185380792,-36.8548179293033,0],[174.900184581108,-36.8547489456817,0],[174.900183665675,-36.8547464005581,0],[174.900183245412,-36.8547307873206,0],[174.90019100452,-36.8546799637263,0],[174.900188784967,-36.8546578176171,0],[174.900189255419,-36.8546487337536,0],[174.900188346637,-36.8546396629324,0],[174.900188827871,-36.8546215025561,0],[174.900189745154,-36.8546182341053,0],[174.900189763697,-36.8546080668654,0],[174.900176281463,-36.8545510113828,0],[174.90016951972,-36.8545379340293,0],[174.9001663696,-36.8545284844394,0],[174.90016456914,-36.8545259354415,0],[174.900153764774,-36.8544914162211,0],[174.900152862407,-36.8544848690062,0],[174.900151985188,-36.8544816022113,0],[174.900151531726,-36.8544750658445,0],[174.900149737011,-36.8544714351647,0],[174.900146584612,-36.8544605344776,0],[174.90014432934,-36.8544550634465,0],[174.900141627908,-36.8544456156941,0],[174.90014028187,-36.8544437985156,0],[174.900132182584,-36.8544201871329,0],[174.900129031099,-36.8544056540916,0],[174.900127683495,-36.8544038189115,0],[174.900126797132,-36.8544001827194,0],[174.900119586708,-36.8543871026226,0],[174.900111465203,-36.8543743705839,0],[174.900106498165,-36.8543685463313,0],[174.900103352842,-36.8543638196046,0],[174.900101984166,-36.8543601821114,0],[174.90008530392,-36.8543365366853,0],[174.900081684992,-36.8543303483715,0],[174.900070862502,-36.8543154332466,0],[174.900069054294,-36.8543121633111,0],[174.900066346439,-36.8543092502643,0],[174.900060935095,-36.8542990707019,0],[174.900048319749,-36.8542801463072,0],[174.900046515897,-36.8542761462285,0],[174.900023053817,-36.8542444973096,0],[174.900021247456,-36.8542408487872,0],[174.900015387881,-36.8542324970657,0],[174.900013579456,-36.8542292181194,0],[174.899996889159,-36.8542091961663,0],[174.899995077963,-36.8542081155954,0],[174.899992829804,-36.8542051960979,0],[174.899987865289,-36.8542008319458,0],[174.899985594909,-36.8541979209153,0],[174.899985155161,-36.8541964678004,0],[174.899980632246,-36.8541913665139,0],[174.899972517643,-36.8541793644276,0],[174.899969816653,-36.8541771813419,0],[174.899955838599,-36.8541557189625,0],[174.89995358702,-36.8541513474845,0],[174.899944095043,-36.8541389798493,0],[174.89994275337,-36.8541364325253,0],[174.899939150242,-36.8541313345573,0],[174.899937334244,-36.8541277042141,0],[174.899935529271,-36.8541255158144,0],[174.899931928421,-36.8541182447154,0],[174.899929679545,-36.8541157037845,0],[174.899928314106,-36.8541131478271,0],[174.899920650478,-36.8541025986727,0],[174.899917054008,-36.8540945983313,0],[174.899914785699,-36.8540913177231,0],[174.899913005827,-36.8540873343839,0],[174.899911187398,-36.8540818843042,0],[174.899886405574,-36.854038602326,0],[174.899884134991,-36.8540338706204,0],[174.899880983052,-36.8540302345961,0],[174.899880532771,-36.8540287636226,0],[174.899879183559,-36.8540273160347,0],[174.899872869615,-36.8540164208206,0],[174.899870597689,-36.854011680123,0],[174.899842195564,-36.8539716647336,0],[174.899839032418,-36.8539680288873,0],[174.899816483247,-36.8539320209421,0],[174.899814232608,-36.8539240171066,0],[174.899808829106,-36.8539109351397,0],[174.899806597335,-36.8538924125406,0],[174.899803449329,-36.8538862166884,0],[174.899795785742,-36.8538756675244,0],[174.899793062322,-36.8538734838916,0],[174.899790814837,-36.853872403082,0],[174.899786304287,-36.8538673015898,0],[174.899776833271,-36.8538494805889,0],[174.899758379637,-36.8537949660454,0],[174.899755234152,-36.8537884186347,0],[174.899755231876,-36.853786967538,0],[174.899754332024,-36.8537855037513,0],[174.899752079372,-36.8537724345003,0],[174.899752101587,-36.8537706134688,0],[174.899744001845,-36.8537451633593,0],[174.899739969872,-36.8537240998609,0],[174.899737733902,-36.853693581593,0],[174.899734161829,-36.8536743323195,0],[174.899732830834,-36.8536572644769,0],[174.899731920893,-36.8536558008513,0],[174.899724735531,-36.8536238375684,0],[174.899723934223,-36.8535588468216,0],[174.899725353104,-36.8535250965571,0],[174.89971596907,-36.8534604503258,0],[174.899713245292,-36.8534528145817,0],[174.899712368313,-36.8534513684553,0],[174.89971056341,-36.8534386706012,0],[174.899707436558,-36.8534270304045,0],[174.8997074343,-36.8534237676441,0],[174.899700685666,-36.8533976199359,0],[174.899691688828,-36.8533757984756,0],[174.899689878403,-36.8533692657723,0],[174.899688087871,-36.8533648959309,0],[174.899686755621,-36.8533591036828,0],[174.899682250463,-36.8533474674932,0],[174.899681348138,-36.8533427319355,0],[174.899675499294,-36.8533234821024,0],[174.89966423825,-36.8533034823613,0],[174.899659288313,-36.8532929528977,0],[174.899649345565,-36.8532773206317,0],[174.899641702025,-36.8532616876621,0],[174.899639000873,-36.853257683894,0],[174.899633598398,-36.8532442323572,0],[174.899630432798,-36.8532391363971,0],[174.899607000163,-36.8531973289808,0],[174.899589862964,-36.8531733302507,0],[174.899587165432,-36.85317078657,0],[174.899585820377,-36.8531685998254,0],[174.899574072819,-36.8531583953408,0],[174.899554680183,-36.8531325849436,0],[174.899552436207,-36.8531271137185,0],[174.899542964396,-36.8531096622511,0],[174.899537098315,-36.8531024012102,0],[174.899524028004,-36.8530827539518,0],[174.899522235645,-36.8530787626932,0],[174.899515034731,-36.8530551368988,0],[174.899507829107,-36.8530413347211,0],[174.89950693711,-36.8530384205745,0],[174.899499712278,-36.8530242500614,0],[174.899498362646,-36.8530227844489,0],[174.899495230201,-36.8530031676076,0],[174.899493885124,-36.8529995297288,0],[174.899494797429,-36.852993386135,0],[174.899493468956,-36.8529814017204,0],[174.899492120244,-36.8529781154164,0],[174.899490314206,-36.8529708525659,0],[174.899490332154,-36.8529625150218,0],[174.899493522445,-36.8529490793475,0],[174.899493517007,-36.8529461861808,0],[174.899495338298,-36.852941830707,0],[174.899495784276,-36.852938551768,0],[174.899499413864,-36.8529247845942,0],[174.89950171256,-36.8529102635551,0],[174.899503532478,-36.8529044479565,0],[174.899504921783,-36.8528844974504,0],[174.899505814587,-36.8528815989385,0],[174.899506304123,-36.8528696125026,0],[174.899505862996,-36.8528536480731,0],[174.899519069065,-36.8527926876601,0],[174.899519984152,-36.8527825331247,0],[174.899521345597,-36.852774552661,0],[174.899522711561,-36.8527712860554,0],[174.89952817096,-36.8527480707832,0],[174.899539067586,-36.8527179635904,0],[174.899540897649,-36.8527067128384,0],[174.899544538208,-36.8526929364744,0],[174.899545435347,-36.8526911194831,0],[174.899545448401,-36.852688928153,0],[174.899546801106,-36.8526860322037,0],[174.899546812316,-36.8526842194597,0],[174.899550430432,-36.8526740676826,0],[174.899558635281,-36.8526403351237,0],[174.899557732973,-36.8526355995641,0],[174.899558650526,-36.8526287167991,0],[174.899560018575,-36.8526232689529,0],[174.899560521984,-36.8525815295519,0],[174.899563244597,-36.8525691829415,0],[174.899563266715,-36.8525564829167,0],[174.899562834533,-36.8525539300619,0],[174.899564233517,-36.8525252635854,0],[174.899566964394,-36.8525114837358,0],[174.899566966482,-36.8525093024955,0],[174.899569698438,-36.8524991459556,0],[174.899570613171,-36.8524799150809,0],[174.899572913909,-36.852463211899,0],[174.899573384657,-36.8524559496077,0],[174.899575202533,-36.8524468802566,0],[174.89957566346,-36.8524374540405,0],[174.899575221075,-36.8524290968149,0],[174.899573419627,-36.8524211128314,0],[174.899568952256,-36.8523942346225,0],[174.8995685342,-36.8523800634605,0],[174.899568985403,-36.8523779020807,0],[174.899567671815,-36.8523470346656,0],[174.899565889128,-36.8523379507653,0],[174.899565445544,-36.8523169029002,0],[174.899564562425,-36.852312897107,0],[174.899566401318,-36.8522893160846,0],[174.899564171879,-36.8522776795622,0],[174.899562821557,-36.8522747808541,0],[174.899561017577,-36.8522671475261,0],[174.899559216095,-36.8522645994349,0],[174.899558763109,-36.852261704409,0],[174.899557421261,-36.852259148069,0],[174.899556967106,-36.8522566135918,0],[174.899554715833,-36.8522522511124,0],[174.899547965282,-36.8522282846266,0],[174.899547985009,-36.8522250034875,0],[174.899543517704,-36.8521945019483,0],[174.899543134485,-36.8521400500058,0],[174.899537745617,-36.8521262377135,0],[174.899527370676,-36.8521062319006,0],[174.899525138414,-36.8520989668494,0],[174.899523771405,-36.8520967984809,0],[174.899522433942,-36.8520917003332,0],[174.899520634957,-36.8520887997831,0],[174.899518404673,-36.8520702861615,0],[174.899517951086,-36.8520619291141,0],[174.899517069165,-36.8520557511074,0],[174.899517521288,-36.852051769036,0],[174.899519332317,-36.8520452325186,0],[174.899520711435,-36.8520325288276,0],[174.899521633079,-36.8520285302375,0],[174.899522550474,-36.8520162034704,0],[174.89952075338,-36.8520093010061,0],[174.899519846925,-36.8520071162623,0],[174.899519412768,-36.8519976863273,0],[174.89951851254,-36.8519925811902,0],[174.899517647514,-36.8519708180989,0],[174.899516304569,-36.8519649998797,0],[174.899517761162,-36.851892032345,0],[174.899518685521,-36.8518895028717,0],[174.899516003841,-36.8518713299553,0],[174.899516465875,-36.8518637153847,0],[174.899517820636,-36.8518586372942,0],[174.899518298105,-36.8518430367352,0],[174.899517416031,-36.8518314147262,0],[174.899516965319,-36.8518299707972,0],[174.899518803486,-36.8518117977369,0],[174.89952061403,-36.8518038371331,0],[174.899517954977,-36.8517874845318,0],[174.899517550039,-36.8517511856235,0],[174.899529352659,-36.8517141868348,0],[174.89954430628,-36.8516884493075,0],[174.899556978941,-36.8516721481614,0],[174.899558354051,-36.8516692518536,0],[174.899563337259,-36.8516616461294,0],[174.899566505481,-36.8516551149556,0],[174.899568315731,-36.8516525803338,0],[174.899578734788,-36.8516344503681,0],[174.899581467121,-36.8516279351751,0],[174.89958372125,-36.8516243028539,0],[174.899587821412,-36.8516105191401,0],[174.899592350448,-36.8516054533989,0],[174.899594152471,-36.8516007286878,0],[174.899595961821,-36.8515982030933,0],[174.899604128685,-36.8515742685404,0],[174.899616833638,-36.8515528842986,0],[174.899621814156,-36.8515401861272,0],[174.899629071673,-36.851527136092,0],[174.899630888587,-36.8515216990953,0],[174.899631380909,-36.8514872155335,0],[174.899626003122,-36.8514661464965,0],[174.899626915715,-36.8514545327529,0],[174.899627817643,-36.8514520036373,0],[174.89962743482,-36.851419318689,0],[174.899626528431,-36.8514116989533,0],[174.899625256114,-36.8513724846025,0],[174.899626154184,-36.8513702980521,0],[174.899624400222,-36.851332921091,0],[174.899621718746,-36.8513165688493,0],[174.89961900055,-36.8513114657343,0],[174.89961136165,-36.8512896676164,0],[174.899609113453,-36.8512776798757,0],[174.899606416032,-36.8512715128645,0],[174.89960418727,-36.8512599024683,0],[174.899602839731,-36.851256617047,0],[174.899602385428,-36.8512519013647,0],[174.899601483563,-36.8512489954876,0],[174.899601062904,-36.8512242968852,0],[174.89959972136,-36.8512163145618,0],[174.89959972803,-36.8512134121876,0],[174.899597049037,-36.8512003317162,0],[174.899596169316,-36.8511829141474,0],[174.899597979394,-36.8511749355229,0],[174.899603068829,-36.8511059649693,0],[174.899612614396,-36.851062062947,0],[174.899613078891,-36.8510577201469,0],[174.899614451049,-36.8510515331467,0],[174.89961401804,-36.8510435543262,0],[174.899613116198,-36.8510388367847,0],[174.899612234145,-36.8510254031108,0],[174.899611334371,-36.8510203159929,0],[174.899612048495,-36.8508529645122,0],[174.89961341469,-36.8508460835867,0],[174.899613151108,-36.8508254654758,0],[174.899618965185,-36.8507948356305,0],[174.899623712838,-36.850787729398,0],[174.899626317239,-36.8507769529796,0],[174.899615394673,-36.850699062892,0],[174.899621032783,-36.8506649035648,0],[174.899630582802,-36.8506488695476,0],[174.899647047269,-36.8506275874415,0],[174.899661582438,-36.8505972327884,0],[174.899672733184,-36.8505325016073,0],[174.899664677844,-36.8505034364507,0],[174.899658282415,-36.8504924523855,0],[174.899658530925,-36.8504852287963,0],[174.899650430509,-36.8504579670098,0],[174.899660473543,-36.8503589040245,0],[174.899655271347,-36.8503118478666,0],[174.899636016491,-36.8502806994138,0],[174.899625472061,-36.850123379378,0],[174.899628033146,-36.8501144333418,0],[174.899628628196,-36.8500963792938,0],[174.899633533491,-36.850083862588,0],[174.899634129882,-36.8500658175317,0],[174.899675862577,-36.8499620838311,0],[174.899716301712,-36.8498980291161,0],[174.899739482118,-36.8498101127997,0],[174.899770065999,-36.8497711012142,0],[174.899801728394,-36.8496996336743,0],[174.899834611531,-36.8496588637825,0],[174.899855598354,-36.8496376986256,0],[174.899929137896,-36.8495942687516,0],[174.899938419286,-36.8495854676348,0],[174.899981983705,-36.8495630041007,0],[174.900007098586,-36.849552750159,0],[174.900032450317,-36.8495353016503,0],[174.900065344473,-36.8494945315198,0],[174.90007032927,-36.8494802018608,0],[174.900070801098,-36.8494657821221,0],[174.900118286495,-36.8493928627376,0],[174.900342780254,-36.8492121354526,0],[174.900354587548,-36.8491961463998,0],[174.900356788684,-36.8491781477833,0],[174.900366917662,-36.84909537031,0],[174.900382386608,-36.8490361663324,0],[174.900381448835,-36.848996433776,0],[174.900362363557,-36.8489599018091,0],[174.900334121483,-36.8489285456656,0],[174.900332113687,-36.8489212860496,0],[174.9002934044,-36.8488662301806,0],[174.900292150935,-36.8488355330506,0],[174.900275749822,-36.848786420707,0],[174.900276053661,-36.8487774025929,0],[174.900267830578,-36.8487537481058,0],[174.900253853692,-36.8486992701587,0],[174.900205071624,-36.848607898681,0],[174.900205420323,-36.848597068185,0],[174.900198912641,-36.8485897002552,0],[174.900192631224,-36.8485751181025,0],[174.90014308261,-36.8485071843053,0],[174.900098361844,-36.8484285466625,0],[174.900089666132,-36.8484193209277,0],[174.900085447898,-36.848410203866,0],[174.900053550571,-36.848353497724,0],[174.900050187409,-36.8483191199566,0],[174.900080281488,-36.8482259653798,0],[174.900141761402,-36.8481371481679,0],[174.90017889648,-36.8481037190916,0],[174.900183699965,-36.848094799378,0],[174.900309267693,-36.8479749620835,0],[174.90036192121,-36.847949117314,0],[174.900377844759,-36.8479440676194,0],[174.900412262648,-36.8479250130015,0],[174.900437918459,-36.8478985363761,0],[174.900488017332,-36.8478130466216,0],[174.900505450044,-36.8477629155058,0],[174.900639449071,-36.8474555646364,0],[174.900672196565,-36.8474184299297,0],[174.900716266017,-36.8473797341975,0],[174.900778588407,-36.8472656660685,0],[174.900781485341,-36.8472458807,0],[174.900791013867,-36.8472298649599,0],[174.900742969462,-36.8470482501641,0],[174.900723412606,-36.8470261289683,0],[174.900712349149,-36.8470204653302,0],[174.900705898035,-36.8470113019812,0],[174.90062038745,-36.84694073572,0],[174.900603052088,-36.8469204627447,0],[174.900526169987,-36.8468609339518,0],[174.900513098596,-36.846848001668,0],[174.900504684193,-36.8468297491899,0],[174.900491669067,-36.8468150124508,0],[174.900449385266,-36.8467310009922,0],[174.900443630648,-36.846700185657,0],[174.900424097979,-36.8466780829496,0],[174.900451882431,-36.84665524969,0],[174.900470184981,-36.8466466467698,0],[174.900560028029,-36.8465855692216,0],[174.900625717802,-36.8465744508226,0],[174.900650527855,-36.8465732157879,0],[174.900708731198,-36.8465835875129,0],[174.900753086558,-36.8466044648293,0],[174.900797914985,-36.8466109313764,0],[174.900863413284,-36.8466052148499,0],[174.900881603679,-36.8466002369904,0],[174.900918320961,-36.8465794149053,0],[174.900939227982,-36.8465600534895,0],[174.900951371479,-36.846533252104,0],[174.900988201467,-36.8465088319051,0],[174.901006515129,-36.8465002287255,0],[174.901013496823,-36.8464931858464,0],[174.901077469842,-36.8464657806656,0],[174.901105369014,-36.8464393491308,0],[174.901133850986,-36.8463948817513,0],[174.901166012728,-36.8463757818954,0],[174.901186311939,-36.8463744476622,0],[174.901209001365,-36.8463695510023,0],[174.901226831465,-36.8463753857504,0],[174.901251203004,-36.8463885968448,0],[174.901259832931,-36.8463996532423,0],[174.90127304962,-36.8464089868299,0],[174.901292348016,-36.8464383316912,0],[174.901305453986,-36.846451299389,0],[174.901322204623,-36.8464896171447,0],[174.901359569449,-36.8465175823379,0]]],[[[174.899572007119,-36.8622787609292,0],[174.899599490521,-36.8622844911066,0],[174.899591260307,-36.8622626448057,0],[174.899572007119,-36.8622787609292,0]]],[[[174.899617749863,-36.8623140825774,0],[174.899645233281,-36.8623198127437,0],[174.89963700305,-36.8622979664466,0],[174.899617749863,-36.8623140825774,0]]],[[[174.910522452434,-36.8673449605847,0],[174.910538978642,-36.8673547869361,0],[174.910534546781,-36.8673361080102,0],[174.910522452434,-36.8673449605847,0]]],[[[174.913538463282,-36.8752329094766,0],[174.913587325644,-36.8753460898533,0],[174.913691586671,-36.8753155312506,0],[174.913742863936,-36.8752708975006,0],[174.913925460112,-36.8752807195834,0],[174.914005919112,-36.8754210991251,0],[174.914003490281,-36.8755213307791,0],[174.914075567369,-36.8755813700566,0],[174.914140043861,-36.875578270812,0],[174.914166548173,-36.8755972176423,0],[174.914199598906,-36.87562475402,0],[174.914300686496,-36.8756970262188,0],[174.914305863436,-36.8757665661521,0],[174.914304356733,-36.875828221778,0],[174.914376055936,-36.8759002905588,0],[174.914426869319,-36.8759608299848,0],[174.914509373731,-36.8760198203648,0],[174.914538017192,-36.8760612557141,0],[174.914470118824,-36.8761695132188,0],[174.914519178026,-36.876240485703,0],[174.914554954347,-36.8763253578659,0],[174.914634472962,-36.8763648123931,0],[174.914656942104,-36.8764011889636,0],[174.914680681032,-36.8764181468625,0],[174.914704826494,-36.8764382654418,0],[174.914815403174,-36.8764780376792,0],[174.914817541937,-36.876506671481,0],[174.914785826867,-36.8766125243889,0],[174.914825102919,-36.8766760571922,0],[174.915003279492,-36.8767921873451,0],[174.915213492592,-36.8768828387126,0],[174.915301297601,-36.8770452271593,0],[174.915275694133,-36.8771570998091,0],[174.915125186837,-36.8774347008087,0],[174.915063838709,-36.8776964297656,0],[174.915092053766,-36.8780759730018,0],[174.914953918275,-36.8782962676427,0],[174.914769212164,-36.8786541483524,0],[174.914588373895,-36.8789247746108,0],[174.914283332809,-36.8792876214051,0],[174.914008748961,-36.8795407710678,0],[174.913952869214,-36.879656598594,0],[174.913826829559,-36.8799657636436,0],[174.913710230117,-36.8801852971091,0],[174.913677464534,-36.8802746184013,0],[174.913666027211,-36.8802834724334,0],[174.913593202322,-36.8802314027951,0],[174.912803967304,-36.8794407600067,0],[174.912572963487,-36.8792108220677,0],[174.91195248675,-36.8785892000119,0],[174.911721488093,-36.8783592602386,0],[174.911101025265,-36.8777376332541,0],[174.910870031769,-36.8775076916465,0],[174.910249582849,-36.8768860597337,0],[174.90989472067,-36.8765327855159,0],[174.909846092436,-36.8764692688788,0],[174.909859126631,-36.8764093117135,0],[174.910011211814,-36.8762576828388,0],[174.910120620595,-36.8762128469831,0],[174.910227425691,-36.8761664503452,0],[174.910298257946,-36.8761467135586,0],[174.91038215048,-36.876110279764,0],[174.910529575703,-36.8761964745504,0],[174.910804516704,-36.8761158974634,0],[174.910948711685,-36.8761726659989,0],[174.911040205673,-36.8762065341295,0],[174.911153269989,-36.8762591469546,0],[174.911221435081,-36.876275724355,0],[174.911288764537,-36.8762930281039,0],[174.911355192634,-36.8762908687865,0],[174.911515280557,-36.8763795156931,0],[174.911540655564,-36.8763786937002,0],[174.911738316941,-36.8764565093499,0],[174.911819803834,-36.8766452846457,0],[174.911950207651,-36.8766410381891,0],[174.912219901887,-36.8767472155557,0],[174.91224199189,-36.8767279881547,0],[174.912306845541,-36.8766758664362,0],[174.912336474533,-36.876624197231,0],[174.912396296821,-36.876599671951,0],[174.912457492606,-36.8765730902516,0],[174.912325875422,-36.8764926471354,0],[174.912302914383,-36.8764541382947,0],[174.912345436017,-36.8763473991084,0],[174.912401005717,-36.876347420331,0],[174.912449852091,-36.8763458327445,0],[174.91238547021,-36.8762727301582,0],[174.912385506491,-36.8761670353778,0],[174.912384619716,-36.8761490232514,0],[174.9123847007,-36.8759598772276,0],[174.912353029721,-36.8757882294933,0],[174.912398506493,-36.8757516825905,0],[174.912530483113,-36.8757517230138,0],[174.91255589785,-36.8757296082826,0],[174.912549776992,-36.8756080817852,0],[174.912572470136,-36.8755304697168,0],[174.912722432667,-36.8754099779687,0],[174.912746581517,-36.8753678850879,0],[174.912813864695,-36.875349127809,0],[174.912861470447,-36.8752881648441,0],[174.913013476486,-36.8752557817268,0],[174.913144406805,-36.8751813649529,0],[174.91330280288,-36.8751609905053,0],[174.913424380279,-36.875099055915,0],[174.913538463282,-36.8752329094766,0]]],[[[174.919325076284,-36.8853954769374,0],[174.919309487762,-36.8856691345337,0],[174.918869570029,-36.8855063990216,0],[174.91824427595,-36.8848820900589,0],[174.918200203552,-36.8848250957505,0],[174.918175409122,-36.8845024475095,0],[174.918257159315,-36.8843557195844,0],[174.918361461766,-36.8842615798475,0],[174.91850032902,-36.8842981713934,0],[174.918623253097,-36.884327257225,0],[174.918820843134,-36.8844344591755,0],[174.918900234752,-36.8845340297206,0],[174.91903838343,-36.8847222366116,0],[174.919142543638,-36.8848316341037,0],[174.919211426887,-36.8848808679456,0],[174.919224007424,-36.8849439335992,0],[174.919325076284,-36.8853954769374,0]]]]},"properties":{"OBJECTID":100,"TYPE":3,"SUBTYPE":null,"SCHEDULE":null,"NAME":null,"VALIDATIONSTATE":3,"VERSIONSTATUS":4,"GlobalID":"d818f236-8392-42e3-9201-7218b2dce245"}},{"type":"Feature","id":101,"geometry":{"type":"MultiPolygon","coordinates":[[[[174.850146160551,-36.8892442592312,0],[174.850314900103,-36.8893588494954,0],[174.851142682862,-36.8898910662728,0],[174.851150814601,-36.889918094734,0],[174.851192753025,-36.8900574821651,0],[174.851346533471,-36.8905685832687,0],[174.851362416232,-36.8906212670567,0],[174.851391525312,-36.8907180232884,0],[174.851396288681,-36.8907338601721,0],[174.851532017296,-36.8911850165429,0],[174.851555333535,-36.8912624168871,0],[174.851569379047,-36.8913091300446,0],[174.851629837912,-36.8915102011145,0],[174.851756733149,-36.8919322170397,0],[174.851850633406,-36.892244982715,0],[174.851924100255,-36.8924896832102,0],[174.851959327804,-36.8926070130895,0],[174.852038216324,-36.8928697663579,0],[174.852047900141,-36.8929018332897,0],[174.852107250066,-36.8930975827706,0],[174.852111400486,-36.8931133498569,0],[174.852114198998,-36.8931226755111,0],[174.852159499645,-36.8932736164469,0],[174.851568817298,-36.8933939498538,0],[174.851453517677,-36.8934174410862,0],[174.851052491563,-36.8934991465663,0],[174.850997356914,-36.8935103800079,0],[174.850983628504,-36.8935131762367,0],[174.850921016583,-36.8935259331307,0],[174.850501699998,-36.8936113495136,0],[174.850503194612,-36.8936252391082,0],[174.850509072356,-36.8936798797018,0],[174.850521450218,-36.8937949503263,0],[174.850272746913,-36.8940395329105,0],[174.850064684186,-36.8942441472087,0],[174.849887013585,-36.8944188721374,0],[174.849453858302,-36.8948448413609,0],[174.849465093744,-36.8950198969451,0],[174.849432626498,-36.8950179445462,0],[174.849347033456,-36.8958803667852,0],[174.848893536783,-36.8956095827386,0],[174.848698413145,-36.8954930723162,0],[174.848556288145,-36.8956372900717,0],[174.848278326956,-36.8954700444199,0],[174.848248033445,-36.8954518168679,0],[174.847802833185,-36.8957743330477,0],[174.847591757841,-36.8958648495388,0],[174.847420050424,-36.8959384835192,0],[174.84733016653,-36.8959451055551,0],[174.847115024484,-36.8959609554459,0],[174.847032533954,-36.8959670323524,0],[174.847031763712,-36.8959668757815,0],[174.847028962407,-36.8959663055378,0],[174.846734000114,-36.8959062666597,0],[174.846404500334,-36.8961327829033,0],[174.846315772318,-36.8961933964212,0],[174.846268930247,-36.8962253960591,0],[174.846261916188,-36.8962301829689,0],[174.846152296995,-36.896328249447,0],[174.846127666755,-36.8963502830358,0],[174.845965749814,-36.8964951163177,0],[174.846002849692,-36.8965047833232,0],[174.845642549972,-36.8974853170026,0],[174.845314483474,-36.8974081167333,0],[174.845206216463,-36.8973824830694,0],[174.845068483393,-36.8973498665686,0],[174.845042232933,-36.8973436495761,0],[174.845002817156,-36.8973343832853,0],[174.844863239308,-36.8973013003704,0],[174.844766199885,-36.8972782995489,0],[174.84475480078,-36.8967554815661,0],[174.844732824744,-36.8967502761035,0],[174.844581199955,-36.8967143496741,0],[174.844388549791,-36.8966687002335,0],[174.844247988506,-36.896610875992,0],[174.844182899654,-36.8965840995635,0],[174.844020083818,-36.8965389498245,0],[174.84385421621,-36.8964929332869,0],[174.843687133363,-36.8964528832362,0],[174.843520049971,-36.8964128500815,0],[174.843419100352,-36.8963886496702,0],[174.843352950237,-36.8963727835937,0],[174.843185833111,-36.8963327333621,0],[174.843018716882,-36.8962926666548,0],[174.842851599696,-36.8962525997248,0],[174.842681199823,-36.8962118164527,0],[174.842729633731,-36.896080149964,0],[174.842778050244,-36.8959484665997,0],[174.842826450093,-36.8958167501244,0],[174.842893531936,-36.8956341162133,0],[174.842960868744,-36.8954508509832,0],[174.843028533105,-36.895266566638,0],[174.84309626691,-36.8950821495816,0],[174.84313219984,-36.8949847002082,0],[174.843095044875,-36.8949736306787,0],[174.843056899791,-36.8949622664437,0],[174.843018483164,-36.8949507162294,0],[174.842852044591,-36.8949011342274,0],[174.842760849501,-36.8948739670405,0],[174.842744625831,-36.8948691541694,0],[174.842722366594,-36.8948625502524,0],[174.842607475405,-36.894828382198,0],[174.842608205167,-36.894825502853,0],[174.842686239162,-36.8946120161443,0],[174.842949957884,-36.8938905256073,0],[174.843005043017,-36.8937375664743,0],[174.842961699722,-36.893653933273,0],[174.842913297315,-36.8936204887643,0],[174.842648683581,-36.8934376495048,0],[174.842445633423,-36.8933486329805,0],[174.842363966266,-36.8935715001522,0],[174.842306033151,-36.893729600186,0],[174.84220995044,-36.8939918003457,0],[174.842197633418,-36.8940255496071,0],[174.842011500294,-36.8939082495146,0],[174.841823166458,-36.8937895663573,0],[174.841634850438,-36.8936708997408,0],[174.841491433307,-36.8938177169405,0],[174.841425299803,-36.8938854170172,0],[174.841385583672,-36.893860383614,0],[174.841451033045,-36.8937933999046,0],[174.841310916318,-36.8937088831639,0],[174.841039367072,-36.8939868498883,0],[174.840856416221,-36.8938715662849,0],[174.84073664993,-36.8937960829534,0],[174.840715616852,-36.8937710833752,0],[174.840492933656,-36.8937029666889,0],[174.840294649851,-36.8938107163698,0],[174.840096366624,-36.8939184666168,0],[174.839898082831,-36.8940262165461,0],[174.839699799616,-36.8941339670416,0],[174.839594966963,-36.894190916855,0],[174.83943829982,-36.894166633092,0],[174.839374107364,-36.8940904157566,0],[174.839122183336,-36.8937912999068,0],[174.838996200362,-36.8936406501326,0],[174.838880883128,-36.8935035668387,0],[174.838674066865,-36.8933691499242,0],[174.838663161049,-36.8933620170743,0],[174.838600958283,-36.8933213349156,0],[174.83848156693,-36.8932432503392,0],[174.838384821844,-36.8931799763997,0],[174.83828906648,-36.8931173495385,0],[174.838145983428,-36.8930236831528,0],[174.838114283381,-36.8930028167138,0],[174.838108186395,-36.8929988289433,0],[174.837939266746,-36.8928883503298,0],[174.837764350099,-36.8927738668099,0],[174.837981682834,-36.8925595500255,0],[174.838192033043,-36.8923519999206,0],[174.838389500263,-36.8921215000113,0],[174.838470333226,-36.8921816501816,0],[174.838753533842,-36.8923922831274,0],[174.839345890986,-36.8926173305009,0],[174.839572966977,-36.8927035999227,0],[174.839675577558,-36.8926761264457,0],[174.839643416265,-36.8926378331661,0],[174.839688983517,-36.8925697162004,0],[174.839815183438,-36.8923807332683,0],[174.839883166921,-36.8922920666578,0],[174.840609766699,-36.8922415499949,0],[174.840642500017,-36.8922283331502,0],[174.840769816208,-36.8921558331196,0],[174.840937966821,-36.8922600328404,0],[174.840949416312,-36.8922736330992,0],[174.840954582296,-36.8922797821157,0],[174.841022399652,-36.8923604995506,0],[174.841187466959,-36.8922710828098,0],[174.841333149656,-36.8921706835049,0],[174.841373506297,-36.8921330241445,0],[174.841461816649,-36.8920506167387,0],[174.841608066627,-36.8918745327928,0],[174.841781999836,-36.8919364162427,0],[174.841969483802,-36.8918969170266,0],[174.842044916736,-36.8917522828917,0],[174.842121166263,-36.8916064327723,0],[174.842351949563,-36.891476900197,0],[174.84253943326,-36.8913719663807,0],[174.842628216832,-36.8913221166698,0],[174.84263811028,-36.8913175241603,0],[174.842645200503,-36.8913142333884,0],[174.842693999634,-36.8912917670062,0],[174.843092216378,-36.8911083995652,0],[174.843328123812,-36.8911877927762,0],[174.843646307552,-36.8912948745359,0],[174.843838699473,-36.8913591995035,0],[174.843883060557,-36.8913045195629,0],[174.843939143842,-36.8912341863471,0],[174.844197367224,-36.8909103495276,0],[174.84428966708,-36.8907943333952,0],[174.84454208315,-36.8906876834616,0],[174.844631383476,-36.8906498335414,0],[174.844714625739,-36.8906145175288,0],[174.845317316633,-36.8903588163666,0],[174.845985216616,-36.8901351667549,0],[174.846257793858,-36.8900437541203,0],[174.846476924871,-36.8899702644419,0],[174.846537299619,-36.8899500167991,0],[174.846569549778,-36.8899387662377,0],[174.846611883306,-36.8899245828283,0],[174.846658099701,-36.8899094827803,0],[174.846716197796,-36.8898899428304,0],[174.847020033303,-36.8897877331226,0],[174.847060871513,-36.8897740414955,0],[174.847668388016,-36.8895700266634,0],[174.847969846461,-36.8894687898051,0],[174.847991438333,-36.8894615389174,0],[174.848112150345,-36.8894210002975,0],[174.848159674657,-36.8893160034398,0],[174.848171829776,-36.8893326339999,0],[174.848208097748,-36.8892283206025,0],[174.848318144754,-36.8892256096855,0],[174.848547100359,-36.8892925001576,0],[174.848976766792,-36.8892980828427,0],[174.849214149973,-36.8891911667537,0],[174.849692250505,-36.888975899518,0],[174.849799966239,-36.8889943335221,0],[174.850000633493,-36.8891454328614,0],[174.850146160551,-36.8892442592312,0]]],[[[174.833719716272,-36.8888267997572,0],[174.833695017165,-36.8890719335077,0],[174.833146847171,-36.8890556904092,0],[174.832543166603,-36.8890377999471,0],[174.832451133331,-36.888950116918,0],[174.832305867238,-36.8888113500411,0],[174.832110733652,-36.8886247668056,0],[174.831772143219,-36.8882470078703,0],[174.831757517049,-36.8882306831839,0],[174.831749833308,-36.8880396502809,0],[174.831974499965,-36.88786266706,0],[174.832587716297,-36.8874743002388,0],[174.832999033646,-36.8872138169577,0],[174.83320470013,-36.8870834998604,0],[174.833365099762,-36.8872503501182,0],[174.833477549957,-36.8873672827782,0],[174.833603699512,-36.8874984999597,0],[174.833869500485,-36.8877750331697,0],[174.833863983237,-36.8878136330697,0],[174.833811582899,-36.8881815166879,0],[174.833719716272,-36.8888267997572,0]]]]},"properties":{"OBJECTID":101,"TYPE":3,"SUBTYPE":null,"SCHEDULE":null,"NAME":"Mount Wellington","VALIDATIONSTATE":3,"VERSIONSTATUS":4,"GlobalID":"816b271e-7418-41f0-9677-b6a04eaa28b3"}},{"type":"Feature","id":102,"geometry":{"type":"Polygon","coordinates":[[[174.796418383186,-36.8209166328906,0],[174.796554875843,-36.8211899389053,0],[174.796884183528,-36.8211199836335,0],[174.796989900316,-36.8211428832026,0],[174.797250400411,-36.8211135495879,0],[174.797572183682,-36.8210773001773,0],[174.79788244951,-36.8210423498721,0],[174.798110549448,-36.8210166464926,0],[174.798245516846,-36.8210014335144,0],[174.798290466798,-36.8209963495603,0],[174.798783016521,-36.820940850285,0],[174.798923450288,-36.8209250184241,0],[174.799004500545,-36.8209158834585,0],[174.799256717106,-36.8208874495829,0],[174.799486400486,-36.8208615663758,0],[174.799508233777,-36.8212138668099,0],[174.799593883856,-36.8214287331678,0],[174.799644649531,-36.8215536164476,0],[174.799715316785,-36.8217258001585,0],[174.800065683098,-36.8216328331332,0],[174.800131366439,-36.8217927499547,0],[174.8001948662,-36.821939033629,0],[174.800367783069,-36.8218953162833,0],[174.80049629976,-36.8222082667594,0],[174.800671500216,-36.8221617499589,0],[174.800846599604,-36.8221152831059,0],[174.800718116817,-36.8218023496316,0],[174.800888683477,-36.8217570663495,0],[174.800825250154,-36.8216026167783,0],[174.800761563067,-36.8214503874146,0],[174.801092724503,-36.8213592018391,0],[174.801156586369,-36.8215125018723,0],[174.801157647988,-36.8215126894902,0],[174.801159631118,-36.8215121096222,0],[174.801527131053,-36.8214046564048,0],[174.801859931047,-36.8211490901962,0],[174.801975983785,-36.82107131622,0],[174.802067666938,-36.8210194664592,0],[174.802098583887,-36.8210019668804,0],[174.802226481259,-36.8209417560455,0],[174.802228333832,-36.820941251148,0],[174.802402714382,-36.8208937401657,0],[174.802404531763,-36.8208936468117,0],[174.802545300215,-36.8208864332624,0],[174.802770282982,-36.8208730832792,0],[174.802985731237,-36.8208591401853,0],[174.803207433519,-36.8208470829857,0],[174.803358366933,-36.8208381495478,0],[174.803422666774,-36.8208343997363,0],[174.803532833443,-36.8206689164089,0],[174.803662599778,-36.8204889998296,0],[174.803750666583,-36.8203654161684,0],[174.803847782908,-36.8202267995214,0],[174.803863833522,-36.8202038664444,0],[174.803881432949,-36.8200159667335,0],[174.80388483337,-36.8199795828833,0],[174.804041883645,-36.8199027828669,0],[174.804187833762,-36.8198314329887,0],[174.804333817182,-36.8197600328542,0],[174.804479799607,-36.8196886496835,0],[174.804823750453,-36.8195204165623,0],[174.804939299614,-36.8195579832686,0],[174.805414299864,-36.8197127162455,0],[174.805414354272,-36.8197127415581,0],[174.805614349976,-36.8198059998296,0],[174.80586835044,-36.8197777502204,0],[174.806072166649,-36.8197550666965,0],[174.806119666921,-36.8196461495862,0],[174.806225550195,-36.8195908333683,0],[174.806250475386,-36.8195825769033,0],[174.806278049827,-36.819565549769,0],[174.806283499634,-36.8195625997874,0],[174.806322233003,-36.8195415002681,0],[174.80633353323,-36.8195325170281,0],[174.806332316878,-36.819537382934,0],[174.80632723326,-36.8195571500206,0],[174.806322416832,-36.8195769328766,0],[174.806318267198,-36.8195968002413,0],[174.806317233557,-36.8196026665656,0],[174.806314332974,-36.8196226835016,0],[174.806312132787,-36.8196427835346,0],[174.806310416572,-36.8196629167739,0],[174.806308932806,-36.8196830663106,0],[174.806306933297,-36.819698683619,0],[174.806304366937,-36.8197188496057,0],[174.806302150382,-36.8197390165864,0],[174.806300583661,-36.819759166482,0],[174.806299966847,-36.8197792830153,0],[174.806300700515,-36.8197993330595,0],[174.80630069995,-36.8197994998165,0],[174.806302283178,-36.819819682969,0],[174.806305116387,-36.8198398164822,0],[174.806309283542,-36.8198597999322,0],[174.806314799843,-36.8198795168148,0],[174.806321716396,-36.8198988996539,0],[174.80632204989,-36.8198997328353,0],[174.806330332878,-36.8199185829475,0],[174.806340083741,-36.819937066441,0],[174.80635086687,-36.8199552998986,0],[174.806362316499,-36.8199733663935,0],[174.80637396716,-36.819991400088,0],[174.806385467252,-36.820009466715,0],[174.806393416267,-36.820023933258,0],[174.806403482922,-36.8200424002294,0],[174.806413516321,-36.8200608830281,0],[174.806423583367,-36.8200793662159,0],[174.806433749757,-36.8200977829963,0],[174.806444083536,-36.8201161665864,0],[174.806454350072,-36.8201338833022,0],[174.806465133595,-36.8201520833925,0],[174.806476066556,-36.8201702496637,0],[174.806487116813,-36.820188350156,0],[174.806498283605,-36.8202064002037,0],[174.806509516545,-36.8202244501463,0],[174.806520833521,-36.8202424501381,0],[174.806526133433,-36.820251100003,0],[174.806537250575,-36.8202691832495,0],[174.806548449892,-36.8202872327976,0],[174.806559766886,-36.8203052327851,0],[174.806571216866,-36.8203231667549,0],[174.806582866673,-36.8203410165658,0],[174.806594733137,-36.8203587828632,0],[174.806599766235,-36.8203660496127,0],[174.80661216721,-36.820383566225,0],[174.806624833413,-36.8204009670384,0],[174.806637666182,-36.8204182995209,0],[174.806650633079,-36.8204355668693,0],[174.806663666843,-36.8204528169759,0],[174.8066766834,-36.8204700502168,0],[174.806689650294,-36.8204873166594,0],[174.806702483113,-36.8205046500348,0],[174.806715132907,-36.8205220664101,0],[174.806717716181,-36.82052570012,0],[174.806730032777,-36.8205432495483,0],[174.806742216823,-36.8205608830121,0],[174.806754266391,-36.8205785662897,0],[174.806766200555,-36.8205962999924,0],[174.806777999502,-36.8206140997444,0],[174.806789649805,-36.8206319666511,0],[174.80680114994,-36.8206498836101,0],[174.80681250029,-36.82066786684,0],[174.806815516434,-36.8206726494896,0],[174.806826700209,-36.8206907001465,0],[174.806837733795,-36.8207087999549,0],[174.806848700167,-36.8207269494563,0],[174.806859617234,-36.820745099706,0],[174.806867870331,-36.8207588549389,0],[174.806869091856,-36.8207626481506,0],[174.806870516755,-36.8207632664455,0],[174.806876250449,-36.8207676661776,0],[174.806883782917,-36.8207749003314,0],[174.806887499522,-36.8207767168288,0],[174.806888583259,-36.8207777495189,0],[174.806890033733,-36.8207829832015,0],[174.806893016236,-36.8207867162959,0],[174.806906700154,-36.8208075330193,0],[174.806916483389,-36.8208201833785,0],[174.806924033479,-36.8208278327807,0],[174.806929199848,-36.8208349000951,0],[174.806933099756,-36.8208430331193,0],[174.806937216314,-36.8208496999706,0],[174.80695133387,-36.820867550087,0],[174.806964783822,-36.8208801329876,0],[174.806970716608,-36.8208861331775,0],[174.806982766618,-36.8208955835578,0],[174.806990016637,-36.8209022000714,0],[174.806995650557,-36.8209069330084,0],[174.807015049957,-36.8209263667055,0],[174.807019066543,-36.8209294495319,0],[174.807032067129,-36.8209445666206,0],[174.807037166686,-36.820949316692,0],[174.80704176632,-36.8209544997965,0],[174.807049667166,-36.8209657167811,0],[174.807053800256,-36.8209727997971,0],[174.807066333076,-36.8209900502603,0],[174.807075917234,-36.8210048163791,0],[174.807080533114,-36.8210108329771,0],[174.807086283571,-36.8210195670012,0],[174.807090916866,-36.8210257996563,0],[174.807126133897,-36.8210586166706,0],[174.807143116214,-36.8210759995808,0],[174.807157000096,-36.8210946833601,0],[174.807165749995,-36.8211075828543,0],[174.807175516797,-36.8211198170201,0],[174.807180149831,-36.8211264669971,0],[174.807189766584,-36.8211422835761,0],[174.807195183796,-36.8211487170259,0],[174.807203517223,-36.8211563499937,0],[174.807214283608,-36.8211664670282,0],[174.807227366234,-36.8211759170064,0],[174.807230883139,-36.8211796329538,0],[174.807234617019,-36.8211825163671,0],[174.807242433411,-36.8211899498836,0],[174.807249500513,-36.8211990830063,0],[174.807251766229,-36.8212051335246,0],[174.807254083727,-36.8212130995103,0],[174.807256033312,-36.8212174828441,0],[174.807270483163,-36.8212376335025,0],[174.807281000476,-36.8212485997769,0],[174.807294132786,-36.8212586835372,0],[174.807309200322,-36.8212733500439,0],[174.807324616915,-36.8212907495207,0],[174.807350183704,-36.8213243828835,0],[174.8073605833,-36.8213404002619,0],[174.807365317063,-36.821350616214,0],[174.807372182877,-36.8213618669391,0],[174.807375716444,-36.8213664334961,0],[174.807380833688,-36.8213715997032,0],[174.807387533803,-36.8213769500535,0],[174.807394550141,-36.8213844002306,0],[174.807400533506,-36.821392499757,0],[174.807407283598,-36.8213991166341,0],[174.807421200257,-36.8214097995643,0],[174.807436232846,-36.8214232164229,0],[174.807444600007,-36.8214318998254,0],[174.807450517076,-36.821437466683,0],[174.807454833413,-36.8214422331509,0],[174.807460266689,-36.8214492999875,0],[174.807469833237,-36.8214632163736,0],[174.807499516499,-36.8215039329546,0],[174.807508516645,-36.8215165996754,0],[174.807536799734,-36.8215444997135,0],[174.8075510499,-36.8215573002183,0],[174.807556433108,-36.821562666978,0],[174.807576449524,-36.8215852495001,0],[174.807584583672,-36.8215954164399,0],[174.807594317102,-36.8216152331703,0],[174.807598117239,-36.8216202165936,0],[174.807603233394,-36.8216253828072,0],[174.807610282943,-36.8216340997534,0],[174.807616816768,-36.8216428164294,0],[174.80763100034,-36.8216534997816,0],[174.807654383686,-36.8216751829268,0],[174.807664367147,-36.8216855164286,0],[174.807669316782,-36.8216938497852,0],[174.807671266405,-36.8216982331108,0],[174.807673467115,-36.8217015661594,0],[174.807677233197,-36.8217054829083,0],[174.807681866311,-36.821712132863,0],[174.807687033598,-36.8217185664841,0],[174.807694016313,-36.8217249661882,0],[174.807699383813,-36.8217292831157,0],[174.807707217268,-36.8217381999503,0],[174.807712883029,-36.8217435669123,0],[174.807717216544,-36.8217489667527,0],[174.807730133191,-36.8217609330413,0],[174.807735250213,-36.8217665165572,0],[174.807744766425,-36.8217787662011,0],[174.807749700052,-36.8217864661537,0],[174.807763233691,-36.8218017832607,0],[174.807768917029,-36.8218088498846,0],[174.807773017085,-36.8218146669895,0],[174.807785766935,-36.8218302168423,0],[174.807790966198,-36.8218385328769,0],[174.807795866461,-36.8218447668505,0],[174.807802616649,-36.821852432865,0],[174.807810167244,-36.8218596666808,0],[174.807824049864,-36.8218695163372,0],[174.807831816403,-36.8218756832832,0],[174.807838482908,-36.8218799831525,0],[174.807844917157,-36.8218851329143,0],[174.807851399706,-36.8218923829707,0],[174.807869617114,-36.8219158328515,0],[174.807874282824,-36.8219235332678,0],[174.807879417284,-36.8219293328341,0],[174.807880250279,-36.8219310002678,0],[174.807882000432,-36.821937483146,0],[174.807884233543,-36.821942716629,0],[174.807886450519,-36.8219468831677,0],[174.807887883111,-36.821951067044,0],[174.807890099571,-36.8219554499128,0],[174.807896850585,-36.8219624831666,0],[174.807902199957,-36.8219666002621,0],[174.807906500216,-36.8219702997675,0],[174.807910533544,-36.8219742331749,0],[174.807911617266,-36.8219758832749,0],[174.807918566649,-36.8219808169877,0],[174.807927617067,-36.8219861333628,0],[174.807934300017,-36.8219904167522,0],[174.807942050148,-36.8219966001644,0],[174.807947666232,-36.8220002832609,0],[174.807973950029,-36.8220225333361,0],[174.807990300406,-36.8220348169199,0],[174.808006599977,-36.8220471328211,0],[174.80802271701,-36.8220596002178,0],[174.808032332978,-36.822067366845,0],[174.808037916728,-36.8220718670452,0],[174.808053316498,-36.8220849167984,0],[174.808068366814,-36.8220982666039,0],[174.808083049678,-36.8221118662602,0],[174.808096366535,-36.8221246835962,0],[174.808110432841,-36.8221386666843,0],[174.808124150029,-36.8221529164703,0],[174.808137550509,-36.8221673333138,0],[174.808150750075,-36.822181883005,0],[174.808163817088,-36.8221965167331,0],[174.808176866555,-36.8222111669507,0],[174.808189966461,-36.8222258163996,0],[174.808203200026,-36.8222403331191,0],[174.808207666362,-36.82224513333,0],[174.808221616627,-36.8222592335412,0],[174.808235699791,-36.8222732163571,0],[174.808249883106,-36.8222871670022,0],[174.808264117195,-36.8223010835235,0],[174.808278333739,-36.822315016534,0],[174.808292483426,-36.8223289667839,0],[174.808306550208,-36.8223429669657,0],[174.808320450436,-36.8223570832486,0],[174.808320750497,-36.8223573995618,0],[174.80833425039,-36.8223717499728,0],[174.80834761697,-36.8223861997551,0],[174.808360833043,-36.8224007329463,0],[174.808373966233,-36.8224153169706,0],[174.808387000067,-36.8224299665003,0],[174.808400017095,-36.822444616284,0],[174.80841300017,-36.8224592999325,0],[174.808425999658,-36.8224739662042,0],[174.808439050345,-36.8224886163727,0],[174.808451050269,-36.8225020170409,0],[174.808464233141,-36.8225165669491,0],[174.808477449641,-36.8225311163441,0],[174.808490716555,-36.8225456162982,0],[174.808504017117,-36.82256011664,0],[174.808517366951,-36.8225745666568,0],[174.808530783271,-36.8225889832122,0],[174.808544300056,-36.8226033333407,0],[174.808557916948,-36.8226176494963,0],[174.808571616375,-36.8226318994978,0],[174.8085811836,-36.8226417335979,0],[174.80859518287,-36.8226557663177,0],[174.808609316652,-36.8226697501194,0],[174.808623533664,-36.8226836497294,0],[174.808637832874,-36.82269751654,0],[174.808652200429,-36.8227113336365,0],[174.808666566466,-36.8227251336286,0],[174.8086809497,-36.8227389495815,0],[174.808695299721,-36.8227527831634,0],[174.808709600077,-36.8227666499475,0],[174.808723799597,-36.8227805669365,0],[174.808727683775,-36.8227843998311,0],[174.80874153299,-36.8227985330622,0],[174.808755283677,-36.8228127669386,0],[174.808768966342,-36.8228270162697,0],[174.808782616197,-36.8228413003495,0],[174.808796200273,-36.82285559985,0],[174.808809782918,-36.8228699336216,0],[174.808823383098,-36.8228842499993,0],[174.8088369829,-36.8228985501569,0],[174.808850667121,-36.8229128165799,0],[174.808864383084,-36.8229270500699,0],[174.808878183083,-36.822941233607,0],[174.80889126678,-36.8229545167856,0],[174.808905467086,-36.8229684166143,0],[174.808919783211,-36.8229822831317,0],[174.80893414975,-36.8229961002076,0],[174.808948533823,-36.8230098998893,0],[174.808962917184,-36.8230237167056,0],[174.808977266906,-36.8230375331306,0],[174.808991549817,-36.8230514163686,0],[174.809005766252,-36.8230653330647,0],[174.809016816298,-36.823076333432,0],[174.809030583091,-36.8230905327785,0],[174.80904423376,-36.8231047996886,0],[174.809057750015,-36.8231191668889,0],[174.809071200491,-36.8231335495102,0],[174.809084599867,-36.8231479996068,0],[174.809097999987,-36.8231624334664,0],[174.809111366851,-36.8231768831533,0],[174.809124766981,-36.8231913170096,0],[174.809138199954,-36.8232057170147,0],[174.809151716224,-36.8232200833021,0],[174.809161633274,-36.8232304834796,0],[174.80917545053,-36.8232446333678,0],[174.809189349964,-36.8232587495553,0],[174.809203350265,-36.8232728164347,0],[174.809217367002,-36.8232868668381,0],[174.809231449821,-36.8233008666601,0],[174.809245583436,-36.8233148332589,0],[174.809259750297,-36.8233287831257,0],[174.809273933211,-36.8233427002981,0],[174.809288150134,-36.8233566331753,0],[174.809302383109,-36.823370533358,0],[174.809316583185,-36.8233844169141,0],[174.809330832982,-36.8233983168372,0],[174.809345100334,-36.8234122002671,0],[174.809359399812,-36.823426066982,0],[174.809373682865,-36.8234399501693,0],[174.809387949829,-36.8234538164741,0],[174.809402233632,-36.8234676834222,0],[174.80941648346,-36.823481583334,0],[174.809430683242,-36.8234955002299,0],[174.809444833359,-36.8235094503284,0],[174.809458949502,-36.8235234333905,0],[174.809461016256,-36.8235255002542,0],[174.809474966583,-36.8235395831834,0],[174.809488849718,-36.8235537167075,0],[174.809502699617,-36.82356786696,0],[174.8095165495,-36.8235820163097,0],[174.809530416959,-36.8235961500673,0],[174.809544333737,-36.8236102830724,0],[174.809558283714,-36.8236243497724,0],[174.809563699779,-36.8236297664109,0],[174.809578617145,-36.8236433496838,0],[174.80959368386,-36.8236567999866,0],[174.809608733414,-36.8236702829969,0],[174.809623549906,-36.8236838668982,0],[174.809637983568,-36.8236976666384,0],[174.809651833453,-36.8237117663976,0],[174.809664866474,-36.8237262661682,0],[174.809672516573,-36.8237355669243,0],[174.809683699701,-36.8237510665022,0],[174.809694049891,-36.8237669501127,0],[174.809703767015,-36.8237831831663,0],[174.809713066586,-36.82379963349,0],[174.809722167077,-36.8238161995115,0],[174.809730216818,-36.8238308995273,0],[174.809740983496,-36.8238469002763,0],[174.809751899998,-36.8238628834204,0],[174.809762699569,-36.8238788998907,0],[174.809773150194,-36.8238950000893,0],[174.80978295031,-36.8239112327734,0],[174.809791882917,-36.823927667045,0],[174.809799666199,-36.823944333334,0],[174.809805133045,-36.8239585670163,0],[174.809810166234,-36.8239753328611,0],[174.809813883553,-36.8239923999588,0],[174.809816617166,-36.824009733508,0],[174.809818733575,-36.8240272332877,0],[174.809820549629,-36.8240448331826,0],[174.809821483178,-36.8240537170169,0],[174.809841033698,-36.8240669836465,0],[174.809850249528,-36.8240764498327,0],[174.809952116939,-36.8241858999555,0],[174.80995485045,-36.8241896169295,0],[174.809990883762,-36.8242345995493,0],[174.810079033314,-36.824351533165,0],[174.810117416883,-36.8243943329584,0],[174.810147049726,-36.8244288501675,0],[174.810181450145,-36.8244656661963,0],[174.810204416964,-36.8244877328165,0],[174.810249416744,-36.8245302497372,0],[174.810302550191,-36.8245835003323,0],[174.810335450534,-36.8246205500733,0],[174.810360133289,-36.8246456334584,0],[174.8103996335,-36.8246933663177,0],[174.810414933729,-36.8247149502671,0],[174.810442000086,-36.8247403164057,0],[174.810486483373,-36.8247861670494,0],[174.810502433868,-36.8248034669198,0],[174.810524399491,-36.8248279994724,0],[174.810556299624,-36.8248663668217,0],[174.810566860501,-36.8248781883985,0],[174.810574947447,-36.8248735233586,0],[174.810577076581,-36.8248755225522,0],[174.810761164239,-36.825048340337,0],[174.810922263411,-36.8251909732985,0],[174.810924621333,-36.8251924038588,0],[174.811104513544,-36.8253015231944,0],[174.811107015459,-36.8253027361364,0],[174.811289630554,-36.8253912234494,0],[174.81151099696,-36.825478073461,0],[174.811511135559,-36.8254781028958,0],[174.811830230532,-36.8255470404557,0],[174.812264097196,-36.8253416563187,0],[174.812473480496,-36.8252567734704,0],[174.812474366417,-36.8252584923403,0],[174.812684297293,-36.8256657737293,0],[174.812686806609,-36.8256665385581,0],[174.813384980453,-36.8258792572102,0],[174.813384974073,-36.825879461912,0],[174.813375296851,-36.8262203399511,0],[174.813417697097,-36.826652606348,0],[174.81342431342,-36.8267845068126,0],[174.813733081012,-36.8270169737895,0],[174.813762480512,-36.8272651069194,0],[174.813744496786,-36.8274395898105,0],[174.813748453949,-36.8275047108005,0],[174.813766714317,-36.8279060237078,0],[174.813474447472,-36.8285791563566,0],[174.813404491177,-36.8286601482438,0],[174.812931916787,-36.8292125168168,0],[174.81255053345,-36.8295242329659,0],[174.812543216388,-36.8295291333689,0],[174.812505167246,-36.82953849985,0],[174.812476949837,-36.8295417666485,0],[174.812468966197,-36.8295423669994,0],[174.812403449957,-36.8295414668815,0],[174.81236618296,-36.8295379835943,0],[174.812288416204,-36.8295391332755,0],[174.812186683086,-36.8295423329087,0],[174.812130783575,-36.8295476999638,0],[174.812087633697,-36.8295489328602,0],[174.812079164642,-36.8295486338363,0],[174.812031517056,-36.8295469500398,0],[174.812010999806,-36.829549150228,0],[174.811996483725,-36.8295519331307,0],[174.81196378374,-36.8295591997913,0],[174.811951799952,-36.8295598664948,0],[174.81191398314,-36.8295573162228,0],[174.811899983631,-36.8295575665833,0],[174.811873733488,-36.8295601002045,0],[174.811849266247,-36.829564683332,0],[174.811839850323,-36.8295655497368,0],[174.811801833573,-36.8295662166586,0],[174.811755883107,-36.8295702664511,0],[174.81172873367,-36.8295705162297,0],[174.811721833752,-36.8295697164537,0],[174.811694917,-36.8295678995085,0],[174.811678599752,-36.8295677164726,0],[174.811654733466,-36.8295690663039,0],[174.811637516887,-36.8295691168969,0],[174.811593516607,-36.8295709475457,0],[174.811590999593,-36.8295710499031,0],[174.811546117102,-36.8295739828001,0],[174.811495683677,-36.8295823497371,0],[174.811480950369,-36.8295841002469,0],[174.811436000342,-36.8295864996365,0],[174.811408149574,-36.8295852998577,0],[174.811363250371,-36.829581866769,0],[174.811310033115,-36.8295810670498,0],[174.811297200439,-36.8295842496473,0],[174.811263282921,-36.8295897662385,0],[174.81124665046,-36.8295936665147,0],[174.811202716386,-36.8296071503495,0],[174.811187333181,-36.8296125332156,0],[174.811144666879,-36.8296283330857,0],[174.811132449821,-36.8296328501846,0],[174.811125067124,-36.8296350664066,0],[174.811093516614,-36.829648433617,0],[174.811058416909,-36.8296555995903,0],[174.811035016275,-36.8296579165522,0],[174.811015716405,-36.8296599168509,0],[174.810974233642,-36.8296652836319,0],[174.810932583736,-36.8296705997659,0],[174.810910466443,-36.8296738002946,0],[174.81090161679,-36.8296750500813,0],[174.810867682865,-36.8296796834959,0],[174.810855999992,-36.8296810828017,0],[174.81081263368,-36.8296856003161,0],[174.810769099849,-36.8296891000487,0],[174.810742299617,-36.8296907999482,0],[174.810698683017,-36.8296931670289,0],[174.810671583793,-36.8296948831847,0],[174.810627967063,-36.8296974827874,0],[174.810623917015,-36.8296976679656,0],[174.810580249509,-36.8296996833539,0],[174.810575616564,-36.8297120995947,0],[174.810561949572,-36.8297161835445,0],[174.810555516986,-36.8297135666892,0],[174.810542466606,-36.8297130335886,0],[174.810528299865,-36.829710566989,0],[174.810514916915,-36.8297081497402,0],[174.810502400319,-36.8297083331827,0],[174.810489033253,-36.8297086828061,0],[174.810476866451,-36.8297091502484,0],[174.810462950062,-36.8297085996843,0],[174.810450399757,-36.8297077335724,0],[174.810439316298,-36.8297064503296,0],[174.810429682985,-36.8297028997573,0],[174.810417350251,-36.8296975164117,0],[174.810408549639,-36.8296939495492,0],[174.810396550238,-36.8296898166925,0],[174.810385867058,-36.8296862496589,0],[174.810374733603,-36.8296827498724,0],[174.810363216672,-36.8296785835249,0],[174.810351482861,-36.8296736831825,0],[174.81034128349,-36.8296692831477,0],[174.810329732789,-36.8296646828648,0],[174.810319816902,-36.8296591329059,0],[174.810313500012,-36.8296543835048,0],[174.810306667219,-36.8296498663946,0],[174.810299833374,-36.8296453997752,0],[174.810293332837,-36.8296415166549,0],[174.810288366335,-36.8296387828153,0],[174.81028351687,-36.8296367331137,0],[174.810276983218,-36.829633966357,0],[174.810271449901,-36.8296313502117,0],[174.810254566787,-36.8296180998423,0],[174.810217517088,-36.829609466814,0],[174.810178033257,-36.8295914166766,0],[174.810142599977,-36.8295758664519,0],[174.810118550485,-36.8295758667531,0],[174.810098517003,-36.8295762836023,0],[174.810082916965,-36.8295656167419,0],[174.810065699622,-36.8295443666237,0],[174.810059699691,-36.8295061996641,0],[174.810047349532,-36.8294828501105,0],[174.810032916486,-36.8294683663188,0],[174.810024249887,-36.8294600166727,0],[174.810017650339,-36.8294545000115,0],[174.809984167232,-36.82943063311,0],[174.809950633245,-36.8294093168677,0],[174.809920233559,-36.8293808331953,0],[174.809884083501,-36.8293579830267,0],[174.809881916811,-36.829353300201,0],[174.809842767012,-36.8293336666141,0],[174.809815083284,-36.8293238002247,0],[174.809785816687,-36.8293099496647,0],[174.809772107407,-36.8293049089884,0],[174.809741958804,-36.8293074933831,0],[174.809662414759,-36.8293583160822,0],[174.809585232251,-36.8294076290835,0],[174.809478986104,-36.8295417626464,0],[174.809472869246,-36.8295367442589,0],[174.80854235211,-36.8287734008992,0],[174.808584604312,-36.8287446767156,0],[174.808914078095,-36.8285206884861,0],[174.809051910162,-36.8284269856816,0],[174.809050499531,-36.8284259327518,0],[174.809023253678,-36.828405599439,0],[174.808914763432,-36.8283246335758,0],[174.808878183111,-36.8282973334032,0],[174.808719866613,-36.8282544835098,0],[174.808448433811,-36.8281810666019,0],[174.808319432772,-36.8281461994928,0],[174.80807206705,-36.8280792333191,0],[174.807831923678,-36.8280989803203,0],[174.807771392914,-36.8281039578717,0],[174.80774470017,-36.8281090616249,0],[174.807702228875,-36.8281171832711,0],[174.807144412822,-36.8282238430733,0],[174.807126082755,-36.8282350288897,0],[174.807023168818,-36.8282978333452,0],[174.80700806417,-36.828307052054,0],[174.806163296667,-36.8288225743699,0],[174.805950220831,-36.8289526027915,0],[174.805947647525,-36.828954173269,0],[174.805945661682,-36.8289578394539,0],[174.805932400031,-36.8289823167841,0],[174.80590886637,-36.82902008363,0],[174.805884966178,-36.8290504163645,0],[174.805856916687,-36.8290842002777,0],[174.805840633045,-36.8291059500814,0],[174.805821683149,-36.8291384330081,0],[174.805811400356,-36.8291584665205,0],[174.805794967195,-36.8291919333294,0],[174.805777467221,-36.8292249494481,0],[174.805773050297,-36.8292321831194,0],[174.805750766518,-36.8292632664246,0],[174.805726817202,-36.8292921829647,0],[174.805696083591,-36.8293196829013,0],[174.805673000459,-36.8293498661776,0],[174.805648532987,-36.8293869828696,0],[174.805611316402,-36.8294093832295,0],[174.805578066978,-36.829424066416,0],[174.805540999755,-36.8294449998048,0],[174.805501416942,-36.8294622335291,0],[174.805462233117,-36.8294734501312,0],[174.805418466172,-36.8294799664331,0],[174.805380316511,-36.8294818501295,0],[174.805335666819,-36.8294825328044,0],[174.805300316513,-36.8294812994801,0],[174.805255800368,-36.8294786000646,0],[174.805216149583,-36.8294751498323,0],[174.805161000518,-36.8294705333732,0],[174.805117767225,-36.8294631166291,0],[174.805079650908,-36.8294554454984,0],[174.805078596424,-36.8294552325713,0],[174.805076396243,-36.8294547900753,0],[174.805075854358,-36.8294551101688,0],[174.804123478588,-36.8300167416559,0],[174.803719109484,-36.8303533223067,0],[174.803578049995,-36.8304707336206,0],[174.803605133816,-36.8305077833263,0],[174.803624566728,-36.8305343502419,0],[174.803599633188,-36.8305617994904,0],[174.803586166445,-36.8305949668107,0],[174.803576967015,-36.8306201997615,0],[174.803554233023,-36.8306391835712,0],[174.803535117278,-36.8306602666824,0],[174.803532016173,-36.83067966645,0],[174.803516333593,-36.8306949667332,0],[174.803506750459,-36.8307044329179,0],[174.803507100094,-36.8307194665032,0],[174.803482766886,-36.830745650148,0],[174.803454100485,-36.8307776329707,0],[174.803427666238,-36.8307909331543,0],[174.803391049869,-36.830825916371,0],[174.803362583818,-36.8308657666502,0],[174.803331499656,-36.8309085328264,0],[174.80330836695,-36.8309483165978,0],[174.803302583379,-36.830967033279,0],[174.803304666432,-36.8309799170045,0],[174.80330866691,-36.8309907499295,0],[174.803387467194,-36.8310458666135,0],[174.803381449999,-36.8310631329783,0],[174.803391333346,-36.8310905667919,0],[174.803291267226,-36.8312382330713,0],[174.803191833231,-36.8312918166229,0],[174.803122683523,-36.8312953497494,0],[174.80306945035,-36.8312605831266,0],[174.803067317155,-36.8312344333058,0],[174.803055116293,-36.8312088165732,0],[174.803044683279,-36.8311831829367,0],[174.803026349977,-36.8311619496139,0],[174.803008800433,-36.8311364167155,0],[174.80298253287,-36.8311189000954,0],[174.802965433075,-36.8311127166868,0],[174.802950582985,-36.8311251334946,0],[174.8029394663,-36.8311453668926,0],[174.802944399529,-36.8311653667509,0],[174.802951032916,-36.8311817498735,0],[174.802955883156,-36.831198166353,0],[174.802956233811,-36.8312131999246,0],[174.802936250113,-36.8311977502959,0],[174.802921750433,-36.8311879328895,0],[174.802907883119,-36.8311673663999,0],[174.802888899959,-36.8311561829608,0],[174.802873350055,-36.8311399332777,0],[174.802839949521,-36.8311225329303,0],[174.802799499751,-36.8311088169181,0],[174.802765482979,-36.8311036165466,0],[174.802740533736,-36.8311039994575,0],[174.802709066691,-36.8310930170471,0],[174.802685866954,-36.8310926496348,0],[174.802661600566,-36.8310844332845,0],[174.80264716711,-36.8310774829096,0],[174.802637116169,-36.8310743328253,0],[174.802609683652,-36.8310628331215,0],[174.801999544418,-36.8313346736649,0],[174.80184496073,-36.8314035452136,0],[174.801787586767,-36.8314292712632,0],[174.801442764067,-36.8315838863337,0],[174.800906491976,-36.8317502434844,0],[174.800231027181,-36.8318464909695,0],[174.79990707852,-36.8317617197528,0],[174.799194861839,-36.8315753422441,0],[174.798982072154,-36.8315196567314,0],[174.798978172009,-36.8315186359528,0],[174.798977473672,-36.831518453635,0],[174.798975260166,-36.8315178742241,0],[174.798541747204,-36.8316112349333,0],[174.798539634161,-36.8316116896366,0],[174.798447928801,-36.8316933904716,0],[174.798039683665,-36.8320570960903,0],[174.798024962176,-36.8320702106899,0],[174.798015367133,-36.8320877301153,0],[174.797766579372,-36.8325419780122,0],[174.797722702171,-36.8326231216264,0],[174.797639366893,-36.8327772334938,0],[174.797638826282,-36.8327782331468,0],[174.797628556691,-36.8327753239009,0],[174.79693426656,-36.8325786541782,0],[174.796932858986,-36.8325782554325,0],[174.796922319127,-36.8325766841978,0],[174.796061799786,-36.8324484329627,0],[174.796022789601,-36.8324431781262,0],[174.795577000202,-36.8323831329021,0],[174.795348799658,-36.8323523831012,0],[174.795275366567,-36.8323411501837,0],[174.795140983885,-36.8323165334499,0],[174.795074350146,-36.8323023665979,0],[174.794942933022,-36.832269050156,0],[174.794877950425,-36.8322503001671,0],[174.794813833151,-36.8322300002858,0],[174.794750183693,-36.8322087495994,0],[174.794687299728,-36.8321862831258,0],[174.794625250563,-36.8321623997216,0],[174.794563866791,-36.8321373831649,0],[174.79450348334,-36.8321108831856,0],[174.794444033415,-36.8320830161655,0],[174.794385800158,-36.8320535669172,0],[174.794345316827,-36.8320317499544,0],[174.794331460523,-36.8320239948655,0],[174.794280462821,-36.831995451247,0],[174.793704844818,-36.8316732741976,0],[174.793706266999,-36.8316704108006,0],[174.793773756261,-36.8315345297353,0],[174.793826600544,-36.8314281335624,0],[174.793978666412,-36.8311820666339,0],[174.794055400015,-36.8310578669998,0],[174.794069799756,-36.8310343165811,0],[174.794126483243,-36.8309424000923,0],[174.794201716992,-36.830820733245,0],[174.794213083395,-36.8308021165814,0],[174.794296750459,-36.8306666994715,0],[174.794357666632,-36.8305680832894,0],[174.794430790946,-36.8304445120578,0],[174.794431513632,-36.8304432897422,0],[174.794267507605,-36.830405329533,0],[174.79404063278,-36.8303528167195,0],[174.79418098313,-36.8301649169797,0],[174.794262016632,-36.8299988164523,0],[174.794274716275,-36.8299728165827,0],[174.794079066467,-36.8298958828708,0],[174.79393618359,-36.8298521502279,0],[174.79384438388,-36.8298173999242,0],[174.793752599565,-36.8297826330918,0],[174.793668099631,-36.8297973995578,0],[174.793544833315,-36.8297499669446,0],[174.793468133685,-36.8297511828456,0],[174.793323049771,-36.8296962329988,0],[174.793195333275,-36.8295822668846,0],[174.793096113738,-36.8295448229491,0],[174.79258881725,-36.8294189495998,0],[174.792607332903,-36.8293659336454,0],[174.792657128391,-36.8292231993961,0],[174.792712999862,-36.8290630334366,0],[174.792883450123,-36.8290616829819,0],[174.792916249501,-36.8290619165318,0],[174.793405966746,-36.8290489665178,0],[174.793312816444,-36.82887880027,0],[174.793176933348,-36.8286479836381,0],[174.793116483474,-36.828545250056,0],[174.793056000141,-36.8284425169443,0],[174.792995467202,-36.8283397169458,0],[174.792898633648,-36.8281752834576,0],[174.792837166873,-36.8280709336233,0],[174.792775749985,-36.8279666001266,0],[174.792714299623,-36.8278622661979,0],[174.792653867225,-36.8277596501658,0],[174.792593383358,-36.827656983499,0],[174.792532849828,-36.8275541994707,0],[174.792436317218,-36.8273904667764,0],[174.792367466753,-36.8272738336327,0],[174.792298399699,-36.8271567503343,0],[174.792229399537,-36.8270398336326,0],[174.792160417089,-36.8269228499197,0],[174.792091400363,-36.8268057332799,0],[174.791902199669,-36.8264848498504,0],[174.791888816327,-36.826448000048,0],[174.79189048294,-36.8264096164206,0],[174.791907000097,-36.8263736002875,0],[174.79193671721,-36.826343549454,0],[174.791976700082,-36.8263226835805,0],[174.792022650342,-36.8263122166721,0],[174.79247530019,-36.8262748496652,0],[174.792508750383,-36.8262720332941,0],[174.792573503623,-36.8262665906392,0],[174.792551297182,-36.8260869316107,0],[174.792494717161,-36.8260916831547,0],[174.792480383133,-36.8260913170402,0],[174.792477733077,-36.8260844166525,0],[174.792477083184,-36.8260774662733,0],[174.792475533069,-36.8260693667353,0],[174.79247451672,-36.8260605497903,0],[174.792472382789,-36.826046649893,0],[174.792474050474,-36.8260393662205,0],[174.792474866758,-36.8260328335878,0],[174.792472267199,-36.826021033633,0],[174.792470833625,-36.8260038494925,0],[174.792471183089,-36.8259935995452,0],[174.792470050085,-36.8259822335553,0],[174.792468250187,-36.8259694832424,0],[174.792466249751,-36.825958133037,0],[174.792463383104,-36.8259472835207,0],[174.792460600287,-36.8259378163035,0],[174.792475916639,-36.8259317996112,0],[174.792544704142,-36.825904419616,0],[174.792497835687,-36.8258094027428,0],[174.792505400952,-36.8257164493091,0],[174.792447549971,-36.8257399499256,0],[174.79242076728,-36.8257332331699,0],[174.792408783443,-36.8257128334836,0],[174.792379699784,-36.825305950074,0],[174.792273349746,-36.8251368669873,0],[174.792171583077,-36.824975116532,0],[174.792194199826,-36.8249197664943,0],[174.791782133481,-36.8248843661884,0],[174.79136529971,-36.8245920828148,0],[174.790997216375,-36.8242800333288,0],[174.790857533854,-36.824133350177,0],[174.790857549585,-36.8241329668685,0],[174.790858150223,-36.8241204002862,0],[174.790858449646,-36.8241078499593,0],[174.790858300359,-36.8240954334822,0],[174.790857499928,-36.8240828835012,0],[174.790856783627,-36.8240758665087,0],[174.790854850531,-36.8240634002916,0],[174.790853033722,-36.8240543835711,0],[174.790849966855,-36.824042049807,0],[174.790847116912,-36.8240315668406,0],[174.79084343316,-36.8240193667556,0],[174.790839733385,-36.8240080664538,0],[174.790835683451,-36.8239959331766,0],[174.790832166263,-36.823984866276,0],[174.790828583771,-36.8239726331179,0],[174.79082698357,-36.8239668002881,0],[174.790823916712,-36.823954466523,0],[174.790821300537,-36.8239420836048,0],[174.790820866941,-36.8239398836453,0],[174.790818666264,-36.823927433176,0],[174.790816999628,-36.8239149503247,0],[174.790815533668,-36.8239028997995,0],[174.790814983662,-36.823890366776,0],[174.790815483286,-36.8238802001933,0],[174.790817250361,-36.8238676998629,0],[174.790819917039,-36.8238552661992,0],[174.790822633261,-36.8238438998825,0],[174.790826283387,-36.823831666824,0],[174.790827900316,-36.8238268662389,0],[174.790832383644,-36.8238148333449,0],[174.790837100208,-36.8238028501163,0],[174.790850466894,-36.8237445165148,0],[174.790897433653,-36.8235990836117,0],[174.79090721649,-36.8235687664136,0],[174.790970517002,-36.8233941334979,0],[174.791004289161,-36.8232936006368,0],[174.791030182898,-36.8232175471143,0],[174.791074467156,-36.8231450670343,0],[174.791084765456,-36.8231614893971,0],[174.791200782398,-36.8230423356962,0],[174.791194116645,-36.8230317335715,0],[174.791208566987,-36.8230118665118,0],[174.791215500508,-36.8230025998645,0],[174.791236899761,-36.8229781664345,0],[174.791262883699,-36.8229498998988,0],[174.791290283613,-36.8229224502704,0],[174.791318483652,-36.8228954662911,0],[174.791337000241,-36.8228779995124,0],[174.791365050389,-36.82285098353,0],[174.79139328371,-36.8228240828568,0],[174.7914214329,-36.8227971329695,0],[174.79142708383,-36.8227916667802,0],[174.791455016482,-36.8227645669199,0],[174.791482716888,-36.8227373164233,0],[174.79151013386,-36.8227098836136,0],[174.791535533631,-36.8226838827905,0],[174.791543883619,-36.8226747831575,0],[174.791561533321,-36.8226529831253,0],[174.791587832893,-36.8226210495991,0],[174.791605199734,-36.8226013999255,0],[174.791634050005,-36.8225708664918,0],[174.791665099778,-36.8225418168628,0],[174.791670250452,-36.8225374001566,0],[174.791703732832,-36.8225101670173,0],[174.791739483786,-36.8224847834853,0],[174.791747266253,-36.8224796664213,0],[174.791784050127,-36.8224551163735,0],[174.791823299917,-36.8224336667253,0],[174.79186526621,-36.8224151496521,0],[174.791899982992,-36.8224046998179,0],[174.791944016781,-36.8223979663776,0],[174.79213338343,-36.822334882841,0],[174.792162816585,-36.8223248334664,0],[174.79219406677,-36.8223156832721,0],[174.792231349554,-36.822307916716,0],[174.7922646666,-36.8223002829499,0],[174.792295899951,-36.8222911329828,0],[174.792317433454,-36.822285549863,0],[174.792344717153,-36.8222765495696,0],[174.792381733203,-36.8222639828213,0],[174.792406850295,-36.8222518830097,0],[174.792430066308,-36.8222414333777,0],[174.792457083276,-36.8222276329137,0],[174.79248389968,-36.82221066634,0],[174.792518466683,-36.8221902001395,0],[174.792555450535,-36.8221681832247,0],[174.792566450064,-36.8221612662826,0],[174.792589399718,-36.8221460335952,0],[174.792614149907,-36.8221275334168,0],[174.792644683179,-36.8221056335803,0],[174.792683482826,-36.8220897995077,0],[174.792726182914,-36.8220760328715,0],[174.792728333404,-36.8220753667943,0],[174.7927709166,-36.8220612999546,0],[174.792780899765,-36.8220574331487,0],[174.792820633713,-36.822038783562,0],[174.792821517145,-36.8220383502115,0],[174.792861300441,-36.8220197503423,0],[174.792862116551,-36.8220192666303,0],[174.792895182978,-36.8219935500878,0],[174.792898200013,-36.8219907662981,0],[174.792922683747,-36.8219674830341,0],[174.792955000204,-36.8219422996654,0],[174.792979566477,-36.8219206330585,0],[174.792998650393,-36.8219071332995,0],[174.793017650267,-36.8218920502412,0],[174.793022666283,-36.8218892669423,0],[174.79318431638,-36.8218383830915,0],[174.793219683615,-36.821835166269,0],[174.793252617169,-36.8218387831892,0],[174.79329193281,-36.8218544827891,0],[174.793316483786,-36.821867182811,0],[174.793356033209,-36.8218834827632,0],[174.793387116901,-36.8218952162198,0],[174.793427916653,-36.8219093169319,0],[174.793469350286,-36.8219222831881,0],[174.793484216852,-36.821926717038,0],[174.793525783291,-36.8219394162752,0],[174.793567816654,-36.8219510331486,0],[174.793580267051,-36.8219541162728,0],[174.793623117174,-36.8219634998899,0],[174.793666417176,-36.821971599498,0],[174.793695600548,-36.8219767501847,0],[174.793738799994,-36.8219852001038,0],[174.793782132791,-36.8219931666769,0],[174.793821633153,-36.8219994830191,0],[174.793865717143,-36.8220042330446,0],[174.793909832979,-36.8220086662013,0],[174.793943333201,-36.8220131162326,0],[174.793986100233,-36.8220238836342,0],[174.794029232931,-36.8220316332082,0],[174.794031616993,-36.8220318000301,0],[174.794071149598,-36.8220313331852,0],[174.794142790507,-36.8220315453538,0],[174.794166598308,-36.8220316159595,0],[174.794224707319,-36.8220317880544,0],[174.794240284305,-36.8220318341573,0],[174.794324399809,-36.8220320832614,0],[174.794746967086,-36.8221175501093,0],[174.794515948759,-36.8209022506657,0],[174.794853484913,-36.8207854952627,0],[174.79523651704,-36.8206530002838,0],[174.795627167007,-36.8204978662175,0],[174.795013933029,-36.8194915169787,0],[174.795467100583,-36.81932993313,0],[174.79607246667,-36.8203209831814,0],[174.7961421704,-36.8204342141629,0],[174.796329416888,-36.8207383835671,0],[174.79635120008,-36.8207820670359,0],[174.796418383186,-36.8209166328906,0]]]},"properties":{"OBJECTID":102,"TYPE":3,"SUBTYPE":null,"SCHEDULE":null,"NAME":"Mount Victoria","VALIDATIONSTATE":3,"VERSIONSTATUS":4,"GlobalID":"024e99be-28a6-4f00-a819-ec9c93210a3f"}},{"type":"Feature","id":103,"geometry":{"type":"Polygon","coordinates":[[[174.73527728307,-36.9081039079015,0],[174.735555616589,-36.9082513663293,0],[174.735548819406,-36.908254689749,0],[174.735548853884,-36.9082547252988,0],[174.735555616589,-36.9082513663293,0],[174.735788400481,-36.9083785669682,0],[174.735933966426,-36.9084590329319,0],[174.736071350083,-36.9085349331453,0],[174.736234766267,-36.9086252499517,0],[174.736398200417,-36.9087155500406,0],[174.736561616995,-36.9088058501558,0],[174.736586859819,-36.9088197988659,0],[174.736701083494,-36.9088829170497,0],[174.736988317243,-36.9090225336311,0],[174.737124282879,-36.9090508661721,0],[174.737289799595,-36.9090853830452,0],[174.737455317205,-36.9091198834483,0],[174.737620849543,-36.9091543834032,0],[174.73778636668,-36.9091888995718,0],[174.73795188361,-36.9092234001879,0],[174.738117399927,-36.9092579168044,0],[174.738282932846,-36.909292416721,0],[174.738448450198,-36.9093269166327,0],[174.738561950092,-36.909350582921,0],[174.738889632967,-36.9094188998139,0],[174.73902930046,-36.9094480169062,0],[174.739220566365,-36.9094878829575,0],[174.739411816401,-36.9095277336077,0],[174.739934049543,-36.9096365670608,0],[174.740261899784,-36.9097048335159,0],[174.740784032771,-36.9098136998175,0],[174.741306216973,-36.9099225333079,0],[174.741633982818,-36.9099908332322,0],[174.742156182867,-36.9100997167997,0],[174.742321733093,-36.9101338835963,0],[174.742354283397,-36.9101406330222,0],[174.742487233407,-36.9101683663611,0],[174.742520316294,-36.9101755333597,0],[174.742685799604,-36.9102100503457,0],[174.742912083566,-36.9102572661687,0],[174.743152417121,-36.9103073831709,0],[174.743482857045,-36.9103700386786,0],[174.743485516354,-36.9103705431483,0],[174.74389276162,-36.9104193412891,0],[174.744044322411,-36.9104375022902,0],[174.744048404622,-36.9104379912607,0],[174.743871152637,-36.9114135625229,0],[174.743871020937,-36.9114142855279,0],[174.743220399858,-36.9114930669515,0],[174.742924699802,-36.9115117497765,0],[174.74286195037,-36.9116394502816,0],[174.742798383342,-36.911768866282,0],[174.742698232977,-36.9119727162434,0],[174.742679066596,-36.9120117163016,0],[174.742613050449,-36.912038657938,0],[174.742603716315,-36.9120424669495,0],[174.742505643481,-36.9122089546031,0],[174.742410214754,-36.9123709525722,0],[174.742387085134,-36.9124102180362,0],[174.742336916786,-36.912495382469,0],[174.74226362289,-36.912619804149,0],[174.742254749006,-36.9126348677127,0],[174.740374555482,-36.9122411783902,0],[174.740041372152,-36.9121714104849,0],[174.740022699816,-36.9121675000334,0],[174.739994533048,-36.9122554498837,0],[174.739957416829,-36.912369732777,0],[174.739951533828,-36.912388449651,0],[174.739908517267,-36.9125214334316,0],[174.73986551625,-36.9126543664929,0],[174.739822516603,-36.912787316643,0],[174.739779499596,-36.9129202499053,0],[174.739736482837,-36.9130532002729,0],[174.739693467038,-36.9131861497085,0],[174.739650449997,-36.913319100047,0],[174.739610883054,-36.9134412666846,0],[174.739564550362,-36.9135843163911,0],[174.739549867271,-36.9136296335746,0],[174.739506232931,-36.9137646335313,0],[174.739463233208,-36.9138975330689,0],[174.739420233733,-36.9140304497118,0],[174.739377232995,-36.9141633663565,0],[174.739334232871,-36.9142962667516,0],[174.739291232974,-36.9144291833508,0],[174.739248232936,-36.9145620999356,0],[174.73920523388,-36.9146950164894,0],[174.739162133699,-36.9148280336547,0],[174.739119033356,-36.9149610499044,0],[174.739076017073,-36.9150940667093,0],[174.739033016332,-36.9152269832213,0],[174.738989499571,-36.9153617000362,0],[174.738932799595,-36.9155371331719,0],[174.738911649615,-36.9156021995617,0],[174.738883583795,-36.9156889164236,0],[174.738854349998,-36.9157795162228,0],[174.738824616887,-36.9158711166007,0],[174.738772917141,-36.9160310329009,0],[174.738723882901,-36.9161825331074,0],[174.738719659155,-36.9161800252272,0],[174.738721833367,-36.9161841233315,0],[174.73814708305,-36.9160622164138,0],[174.737911450406,-36.916069633397,0],[174.737904549531,-36.9160909167543,0],[174.737878667032,-36.9161708170571,0],[174.737858066428,-36.9162344664326,0],[174.737809883111,-36.916383333634,0],[174.737768750435,-36.9165102996601,0],[174.737760866582,-36.9165348169753,0],[174.737666467253,-36.9168266331386,0],[174.737615733631,-36.9169834495262,0],[174.737564983734,-36.9171402499047,0],[174.737516849841,-36.9172891162564,0],[174.737020249899,-36.9171855331058,0],[174.736968649531,-36.9173450334725,0],[174.736888399807,-36.9173282831341,0],[174.736870599701,-36.9173827662242,0],[174.736845399768,-36.9174611997564,0],[174.736609983102,-36.9174623503432,0],[174.736406749866,-36.9174365332405,0],[174.736244250248,-36.9173918997068,0],[174.736222033625,-36.9174847496841,0],[174.736205016746,-36.917643250197,0],[174.736207150092,-36.9177387168,0],[174.736229383306,-36.9178886666362,0],[174.73626741645,-36.9180168335485,0],[174.736279600208,-36.9180482996362,0],[174.73630596709,-36.9181081163904,0],[174.736320600225,-36.9181375997697,0],[174.736336183724,-36.9181667664022,0],[174.736352683535,-36.9181955996597,0],[174.73639891639,-36.9182736836038,0],[174.736402017148,-36.9182798331708,0],[174.736405333133,-36.9182928000238,0],[174.736404700396,-36.9183060328212,0],[174.73640290056,-36.9183125001062,0],[174.736400133762,-36.9183187498852,0],[174.736396450519,-36.9183246831736,0],[174.736391916668,-36.9183302332108,0],[174.736386566606,-36.918335283221,0],[174.736373800219,-36.9183436666565,0],[174.736366583311,-36.9183468835971,0],[174.736217649741,-36.9184037669251,0],[174.736019983605,-36.9184792666518,0],[174.735825433795,-36.9185536001388,0],[174.73564939976,-36.9186208332585,0],[174.735476583252,-36.9186872502584,0],[174.735256416561,-36.918339233581,0],[174.73518683348,-36.9182292503466,0],[174.735141516869,-36.9182295834681,0],[174.734836467232,-36.9182320336452,0],[174.734624683511,-36.9182337328218,0],[174.734609999994,-36.918315267029,0],[174.734178799967,-36.9186487496932,0],[174.734055433717,-36.9185458334786,0],[174.733924950014,-36.9184370334502,0],[174.733775483487,-36.9183123836399,0],[174.733625999861,-36.9181877501073,0],[174.733606966584,-36.9181719165062,0],[174.733471749638,-36.918059166881,0],[174.733338883308,-36.9179483828598,0],[174.733323312336,-36.9179353865696,0],[174.733315533279,-36.9179288995967,0],[174.733196533016,-36.9178296664992,0],[174.733058933762,-36.9177149168281,0],[174.73291658285,-36.9175962334762,0],[174.732709082964,-36.917422616522,0],[174.732577267213,-36.9173132665398,0],[174.732474249804,-36.9172273502571,0],[174.732370850156,-36.9171411501269,0],[174.73220474964,-36.9170026169002,0],[174.732062383795,-36.9168838497751,0],[174.731950599675,-36.9167725836022,0],[174.731832001212,-36.9166448491589,0],[174.73179944272,-36.9166097804976,0],[174.731748433808,-36.9165548332152,0],[174.731664366991,-36.9164643170367,0],[174.731543750109,-36.9163343998306,0],[174.731425149691,-36.9162066667879,0],[174.731302449889,-36.9160745497735,0],[174.731286067241,-36.9160568997002,0],[174.731173449498,-36.9159356165966,0],[174.731163399751,-36.9159248000893,0],[174.731153367205,-36.9159139995545,0],[174.731044850395,-36.9157971335002,0],[174.730906300505,-36.9156479665834,0],[174.730220950272,-36.9149099002498,0],[174.730220236675,-36.9148809514801,0],[174.730219726804,-36.9148803937677,0],[174.730219133844,-36.9148362168969,0],[174.731087250103,-36.9138189667576,0],[174.731246800201,-36.9136320168208,0],[174.731270016359,-36.9136047995213,0],[174.731386016555,-36.9134688331086,0],[174.731521382975,-36.9133102003502,0],[174.731628900585,-36.9131842000119,0],[174.731853149982,-36.9129212666276,0],[174.732007516449,-36.9127403329089,0],[174.732104149677,-36.9126270663796,0],[174.732173216172,-36.9125462165416,0],[174.732245399751,-36.9124617500895,0],[174.732315816376,-36.9123793662258,0],[174.732386683639,-36.9122964664903,0],[174.732453916183,-36.9122177830248,0],[174.732455377265,-36.9122160798106,0],[174.732458490679,-36.9122124443559,0],[174.732493483255,-36.9121714997772,0],[174.732581966198,-36.9120679167813,0],[174.732624383573,-36.9120182830894,0],[174.732673483035,-36.9119607670209,0],[174.732759482942,-36.911860075566,0],[174.732759864492,-36.911857591313,0],[174.732760999626,-36.911858300331,0],[174.732816866257,-36.9117928996947,0],[174.73286306636,-36.9117388166937,0],[174.73291290014,-36.911680483114,0],[174.732988283791,-36.9115922163437,0],[174.733105749838,-36.9114537833542,0],[174.733223716869,-36.9113155835972,0],[174.733320432986,-36.9112023166866,0],[174.733417133479,-36.9110890165768,0],[174.733518983096,-36.9109696995973,0],[174.733625383293,-36.9108450495758,0],[174.733731716945,-36.9107204995792,0],[174.733934833431,-36.9104825999911,0],[174.733942209507,-36.9104754843829,0],[174.734098933388,-36.9103230995857,0],[174.734136432819,-36.9102881001258,0],[174.734237250081,-36.9101697827786,0],[174.734377533585,-36.9100055497995,0],[174.734367322521,-36.9099759456598,0],[174.734288445059,-36.9097472502193,0],[174.734281952119,-36.909728427694,0],[174.73422007103,-36.9095490090715,0],[174.734150714783,-36.9093479213605,0],[174.734128869415,-36.9092845813349,0],[174.734081363672,-36.909146845241,0],[174.734077807826,-36.9091365326409,0],[174.734015133769,-36.9089548144244,0],[174.733985566934,-36.9088690878297,0],[174.733906027653,-36.9086384692578,0],[174.733906499524,-36.9086378945244,0],[174.734411183347,-36.9080226497706,0],[174.734175867096,-36.9078982162252,0],[174.734391866395,-36.9076348162977,0],[174.734430850166,-36.9076554663888,0],[174.73527728307,-36.9081039079015,0]]]},"properties":{"OBJECTID":103,"TYPE":3,"SUBTYPE":null,"SCHEDULE":null,"NAME":"Mount Roskill","VALIDATIONSTATE":3,"VERSIONSTATUS":4,"GlobalID":"bbffd810-1f4c-4075-aa18-9e3e3817c3e0"}},{"type":"Feature","id":104,"geometry":{"type":"Polygon","coordinates":[[[174.791409082873,-36.8951829168683,0],[174.791524283839,-36.8953388165868,0],[174.79205866666,-36.8951097502561,0],[174.792067950392,-36.8950852669472,0],[174.792195400138,-36.8952766668502,0],[174.792164900534,-36.895269216906,0],[174.791630983495,-36.8954979828583,0],[174.791729250258,-36.8956611835124,0],[174.791818783277,-36.89582760019,0],[174.791899416874,-36.8959969163379,0],[174.791971017196,-36.8961688329481,0],[174.79203343388,-36.8963430170096,0],[174.792086583885,-36.8965191831658,0],[174.792130333711,-36.8966969999501,0],[174.792164633605,-36.8968761661771,0],[174.792189400164,-36.8970563333962,0],[174.792204617288,-36.8972371999101,0],[174.792210217275,-36.8974184170268,0],[174.792206283508,-36.8975996662209,0],[174.792196766944,-36.8977262832423,0],[174.792179916597,-36.8978799166448,0],[174.792151083649,-36.8980617001395,0],[174.792108065087,-36.8982440960404,0],[174.792065216267,-36.8984188830023,0],[174.7920085001,-36.8985943163076,0],[174.792228950333,-36.8986439327926,0],[174.792449766769,-36.8986936001222,0],[174.792670733467,-36.898743250348,0],[174.792888533873,-36.898792199844,0],[174.793072383866,-36.8988335665675,0],[174.793256683096,-36.8988750830533,0],[174.793419966293,-36.8989118663926,0],[174.793440983316,-36.8989166334861,0],[174.793380049518,-36.8990912667032,0],[174.793757099494,-36.8991760834083,0],[174.794147399667,-36.8992639165245,0],[174.794118267041,-36.8993973501786,0],[174.793950367821,-36.8995705509813,0],[174.793810647225,-36.8997147158585,0],[174.793670899966,-36.8998588665555,0],[174.793531166771,-36.9000030168786,0],[174.793391433054,-36.9001471670481,0],[174.793251683088,-36.9002913164,0],[174.793111950571,-36.9004354662284,0],[174.792972232881,-36.9005796003487,0],[174.792949299974,-36.9006032829573,0],[174.792832533,-36.9007237502627,0],[174.792692800041,-36.9008678996133,0],[174.792553066202,-36.9010120334929,0],[174.792413349792,-36.9011561669479,0],[174.79227363286,-36.9013003002494,0],[174.792154099718,-36.90145411653,0],[174.792034582953,-36.9016079333464,0],[174.791915049608,-36.9017617331693,0],[174.791795550249,-36.9019155666117,0],[174.791652983696,-36.9020996334158,0],[174.791542182792,-36.9022416333802,0],[174.791408316759,-36.9024138161702,0],[174.791288766718,-36.9025675831767,0],[174.791169233034,-36.9027213498182,0],[174.791049683172,-36.9028751165852,0],[174.790930132837,-36.903028883241,0],[174.790810583151,-36.9031826497686,0],[174.790691032994,-36.9033364161849,0],[174.790571483507,-36.903490183374,0],[174.790451950377,-36.9036439501981,0],[174.790332399924,-36.9037977162637,0],[174.790212799634,-36.903951482962,0],[174.790093199994,-36.904105249532,0],[174.789973616731,-36.904259016638,0],[174.789854017268,-36.9044127829684,0],[174.789720100053,-36.9045849664601,0],[174.789591883024,-36.9047485670436,0],[174.789503050112,-36.9048630832591,0],[174.789468222648,-36.9049077192585,0],[174.789439267022,-36.9049448497071,0],[174.78933508292,-36.9050798662731,0],[174.789196316754,-36.9052582332768,0],[174.789076700378,-36.9054119828677,0],[174.78895708355,-36.9055657332482,0],[174.788837450521,-36.9057194828529,0],[174.788426450378,-36.9055226333104,0],[174.788334600047,-36.9056407002923,0],[174.788093449977,-36.9057561333607,0],[174.787899516933,-36.9058489662938,0],[174.78770560026,-36.9059417995691,0],[174.787511683131,-36.90603463344,0],[174.787317766644,-36.9061274669884,0],[174.787123849679,-36.9062203002314,0],[174.786929916527,-36.9063131334051,0],[174.786735999747,-36.9064059669212,0],[174.786542083611,-36.9064988001149,0],[174.786348150545,-36.9065916494745,0],[174.786154183361,-36.9066844999358,0],[174.78597793298,-36.9067689996103,0],[174.785895012593,-36.9068087433458,0],[174.785802166481,-36.9068532330682,0],[174.785626000555,-36.906937633613,0],[174.785845399971,-36.9072329333176,0],[174.7859391833,-36.9072519662955,0],[174.785627933127,-36.9074010668712,0],[174.785651616487,-36.9073257666924,0],[174.785432249682,-36.9070304499137,0],[174.785256133782,-36.9071148167167,0],[174.785079949801,-36.9071992167329,0],[174.784903766547,-36.9072836164802,0],[174.784727533185,-36.9073680500716,0],[174.784621333117,-36.9074189163902,0],[174.784551283321,-36.9074524665273,0],[174.784375033459,-36.90753689985,0],[174.784198766372,-36.9076213331732,0],[174.784022516862,-36.9077057668752,0],[174.783846266213,-36.9077902165601,0],[174.784105963938,-36.9081250578452,0],[174.784097872822,-36.9081289226268,0],[174.78409507329,-36.9081302598971,0],[174.784100666519,-36.9081326833894,0],[174.783505283688,-36.9084150830379,0],[174.783399916833,-36.9084655328734,0],[174.783300349986,-36.9085132167652,0],[174.783239633227,-36.908542266253,0],[174.782476733874,-36.9089094496252,0],[174.781715499918,-36.9080092000759,0],[174.781587966443,-36.9078578169447,0],[174.781081600169,-36.9072600662638,0],[174.780764266313,-36.9068840828045,0],[174.780637782957,-36.9067339167647,0],[174.780283267198,-36.9063137002393,0],[174.780126632922,-36.9061346831554,0],[174.779787850442,-36.9057272165745,0],[174.779787102969,-36.9057230149357,0],[174.779596967229,-36.9058307000166,0],[174.779314150343,-36.9059840333368,0],[174.778072617098,-36.9066566835891,0],[174.778026666682,-36.9064631166486,0],[174.775290799858,-36.9079448332589,0],[174.775075806609,-36.907080259886,0],[174.774774716813,-36.9058694165923,0],[174.774777351568,-36.9058680847068,0],[174.775474766783,-36.9055157496745,0],[174.775489029181,-36.9055085601347,0],[174.775685066442,-36.9054096669922,0],[174.775895350527,-36.9053035670498,0],[174.776105616444,-36.9051974832355,0],[174.776315816647,-36.9050913495616,0],[174.776736299612,-36.9048792331042,0],[174.776946566542,-36.9047731000341,0],[174.777091332973,-36.904700066624,0],[174.777156764788,-36.9046670793899,0],[174.777236050163,-36.9046270995739,0],[174.777549349631,-36.9044688497757,0],[174.777641516756,-36.9041459829574,0],[174.777681249913,-36.9040067502681,0],[174.777734183304,-36.9038210670608,0],[174.777794666511,-36.9036090329471,0],[174.777847366563,-36.9034231828246,0],[174.777900316673,-36.9032373334401,0],[174.777947049494,-36.9030734164572,0],[174.777989916612,-36.9029228835678,0],[174.777993749544,-36.90290944947,0],[174.778040450201,-36.9027455167042,0],[174.778087133823,-36.902581583272,0],[174.778142749806,-36.902386416413,0],[174.778164549807,-36.9023103670438,0],[174.778181616352,-36.9022506333065,0],[174.778220349866,-36.9021147332014,0],[174.778305067154,-36.9018168001349,0],[174.778360566553,-36.9016216835816,0],[174.778372417019,-36.9015803502629,0],[174.778413533232,-36.9014019831332,0],[174.778427983766,-36.9013301331115,0],[174.778446716584,-36.9012373332174,0],[174.77844991514,-36.9012212830107,0],[174.778507800196,-36.9009307999796,0],[174.778555133816,-36.9006932832716,0],[174.778596017182,-36.900488049829,0],[174.778640399934,-36.9002647498688,0],[174.7787382957,-36.899773103195,0],[174.77867836453,-36.8997597343126,0],[174.778696883509,-36.8996475498309,0],[174.778465533026,-36.8995328831308,0],[174.778563516442,-36.8992814998692,0],[174.778769116818,-36.8992232503386,0],[174.778871033395,-36.8991063827999,0],[174.778734682801,-36.8990505499446,0],[174.778681133255,-36.8990286670121,0],[174.778766099533,-36.8988871170204,0],[174.778967950178,-36.8985771332858,0],[174.779055350045,-36.8984100334232,0],[174.779343349961,-36.8979571002347,0],[174.779488183214,-36.8980158329252,0],[174.779762699478,-36.8975226830259,0],[174.780156382946,-36.8968285666771,0],[174.780203966432,-36.8967424330247,0],[174.780252766476,-36.8966645662021,0],[174.780755965726,-36.8957774537088,0],[174.781071750483,-36.8952207327986,0],[174.782012683736,-36.8935444331583,0],[174.782242417021,-36.8931347830896,0],[174.783292029177,-36.8930930476045,0],[174.786688483331,-36.8929579331663,0],[174.789113833364,-36.8928669833225,0],[174.78915464966,-36.8929070999085,0],[174.789604349531,-36.89335033363,0],[174.789777167167,-36.8935206168033,0],[174.789949983333,-36.8936908997337,0],[174.790122817121,-36.8938611830347,0],[174.790295633733,-36.8940314663295,0],[174.790468467225,-36.89420176623,0],[174.790641299989,-36.8943720496524,0],[174.7908141167,-36.8945423330516,0],[174.790987300488,-36.8947131162999,0],[174.791154816283,-36.8948841163447,0],[174.791286066773,-36.895031600095,0],[174.791409082873,-36.8951829168683,0]]]},"properties":{"OBJECTID":104,"TYPE":3,"SUBTYPE":null,"SCHEDULE":null,"NAME":"One Tree Hill","VALIDATIONSTATE":3,"VERSIONSTATUS":4,"GlobalID":"df00bb05-06c6-4ffc-b286-dc2749c2b62f"}},{"type":"Feature","id":106,"geometry":{"type":"MultiPolygon","coordinates":[[[[174.841549999937,-36.9314699334908,0],[174.841583166901,-36.933661183419,0],[174.841761316265,-36.9336163500869,0],[174.842101516793,-36.9335307170315,0],[174.842288333469,-36.9334442497602,0],[174.842526650402,-36.9337022165565,0],[174.842532067125,-36.9337080668071,0],[174.842355600453,-36.9338187663565,0],[174.842109017154,-36.9339734663409,0],[174.841898700377,-36.9341054000632,0],[174.841736432883,-36.9342071996064,0],[174.841618553039,-36.9342811698555,0],[174.841591950042,-36.9342978666637,0],[174.841610100047,-36.9343777496717,0],[174.84174625011,-36.9348197500495,0],[174.841691599526,-36.9348310170304,0],[174.841766767273,-36.9350852831204,0],[174.841836499714,-36.9353216665033,0],[174.841906166524,-36.9355576831102,0],[174.84186493326,-36.9355891668964,0],[174.84141126669,-36.9354836166739,0],[174.841151416494,-36.9354231828504,0],[174.840941016916,-36.9353742496439,0],[174.840754017077,-36.9353341170389,0],[174.840356133758,-36.9353619498933,0],[174.839711733216,-36.9354075168145,0],[174.839037066882,-36.9354557834033,0],[174.839023416405,-36.9354567330135,0],[174.839009783517,-36.9354576670272,0],[174.838996133428,-36.9354586328521,0],[174.838807050087,-36.9354719328056,0],[174.838617299832,-36.9354852833453,0],[174.838427550209,-36.9354986164473,0],[174.838394050459,-36.9355013163383,0],[174.837343783093,-36.9355792498732,0],[174.837198101056,-36.9355889238185,0],[174.836614416293,-36.9356276830857,0],[174.835972333702,-36.9358741168149,0],[174.835840267302,-36.9355521170158,0],[174.835645982828,-36.9350786165371,0],[174.835638672496,-36.9350401502199,0],[174.835553532794,-36.9345921333961,0],[174.835467566706,-36.9341822164623,0],[174.835452933093,-36.9341112336257,0],[174.835440085231,-36.9340531445529,0],[174.835504529873,-36.9339880867865,0],[174.835505073742,-36.9339875438943,0],[174.836240166766,-36.9332544822029,0],[174.836640466484,-36.9328562333856,0],[174.836705076933,-36.9327913842257,0],[174.837034917138,-36.9324580331768,0],[174.837126517049,-36.9323715995491,0],[174.837201533233,-36.9322967836288,0],[174.837851517164,-36.931648666378,0],[174.839565850377,-36.9306109664248,0],[174.84075609979,-36.9311225328409,0],[174.841549999937,-36.9314699334908,0]]],[[[174.842974066622,-36.9330288170222,0],[174.843217099625,-36.9332782827722,0],[174.843062649823,-36.9333751334562,0],[174.842914399859,-36.9334680832331,0],[174.842766150334,-36.9335610661699,0],[174.842714483166,-36.9335934665822,0],[174.842609866714,-36.9336540329955,0],[174.84234375042,-36.9333659500904,0],[174.842480403394,-36.9332740489479,0],[174.84251908512,-36.9332508525504,0],[174.842492517025,-36.9332017371546,0],[174.842613533013,-36.9331529670336,0],[174.842626713085,-36.9331814119331,0],[174.842784549529,-36.9330894665249,0],[174.842844849619,-36.9330515836508,0],[174.842974066622,-36.9330288170222,0]]]]},"properties":{"OBJECTID":106,"TYPE":3,"SUBTYPE":null,"SCHEDULE":null,"NAME":"Mount Richmond","VALIDATIONSTATE":3,"VERSIONSTATUS":4,"GlobalID":"0bb7243c-8a77-464d-808a-cbe5a8d8781c"}},{"type":"Feature","id":107,"geometry":{"type":"MultiPolygon","coordinates":[[[[174.783885710155,-36.9399277423831,0],[174.785261368364,-36.9394660181972,0],[174.785002450601,-36.9401555163579,0],[174.784535900466,-36.9403081321288,0],[174.784068115783,-36.9402324821792,0],[174.784093634872,-36.9401362675547,0],[174.783936663616,-36.9401076041876,0],[174.783966697188,-36.9402145634824,0],[174.783967771103,-36.9402183870108,0],[174.784069243832,-36.940234726665,0],[174.784537229291,-36.9403125809483,0],[174.785002099696,-36.940160641185,0],[174.785263247912,-36.939465387848,0],[174.785261368364,-36.9394660181972,0],[174.785283699806,-36.9394065488891,0],[174.785308450129,-36.9394022820896,0],[174.785365166239,-36.9393924979924,0],[174.78520992399,-36.9389674641175,0],[174.785233393642,-36.9389633689152,0],[174.785654441085,-36.9388398131804,0],[174.785655724684,-36.9388383778872,0],[174.785677940136,-36.9388289944313,0],[174.785687786299,-36.9388327436989,0],[174.785691152186,-36.9388340252425,0],[174.785697468973,-36.9388347801942,0],[174.785860747155,-36.9388542898376,0],[174.785869436884,-36.9388528477004,0],[174.785893133029,-36.9388383998956,0],[174.78606422015,-36.938709940406,0],[174.786070424698,-36.9387007896118,0],[174.786084105708,-36.9386870458408,0],[174.786101154293,-36.9386788405543,0],[174.786103514937,-36.9386777045197,0],[174.786223593183,-36.9385450250657,0],[174.786433952072,-36.9383207010016,0],[174.786439063827,-36.93832010132,0],[174.786478731729,-36.9383154484944,0],[174.786517655304,-36.9383012798016,0],[174.786551210927,-36.9382962141754,0],[174.786551496569,-36.9382961368697,0],[174.786604175823,-36.9382818161507,0],[174.786646265974,-36.9382811197111,0],[174.786677015471,-36.9382760962749,0],[174.786699568701,-36.9382802274903,0],[174.786783981658,-36.9382878353093,0],[174.786814964236,-36.9382918306382,0],[174.78686569395,-36.9382999993723,0],[174.786893753983,-36.9382995320155,0],[174.78692473657,-36.9383035273155,0],[174.786978399873,-36.938316149485,0],[174.78700949892,-36.9383246496574,0],[174.787029362522,-36.9383333279376,0],[174.787054733119,-36.9383374166815,0],[174.787085599062,-36.9383368980342,0],[174.787104587064,-36.9383337117609,0],[174.787363666595,-36.9382586501992,0],[174.787496434897,-36.9382201827939,0],[174.787517519378,-36.938219840134,0],[174.787522526489,-36.9382191356244,0],[174.78754004352,-36.9382166699576,0],[174.787557050528,-36.9382177496847,0],[174.787575162918,-36.938218899295,0],[174.787634533851,-36.938217930618,0],[174.788430386522,-36.9382049443126,0],[174.788468773331,-36.9382012150547,0],[174.788496833302,-36.9382007473202,0],[174.788515101115,-36.9382027813538,0],[174.788521209531,-36.9382034617799,0],[174.788637192431,-36.9382015686171,0],[174.788638788088,-36.9382012849968,0],[174.788656764009,-36.9381980857813,0],[174.788737480097,-36.9381818482536,0],[174.788754496353,-36.9381784246287,0],[174.788770791332,-36.9381781530001,0],[174.788776944319,-36.9381780503878,0],[174.788804887933,-36.9381730867005,0],[174.788832831332,-36.9381681139967,0],[174.788863580616,-36.9381630899989,0],[174.788899930873,-36.9381579816062,0],[174.788939098238,-36.9381528217441,0],[174.788960160442,-36.9381486944821,0],[174.788989373008,-36.9381429698384,0],[174.789011704394,-36.9381380906636,0],[174.789038002106,-36.938132559548,0],[174.789081504633,-36.938123410832,0],[174.789103536176,-36.9381230437056,0],[174.789398011296,-36.9380665561595,0],[174.789405461906,-36.9380594288282,0],[174.789420016708,-36.9380570552983,0],[174.789436211314,-36.9380544136943,0],[174.789440926597,-36.938058323801,0],[174.789473901161,-36.9380519997411,0],[174.789444998405,-36.9380617019066,0],[174.789473494018,-36.9380853352277,0],[174.789482728052,-36.9381167245524,0],[174.789493305046,-36.9381268970777,0],[174.789494952241,-36.9381284811245,0],[174.789505758974,-36.9381388746171,0],[174.789511264258,-36.9381484286547,0],[174.789526333604,-36.9381745816352,0],[174.78954152967,-36.938219401033,0],[174.789577055807,-36.9382909088177,0],[174.789585940316,-36.9383087924771,0],[174.789603242513,-36.9383265222207,0],[174.789626273534,-36.9383486722585,0],[174.789668946685,-36.9383704991868,0],[174.789705646593,-36.9383788961998,0],[174.789728211217,-36.9383830266653,0],[174.789801633723,-36.938399829314,0],[174.789827237699,-36.9384129272357,0],[174.789847218241,-36.9384261099226,0],[174.789904387896,-36.9384657177769,0],[174.78992157379,-36.9384789515936,0],[174.790015560159,-36.9385314612106,0],[174.790046659599,-36.9385399605756,0],[174.790185783847,-36.9389458685163,0],[174.790475161848,-36.9397901449523,0],[174.790635901908,-36.940259103193,0],[174.790673154702,-36.9403677842017,0],[174.790693859498,-36.9404281899415,0],[174.79073194775,-36.9405393117433,0],[174.791042983594,-36.9404274999862,0],[174.791151378346,-36.9404065799816,0],[174.791152566576,-36.9404063502439,0],[174.791311017002,-36.9403757662189,0],[174.791538916949,-36.9403326331203,0],[174.791645316361,-36.9403080329066,0],[174.791964166205,-36.9402784831732,0],[174.792302483883,-36.940302366901,0],[174.792628550067,-36.9403864333681,0],[174.792924333562,-36.9405209664309,0],[174.793164099548,-36.9406958995712,0],[174.79336983326,-36.9409158502426,0],[174.793530399874,-36.941236883589,0],[174.793527166564,-36.9412499836635,0],[174.793640649957,-36.9416699665159,0],[174.793715150269,-36.9419457163833,0],[174.793804862893,-36.9422654203525,0],[174.793858066197,-36.9424550166482,0],[174.794060757218,-36.9429201596241,0],[174.79419503352,-36.9432282999768,0],[174.794212083163,-36.943267099561,0],[174.794248266819,-36.9433501166486,0],[174.794284367069,-36.9434331169572,0],[174.794336783287,-36.9435535497738,0],[174.794765649771,-36.9445383665241,0],[174.794831133828,-36.9446887500423,0],[174.794897100007,-36.9449191496898,0],[174.794912427128,-36.9449726578206,0],[174.794963077226,-36.945149475212,0],[174.794978433733,-36.9452030829345,0],[174.795026414285,-36.9453696330692,0],[174.795131916763,-36.9457358497753,0],[174.795292500248,-36.9462933495581,0],[174.795428100581,-36.946764082953,0],[174.795523649478,-36.9470956999494,0],[174.795625433586,-36.9474489670523,0],[174.795682750159,-36.9476114503482,0],[174.795750583571,-36.9477712994913,0],[174.795791833305,-36.9478540167506,0],[174.795830167194,-36.9479338830377,0],[174.795922216193,-36.9480993334554,0],[174.795929882777,-36.9481121497196,0],[174.795958400342,-36.9481551667864,0],[174.795937366246,-36.9481644162267,0],[174.796071983067,-36.9484334664279,0],[174.796090916781,-36.9484712502304,0],[174.796109833655,-36.9485090333828,0],[174.796346949846,-36.9489893330381,0],[174.79636569948,-36.9490272998409,0],[174.796446136119,-36.94919032157,0],[174.796506316184,-36.9493122662549,0],[174.796658999593,-36.9496215668498,0],[174.796719199856,-36.9497517501313,0],[174.796742232921,-36.9498026662938,0],[174.796762133233,-36.9498499668729,0],[174.796777233307,-36.9498859166855,0],[174.796779970058,-36.9498887360761,0],[174.796753045173,-36.9499055747565,0],[174.796391938611,-36.9501314047077,0],[174.79637512594,-36.9501419189075,0],[174.796356448417,-36.9501536005991,0],[174.796210948704,-36.950303626863,0],[174.796123059858,-36.9503942519124,0],[174.795964275639,-36.9505579780312,0],[174.795747515995,-36.9507814834927,0],[174.79573464568,-36.9507885877397,0],[174.795713910587,-36.9508000327609,0],[174.795323551404,-36.9510154995833,0],[174.794972536892,-36.951120802299,0],[174.794881683172,-36.9510602331695,0],[174.79478798367,-36.9509890334806,0],[174.793917213448,-36.9508310291031,0],[174.793900748901,-36.9510022271406,0],[174.793854796266,-36.9511341366585,0],[174.793803292813,-36.9512617567925,0],[174.793713860764,-36.9513986973527,0],[174.793576525424,-36.9515844734984,0],[174.793416373624,-36.9517268554863,0],[174.793266193661,-36.95182972299,0],[174.792641322816,-36.9521409551309,0],[174.792490321045,-36.9522088427669,0],[174.792226759275,-36.9523571586477,0],[174.792011407327,-36.9524697558284,0],[174.791949930365,-36.9524935594774,0],[174.791811578639,-36.9525471270167,0],[174.791724618799,-36.952557187769,0],[174.791673303734,-36.9525638632179,0],[174.791579532816,-36.9526656312133,0],[174.791547678889,-36.9527002010104,0],[174.791429029725,-36.9531095778112,0],[174.791364878277,-36.953271405647,0],[174.79126069119,-36.9535342219139,0],[174.79087020848,-36.9543700107222,0],[174.790836014012,-36.9544344468509,0],[174.790759219055,-36.9545791596116,0],[174.790588865205,-36.9549179817785,0],[174.790476767379,-36.955048016046,0],[174.790469661495,-36.9550562594955,0],[174.790432647148,-36.9550991954293,0],[174.790387988711,-36.9551110372986,0],[174.790277816407,-36.9551402496786,0],[174.790120849816,-36.9551499499349,0],[174.789998816546,-36.9551574828376,0],[174.789739433481,-36.9551735164678,0],[174.789534683742,-36.9551861833347,0],[174.789500616915,-36.9551882832034,0],[174.78929593296,-36.9552009333448,0],[174.78907073316,-36.9552148161804,0],[174.788886500373,-36.9552261668467,0],[174.788845583044,-36.9552286662941,0],[174.788395217112,-36.9552564500553,0],[174.788201082774,-36.9552684166129,0],[174.788006949885,-36.9552803999568,0],[174.787998349337,-36.9552809305849,0],[174.787975300488,-36.9552846883544,0],[174.787947234242,-36.9552851561319,0],[174.787923866188,-36.9552855414267,0],[174.787921974515,-36.9552855726209,0],[174.787730983689,-36.9552974496056,0],[174.787536849919,-36.9553094502215,0],[174.787342716798,-36.9553214333853,0],[174.787148566384,-36.9553334002686,0],[174.78709821662,-36.9553364980861,0],[174.786923333505,-36.9553472497897,0],[174.78688235018,-36.9553497666799,0],[174.786657133758,-36.9553637001736,0],[174.786431899653,-36.9553776497306,0],[174.78629528348,-36.9553860995106,0],[174.78615874967,-36.9553945668223,0],[174.785194066952,-36.9554542836072,0],[174.784815867177,-36.9555411168404,0],[174.784667716996,-36.9555826501323,0],[174.784118583127,-36.9557361829224,0],[174.783789263054,-36.9558364787062,0],[174.783605314575,-36.955889104033,0],[174.783432476146,-36.9559370375057,0],[174.783262560554,-36.9559894334606,0],[174.783092516994,-36.9560373154453,0],[174.782921070074,-36.9560831578302,0],[174.782607330395,-36.9561670474455,0],[174.78259381065,-36.9561497601971,0],[174.782540470324,-36.9560815573053,0],[174.780906050851,-36.9539916300162,0],[174.780906014977,-36.9539915845867,0],[174.780897475408,-36.9539866769725,0],[174.77896249982,-36.9528746310956,0],[174.778942705362,-36.9528632591136,0],[174.778695135209,-36.952721032726,0],[174.778680392439,-36.9527125630009,0],[174.777463431699,-36.9520071671095,0],[174.777323548537,-36.9516985282324,0],[174.772670709854,-36.9524891979235,0],[174.772652528549,-36.9524922869594,0],[174.771793979003,-36.9533250853522,0],[174.771792334751,-36.9533266809093,0],[174.769468009756,-36.9556054657596,0],[174.769319138039,-36.9557514142621,0],[174.769201745259,-36.9558693145697,0],[174.769202233756,-36.9558708170164,0],[174.769200964878,-36.9558700986391,0],[174.769195966445,-36.9558751187264,0],[174.766357849788,-36.95426105067,0],[174.765687817743,-36.9527770487495,0],[174.76599516648,-36.9516712324992,0],[174.767729066425,-36.9509924999017,0],[174.768244982734,-36.9512419320581,0],[174.768574866581,-36.9510275490288,0],[174.767887800934,-36.9490069153244,0],[174.767370784362,-36.9483668988268,0],[174.76698656837,-36.9483101826905,0],[174.763667466731,-36.9473343325362,0],[174.760355668084,-36.9485752220853,0],[174.760354535763,-36.9485756462767,0],[174.759617371367,-36.9479060687468,0],[174.756104109762,-36.9481226608406,0],[174.756103329276,-36.9481227093399,0],[174.756101533708,-36.9481203167232,0],[174.756021546824,-36.9479013512009,0],[174.756020132885,-36.947897482865,0],[174.756014571997,-36.9478958255438,0],[174.75580883868,-36.9478346150467,0],[174.755801237831,-36.9478347400747,0],[174.75577586546,-36.9478306446956,0],[174.755770899995,-36.9478273831988,0],[174.755763518854,-36.9478211316535,0],[174.755760099657,-36.947820116844,0],[174.755760650121,-36.9478167503387,0],[174.755762416604,-36.9478130828318,0],[174.755772371269,-36.9478036654109,0],[174.755783699532,-36.9477928378206,0],[174.755791557579,-36.9477853279788,0],[174.755793925856,-36.9477840031478,0],[174.756008182785,-36.9475552335193,0],[174.756004860268,-36.9475552988857,0],[174.755883411697,-36.9475577666247,0],[174.755878447588,-36.9475585746281,0],[174.755847692034,-36.9475635902295,0],[174.755816936269,-36.9475685968128,0],[174.755788872346,-36.9475690569165,0],[174.755763614712,-36.9475694664991,0],[174.755753039199,-36.9475654371083,0],[174.755740549956,-36.9475606662798,0],[174.755731316813,-36.9475470665166,0],[174.755729616431,-36.9475413835239,0],[174.75572599649,-36.9475250192859,0],[174.755728058052,-36.9475091595978,0],[174.755679556061,-36.9473091483023,0],[174.755672567308,-36.9473005664111,0],[174.755670718436,-36.9472982962554,0],[174.75553292411,-36.9472033495729,0],[174.755521203817,-36.9471993947733,0],[174.755496005846,-36.9471909009537,0],[174.755495717247,-36.9471908033704,0],[174.75549543332,-36.9471907625021,0],[174.755467550056,-36.9471867582608,0],[174.755441900256,-36.9471773661724,0],[174.755419497636,-36.9471740208775,0],[174.755396702943,-36.947160882989,0],[174.755382567037,-36.9471419999681,0],[174.755378833073,-36.9471365164875,0],[174.755372466451,-36.9471248500326,0],[174.75536970003,-36.9471178785674,0],[174.755364468443,-36.9471073247,0],[174.755361203683,-36.9470893553318,0],[174.75536103235,-36.9470826240092,0],[174.755359800323,-36.9470705328216,0],[174.755360172088,-36.9470488106176,0],[174.755359820174,-36.9470349938854,0],[174.755359599188,-36.9470262947865,0],[174.75536183235,-36.9470037194406,0],[174.755364180339,-36.9469856580731,0],[174.755366528328,-36.9469675967056,0],[174.755369558182,-36.9469539976688,0],[174.755371567961,-36.946944979865,0],[174.755373915946,-36.9469269184973,0],[174.755374360637,-36.9469234931678,0],[174.755376263725,-36.9469088481192,0],[174.755375889588,-36.9468941610281,0],[174.755375690615,-36.9468863232775,0],[174.755373546296,-36.9468720598467,0],[174.755372311243,-36.9468638489405,0],[174.755372166081,-36.9468581600726,0],[174.755371738136,-36.9468413240986,0],[174.755371176255,-36.9468187990906,0],[174.755370603356,-36.9467962832588,0],[174.755372836511,-36.9467737079121,0],[174.755375184493,-36.946755646544,0],[174.755383030577,-36.9467329882082,0],[174.755390991072,-36.9467148258301,0],[174.755398705304,-36.9467017866619,0],[174.755399266895,-36.9466960666137,0],[174.755405302839,-36.9466909290052,0],[174.755418023282,-36.9466738301233,0],[174.755434402945,-36.9466555342461,0],[174.755450897225,-36.9466417433352,0],[174.755464585244,-36.9466280029287,0],[174.755483874748,-36.946614170683,0],[174.755503175264,-36.9466003292581,0],[174.75552247598,-36.9465864968404,0],[174.755533701327,-36.9465817592973,0],[174.755544750013,-36.9465719669881,0],[174.755842445525,-36.9463192520622,0],[174.755839658647,-36.9463136401194,0],[174.755488406996,-36.9461194667214,0],[174.755485320788,-36.9461184253471,0],[174.755462526199,-36.9461052784508,0],[174.755439857467,-36.9460966363526,0],[174.755417062893,-36.946083489447,0],[174.755397074768,-36.9460703010427,0],[174.755374280209,-36.9460571541285,0],[174.75534879404,-36.9460485626821,0],[174.755340012775,-36.9460473017559,0],[174.755270325988,-36.9460498219483,0],[174.755270227615,-36.9460498414293,0],[174.755242393462,-36.946059311328,0],[174.755214444693,-36.9460642762509,0],[174.755183689686,-36.9460692916669,0],[174.755155751928,-36.9460742474,0],[174.755133186616,-36.9460701103775,0],[174.755131016541,-36.9460649003067,0],[174.755126150064,-36.9460550332519,0],[174.755127315724,-36.9460527834187,0],[174.75512711573,-36.9460521914955,0],[174.755129348944,-36.9460296161494,0],[174.755137195036,-36.9460069578272,0],[174.755147961961,-36.9459887539757,0],[174.75515872888,-36.9459705501233,0],[174.755177800293,-36.9459477078237,0],[174.755184189279,-36.9459431292415,0],[174.755188983233,-36.9459338828022,0],[174.755234583223,-36.945913482995,0],[174.755493400563,-36.9457989330491,0],[174.755728216191,-36.9453515670458,0],[174.755561333556,-36.94507359951,0],[174.755559790971,-36.945071706086,0],[174.755548107267,-36.9450538702172,0],[174.755533617166,-36.9450360758436,0],[174.755519138504,-36.9450182903123,0],[174.755507340196,-36.9449959494695,0],[174.755492850322,-36.9449781641004,0],[174.755483865123,-36.9449557798577,0],[174.75547598309,-36.9449378670392,0],[174.755474046638,-36.9449316800798,0],[174.755473350963,-36.9449270557123,0],[174.755471783045,-36.9449244497073,0],[174.755472607598,-36.9449221147808,0],[174.755471601662,-36.9449154210338,0],[174.755471028564,-36.9448928961858,0],[174.755476182674,-36.9448747843072,0],[174.755486834747,-36.9448520754583,0],[174.755494795246,-36.9448339220838,0],[174.755508253704,-36.9448111717378,0],[174.755516644361,-36.9447969850768,0],[174.755530304517,-36.9447581681913,0],[174.75556114996,-36.9446705162531,0],[174.755547356665,-36.9446345920808,0],[174.755534205666,-36.9446169653819,0],[174.755514103294,-36.9445992720149,0],[174.755496807112,-36.9445815281388,0],[174.755482317116,-36.944563733755,0],[174.755481783784,-36.9445585499631,0],[174.755477000542,-36.9445419829829,0],[174.755483977311,-36.9445186425615,0],[174.755494353346,-36.9444965317712,0],[174.755491966705,-36.944490300092,0],[174.75550952205,-36.9444764267864,0],[174.755527387933,-36.9444593509572,0],[174.755541075564,-36.9444456105477,0],[174.755557046196,-36.9444388703813,0],[174.755573367199,-36.9444259662241,0],[174.75561122137,-36.9444241599403,0],[174.755861817197,-36.9444121663811,0],[174.755953480839,-36.9442587531682,0],[174.755965298181,-36.9442389744013,0],[174.755967946736,-36.9442313243745,0],[174.755978713226,-36.9442131204542,0],[174.755986558693,-36.9441904530705,0],[174.755997325381,-36.9441722581589,0],[174.75601089802,-36.944154003719,0],[174.75602166449,-36.9441357997951,0],[174.756037521434,-36.9441180956303,0],[174.75604811688,-36.944100366532,0],[174.756068180688,-36.9440900163084,0],[174.756068224597,-36.944089972395,0],[174.756087524591,-36.9440761398992,0],[174.756109630739,-36.944062256881,0],[174.756131736878,-36.9440483738589,0],[174.756153946647,-36.9440390049777,0],[174.756176052772,-36.9440251219476,0],[174.756201079705,-36.9440156933607,0],[174.756225992178,-36.9440017688104,0],[174.75624821294,-36.9439923907359,0],[174.75627324006,-36.9439829711444,0],[174.756282468253,-36.9439794979023,0],[174.756340114892,-36.9439497664445,0],[174.756410933466,-36.9439150495155,0],[174.756405610234,-36.9439098410463,0],[174.756252110051,-36.9438482811631,0],[174.756236021883,-36.9438438781787,0],[174.756207730015,-36.9438353284087,0],[174.756179438153,-36.9438267786318,0],[174.756153952655,-36.9438181873381,0],[174.756133964809,-36.9438049900306,0],[174.756133666628,-36.9437950833841,0],[174.756132049762,-36.943787116983,0],[174.756141466435,-36.9437688167413,0],[174.756152118168,-36.9437461078379,0],[174.756154218531,-36.9437416295939,0],[174.756157251596,-36.9437263224599,0],[174.756162135243,-36.9437016735784,0],[174.756150639084,-36.9436875520875,0],[174.756130651273,-36.9436743547783,0],[174.75610505118,-36.9436612585034,0],[174.756079450888,-36.9436481532125,0],[174.756059577956,-36.9436394698699,0],[174.756034103552,-36.9436308693719,0],[174.756011309633,-36.9436177225587,0],[174.755994128421,-36.943604492729,0],[174.755987249624,-36.9435903164506,0],[174.755984316795,-36.9435862668739,0],[174.755990290265,-36.9435639895111,0],[174.755996042165,-36.9435542682895,0],[174.755992399703,-36.9435511503708,0],[174.756104837603,-36.9434267591585,0],[174.756118286114,-36.9434086804993,0],[174.756131858596,-36.9433904260476,0],[174.756148122759,-36.9433676251161,0],[174.756164616428,-36.9433538431309,0],[174.756182046826,-36.9433413425033,0],[174.756198282874,-36.9433233830404,0],[174.756317070774,-36.9433166884041,0],[174.756686466801,-36.9432958665546,0],[174.756718533984,-36.9432459458673,0],[174.75670611467,-36.9432323094858,0],[174.756683331987,-36.9432191626346,0],[174.756657617276,-36.9432015615085,0],[174.756632017052,-36.9431884563343,0],[174.756614835629,-36.9431752175836,0],[174.756613883597,-36.9431645661962,0],[174.756614376908,-36.9431571977113,0],[174.756614480067,-36.9431570934331,0],[174.756610350391,-36.943153883595,0],[174.756638999845,-36.9431275995748,0],[174.75678833283,-36.9429897664731,0],[174.756523095558,-36.9426628610154,0],[174.756514563727,-36.9426541082061,0],[174.756500085316,-36.9426363227818,0],[174.756485595479,-36.9426185285113,0],[174.756468299543,-36.9426007847653,0],[174.756450889154,-36.9425785450578,0],[174.756436399339,-36.9425607507806,0],[174.756421909739,-36.9425429655116,0],[174.756407431163,-36.9425251710642,0],[174.756392941577,-36.9425073857912,0],[174.756378451996,-36.9424896005162,0],[174.756363962216,-36.942471806229,0],[174.756346666343,-36.9424540624632,0],[174.756329370684,-36.942436327705,0],[174.756312200711,-36.942423088737,0],[174.756292098555,-36.9424053864749,0],[174.756272111272,-36.9423921981888,0],[174.756252123789,-36.9423790008889,0],[174.75623213652,-36.9423658125957,0],[174.756209354179,-36.9423526656428,0],[174.756189366924,-36.942339477342,0],[174.756166573373,-36.9423263305465,0],[174.756146585926,-36.9423131332277,0],[174.756126484044,-36.9422954399457,0],[174.756103690516,-36.9422822931374,0],[174.756083714316,-36.9422690956414,0],[174.75606361246,-36.9422514023479,0],[174.756046316706,-36.9422336585346,0],[174.756029135602,-36.9422204196888,0],[174.756011839864,-36.94220267587,0],[174.755997350431,-36.9421848905438,0],[174.755982757591,-36.9421626000791,0],[174.755968267966,-36.9421448057386,0],[174.755956470006,-36.9421224649219,0],[174.755947478349,-36.9421000826004,0],[174.755938486696,-36.9420777002779,0],[174.755937283333,-36.9420686668869,0],[174.755933449613,-36.9420540336564,0],[174.755931842593,-36.9420372475588,0],[174.755931507296,-36.9420240588021,0],[174.755928900295,-36.9420176663452,0],[174.755932642877,-36.942009544063,0],[174.7559337318,-36.9420011662905,0],[174.755936090774,-36.9419831047387,0],[174.755944050688,-36.9419649423261,0],[174.755954702457,-36.9419422424491,0],[174.755965457426,-36.9419240386977,0],[174.75597898944,-36.9419089224014,0],[174.755990933393,-36.9418829829467,0],[174.756018966099,-36.9418721552443,0],[174.75603120089,-36.9418598648797,0],[174.756053306631,-36.9418459908939,0],[174.756075412157,-36.9418321078939,0],[174.756097632319,-36.9418227298603,0],[174.75612265876,-36.9418133103154,0],[174.75614487891,-36.9418039322733,0],[174.756172711415,-36.9417944622,0],[174.756197726405,-36.9417850337955,0],[174.756222867472,-36.9417801192003,0],[174.756250814612,-36.9417751540792,0],[174.756275841017,-36.9417657345029,0],[174.756303788147,-36.9417607693696,0],[174.756323202185,-36.9417514418168,0],[174.756348102482,-36.9417375084115,0],[174.756373128862,-36.9417280888153,0],[174.756395348956,-36.9417187107276,0],[174.756420375324,-36.9417092911216,0],[174.756445516143,-36.9417043674699,0],[174.7564705425,-36.9416949478537,0],[174.756477941786,-36.9416948248702,0],[174.75651075027,-36.9416821498732,0],[174.756570456534,-36.9416971056861,0],[174.75657447455,-36.9416977546889,0],[174.756602650981,-36.9417017994249,0],[174.756628135811,-36.9417103906424,0],[174.756653506176,-36.9417144858955,0],[174.75667897979,-36.9417230772679,0],[174.756692960357,-36.9417277953017,0],[174.756759366319,-36.9417444329264,0],[174.756790870378,-36.9417761732173,0],[174.756806966688,-36.9417885762448,0],[174.756824262508,-36.9418063199465,0],[174.756838752261,-36.94182411418,0],[174.756839091545,-36.9418247572182,0],[174.756848620828,-36.9418343578224,0],[174.756921017105,-36.9419072995226,0],[174.757092755598,-36.941891727512,0],[174.757128223619,-36.941888511234,0],[174.757334582886,-36.9418698000207,0],[174.757412444179,-36.9416975394024,0],[174.757421721601,-36.9416770139269,0],[174.757424219591,-36.9416658013236,0],[174.757432179324,-36.9416476478306,0],[174.757442830399,-36.9416249388215,0],[174.757449020615,-36.941616617122,0],[174.757459783602,-36.9415928167431,0],[174.757489596624,-36.9415751834181,0],[174.757793000184,-36.9413957666461,0],[174.757705723431,-36.9411022840609,0],[174.757698570144,-36.9410844723579,0],[174.757686898029,-36.9410666455294,0],[174.7576779058,-36.941044254335,0],[174.757671834563,-36.9410263265636,0],[174.75766576333,-36.9410083987917,0],[174.757659692306,-36.9409904800296,0],[174.757656312389,-36.9409679967368,0],[174.757650126432,-36.9409455639966,0],[174.757649552976,-36.940923048171,0],[174.757649384981,-36.9409164204514,0],[174.757649117212,-36.9409119501977,0],[174.757649176161,-36.9409082601686,0],[174.757649094047,-36.9409050283022,0],[174.757649238578,-36.9409043790055,0],[174.757654132674,-36.9408824113709,0],[174.757662092278,-36.9408642578638,0],[174.757667245632,-36.9408461458991,0],[174.75768070278,-36.9408233953276,0],[174.757697080693,-36.940805099168,0],[174.757716264841,-36.9407867614624,0],[174.757729951231,-36.9407730118097,0],[174.757749250101,-36.9407591790661,0],[174.757771396337,-36.9407498315619,0],[174.757786516745,-36.9407297828874,0],[174.757807879038,-36.9407427126148,0],[174.757819059465,-36.9407445174036,0],[174.757847339114,-36.9407530669852,0],[174.757867326218,-36.9407662550136,0],[174.757887428075,-36.9407839480051,0],[174.757901803119,-36.9407972371437,0],[174.757910225506,-36.940804650293,0],[174.757948006938,-36.940827514749,0],[174.758179699678,-36.9409678331653,0],[174.758202100369,-36.9409812828349,0],[174.758201875835,-36.94099755432,0],[174.758204499292,-36.9409995750172,0],[174.758209726295,-36.941018531064,0],[174.7582095169,-36.9410224162062,0],[174.758208452992,-36.9410445741082,0],[174.758203414521,-36.9410671910585,0],[174.758201067329,-36.9410852524769,0],[174.758200638779,-36.9410864909453,0],[174.758199800217,-36.9411471333315,0],[174.75842963328,-36.9411682333232,0],[174.758601672914,-36.9410538433577,0],[174.75859975551,-36.9410468792162,0],[174.758558248949,-36.9410055405423,0],[174.758538408464,-36.940994098146,0],[174.758515500155,-36.9409764468338,0],[174.758492591856,-36.9409587955168,0],[174.758478228112,-36.9409455152977,0],[174.758472156698,-36.9409275875717,0],[174.758465970507,-36.94090515488,0],[174.758462705346,-36.9408871855914,0],[174.758462131446,-36.9408646607655,0],[174.758462034568,-36.940860836943,0],[174.758461917288,-36.940858616894,0],[174.758461672326,-36.9408466409048,0],[174.75846225208,-36.940844604319,0],[174.758466825488,-36.9408285289103,0],[174.758477590929,-36.9408103247816,0],[174.758485581094,-36.9408023026533,0],[174.758486767031,-36.9407864829182,0],[174.758614016626,-36.9407987617527,0],[174.758889100058,-36.9408252998579,0],[174.759006316074,-36.940759896806,0],[174.759060344116,-36.9407297489679,0],[174.759075879018,-36.9407148982885,0],[174.759097983653,-36.9407010147461,0],[174.75911739686,-36.9406916777404,0],[174.759142422539,-36.9406822575766,0],[174.759146868942,-36.9406814679277,0],[174.759180401236,-36.9406627569668,0],[174.759362233331,-36.9405613000681,0],[174.759453043855,-36.9405566699498,0],[174.759620300095,-36.940548149674,0],[174.759705528378,-36.9404967363865,0],[174.759767248585,-36.9404595024159,0],[174.759939467064,-36.9403554831313,0],[174.759985716815,-36.9403276998999,0],[174.760065305455,-36.94037848376,0],[174.760151317018,-36.9404333662498,0],[174.760210413785,-36.9404185267014,0],[174.760289081471,-36.9403987749372,0],[174.76029169358,-36.9403975194114,0],[174.760311106765,-36.9403881912261,0],[174.760339053095,-36.9403832251617,0],[174.760364193196,-36.940378300697,0],[174.7603893335,-36.9403733852374,0],[174.760392308169,-36.9403728562161,0],[174.76071263304,-36.9402924332548,0],[174.760760167012,-36.9403048499527,0],[174.76133694987,-36.9404562166938,0],[174.761397135842,-36.9403899844355,0],[174.761394191191,-36.9403704070082,0],[174.761388004201,-36.9403479744882,0],[174.7613790112,-36.940325592608,0],[174.761372939168,-36.9403076650452,0],[174.761363946176,-36.9402852831635,0],[174.761360691388,-36.9402673047933,0],[174.761360116854,-36.9402447890118,0],[174.761359657062,-36.9402267691783,0],[174.761358141615,-36.9402166922264,0],[174.761344282979,-36.9401645970817,0],[174.761344017335,-36.9401639349376,0],[174.761326720879,-36.9401461919076,0],[174.761306733161,-36.9401329954616,0],[174.761284486405,-36.9401216108524,0],[174.761224980578,-36.9401072979834,0],[174.761199422536,-36.9401077185594,0],[174.761171246498,-36.9401036749046,0],[174.761143185397,-36.940104136202,0],[174.761118056667,-36.9401090606617,0],[174.761090110495,-36.9401140269057,0],[174.761062279041,-36.9401234890922,0],[174.761040060011,-36.9401328680287,0],[174.761017955903,-36.9401467519205,0],[174.760995851787,-36.9401606358084,0],[174.760976438746,-36.9401699641023,0],[174.760948503766,-36.9401749301472,0],[174.760926169784,-36.9401798041037,0],[174.760903491036,-36.9401711631772,0],[174.760886309598,-36.94015792504,0],[174.760871704544,-36.9401356353629,0],[174.760857099498,-36.9401133456837,0],[174.760845300468,-36.940091005375,0],[174.760833627586,-36.9400731698582,0],[174.760821828569,-36.9400508295466,0],[174.760821368906,-36.9400328097071,0],[174.760824493724,-36.9400256815935,0],[174.760829327669,-36.9400146560072,0],[174.760834097098,-36.9400100966379,0],[174.76083004982,-36.9400031001254,0],[174.760983233635,-36.9399210495037,0],[174.761100167012,-36.939930283465,0],[174.76121324991,-36.9399385333872,0],[174.761214536254,-36.9399295875064,0],[174.761214364559,-36.9399227146868,0],[174.761205371456,-36.9399003237791,0],[174.761202105707,-36.9398823545787,0],[174.761198839753,-36.9398643763679,0],[174.761198380211,-36.9398463655419,0],[174.76120072646,-36.93982829507,0],[174.761202957977,-36.9398057286491,0],[174.761207334669,-36.9397930856288,0],[174.7612101003,-36.9397819167503,0],[174.761224487262,-36.9397693199303,0],[174.761238033144,-36.9397666709763,0],[174.761240383724,-36.9397503499263,0],[174.761354173517,-36.9397830721339,0],[174.761631666551,-36.9398628829016,0],[174.761699776062,-36.9397674992004,0],[174.76170126039,-36.9397524762958,0],[174.761703491758,-36.9397299098692,0],[174.761711335314,-36.9397072511578,0],[174.761717666754,-36.939684316541,0],[174.761719472324,-36.9396793919083,0],[174.761727137174,-36.9396664296811,0],[174.761740822839,-36.9396526885979,0],[174.761760005713,-36.9396343502685,0],[174.761782109537,-36.9396204662448,0],[174.761804328324,-36.9396110871749,0],[174.761813740469,-36.9396078829821,0],[174.761827733595,-36.9395882831706,0],[174.761896405806,-36.9396077000691,0],[174.761908142567,-36.9396093844528,0],[174.761933627239,-36.9396179745367,0],[174.761934704421,-36.9396185263915,0],[174.762077882955,-36.9396589994928,0],[174.762096247791,-36.9396973851035,0],[174.762107306006,-36.9397142642894,0],[174.762118990347,-36.939732099509,0],[174.762127983485,-36.9397544813314,0],[174.762136861844,-36.9397723672063,0],[174.762139036261,-36.939786821154,0],[174.762152232852,-36.9398148334068,0],[174.762164283103,-36.939839583623,0],[174.76217713927,-36.9398475021079,0],[174.762215848635,-36.93987132757,0],[174.762240629837,-36.9398788157826,0],[174.762268920839,-36.9398873641408,0],[174.762283296241,-36.9399006437248,0],[174.76230058163,-36.9399183867784,0],[174.762304223683,-36.9399257245496,0],[174.762319050229,-36.9399348495001,0],[174.762310477178,-36.9399418701397,0],[174.76231272606,-36.9399542418011,0],[174.762310416629,-36.9399628829047,0],[174.762307573866,-36.9399723539396,0],[174.762294003253,-36.9399906000425,0],[174.762274820631,-36.9400089474663,0],[174.762255522793,-36.9400227809208,0],[174.762230508962,-36.9400322015596,0],[174.762205369111,-36.9400371264136,0],[174.762191040457,-36.9400396726265,0],[174.762008370253,-36.9401892539782,0],[174.762004443568,-36.9401936413516,0],[174.761988066835,-36.9402119380767,0],[174.761974496312,-36.9402301931557,0],[174.761966649398,-36.940238956087,0],[174.761757699552,-36.9405902496002,0],[174.7618704672,-36.9407931499383,0],[174.762250910248,-36.9408645831381,0],[174.762274550181,-36.9408690165367,0],[174.762238207142,-36.940891102308,0],[174.762238012608,-36.9408913828058,0],[174.762227528673,-36.940906511346,0],[174.762208115813,-36.9409158488515,0],[174.76218870274,-36.9409251773437,0],[174.762169289663,-36.9409345058329,0],[174.762161079266,-36.9409379716322,0],[174.761813603401,-36.9411491241693,0],[174.761809233735,-36.9411517830445,0],[174.762142916966,-36.9415175501046,0],[174.762460200167,-36.9416623834716,0],[174.762696597205,-36.941493295746,0],[174.762699481055,-36.9414710855636,0],[174.762698560801,-36.9414350459311,0],[174.762694604435,-36.9413900470625,0],[174.762699307926,-36.9413539239383,0],[174.76270165385,-36.9413358534492,0],[174.762706575965,-36.9413087313894,0],[174.76271115319,-36.941268103477,0],[174.762716305363,-36.9412499913251,0],[174.762714119968,-36.9411644062052,0],[174.762723964171,-36.9411101620836,0],[174.762720007815,-36.9410651632135,0],[174.762723894834,-36.9409975055736,0],[174.762717718623,-36.9409750729701,0],[174.762717143469,-36.9409525481981,0],[174.762729563826,-36.9408892525039,0],[174.76272898867,-36.9408667277317,0],[174.762719765153,-36.940835336058,0],[174.762713117613,-36.9407948838019,0],[174.762709391346,-36.9407588948377,0],[174.762717234695,-36.9407362360686,0],[174.762722036945,-36.9407291569131,0],[174.762738878523,-36.9407043320472,0],[174.762744769551,-36.940700743811,0],[174.7627450986,-36.9406929487093,0],[174.762888286091,-36.9406415595654,0],[174.763077505708,-36.9405736548116,0],[174.763261163331,-36.9405077449867,0],[174.764089383252,-36.9402105167909,0],[174.764235933429,-36.9400640990807,0],[174.764314788076,-36.9396483937831,0],[174.764314508277,-36.9396374296267,0],[174.764319659973,-36.9396193174134,0],[174.764321592893,-36.9396125214873,0],[174.764364277615,-36.9393874950888,0],[174.764363849463,-36.9393707312599,0],[174.764351243909,-36.9393168656706,0],[174.764353474277,-36.9392942902034,0],[174.764366583787,-36.9392580240731,0],[174.764367053047,-36.9392575330844,0],[174.764388456767,-36.9392351296755,0],[174.764393194592,-36.9392350538628,0],[174.764395016705,-36.9392254501287,0],[174.764408290265,-36.9392348106098,0],[174.76441090556,-36.9392347690417,0],[174.764439300235,-36.9392478129913,0],[174.764504991324,-36.9392918042423,0],[174.764544948884,-36.9393311718959,0],[174.764592542675,-36.9393647305275,0],[174.764815800432,-36.9395221504976,0],[174.765303609328,-36.9396420768036,0],[174.765395234682,-36.9396646006984,0],[174.765407103077,-36.9396847348514,0],[174.765410531759,-36.9396869984923,0],[174.765425022837,-36.9397047826314,0],[174.765436938308,-36.9397316274011,0],[174.765437251173,-36.9397358914585,0],[174.765440522129,-36.9397414409971,0],[174.765551264485,-36.9399293489804,0],[174.765561505254,-36.9399352951131,0],[174.76559354325,-36.9399538981,0],[174.765645410701,-36.9399840154535,0],[174.765666704888,-36.9399963796318,0],[174.765670731542,-36.9399987172949,0],[174.765706260196,-36.9400193468128,0],[174.767737800929,-36.9411989203918,0],[174.767740602579,-36.9411988741724,0],[174.768275109026,-36.9410124899716,0],[174.768279497529,-36.9410097332366,0],[174.768288903595,-36.9410076796229,0],[174.768816162518,-36.9408238201225,0],[174.768830347504,-36.9408158897943,0],[174.768840140062,-36.9408069514165,0],[174.768981437681,-36.9405719331942,0],[174.768986525368,-36.9405564401148,0],[174.76899728823,-36.9405382350983,0],[174.76901623873,-36.9405108857611,0],[174.769034958416,-36.9404745265436,0],[174.769034488911,-36.9404719467172,0],[174.768940106329,-36.9404532721609,0],[174.76893288804,-36.9404518438343,0],[174.768905415716,-36.9404586372625,0],[174.768882978053,-36.9404590075982,0],[174.768835717422,-36.9404597828913,0],[174.768835274061,-36.9404597903977,0],[174.768804435109,-36.9404521008858,0],[174.768801369954,-36.9404513362518,0],[174.768800505383,-36.9404508038261,0],[174.768759962091,-36.9404258523548,0],[174.768758586088,-36.9404250057722,0],[174.768758538848,-36.9404231082714,0],[174.768758392594,-36.9404173166901,0],[174.768757732648,-36.940417184111,0],[174.768758375014,-36.9404166048999,0],[174.768758347646,-36.9404155183016,0],[174.768758020391,-36.9404024809072,0],[174.768782918095,-36.9403885539719,0],[174.768804790029,-36.9403656587911,0],[174.768818358912,-36.940347402974,0],[174.768837655599,-36.9403335684825,0],[174.768862218321,-36.940306126546,0],[174.76887590278,-36.9402923846724,0],[174.76890069605,-36.940273943597,0],[174.768931217118,-36.9402599238391,0],[174.768956356759,-36.9402550065804,0],[174.768978920983,-36.9402591410043,0],[174.769007086191,-36.9402631829605,0],[174.769026580084,-36.9402671540117,0],[174.769117315513,-36.940266266263,0],[174.769167634766,-36.9401320626188,0],[174.769170790943,-36.9401205461445,0],[174.769140215663,-36.9401145427864,0],[174.769131745524,-36.9401131196045,0],[174.769127910634,-36.9401124755091,0],[174.769101491594,-36.9401129034055,0],[174.769059516191,-36.9401061379104,0],[174.769050762254,-36.9401047270632,0],[174.769048074407,-36.9401019720813,0],[174.76904468152,-36.94009849392,0],[174.769040866857,-36.9400978504217,0],[174.769040506532,-36.940094213509,0],[174.769033464279,-36.9400869942131,0],[174.769022341342,-36.9400503883081,0],[174.769021201305,-36.9400466350233,0],[174.769021236628,-36.9400463659002,0],[174.769025890307,-36.9400105028788,0],[174.769031279264,-36.9400013876379,0],[174.769030933624,-36.9399979001273,0],[174.769034178493,-36.9399964826579,0],[174.769036653088,-36.9399922978594,0],[174.769066353971,-36.9399756890447,0],[174.769078167589,-36.9399690829249,0],[174.769100270122,-36.9399551975717,0],[174.769114428212,-36.939949219896,0],[174.769122488051,-36.9399458171536,0],[174.769152997723,-36.9399317975098,0],[174.769178137241,-36.9399268802071,0],[174.769203893816,-36.9399195128982,0],[174.769211579514,-36.939917314496,0],[174.769220192445,-36.9399188923764,0],[174.769234143649,-36.9399214488739,0],[174.769262435381,-36.9399299955441,0],[174.769262578126,-36.9399300502009,0],[174.769262983682,-36.9399302045946,0],[174.769319116463,-36.939951600377,0],[174.769322853128,-36.939953678146,0],[174.769332714695,-36.9399591888494,0],[174.769338841868,-36.9399612634427,0],[174.76944554352,-36.9399973940623,0],[174.769470804389,-36.939987528381,0],[174.769477886874,-36.9399835236693,0],[174.769487823594,-36.9399623294867,0],[174.769511815054,-36.9399344777139,0],[174.769523264044,-36.9399211873009,0],[174.769539731148,-36.9399119763364,0],[174.769544381421,-36.9399093760911,0],[174.769556475409,-36.939902611618,0],[174.769590033051,-36.9398975507396,0],[174.769612050494,-36.9398932441105,0],[174.769615172526,-36.9398926333454,0],[174.769635021602,-36.9398923023559,0],[174.769639364279,-36.9398922295187,0],[174.769641267292,-36.9398911511039,0],[174.769643082871,-36.9398927004726,0],[174.769662980146,-36.9398963463366,0],[174.769665093687,-36.9398963112296,0],[174.769685428859,-36.9398959756906,0],[174.769706323083,-36.9399039348824,0],[174.769708108448,-36.9399046149155,0],[174.769709116686,-36.9399049991775,0],[174.769730788041,-36.9399132541358,0],[174.769741745783,-36.9399229009009,0],[174.769750892536,-36.9399309540642,0],[174.769757042623,-36.9399369797322,0],[174.769782556299,-36.9399619746252,0],[174.769796304352,-36.9399788526382,0],[174.769797048635,-36.9399797672117,0],[174.769805928583,-36.939997643454,0],[174.769813538576,-36.9400073653505,0],[174.769821035191,-36.9400169429208,0],[174.769822858704,-36.9400192718203,0],[174.769823342366,-36.9400198901349,0],[174.769823805539,-36.9400209332822,0],[174.769833783433,-36.9400434106779,0],[174.769835184803,-36.9400465669828,0],[174.769835259417,-36.9400467344196,0],[174.769835534119,-36.9400471539507,0],[174.769849612151,-36.9400686355468,0],[174.770046118597,-36.9402360317312,0],[174.770047557612,-36.9402368349968,0],[174.77026716738,-36.9402825996032,0],[174.770469039886,-36.9401641452099,0],[174.770475304522,-36.9401578443246,0],[174.770497291567,-36.9401394627918,0],[174.770500696425,-36.940141708612,0],[174.770503793417,-36.9401437517168,0],[174.770507381734,-36.940141649482,0],[174.770509620229,-36.940147595535,0],[174.770515329591,-36.9401513617872,0],[174.7705172806,-36.940152648638,0],[174.770516254713,-36.9401557717269,0],[174.770514598443,-36.9401608159401,0],[174.770515069852,-36.9401620689719,0],[174.770547902629,-36.9402492599933,0],[174.770548468554,-36.9402507639883,0],[174.770556416012,-36.9402556550744,0],[174.770560740236,-36.9402684174385,0],[174.770562490173,-36.9402735821108,0],[174.770561292891,-36.9402785663014,0],[174.770560375126,-36.9402823827048,0],[174.770560810652,-36.9402835407304,0],[174.770587835222,-36.940355316352,0],[174.770814667737,-36.940399034364,0],[174.770953094242,-36.9403560105254,0],[174.770953791018,-36.9403557937277,0],[174.77095538825,-36.9403544575655,0],[174.770968498794,-36.9403434911025,0],[174.770986040895,-36.940338473122,0],[174.770987821198,-36.9403379634536,0],[174.771001941003,-36.9403339248887,0],[174.771011474133,-36.9403372699432,0],[174.771012371854,-36.9403375846373,0],[174.771012868001,-36.9403374321223,0],[174.771022842327,-36.9403412582152,0],[174.771038755776,-36.9403468416442,0],[174.771050620216,-36.9403513606062,0],[174.771052476987,-36.9403520683962,0],[174.771072775578,-36.9403598000795,0],[174.771074885461,-36.9403601399557,0],[174.771098145931,-36.9403638832273,0],[174.771165607951,-36.9403672753855,0],[174.77117825882,-36.9403737520122,0],[174.771190521088,-36.9403800307336,0],[174.771191198348,-36.9403803775577,0],[174.77119161409,-36.9403812141006,0],[174.771206849641,-36.9404118844605,0],[174.77120949166,-36.9404128987038,0],[174.771442381155,-36.9405022839405,0],[174.771888036927,-36.9404697964669,0],[174.771899470898,-36.9404663440843,0],[174.77196935994,-36.9404082819512,0],[174.771969473398,-36.940408090077,0],[174.771969657121,-36.9404079746687,0],[174.771969957057,-36.9404077863208,0],[174.771979294814,-36.9404000280089,0],[174.771995546669,-36.9403865259768,0],[174.771996659361,-36.9403856017299,0],[174.772002480175,-36.9403757543414,0],[174.772005028045,-36.9403714431043,0],[174.772018711936,-36.9403577008832,0],[174.772034970665,-36.9403348979059,0],[174.772059416634,-36.9403029504069,0],[174.772081287538,-36.9402800546486,0],[174.772108770836,-36.9402570751196,0],[174.772136253908,-36.9402340865745,0],[174.772153217248,-36.9402234293192,0],[174.772158355937,-36.9402202006651,0],[174.772177319506,-36.9402066040542,0],[174.772177651967,-36.9402063656471,0],[174.772227583765,-36.9401830059582,0],[174.772237229982,-36.9401828457512,0],[174.772240782506,-36.9401827873168,0],[174.77224251548,-36.9401813499649,0],[174.772581639901,-36.9401327072912,0],[174.772591070976,-36.9401274298049,0],[174.772605671639,-36.9401271883906,0],[174.772621995245,-36.9401269185475,0],[174.772636967132,-36.9401247679756,0],[174.773018350387,-36.9401591321613,0],[174.773032778963,-36.9401667754049,0],[174.773063522492,-36.9401736297053,0],[174.773063848684,-36.9401737023487,0],[174.77306409741,-36.9401738239194,0],[174.773126392233,-36.9402042157892,0],[174.77314918771,-36.9402173502618,0],[174.773166929614,-36.9402233342298,0],[174.773174673959,-36.9402259469028,0],[174.773186704469,-36.9402321035925,0],[174.773208798464,-36.9402434098142,0],[174.773231478528,-36.9402520483521,0],[174.773239278267,-36.9402545799751,0],[174.773271110827,-36.9402649133184,0],[174.7732729378,-36.9402663209515,0],[174.77328829436,-36.9402781496053,0],[174.773325224907,-36.9402955615601,0],[174.77335094251,-36.9403131680181,0],[174.773365435519,-36.9403309511339,0],[174.773368657067,-36.9403447096064,0],[174.773375107442,-36.9403481266522,0],[174.774141233011,-36.9407539804118,0],[174.77415399591,-36.9407595609228,0],[174.774161412247,-36.9407622126821,0],[174.774752418462,-36.940821769354,0],[174.774795596839,-36.9408210599342,0],[174.774882239055,-36.9408061005943,0],[174.774904445248,-36.9407967192753,0],[174.774932390847,-36.9407917588067,0],[174.775004655278,-36.9407635213917,0],[174.775085442627,-36.9407396541523,0],[174.775113156463,-36.9407256747852,0],[174.775143908026,-36.9407206633026,0],[174.775238852718,-36.9407010639065,0],[174.775245007098,-36.9407009628742,0],[174.775819895914,-36.9405323967661,0],[174.775868472766,-36.940514897346,0],[174.775927053382,-36.9405004020308,0],[174.77605519651,-36.940462233734,0],[174.77608583208,-36.9404527170907,0],[174.776158211562,-36.9404289839125,0],[174.776232919692,-36.9404112899212,0],[174.776380044837,-36.9403681494811,0],[174.776484070278,-36.9403289553094,0],[174.776504653099,-36.9403249203407,0],[174.776506375601,-36.9403245827075,0],[174.776511883987,-36.9403162963772,0],[174.776516056067,-36.9403042345376,0],[174.776517048364,-36.9403013678802,0],[174.776537059856,-36.9402718599357,0],[174.776538686216,-36.9402694614961,0],[174.77654921574,-36.940242255013,0],[174.776570737719,-36.9402058437036,0],[174.776582888525,-36.9401901400761,0],[174.776598837383,-36.9401695268523,0],[174.776606058534,-36.9401601945829,0],[174.776612796656,-36.9401427791967,0],[174.77661658781,-36.9401329790842,0],[174.776638341422,-36.9401055776032,0],[174.776668629226,-36.9400825460553,0],[174.776693536545,-36.940068617333,0],[174.776729784041,-36.9400590075355,0],[174.776757486094,-36.9400450279655,0],[174.776774644683,-36.9400405836127,0],[174.777768960238,-36.9395877424738,0],[174.777772407777,-36.9395848588733,0],[174.777813364861,-36.9395238663833,0],[174.777856247201,-36.9394600067612,0],[174.777856840319,-36.9394590028111,0],[174.77786496755,-36.939447019606,0],[174.777906015636,-36.9393858905222,0],[174.777921714543,-36.939362516486,0],[174.777906498582,-36.9391406835109,0],[174.777764615347,-36.9389750505268,0],[174.777642943126,-36.938951118518,0],[174.777590063399,-36.938940716584,0],[174.777526473066,-36.9389462248258,0],[174.777492684671,-36.9389422780866,0],[174.777452936524,-36.938924909609,0],[174.777426280581,-36.938908497931,0],[174.777363781238,-36.9388962010901,0],[174.777348852565,-36.9388391504027,0],[174.777346806647,-36.9388365365242,0],[174.777325669238,-36.9387783024887,0],[174.777322819423,-36.9387396338934,0],[174.777309387616,-36.9386882887492,0],[174.777246374199,-36.9384474085309,0],[174.777229350454,-36.9383823321861,0],[174.777242351204,-36.9383745231447,0],[174.777242295242,-36.9383740958502,0],[174.777243811821,-36.9383687625084,0],[174.777247443781,-36.9383559831555,0],[174.777319357395,-36.9383142296455,0],[174.777338767871,-36.9383048987413,0],[174.777380394721,-36.9382861859073,0],[174.77740809602,-36.9382722062017,0],[174.777431496164,-36.9382609525075,0],[174.777537106875,-36.938197538384,0],[174.777540802719,-36.9381934072364,0],[174.777571230213,-36.9380108594507,0],[174.777573691979,-36.9379960930472,0],[174.777588677894,-36.9379061790634,0],[174.777594081724,-36.9378737836486,0],[174.777613381875,-36.9378497067771,0],[174.777626716422,-36.9378224410762,0],[174.777630877008,-36.9378129418522,0],[174.777634670732,-36.9378042773448,0],[174.777643035924,-36.9377965007073,0],[174.777659345346,-36.9377813386011,0],[174.77766987395,-36.9377541230173,0],[174.777683668527,-36.9377226403062,0],[174.777685782953,-36.937717813569,0],[174.777702155332,-36.9376995147845,0],[174.777740627958,-36.9376673290899,0],[174.777776526471,-36.9376442042463,0],[174.777801548707,-36.9376347802313,0],[174.777885137728,-36.9376108601597,0],[174.777918693723,-36.9376057969662,0],[174.777943831843,-36.9376008778403,0],[174.777994223779,-36.9375955354811,0],[174.778039108419,-36.9375947912394,0],[174.778109374024,-36.937598128478,0],[174.778151579927,-36.9376019399764,0],[174.778173911932,-36.937597062826,0],[174.77823820675,-36.9375869874717,0],[174.778274684527,-36.9375863780601,0],[174.778319580379,-36.9375856335444,0],[174.778370088421,-36.9375848049542,0],[174.778501726751,-36.9375736036142,0],[174.778557835325,-36.9375726730281,0],[174.778608343352,-36.9375718443367,0],[174.778656045072,-36.9375710486494,0],[174.778678492989,-36.9375706763217,0],[174.778703862959,-36.9375747668696,0],[174.778737639571,-36.9375787134475,0],[174.778765815431,-36.9375827529342,0],[174.778791301163,-36.9375913393693,0],[174.778862030861,-36.9376127048363,0],[174.77890188336,-36.9376345779394,0],[174.778921873111,-36.9376477623545,0],[174.778942094815,-36.9376699565976,0],[174.778948634587,-36.9377059028288,0],[174.778946988223,-36.9377509940291,0],[174.778941956097,-36.9377736117033,0],[174.778928505872,-36.9377963645145,0],[174.778912249746,-36.9378191683764,0],[174.778904295741,-36.9378373321853,0],[174.77889376736,-36.9378645388568,0],[174.778891425348,-36.9378826095716,0],[174.778887541472,-36.9379502675594,0],[174.778880630974,-36.9380089665983,0],[174.778878520688,-36.9380360381339,0],[174.7788658824,-36.9380903343589,0],[174.778826227286,-36.9381856222597,0],[174.778818852855,-36.9382263016318,0],[174.778829010319,-36.9382937312259,0],[174.7788442002,-36.9383385521586,0],[174.778873524628,-36.9383876319247,0],[174.778882638625,-36.9384145262821,0],[174.778889062265,-36.9384459585858,0],[174.778894187648,-36.9385360058402,0],[174.778891961386,-36.9385585724587,0],[174.778890083252,-36.9385946628332,0],[174.778893353069,-36.9386126314418,0],[174.778900461566,-36.9386711024127,0],[174.778912845227,-36.9387159563631,0],[174.778942761174,-36.9387875695212,0],[174.778960177269,-36.9388098148027,0],[174.779006338182,-36.9388586152295,0],[174.779020832397,-36.9388764066415,0],[174.779040938485,-36.9388940959394,0],[174.779058122664,-36.9389073313756,0],[174.779072616691,-36.9389251137704,0],[174.779098451079,-36.9389472238785,0],[174.779115624056,-36.9389604594739,0],[174.779135730188,-36.9389781487542,0],[174.779173020761,-36.9390090824593,0],[174.779187514834,-36.9390268648386,0],[174.779233328248,-36.939062159436,0],[174.779258930525,-36.9390752506682,0],[174.779318669554,-36.9391058118709,0],[174.779403419702,-36.939126939842,0],[174.779437208256,-36.9391308860324,0],[174.77946269458,-36.9391394723055,0],[174.779496599153,-36.9391479233921,0],[174.77951075012,-36.939153315777,0],[174.779550728016,-36.9391590069842,0],[174.779567087232,-36.939160278732,0],[174.779598069655,-36.9391642669346,0],[174.779640276478,-36.9391680778778,0],[174.779665530793,-36.9391676542806,0],[174.779711226546,-36.9391630278269,0],[174.779808919762,-36.9390725552634,0],[174.779964133287,-36.9389288160792,0],[174.78034888345,-36.9388775006102,0],[174.780656033697,-36.9390017668275,0],[174.780771135054,-36.9391952714081,0],[174.780777805918,-36.9391976833644,0],[174.780780729718,-36.9391987400367,0],[174.780815284098,-36.9392694944623,0],[174.780834619454,-36.9393019993574,0],[174.780859615902,-36.9393191012321,0],[174.780879132145,-36.9393290827703,0],[174.780953166964,-36.9393445901151,0],[174.78096973733,-36.9393443181282,0],[174.780994991894,-36.939343903257,0],[174.781020246248,-36.9393434793702,0],[174.781048306756,-36.9393430133843,0],[174.781104659985,-36.9393510912106,0],[174.781130135542,-36.939359686297,0],[174.781175496806,-36.9393769603099,0],[174.781192681454,-36.9393901954233,0],[174.781218284161,-36.9394032862202,0],[174.781235584937,-36.9394210262357,0],[174.78125860272,-36.9394431781175,0],[174.781270530379,-36.93946789932,0],[174.781589836184,-36.9396911125833,0],[174.781968749252,-36.9397533839059,0],[174.781988896517,-36.9397452760092,0],[174.781996135308,-36.9397418892283,0],[174.782000203258,-36.9397407249462,0],[174.782240996234,-36.939643802351,0],[174.782265333923,-36.939634006409,0],[174.782265640511,-36.9396337674611,0],[174.782282305948,-36.9396267293818,0],[174.782287856632,-36.9396243846236,0],[174.782307266793,-36.9396150529161,0],[174.782332521218,-36.939614628748,0],[174.782374949527,-36.939627448688,0],[174.782420195029,-36.9396402173072,0],[174.782459828425,-36.9396530791741,0],[174.782471656006,-36.9396575831198,0],[174.782494831212,-36.9396615093043,0],[174.78250776372,-36.9396612917162,0],[174.782547477986,-36.9396563709029,0],[174.782622627723,-36.9396124781408,0],[174.7826431217,-36.9396005090392,0],[174.782662916671,-36.9395821059204,0],[174.782676607991,-36.9395706508571,0],[174.782679404412,-36.9395683113808,0],[174.782721030553,-36.9395495966942,0],[174.782746052541,-36.9395401626292,0],[174.782790822204,-36.9395349206672,0],[174.782883305702,-36.9395288720925,0],[174.782922590468,-36.9395282190917,0],[174.782950756006,-36.9395322577273,0],[174.782972396291,-36.9395318976099,0],[174.783055323809,-36.9395258779321,0],[174.78308240823,-36.9395210600809,0],[174.783141091791,-36.9395110753423,0],[174.783164667519,-36.9395064606887,0],[174.783168522318,-36.9395048723377,0],[174.783191135835,-36.9394922160436,0],[174.783210545847,-36.939482884192,0],[174.783263279777,-36.9394594778152,0],[174.783340675606,-36.9394131226868,0],[174.78336008558,-36.9394037908117,0],[174.783482738018,-36.9393702036685,0],[174.783566791978,-36.9393642992106,0],[174.78360596039,-36.9393591410833,0],[174.783631214921,-36.9393587256514,0],[174.783659159137,-36.9393537541459,0],[174.783709551723,-36.9393484093417,0],[174.783802256411,-36.9393513790421,0],[174.783833239087,-36.9393553661312,0],[174.783912029927,-36.9393630784753,0],[174.783999598663,-36.9393841517821,0],[174.784028124256,-36.9394017046981,0],[174.784039918624,-36.9394240426963,0],[174.784048918068,-36.9394464226893,0],[174.784056506947,-36.9395229126734,0],[174.784054514757,-36.9395544891482,0],[174.784053069203,-36.93955822615,0],[174.784051991145,-36.9395610139377,0],[174.784052565829,-36.9395641824899,0],[174.784030928663,-36.9396228912381,0],[174.784029754783,-36.9396293705092,0],[174.784028547047,-36.9396360350616,0],[174.784028568643,-36.9396368648617,0],[174.784029128447,-36.9396585595684,0],[174.784028153018,-36.9396602110396,0],[174.784025173723,-36.9396652518762,0],[174.784019140604,-36.9396754599537,0],[174.784011283033,-36.9396887581627,0],[174.784007610218,-36.9396949721347,0],[174.783999000676,-36.9397095371939,0],[174.783992851217,-36.9397262167628,0],[174.783964207482,-36.939741113485,0],[174.783952884137,-36.9397499553128,0],[174.783914064376,-36.9397686282638,0],[174.783906035665,-36.9397713618478,0],[174.783849688789,-36.9398006616051,0],[174.783849814803,-36.93980110587,0],[174.783885710155,-36.9399277423831,0]]],[[[174.789302664814,-36.9381094821455,0],[174.789312573023,-36.9381099277065,0],[174.789322564419,-36.9381103774209,0],[174.789337895868,-36.9381039073729,0],[174.789344779395,-36.9381010023054,0],[174.789369800042,-36.9380915668764,0],[174.789379023265,-36.9380838486004,0],[174.789302664814,-36.9381094821455,0]]],[[[174.796440867129,-36.9508532334675,0],[174.796557316351,-36.9504784997014,0],[174.796901609144,-36.9501812169047,0],[174.796993016376,-36.9503988502727,0],[174.797082683263,-36.9506123169307,0],[174.797147233161,-36.9507660001951,0],[174.797453899686,-36.9514960664111,0],[174.797529250438,-36.9516753665303,0],[174.79714873297,-36.9517847835728,0],[174.797122316994,-36.9517923832518,0],[174.796836383694,-36.9518746003447,0],[174.79673931673,-36.951822183669,0],[174.796629700579,-36.9518253829885,0],[174.796566783268,-36.9518978328555,0],[174.796491883586,-36.9519087835514,0],[174.796469500007,-36.9519113503495,0],[174.796168833851,-36.9519451000398,0],[174.796056966829,-36.9519576670235,0],[174.795922050241,-36.9519904000567,0],[174.795725266882,-36.9520381664058,0],[174.795552317244,-36.9520801333519,0],[174.795388516824,-36.952119900348,0],[174.795224716945,-36.9521596499862,0],[174.79505210043,-36.9517015831668,0],[174.794990051587,-36.9515353216733,0],[174.794988388156,-36.9515308627244,0],[174.795092013286,-36.9515150621326,0],[174.795109889721,-36.9515123366129,0],[174.795240304261,-36.9514924515947,0],[174.795246963646,-36.9514924437281,0],[174.796378531754,-36.9514910332348,0],[174.796555989967,-36.9516311080599,0],[174.796583499967,-36.9516528184057,0],[174.796584787861,-36.95165137482,0],[174.796659433533,-36.9515675809154,0],[174.796876317712,-36.9513241165691,0],[174.796875067176,-36.9513123335298,0],[174.796869767118,-36.9513035663306,0],[174.796826599945,-36.9512697169147,0],[174.796823716731,-36.9512653503631,0],[174.796816232993,-36.9512591417284,0],[174.796440867129,-36.9508532334675,0]]]]},"properties":{"OBJECTID":107,"TYPE":3,"SUBTYPE":null,"SCHEDULE":null,"NAME":"Mangere Mountain","VALIDATIONSTATE":3,"VERSIONSTATUS":4,"GlobalID":"3ba5c371-87ed-4e04-b58e-7dca6793db5e"}},{"type":"Feature","id":108,"geometry":{"type":"Polygon","coordinates":[[[174.757058483406,-36.9000447664279,0],[174.757094416194,-36.9000775835206,0],[174.757112566253,-36.9000648828616,0],[174.757231766696,-36.9001737831439,0],[174.757265617225,-36.900204716544,0],[174.757299483881,-36.9002356668207,0],[174.757333333343,-36.9002666002163,0],[174.75733914052,-36.9002719052068,0],[174.757367199661,-36.9002975333524,0],[174.7574010503,-36.9003284667103,0],[174.75743360039,-36.9003581835653,0],[174.757656950509,-36.9005623001926,0],[174.757768766687,-36.900664399517,0],[174.757917817258,-36.9008005329362,0],[174.758066899781,-36.9009366170139,0],[174.758407599493,-36.9012476668773,0],[174.75853715043,-36.9013659667436,0],[174.758548316538,-36.9013762001684,0],[174.759113683661,-36.9018925497235,0],[174.759124733795,-36.901912144306,0],[174.759125576134,-36.9019136370657,0],[174.758081981659,-36.9017062774932,0],[174.75806180035,-36.9017022669042,0],[174.757830933482,-36.9016550835537,0],[174.757092483138,-36.9015041996865,0],[174.756818716611,-36.9014483669746,0],[174.756225699982,-36.9013269526807,0],[174.756203325433,-36.9013256637967,0],[174.756202454499,-36.9013256135802,0],[174.756159766981,-36.9014610498586,0],[174.755951500291,-36.9021071998851,0],[174.755799767099,-36.9025781832263,0],[174.755258916482,-36.9042629165215,0],[174.754594899629,-36.9063285669487,0],[174.754454698838,-36.9067751924825,0],[174.754447199709,-36.9067990832639,0],[174.754411467051,-36.9069141666714,0],[174.754307266254,-36.9072468664872,0],[174.754297883328,-36.9072769168869,0],[174.75423961717,-36.9073369665631,0],[174.754244600513,-36.9074469833098,0],[174.754215950076,-36.9075384668671,0],[174.754241449694,-36.9075434162498,0],[174.754447350004,-36.9075836833366,0],[174.754480566422,-36.9075901167499,0],[174.754595666534,-36.907612600245,0],[174.754763532925,-36.9076453833007,0],[174.754882566417,-36.9076686169025,0],[174.755062466414,-36.9077041997518,0],[174.754926867289,-36.9080368998285,0],[174.754880499926,-36.9081524162989,0],[174.754817466932,-36.9083073664572,0],[174.754784216499,-36.9083890664756,0],[174.754691866622,-36.9086161664685,0],[174.754598916436,-36.9088447669707,0],[174.754595216971,-36.9088537331517,0],[174.75440981696,-36.9093107498736,0],[174.754229150181,-36.9092636501979,0],[174.754048449562,-36.9092165336186,0],[174.753867716642,-36.9091695163854,0],[174.753548967271,-36.9090864668578,0],[174.753724282808,-36.9086556832396,0],[174.753543633237,-36.9086083668189,0],[174.753362133733,-36.9085608328264,0],[174.753179066295,-36.9085128998715,0],[174.753185533405,-36.908495532967,0],[174.753190899721,-36.9084779335418,0],[174.753195166358,-36.9084601502519,0],[174.753198333709,-36.9084422002171,0],[174.753200366254,-36.9084241497594,0],[174.75320128312,-36.9084060499727,0],[174.753201067099,-36.9083879335594,0],[174.753199732791,-36.9083698498774,0],[174.753196966678,-36.908350066676,0],[174.753192849644,-36.9083304503337,0],[174.753187417217,-36.9083110327743,0],[174.753180650037,-36.9082918999104,0],[174.753174233576,-36.9082731332204,0],[174.753169500202,-36.9082540496523,0],[174.75316690012,-36.9082382830661,0],[174.753165450458,-36.9082224165754,0],[174.753165166938,-36.9082064995217,0],[174.753166033545,-36.9081906168673,0],[174.753168049486,-36.9081747830453,0],[174.753171233551,-36.9081590834053,0],[174.753175533724,-36.908143550262,0],[174.7530265671,-36.9080055332814,0],[174.753016949479,-36.908006866804,0],[174.753007199821,-36.9080074334331,0],[174.752997450598,-36.908007283491,0],[174.752987750046,-36.9080063666921,0],[174.752978200322,-36.9080047329051,0],[174.752968883003,-36.9080023665045,0],[174.752959899857,-36.9079993002393,0],[174.75295131635,-36.9079955502685,0],[174.752943200231,-36.907991183193,0],[174.752928733525,-36.9079806833999,0],[174.752767050219,-36.9078384669513,0],[174.752551150159,-36.9076485663974,0],[174.752512399786,-36.9076145835692,0],[174.752488800112,-36.9075932834426,0],[174.752465933152,-36.9075714830731,0],[174.752443816879,-36.9075491830974,0],[174.75242246625,-36.9075263995192,0],[174.752401950544,-36.9075032169439,0],[174.752382233032,-36.9074795998604,0],[174.752363316369,-36.9074555662567,0],[174.752345199824,-36.9074311332692,0],[174.75230686665,-36.9073750497052,0],[174.752219050009,-36.9072447002905,0],[174.7521300503,-36.9071126169566,0],[174.752069282854,-36.9070223664274,0],[174.75199751675,-36.9069157998332,0],[174.751893600213,-36.9067615335712,0],[174.75179310014,-36.9066123499434,0],[174.751687383789,-36.9064554664035,0],[174.751610067075,-36.9063407332646,0],[174.75158058356,-36.9062965166526,0],[174.751499982961,-36.9061707327785,0],[174.751444450188,-36.9060792834399,0],[174.751380799918,-36.9059692500889,0],[174.751344067118,-36.9059030331703,0],[174.751308366432,-36.9058364494983,0],[174.751270716661,-36.9057635996023,0],[174.751234316368,-36.9056903662278,0],[174.751198366478,-36.9056150332909,0],[174.751163716574,-36.9055393170339,0],[174.751140916402,-36.9054874999198,0],[174.751094799989,-36.9053777829376,0],[174.751049283079,-36.9052617333018,0],[174.751024683459,-36.9051951165657,0],[174.751001066221,-36.9051282663154,0],[174.750992883785,-36.9051044329585,0],[174.750961299873,-36.9050132666476,0],[174.750896883782,-36.9048271334218,0],[174.750828767021,-36.9046303666244,0],[174.750810349984,-36.9045772166391,0],[174.750800133648,-36.9045461502561,0],[174.750790882831,-36.9045149001882,0],[174.750782616627,-36.9044834670554,0],[174.750775350362,-36.9044518830802,0],[174.750769300068,-36.9044213997425,0],[174.750764166694,-36.9043908163601,0],[174.750759966339,-36.9043601498215,0],[174.750756683293,-36.9043294003582,0],[174.750754332883,-36.9042986001926,0],[174.75075291662,-36.904267766428,0],[174.750752433773,-36.9042369162006,0],[174.75075286678,-36.9042060668947,0],[174.75075425038,-36.9041752161956,0],[174.750756850362,-36.9041409666439,0],[174.750760599635,-36.9041067668503,0],[174.750536016201,-36.9040889162784,0],[174.750164467267,-36.9040584165057,0],[174.750160783208,-36.9041001000436,0],[174.749814299484,-36.9039548165307,0],[174.749628466596,-36.9039216834926,0],[174.74933573365,-36.9037904662502,0],[174.749320400354,-36.9038224165204,0],[174.748876349791,-36.9037285833711,0],[174.748924233624,-36.9035824994706,0],[174.748970350177,-36.9034417495607,0],[174.749013883778,-36.9033089496245,0],[174.749076566341,-36.9031176997455,0],[174.748996282914,-36.9030779331972,0],[174.749054033255,-36.9029016496866,0],[174.749391166962,-36.9018726665541,0],[174.74940255046,-36.9018378162474,0],[174.749436800045,-36.901733233215,0],[174.749482499536,-36.9015937168572,0],[174.749528216821,-36.9014542002187,0],[174.749553783856,-36.9013762002588,0],[174.749573950427,-36.9013147662443,0],[174.749588116396,-36.9012724163479,0],[174.749605216414,-36.9012204996762,0],[174.749619933406,-36.9011752997351,0],[174.749652316642,-36.9010770327752,0],[174.749662549945,-36.9010459832088,0],[174.749665550232,-36.9010383830826,0],[174.749669449967,-36.9010310500238,0],[174.749674216993,-36.9010240503036,0],[174.749679800063,-36.9010174495734,0],[174.749686150252,-36.9010113170555,0],[174.749693200565,-36.9010057168306,0],[174.749700900155,-36.901000682997,0],[174.749709167131,-36.9009962663347,0],[174.749717933046,-36.900992516524,0],[174.749727116721,-36.9009894663078,0],[174.749736599971,-36.900987149875,0],[174.749746333414,-36.9009855670517,0],[174.749756216776,-36.9009847499606,0],[174.749766150576,-36.9009847162912,0],[174.749785783031,-36.9009869328033,0],[174.74980083303,-36.9009897828602,0],[174.74988918288,-36.9010069001739,0],[174.749977500582,-36.9010240332178,0],[174.75020506627,-36.9010637165293,0],[174.750405988503,-36.901068362183,0],[174.750408082767,-36.9010682664241,0],[174.750444800077,-36.9010660163876,0],[174.750563149506,-36.901058933581,0],[174.750612499866,-36.9010560168925,0],[174.750997199779,-36.901032933433,0],[174.751201282976,-36.9010207166544,0],[174.751399083239,-36.9010088328254,0],[174.751564499673,-36.9009989170322,0],[174.751590050472,-36.9009976668492,0],[174.751618899926,-36.9009969665052,0],[174.751647750441,-36.900996999829,0],[174.751650179879,-36.9009988505052,0],[174.751676600537,-36.9009978001917,0],[174.751908111553,-36.9009956062062,0],[174.752311283164,-36.9009917834805,0],[174.752328733434,-36.9009752830043,0],[174.752346867017,-36.9009592663786,0],[174.752365683165,-36.9009437498382,0],[174.752385133254,-36.9009287665486,0],[174.752408216308,-36.9009122667831,0],[174.752432083376,-36.9008964828269,0],[174.75245669973,-36.9008814665684,0],[174.752482033558,-36.9008672500232,0],[174.752508032858,-36.9008538168327,0],[174.752531782862,-36.9008425331687,0],[174.752556016486,-36.9008319327902,0],[174.752580699701,-36.900821999975,0],[174.752605799944,-36.9008127829742,0],[174.752631266358,-36.9008042663139,0],[174.752657100436,-36.9007964661959,0],[174.752723000109,-36.9007776166257,0],[174.752919866998,-36.9007212503308,0],[174.753177533605,-36.9006475170562,0],[174.753311816794,-36.9006090667816,0],[174.753443983861,-36.9005712334655,0],[174.753826700234,-36.9004617497472,0],[174.753916399601,-36.9004360332262,0],[174.754022466894,-36.9004056836091,0],[174.754387649964,-36.900301083585,0],[174.754445483579,-36.900284566793,0],[174.754588150092,-36.90024371628,0],[174.754849067247,-36.9001690165321,0],[174.754881332813,-36.9001598500274,0],[174.755112449614,-36.9000936831028,0],[174.755144133438,-36.9000845999343,0],[174.755322516262,-36.9000334331403,0],[174.755390983016,-36.9000087332323,0],[174.755444749763,-36.8999881335054,0],[174.75554528363,-36.899949633289,0],[174.755682633514,-36.8998970164556,0],[174.755699550362,-36.8998905345494,0],[174.755720999585,-36.8998823163669,0],[174.755812633242,-36.8998472328632,0],[174.755931166683,-36.8998018161726,0],[174.756039417145,-36.8997607831748,0],[174.756164917135,-36.8997132000953,0],[174.756340332801,-36.8996460498483,0],[174.756359382862,-36.8996393668548,0],[174.756378933155,-36.8996336499075,0],[174.756398899946,-36.8996289669435,0],[174.756416083448,-36.8996257997235,0],[174.756433466714,-36.8996233668423,0],[174.756450983526,-36.8996217170501,0],[174.756468583736,-36.8996208168373,0],[174.75648623333,-36.8996207000567,0],[174.756503849604,-36.8996213327788,0],[174.756521399688,-36.8996227497407,0],[174.756538833412,-36.8996249165321,0],[174.756556083815,-36.899627849466,0],[174.756573133325,-36.8996315163541,0],[174.756589883546,-36.8996359330732,0],[174.756597177777,-36.8996382092435,0],[174.756597254128,-36.8996382108184,0],[174.756597365417,-36.8996382677597,0],[174.756606333715,-36.899641066285,0],[174.75662396647,-36.899647116694,0],[174.756640983524,-36.8996540667288,0],[174.75665723338,-36.8996619168274,0],[174.756672683075,-36.8996705998774,0],[174.756687266384,-36.8996800663833,0],[174.756700916687,-36.8996902497305,0],[174.756713549785,-36.8997010997882,0],[174.756721883328,-36.8997093995505,0],[174.75671556628,-36.8997315829919,0],[174.756823799842,-36.8998304499519,0],[174.756850983376,-36.8998552998003,0],[174.756878183386,-36.8998801331743,0],[174.756986599601,-36.8999791162539,0],[174.757022533821,-36.9000119495723,0],[174.757058483406,-36.9000447664279,0]]]},"properties":{"OBJECTID":108,"TYPE":3,"SUBTYPE":null,"SCHEDULE":null,"NAME":"Big King","VALIDATIONSTATE":3,"VERSIONSTATUS":4,"GlobalID":"32e71a9a-1287-4804-a8c5-e5315fb127cb"}},{"type":"Feature","id":109,"geometry":{"type":"Polygon","coordinates":[[[174.785926185619,-36.874796877478,0],[174.78607530002,-36.8748470496333,0],[174.786076251617,-36.8748473480922,0],[174.786245234324,-36.8748998424372,0],[174.786327400601,-36.8749253669018,0],[174.786322066363,-36.8749354997295,0],[174.786427100527,-36.874968149687,0],[174.786576466389,-36.8750183002972,0],[174.786598149682,-36.8750241330783,0],[174.7866047831,-36.8750114497443,0],[174.786710033638,-36.8750440835759,0],[174.786735394686,-36.8750519917869,0],[174.786747500542,-36.8750557666038,0],[174.786815200539,-36.8750767834671,0],[174.7868099502,-36.8750926331437,0],[174.786875199912,-36.8751304499104,0],[174.787008250194,-36.875207599774,0],[174.787113833351,-36.8752688331054,0],[174.78714129962,-36.8752847494974,0],[174.787293733057,-36.8753731328753,0],[174.787387667176,-36.8754275999938,0],[174.78744623383,-36.8754615501912,0],[174.787598683285,-36.8755499167018,0],[174.787658816372,-36.8755847833183,0],[174.787751133088,-36.875638283006,0],[174.787791917204,-36.8756619161962,0],[174.787903616183,-36.8757266666348,0],[174.78792496671,-36.8757390496932,0],[174.787979033388,-36.8757703831558,0],[174.788131100341,-36.8758140997363,0],[174.788091649901,-36.8758694164132,0],[174.788286112669,-36.8759622179179,0],[174.788351366533,-36.8759933665923,0],[174.788568283478,-36.8760960003268,0],[174.788871100314,-36.8762403827811,0],[174.789130516287,-36.8763644664396,0],[174.789041665348,-36.8764843582752,0],[174.789233733089,-36.8765721999401,0],[174.789461700421,-36.8766755497917,0],[174.789672316579,-36.8767814499695,0],[174.789639187765,-36.8768206623598,0],[174.789584916671,-36.8768848997741,0],[174.789922883131,-36.8771448666063,0],[174.789973339471,-36.8771612741981,0],[174.789983219535,-36.8771893047556,0],[174.790033826148,-36.8773328734481,0],[174.789929000258,-36.8774606499606,0],[174.790153203151,-36.8776002104898,0],[174.790240055295,-36.8777569125233,0],[174.790398380317,-36.8779286893706,0],[174.790612314364,-36.8781607980273,0],[174.790735904472,-36.878275901756,0],[174.790616955563,-36.8784553824248,0],[174.789991242307,-36.8787519658551,0],[174.789695276552,-36.8788922463453,0],[174.789732181004,-36.8789044389145,0],[174.789751441909,-36.8789104518065,0],[174.790178890923,-36.8790519246568,0],[174.790178900842,-36.8790519650675,0],[174.790230533654,-36.8790690163837,0],[174.790233950308,-36.8790882003353,0],[174.790239199888,-36.8791176995105,0],[174.790244466338,-36.8791472002338,0],[174.79024913318,-36.8791761998353,0],[174.789967517201,-36.8793553494549,0],[174.78983343368,-36.87944061617,0],[174.789584849848,-36.8795986996316,0],[174.789308683444,-36.8797743333313,0],[174.7892816831,-36.8797915003502,0],[174.789263116668,-36.8798032828422,0],[174.789061066966,-36.8799321334466,0],[174.789000516273,-36.8799706661848,0],[174.788949999811,-36.8800029169,0],[174.788917417092,-36.880023483016,0],[174.788903883175,-36.8800320665399,0],[174.788890333553,-36.8800406502988,0],[174.788640016328,-36.8801998169851,0],[174.788492900078,-36.8802933498997,0],[174.788466066457,-36.8803104168818,0],[174.78843064996,-36.8803329336574,0],[174.788262316722,-36.8804399497169,0],[174.788088516522,-36.8805510001888,0],[174.788056367128,-36.8805715000619,0],[174.788024299669,-36.8805920500696,0],[174.787852600029,-36.880701983377,0],[174.787585250438,-36.8808731999948,0],[174.787561083504,-36.8808886835609,0],[174.787536900114,-36.8809041835938,0],[174.787123599683,-36.8811688330046,0],[174.786977266244,-36.8812636168709,0],[174.786828600303,-36.8813577001505,0],[174.786637700227,-36.8814798830605,0],[174.786517435863,-36.8815568712938,0],[174.786461050181,-36.8815929669027,0],[174.786094999739,-36.8818272996372,0],[174.785879583197,-36.8819651663611,0],[174.785402550133,-36.8822706836514,0],[174.785370466314,-36.8822912665488,0],[174.785242021219,-36.8823735149778,0],[174.785022082781,-36.8825143495271,0],[174.784843800212,-36.8826264334133,0],[174.784603649693,-36.8827798164344,0],[174.784484349901,-36.8828559994803,0],[174.7842774005,-36.8829850166189,0],[174.783765850521,-36.8833137496387,0],[174.78359999966,-36.8834202829665,0],[174.783434300479,-36.8835267002206,0],[174.783268699938,-36.8836331328919,0],[174.782997350288,-36.8838064328014,0],[174.782836899616,-36.8839089001184,0],[174.782804782975,-36.8839294332523,0],[174.78264355003,-36.8840322996268,0],[174.782483433871,-36.8841342828438,0],[174.782349399708,-36.884219733384,0],[174.782209717277,-36.8843084835822,0],[174.782000849639,-36.884441666336,0],[174.781866932901,-36.8845270496823,0],[174.781733016984,-36.8846124328676,0],[174.781599166831,-36.8846980997406,0],[174.781465216286,-36.8847834669237,0],[174.781307283338,-36.8848838330911,0],[174.781274266356,-36.8849048164663,0],[174.781241300577,-36.8849257828407,0],[174.781206283669,-36.8849481499932,0],[174.78104584977,-36.885050916624,0],[174.781019467131,-36.8850678327765,0],[174.780885467055,-36.8851536831752,0],[174.780725133598,-36.8852563667531,0],[174.78069843341,-36.8852734336121,0],[174.780336400309,-36.8855052334063,0],[174.779993516989,-36.8857247330553,0],[174.779719900173,-36.8858999000921,0],[174.779532733545,-36.8860197336364,0],[174.779347566679,-36.8861333663794,0],[174.779167099478,-36.8862535668048,0],[174.778138766322,-36.8869111666025,0],[174.77802076685,-36.8869867334146,0],[174.777793450175,-36.8871322169676,0],[174.777606250224,-36.8872520335991,0],[174.777419017132,-36.8873718495345,0],[174.777323633545,-36.887432866788,0],[174.777189917111,-36.8875184330272,0],[174.777163584016,-36.8875352845013,0],[174.777056166376,-36.8876040329807,0],[174.776922532812,-36.8876896661854,0],[174.776778333626,-36.8877818495586,0],[174.776648666752,-36.8878648498112,0],[174.776643705416,-36.8878676830067,0],[174.77664348838,-36.8878674690302,0],[174.776634332787,-36.8878721000287,0],[174.776618383634,-36.8878766667816,0],[174.776610033854,-36.8878778669525,0],[174.776601566803,-36.8878783162595,0],[174.776593082773,-36.8878780330322,0],[174.776584699914,-36.8878769830553,0],[174.776576516629,-36.8878752000096,0],[174.776568616719,-36.8878727168926,0],[174.776561116863,-36.8878695328608,0],[174.776554100574,-36.8878657169696,0],[174.776541816411,-36.8878563501022,0],[174.776536716951,-36.8878509002613,0],[174.776516616405,-36.8878275001803,0],[174.776495700071,-36.8878045827936,0],[174.776473983696,-36.8877821496682,0],[174.776451466535,-36.8877602170387,0],[174.776424049474,-36.8877351498155,0],[174.776395599928,-36.8877108497409,0],[174.776366150425,-36.8876873163277,0],[174.776335733543,-36.8876645995629,0],[174.776309950207,-36.8876464995612,0],[174.77628355053,-36.8876289666978,0],[174.776256549847,-36.8876120331912,0],[174.776229000172,-36.88759571629,0],[174.776200883182,-36.8875800000437,0],[174.776172217179,-36.887564899501,0],[174.776143049713,-36.8875504328787,0],[174.7761133838,-36.8875366334808,0],[174.776083267275,-36.8875234834664,0],[174.776052716238,-36.8875109997199,0],[174.776145067015,-36.8871587668581,0],[174.776150183262,-36.887116616806,0],[174.776162933581,-36.8870111498892,0],[174.776180783264,-36.8868635331676,0],[174.77619086688,-36.8867803168886,0],[174.776198650113,-36.8867159333095,0],[174.776212183009,-36.8866041002482,0],[174.77635059973,-36.886633399845,0],[174.776351596438,-36.8866149165245,0],[174.776357083555,-36.8865129994985,0],[174.776374533696,-36.8861887165349,0],[174.77640440205,-36.8861459556852,0],[174.776408012854,-36.8861076552111,0],[174.776532105336,-36.8860244808106,0],[174.776536617378,-36.8858784199947,0],[174.776581506434,-36.8858704099975,0],[174.776570458452,-36.8858304647702,0],[174.776385833588,-36.8858244835733,0],[174.776392116376,-36.8856441832824,0],[174.776062249545,-36.8856318664978,0],[174.776065949961,-36.8855931167246,0],[174.776082217027,-36.8852892496205,0],[174.776152733842,-36.8851133997011,0],[174.776161550258,-36.8849487664352,0],[174.776171183877,-36.8847687495228,0],[174.776181632988,-36.8845740502295,0],[174.776303750078,-36.8843965670299,0],[174.776311833088,-36.8842381161696,0],[174.776324866878,-36.8840923668497,0],[174.776326099519,-36.8839570998858,0],[174.776413317225,-36.8839609829382,0],[174.776649250456,-36.8839704331226,0],[174.776754566573,-36.8839750835995,0],[174.776854033595,-36.8839793996409,0],[174.776925332786,-36.8839820665483,0],[174.776926349488,-36.8839640164621,0],[174.776961282897,-36.8834382164719,0],[174.776978266795,-36.8832995664236,0],[174.77691239952,-36.8832080499777,0],[174.776932832904,-36.8829760832392,0],[174.776946816758,-36.8828170167739,0],[174.776959683767,-36.8826706163939,0],[174.776973482984,-36.8825133661742,0],[174.776987899662,-36.8823247166976,0],[174.77701851631,-36.8821902495221,0],[174.777052599748,-36.8820403833881,0],[174.777085082928,-36.8818974328149,0],[174.777117566367,-36.881754449779,0],[174.77715011624,-36.8816114332905,0],[174.777182683176,-36.8814683831867,0],[174.777274833576,-36.8810629831969,0],[174.777276150706,-36.8810631726032,0],[174.777497683231,-36.8810949834344,0],[174.777720549503,-36.8811269667784,0],[174.777753667027,-36.8811317323244,0],[174.777943450415,-36.8811590330077,0],[174.778276583278,-36.8812068996802,0],[174.77849871667,-36.8812387501135,0],[174.778535766226,-36.8812440667823,0],[174.778553282095,-36.8812493027218,0],[174.778774617143,-36.8813155010759,0],[174.778802700534,-36.8813239001858,0],[174.778933785636,-36.8813631294552,0],[174.779031000067,-36.8813922164777,0],[174.779259416355,-36.8814605666298,0],[174.77952376685,-36.8815396664443,0],[174.779568134059,-36.8815529464638,0],[174.779787633455,-36.8816186332046,0],[174.779915732945,-36.8816570002592,0],[174.780043833311,-36.8816953996088,0],[174.780044550234,-36.8816941414148,0],[174.780190812111,-36.8817385075439,0],[174.780676749874,-36.8816920843266,0],[174.781641298331,-36.8815999304004,0],[174.782435828029,-36.8797189409583,0],[174.782526956801,-36.8795031931152,0],[174.782525048548,-36.8795007899362,0],[174.782526950283,-36.8795014166754,0],[174.782424583118,-36.8793778999852,0],[174.782353767054,-36.879322716217,0],[174.782093516647,-36.8791201832324,0],[174.782064133739,-36.879097366749,0],[174.781671233685,-36.8787914163698,0],[174.781613699556,-36.8787467165209,0],[174.781608683527,-36.8787052995297,0],[174.781870682888,-36.8784047830554,0],[174.78212474979,-36.8781134668895,0],[174.782281421819,-36.8779375720417,0],[174.782316805946,-36.8778978465129,0],[174.782514914163,-36.8776754299718,0],[174.782531979037,-36.877656271066,0],[174.782641650209,-36.87753314224,0],[174.7826481866,-36.8775258037118,0],[174.78250444695,-36.8773618446212,0],[174.782460566542,-36.8774121829468,0],[174.780931499803,-36.8756626500576,0],[174.780685600306,-36.8754166667393,0],[174.780754866415,-36.8753719334555,0],[174.780766583168,-36.8753836501055,0],[174.780775166226,-36.8753774833877,0],[174.780782883738,-36.8753706166835,0],[174.78078966695,-36.8753631330455,0],[174.780795417227,-36.8753551330996,0],[174.780793867496,-36.8753532815431,0],[174.780803633685,-36.875337866477,0],[174.78078636625,-36.8752939497694,0],[174.780740816377,-36.8752403169045,0],[174.78069188341,-36.8752289336169,0],[174.780690608069,-36.8752299117563,0],[174.780688672937,-36.8752275999824,0],[174.780668850505,-36.8752193668044,0],[174.780648416597,-36.8752039329767,0],[174.780581316376,-36.8751368334465,0],[174.780828480227,-36.8750459027723,0],[174.780829248143,-36.8750471333072,0],[174.780830238191,-36.8750467209768,0],[174.781040890943,-36.8751246081038,0],[174.781170154884,-36.8751724025387,0],[174.781499518552,-36.8752204179481,0],[174.782144453241,-36.8752162347447,0],[174.782290113454,-36.8752094258643,0],[174.782640478762,-36.875193048673,0],[174.782651455963,-36.875192535149,0],[174.782999949504,-36.875407900233,0],[174.783261220438,-36.8751241349338,0],[174.783264898323,-36.8751231810958,0],[174.783428375883,-36.8750807952505,0],[174.783515560683,-36.8750392119785,0],[174.783575220612,-36.8750107561372,0],[174.784401264388,-36.8751855957306,0],[174.784752077885,-36.8752598468812,0],[174.784802933769,-36.8752015495732,0],[174.784830883697,-36.8751694827969,0],[174.784843767092,-36.87515484981,0],[174.784998112095,-36.8752426738624,0],[174.785083343697,-36.875021016052,0],[174.785085736815,-36.8750208268681,0],[174.785083433071,-36.8750192165389,0],[174.785087200021,-36.87500358301,0],[174.785160953706,-36.8747977673646,0],[174.785170417204,-36.8747713664772,0],[174.785336083629,-36.8748078501044,0],[174.785378214064,-36.8748171272207,0],[174.785378295638,-36.8748169204897,0],[174.785437883446,-36.8748302661772,0],[174.785525600369,-36.8746638164433,0],[174.785878900306,-36.8747809666771,0],[174.785926185619,-36.874796877478,0]],[[174.780211793441,-36.885537149552,0],[174.780196792914,-36.8855469249141,0],[174.780206860546,-36.8855413885547,0],[174.780211793441,-36.885537149552,0]]]},"properties":{"OBJECTID":109,"TYPE":3,"SUBTYPE":null,"SCHEDULE":null,"NAME":"Mount Hobson","VALIDATIONSTATE":3,"VERSIONSTATUS":4,"GlobalID":"184fd43e-6ead-41f7-9028-c17d87af8108"}},{"type":"Feature","id":110,"geometry":{"type":"Polygon","coordinates":[[[174.768385599513,-36.8719765828679,0],[174.768620823353,-36.8725415538368,0],[174.768687132924,-36.8727008161666,0],[174.768724580167,-36.8727486354801,0],[174.768867233322,-36.8729308170552,0],[174.768921266853,-36.8730510167141,0],[174.768708317109,-36.873143033093,0],[174.768349016685,-36.8732982500047,0],[174.768287066203,-36.8733871997031,0],[174.768717116927,-36.8739346002798,0],[174.768514433192,-36.8740373165461,0],[174.768877350301,-36.8744965496738,0],[174.768594533048,-36.8745314497544,0],[174.768588764797,-36.8747172055087,0],[174.769210416943,-36.8755399162646,0],[174.76922888304,-36.8758551834748,0],[174.769024950396,-36.8758570664373,0],[174.769038607908,-36.8766020697607,0],[174.769041323772,-36.8767502340233,0],[174.769799266753,-36.8767532834483,0],[174.770008249967,-36.8767541495859,0],[174.770433250553,-36.8767558164966,0],[174.77044639997,-36.876757433142,0],[174.77045261677,-36.876759382937,0],[174.770463649692,-36.8767653503425,0],[174.770472066994,-36.8767736335105,0],[174.770475049594,-36.8767784166418,0],[174.770478266564,-36.8767887827869,0],[174.770499649588,-36.8769646328767,0],[174.770519683242,-36.877129316533,0],[174.770539699778,-36.8772939833105,0],[174.770560717278,-36.8774668166263,0],[174.770564700302,-36.8774996669974,0],[174.770568016696,-36.8775270669847,0],[174.77060998384,-36.8778718666025,0],[174.770613983342,-36.8779046995984,0],[174.770660966318,-36.8782915332213,0],[174.770641949553,-36.8783111332604,0],[174.770499817175,-36.8783224000779,0],[174.770225531407,-36.8783441734064,0],[174.770047363856,-36.8783583128835,0],[174.769896604315,-36.8783702510221,0],[174.769844849988,-36.8785719496475,0],[174.769789900233,-36.8787861000898,0],[174.769739033223,-36.8789842170396,0],[174.769694099581,-36.8791594164429,0],[174.769663650511,-36.8792780834477,0],[174.76962240009,-36.8794388002072,0],[174.769595682793,-36.8795427495091,0],[174.769582083024,-36.8795948999049,0],[174.769541649485,-36.8797492166689,0],[174.76949116636,-36.8799406831026,0],[174.769463299514,-36.8800470497607,0],[174.769440766287,-36.8801319662046,0],[174.769390833574,-36.8803227997639,0],[174.770072417141,-36.8804375002378,0],[174.770065333056,-36.8804643827868,0],[174.770058316324,-36.8804912670359,0],[174.770022466427,-36.8806284163281,0],[174.76997223317,-36.8808199828648,0],[174.769924449659,-36.8810021001905,0],[174.769882182821,-36.8811633666395,0],[174.769839933765,-36.8813246328066,0],[174.769797683069,-36.8814858836585,0],[174.76975541686,-36.8816471500473,0],[174.769518799787,-36.881601950018,0],[174.769373482988,-36.881574199824,0],[174.769119566635,-36.8815257161765,0],[174.769096260772,-36.8815217016476,0],[174.769088107256,-36.8815554033765,0],[174.769079349208,-36.8815592599319,0],[174.769043450192,-36.8817070662034,0],[174.768922032906,-36.8822069661808,0],[174.768855399872,-36.8821943336653,0],[174.76865981664,-36.882157282894,0],[174.768464250055,-36.8821202162275,0],[174.768264549678,-36.8820823995592,0],[174.767951016905,-36.8821206001979,0],[174.76772788319,-36.8821477835538,0],[174.767683266512,-36.8821532001957,0],[174.767464516788,-36.8821074499056,0],[174.767207299691,-36.8820567164731,0],[174.767164150103,-36.8820477996206,0],[174.767008033758,-36.8820174166264,0],[174.766842033007,-36.881984666592,0],[174.766671417012,-36.881951016917,0],[174.766505382902,-36.8819183164778,0],[174.766285983431,-36.8818751334653,0],[174.766263747765,-36.8819310118402,0],[174.766216113556,-36.8820507149442,0],[174.765547149575,-36.8826407331111,0],[174.765352116811,-36.8832606167234,0],[174.765218471733,-36.8835676268804,0],[174.765173900046,-36.8836700161899,0],[174.764040648148,-36.8834849129217,0],[174.763481481132,-36.8833935759597,0],[174.763333190822,-36.8837863224373,0],[174.763221122849,-36.8839713310285,0],[174.76276896385,-36.8847177773734,0],[174.762765562967,-36.8847233918098,0],[174.761903733071,-36.8845530668214,0],[174.761675400083,-36.884509583323,0],[174.761285308458,-36.8844344351434,0],[174.761186119903,-36.8844153271512,0],[174.761337933797,-36.8840465832809,0],[174.761462066566,-36.8838912327999,0],[174.761773283455,-36.883402016715,0],[174.761798194877,-36.8833202841763,0],[174.761538333139,-36.8832902310089,0],[174.761524516709,-36.8832886331941,0],[174.761137806183,-36.8832032113029,0],[174.761108650282,-36.883196770796,0],[174.760267450535,-36.8830109501423,0],[174.760507989129,-36.8822623997402,0],[174.760564083591,-36.8820878332187,0],[174.760345566831,-36.8820425169747,0],[174.76012748282,-36.8819975165936,0],[174.759909100098,-36.8819522498313,0],[174.759710449971,-36.8819110168193,0],[174.759690583321,-36.8819068999235,0],[174.75949195024,-36.8818656662903,0],[174.759472066788,-36.8818615496064,0],[174.759253599535,-36.8818162333064,0],[174.759372850532,-36.8814429832251,0],[174.759480609275,-36.881465762314,0],[174.75953164969,-36.8811983500339,0],[174.759555699556,-36.8811566835738,0],[174.759683183881,-36.8808006999035,0],[174.759592249718,-36.8807818999894,0],[174.759784800068,-36.8802583494868,0],[174.759848433329,-36.880083333576,0],[174.759810332968,-36.8800755668567,0],[174.759660766465,-36.880042967048,0],[174.759660983084,-36.8800065496532,0],[174.759620316551,-36.8799960835076,0],[174.759440267254,-36.8799551333012,0],[174.759257283861,-36.8799135836113,0],[174.759320600515,-36.8794571161968,0],[174.759471066909,-36.8794916328965,0],[174.759622333473,-36.8795262502201,0],[174.759663100185,-36.8795356170512,0],[174.759677616972,-36.8792981500708,0],[174.759687466858,-36.8791159503506,0],[174.75969471711,-36.8789821001269,0],[174.759696866282,-36.8789422830854,0],[174.759752666976,-36.8787320497293,0],[174.759735766257,-36.8787281169372,0],[174.759839949628,-36.8784354828197,0],[174.759856432918,-36.8784393667993,0],[174.759872817758,-36.878443263051,0],[174.759889183306,-36.8784471496715,0],[174.759958067168,-36.8784633169421,0],[174.76023964235,-36.8776962139779,0],[174.760303494479,-36.8775222581315,0],[174.760154106,-36.877487672386,0],[174.75992251988,-36.8774340563614,0],[174.758936483527,-36.8772057669655,0],[174.759223010634,-36.8763015510768,0],[174.759232918555,-36.876291238133,0],[174.759311566987,-36.8762093691906,0],[174.759891901198,-36.8757068947868,0],[174.759985408417,-36.8756237146812,0],[174.760155525571,-36.8754723847899,0],[174.759939816866,-36.8754272999383,0],[174.759741317094,-36.875385667022,0],[174.759542799953,-36.8753440502525,0],[174.759565116598,-36.8750287503168,0],[174.75957481623,-36.87489148281,0],[174.759584517015,-36.8747542666594,0],[174.75959423385,-36.8746170664919,0],[174.759601199872,-36.8745199167318,0],[174.759605683023,-36.8744580164707,0],[174.759657583225,-36.8742983664462,0],[174.759706883516,-36.874151416958,0],[174.760344833224,-36.8743231831714,0],[174.760348133191,-36.8742878665704,0],[174.760358271034,-36.8740084671045,0],[174.760442416176,-36.8740201663156,0],[174.760526300439,-36.8740363832529,0],[174.76055956661,-36.8740428162254,0],[174.760704633209,-36.8740673164923,0],[174.760739100251,-36.8740687832508,0],[174.760907499737,-36.8740759165398,0],[174.761049383285,-36.874081932872,0],[174.761191266476,-36.8740879328155,0],[174.761195440152,-36.8740922406522,0],[174.761196893966,-36.8740915494045,0],[174.761615340933,-36.8741061244334,0],[174.761649582928,-36.8741073166506,0],[174.761636016942,-36.8739756001159,0],[174.761626525991,-36.8738834542541,0],[174.761651642626,-36.8738708362139,0],[174.762055643619,-36.8736678678371,0],[174.762212412436,-36.8735891071551,0],[174.762229835129,-36.8735803544952,0],[174.762278646112,-36.8735558314842,0],[174.762270637999,-36.8734355814773,0],[174.762270293521,-36.8734304038714,0],[174.762264366783,-36.8733414103664,0],[174.762263582395,-36.8733296360552,0],[174.762252553239,-36.87328413947,0],[174.762130002132,-36.8727786206272,0],[174.762090002375,-36.8726136229325,0],[174.762117214938,-36.8725067032607,0],[174.762183568862,-36.8722459965581,0],[174.762310170157,-36.8721927368942,0],[174.762324747084,-36.8721866042704,0],[174.763440489152,-36.8717172126536,0],[174.763453893668,-36.8717115732023,0],[174.76345442923,-36.87171134803,0],[174.764807366574,-36.8722780710269,0],[174.764820827558,-36.8722837099719,0],[174.765115966197,-36.8726393755688,0],[174.765240314259,-36.8727860421848,0],[174.765345992327,-36.8728336699573,0],[174.765349079112,-36.8728306694956,0],[174.765495850133,-36.8726880163715,0],[174.76579142249,-36.8723998446953,0],[174.765790550093,-36.8723990834085,0],[174.765957050357,-36.8722361835114,0],[174.766088882854,-36.8721072330671,0],[174.766098633654,-36.8720626835395,0],[174.766197316905,-36.8722323164613,0],[174.766219734186,-36.872271580949,0],[174.766232332853,-36.8722936495841,0],[174.766367183323,-36.8725317495871,0],[174.766816323624,-36.8723628786712,0],[174.768314974825,-36.8710245720109,0],[174.768371066537,-36.8717819499413,0],[174.768385599513,-36.8719765828679,0]]]},"properties":{"OBJECTID":110,"TYPE":3,"SUBTYPE":null,"SCHEDULE":null,"NAME":"Mount Eden","VALIDATIONSTATE":3,"VERSIONSTATUS":4,"GlobalID":"f8d7c5de-fdc1-4983-aa18-86190b3528db"}},{"type":"Feature","id":111,"geometry":{"type":"Polygon","coordinates":[[[174.720985966799,-36.8878614498196,0],[174.721111350411,-36.8879464166672,0],[174.721236617214,-36.8880302169271,0],[174.721370199593,-36.8881200329154,0],[174.721525582993,-36.8882244996592,0],[174.721665983766,-36.8883189999344,0],[174.721790400093,-36.8884027497241,0],[174.721924182795,-36.8884927334213,0],[174.72204635017,-36.8885747497973,0],[174.722228499914,-36.8886943334259,0],[174.722371699971,-36.8887922335927,0],[174.72251816696,-36.8888921836407,0],[174.72275413366,-36.8890509327916,0],[174.72278041671,-36.889068583039,0],[174.722806650031,-36.889086216876,0],[174.722832866517,-36.8891038500499,0],[174.722859049727,-36.8891214999246,0],[174.722885232948,-36.8891391497931,0],[174.723042366224,-36.8892450501896,0],[174.723068699894,-36.889262650063,0],[174.7230949165,-36.8892802831754,0],[174.723250799883,-36.8893851666727,0],[174.723396066893,-36.8894829499524,0],[174.723459433316,-36.8895255998572,0],[174.723608250284,-36.8896258830734,0],[174.723721318154,-36.8897618201488,0],[174.72372248357,-36.8897612498126,0],[174.723840266796,-36.8899008165637,0],[174.72393621717,-36.8900144997445,0],[174.724053166278,-36.8901530670661,0],[174.724156700084,-36.8902756498387,0],[174.724163983018,-36.8902940162908,0],[174.724215833496,-36.8904248834669,0],[174.724267683016,-36.8905557497282,0],[174.724319532357,-36.8906865997406,0],[174.724371380781,-36.8908174506404,0],[174.724416383242,-36.8909310500093,0],[174.72449846727,-36.8911382997456,0],[174.724543483242,-36.8912518835375,0],[174.72459533281,-36.8913827496257,0],[174.724647200168,-36.8915136001055,0],[174.72465229966,-36.891526482895,0],[174.72465740364,-36.8915393656191,0],[174.724699049743,-36.8916444499148,0],[174.724750883797,-36.8917752999222,0],[174.724802733741,-36.8919061496715,0],[174.724856783689,-36.8920425999498,0],[174.724867149708,-36.8920688002335,0],[174.724922099641,-36.8922074835579,0],[174.724979132872,-36.8923514166741,0],[174.725032033047,-36.8924848667531,0],[174.72504086677,-36.8925071494945,0],[174.725049749514,-36.8925294162004,0],[174.72507058322,-36.8925820333751,0],[174.725125583682,-36.892720783453,0],[174.72517741665,-36.8928516170275,0],[174.725195000506,-36.8928960502986,0],[174.725237890182,-36.8930042647009,0],[174.725258616811,-36.8930565498936,0],[174.725583667288,-36.8931745501278,0],[174.725592949596,-36.8931791166994,0],[174.725799116743,-36.8932805333262,0],[174.725975468526,-36.893367180733,0],[174.725983517234,-36.8933711333551,0],[174.726166283822,-36.8934610168308,0],[174.726296432868,-36.8935250164608,0],[174.726415833334,-36.8935837163252,0],[174.726589900573,-36.8936692666177,0],[174.726831132996,-36.8937878497922,0],[174.726776916886,-36.8938564000428,0],[174.72650855052,-36.8939140335694,0],[174.726349966728,-36.893948082795,0],[174.726069133798,-36.8940083833176,0],[174.725854416681,-36.8940545170257,0],[174.725655949974,-36.8940971667351,0],[174.725490766246,-36.8941326834451,0],[174.725325566265,-36.8941681830373,0],[174.725179900558,-36.8937303833032,0],[174.725014716266,-36.8937659002558,0],[174.724849516842,-36.8938014000741,0],[174.724684333347,-36.8938369165583,0],[174.724519133621,-36.8938724168257,0],[174.724353949803,-36.8939079328579,0],[174.724188766601,-36.8939434333299,0],[174.724023582865,-36.8939789669311,0],[174.723858416532,-36.8940144829258,0],[174.723693266905,-36.8940500002525,0],[174.723528099883,-36.8940854995764,0],[174.72337561721,-36.894118266549,0],[174.723367283623,-36.8941070332191,0],[174.723219866532,-36.8941767834661,0],[174.723072525257,-36.8942464738452,0],[174.723329733301,-36.8945973494779,0],[174.723158183393,-36.8946341667277,0],[174.722931782819,-36.894682749573,0],[174.722760216802,-36.8947195664851,0],[174.722588667073,-36.8947563666905,0],[174.722417116785,-36.8947931495321,0],[174.722251833113,-36.8948286001195,0],[174.722086599763,-36.8948640497489,0],[174.721868149771,-36.8949109334582,0],[174.72185920054,-36.8949128496445,0],[174.721850250208,-36.8949147667474,0],[174.72184125012,-36.8949167170193,0],[174.721832216356,-36.8949186668773,0],[174.721825049939,-36.8949202165108,0],[174.721808583809,-36.894923766725,0],[174.721797849901,-36.894926066609,0],[174.72165750033,-36.8949561831427,0],[174.721491749837,-36.8949917665342,0],[174.721325967012,-36.8950273663885,0],[174.721095249542,-36.8950767663397,0],[174.720929483549,-36.8951123329516,0],[174.720798614017,-36.8951404120017,0],[174.720763716272,-36.8951478993521,0],[174.720597933147,-36.8951834666535,0],[174.720378666549,-36.8949214335706,0],[174.720351266417,-36.8948886834549,0],[174.720255900321,-36.8947747330266,0],[174.720160516562,-36.8946607827723,0],[174.720065133111,-36.894546833333,0],[174.719969749927,-36.8944328829067,0],[174.719935316926,-36.8943917663866,0],[174.719869567264,-36.8944564335069,0],[174.719738583381,-36.8943175668865,0],[174.719569217139,-36.8941379335906,0],[174.719331547134,-36.8941015154686,0],[174.719307666264,-36.8941123500634,0],[174.7192791499,-36.8941244496322,0],[174.719250233676,-36.8941358834796,0],[174.719220900341,-36.8941466329268,0],[174.719191199681,-36.8941567161812,0],[174.719161150404,-36.8941661167475,0],[174.719130783538,-36.8941748170509,0],[174.719100116275,-36.8941828330666,0],[174.719069183443,-36.8941901165189,0],[174.719058972635,-36.894192272482,0],[174.719049434847,-36.8941955156412,0],[174.719033248673,-36.8941975877203,0],[174.719006600323,-36.8942025666083,0],[174.718974999792,-36.8942077000766,0],[174.7189432328,-36.8942121166722,0],[174.718911333763,-36.8942157996727,0],[174.718879300458,-36.8942187500115,0],[174.718854589667,-36.8942204559877,0],[174.718848095048,-36.8942212872638,0],[174.718845581373,-36.8942210397127,0],[174.718814983233,-36.8942224333761,0],[174.71878286652,-36.8942231162111,0],[174.718750733012,-36.8942230502628,0],[174.718718632778,-36.894222266354,0],[174.718686550528,-36.8942207331587,0],[174.718654550593,-36.8942184668718,0],[174.718622632951,-36.8942154665924,0],[174.718590833544,-36.8942117336031,0],[174.718556033373,-36.8942068497365,0],[174.718521433363,-36.8942010832513,0],[174.718487066799,-36.894194467016,0],[174.718452983416,-36.8941869669615,0],[174.718422255872,-36.8941793868038,0],[174.71841500167,-36.8941786733234,0],[174.71839149505,-36.8941710229494,0],[174.718385766849,-36.8941694500427,0],[174.718339616975,-36.8941551670266,0],[174.718337268461,-36.8941533766771,0],[174.718081308643,-36.8940700775732,0],[174.717828232,-36.8939877159779,0],[174.717563646224,-36.8938994280554,0],[174.717555045647,-36.8938949194971,0],[174.717521866718,-36.8938820503029,0],[174.71748704949,-36.893867683316,0],[174.717451299776,-36.8938520165409,0],[174.717416050227,-36.893835633165,0],[174.717381333398,-36.8938185336195,0],[174.717347149634,-36.8938007332227,0],[174.71731354984,-36.8937822501675,0],[174.717280549703,-36.893763083326,0],[174.717242749716,-36.8937398495905,0],[174.717205832979,-36.8937157170522,0],[174.717146333777,-36.893675633552,0],[174.717015316807,-36.8935874000828,0],[174.716884282935,-36.8934992000583,0],[174.716884454808,-36.893499157915,0],[174.716855760708,-36.8934799891062,0],[174.716523739905,-36.8932581900301,0],[174.716492116828,-36.8932346513697,0],[174.716326332797,-36.8931112496518,0],[174.715803567136,-36.8927592162117,0],[174.715795700245,-36.8927666667919,0],[174.715372400594,-36.8924815833546,0],[174.715225783848,-36.8923398997889,0],[174.714802516394,-36.8920549003143,0],[174.714832650547,-36.8920257835925,0],[174.714409316723,-36.8917407331486,0],[174.714519150052,-36.8916354995299,0],[174.714628983101,-36.8915302667166,0],[174.714738816951,-36.8914250328905,0],[174.714848650522,-36.8913197998697,0],[174.714958483792,-36.8912145667535,0],[174.715068316763,-36.8911093335416,0],[174.715178150555,-36.8910041002178,0],[174.715287982926,-36.8908988668147,0],[174.715397800413,-36.8907936335266,0],[174.715507632923,-36.8906883827961,0],[174.715617466657,-36.8905831499748,0],[174.715727283245,-36.8904779164,0],[174.715837117118,-36.8903726662513,0],[174.71590065006,-36.8903117333689,0],[174.715946933113,-36.8902674829605,0],[174.716056782846,-36.890162316208,0],[174.715871116518,-36.8900576163201,0],[174.715728349904,-36.8899634831477,0],[174.715585600465,-36.8898693495502,0],[174.715442850273,-36.8897752166879,0],[174.715306932836,-36.8896855836551,0],[174.715169466467,-36.8895950164975,0],[174.715132433099,-36.8895706163519,0],[174.715095466705,-36.8895462494786,0],[174.714999149914,-36.8894828332425,0],[174.714954750571,-36.8894588665686,0],[174.714817182931,-36.8893682499772,0],[174.71467964965,-36.8892776498511,0],[174.714542150353,-36.8891870995455,0],[174.714380800246,-36.8890808330953,0],[174.713984066389,-36.888819550299,0],[174.714146566241,-36.8886602668424,0],[174.71430906692,-36.8885009498054,0],[174.714323269581,-36.8884870020244,0],[174.714352399689,-36.8884584001588,0],[174.714422750124,-36.8883893828416,0],[174.714447649891,-36.8883648998644,0],[174.714592966668,-36.8882224503623,0],[174.7147251495,-36.8880928830207,0],[174.714857316203,-36.8879633166686,0],[174.714989466375,-36.8878337332849,0],[174.715108549802,-36.887716866217,0],[174.715130216504,-36.8876955998104,0],[174.715256399539,-36.88757178347,0],[174.715375483662,-36.8874549332544,0],[174.715397199594,-36.8874336669903,0],[174.715516367078,-36.8873168001091,0],[174.715648583494,-36.8871871663745,0],[174.715678917135,-36.887157433645,0],[174.715841417144,-36.8869980667835,0],[174.716238250415,-36.8872591329312,0],[174.716431783726,-36.8873864163913,0],[174.716585249704,-36.887487400359,0],[174.716605100224,-36.8875004498373,0],[174.716624932803,-36.8875134995714,0],[174.716684850267,-36.8875528499977,0],[174.716818033536,-36.8876405497764,0],[174.717003083642,-36.887762183555,0],[174.717021232864,-36.8877741164471,0],[174.717039216418,-36.8877859670042,0],[174.717229716778,-36.8879112829589,0],[174.71726078349,-36.8879317162582,0],[174.717278283867,-36.8879432330539,0],[174.717433900349,-36.8878117168961,0],[174.717596083822,-36.8876521503486,0],[174.717758182827,-36.8874925496521,0],[174.717939733772,-36.8873137166454,0],[174.718121216169,-36.8871347662807,0],[174.718302683526,-36.8869558329864,0],[174.7184841003,-36.8867768830254,0],[174.718637850405,-36.8866301830041,0],[174.718698100296,-36.8865784502137,0],[174.718721852096,-36.8865550519593,0],[174.718854982994,-36.886423916967,0],[174.719070649839,-36.8865700330726,0],[174.719270699997,-36.886705582971,0],[174.719693849837,-36.8869921666803,0],[174.71986765044,-36.8871095503358,0],[174.720120967223,-36.8872797495643,0],[174.720299199959,-36.8873995669223,0],[174.720449783407,-36.8875008832186,0],[174.720582566505,-36.8875913164998,0],[174.720719499841,-36.8876820662755,0],[174.720855550428,-36.8877735668775,0],[174.720924049563,-36.8878200502585,0],[174.720985966799,-36.8878614498196,0]]]},"properties":{"OBJECTID":111,"TYPE":3,"SUBTYPE":null,"SCHEDULE":null,"NAME":"Mount Albert","VALIDATIONSTATE":3,"VERSIONSTATUS":4,"GlobalID":"f7c0f733-e0d5-4031-998b-2288768febb8"}}]}