{
"type": "FeatureCollection",
"name": "frequent-transport",
"features": [
{ "type": "Feature", "properties": { "category": "Frequent Transport" }, "geometry": { "type": "MultiPolygon", "coordinates": [ [ [ [ 174.705943, -36.8942181 ], [ 174.7071389, -36.8951328 ], [ 174.707461, -36.8948149 ], [ 174.7059627, -36.8936647 ], [ 174.705743, -36.893876 ], [ 174.7060603, -36.8941195 ], [ 174.705943, -36.8942181 ] ] ], [ [ [ 174.7066396, -36.8929116 ], [ 174.7064653, -36.8931818 ], [ 174.7061078, -36.8935253 ], [ 174.7076039, -36.894674 ], [ 174.7081887, -36.8940966 ], [ 174.7066396, -36.8929116 ] ] ], [ [ [ 174.7085172, -36.8929414 ], [ 174.7086576, -36.8928892 ], [ 174.7087775, -36.8928644 ], [ 174.7088675, -36.8928109 ], [ 174.7083127, -36.8923926 ], [ 174.708603, -36.8921458 ], [ 174.7079381, -36.8916387 ], [ 174.7067697, -36.8927569 ], [ 174.7081913, -36.893848 ], [ 174.7085448, -36.8935509 ], [ 174.7081414, -36.8932417 ], [ 174.7084295, -36.892991 ], [ 174.7085172, -36.8929414 ] ] ], [ [ [ 174.7084503, -36.8919749 ], [ 174.7092363, -36.8913912 ], [ 174.7086731, -36.8909351 ], [ 174.7079698, -36.8916084 ], [ 174.7084503, -36.8919749 ] ] ], [ [ [ 174.707091, -36.8915162 ], [ 174.7070792, -36.89151 ], [ 174.7065545, -36.8919796 ], [ 174.7064302, -36.8920768 ], [ 174.7069032, -36.8923472 ], [ 174.7085411, -36.8907798 ], [ 174.7081859, -36.8904485 ], [ 174.707091, -36.8915162 ] ] ], [ [ [ 174.6977259, -36.8904201 ], [ 174.6975312, -36.890428 ], [ 174.6975585, -36.890942 ], [ 174.698111, -36.8909214 ], [ 174.698053, -36.8900174 ], [ 174.6977021, -36.8900318 ], [ 174.6977259, -36.8904201 ] ] ], [ [ [ 174.6948125, -36.8899265 ], [ 174.6937129, -36.8901455 ], [ 174.694037, -36.8911969 ], [ 174.6957929, -36.8908468 ], [ 174.6952399, -36.8890574 ], [ 174.6945007, -36.888916 ], [ 174.6948125, -36.8899265 ] ] ], [ [ [ 174.6955246, -36.8892282 ], [ 174.6958317, -36.8902236 ], [ 174.6959914, -36.8901917 ], [ 174.6965377, -36.8893059 ], [ 174.6956498, -36.8891361 ], [ 174.6956003, -36.8891365 ], [ 174.6955379, -36.8891741 ], [ 174.6955246, -36.8892282 ] ] ], [ [ [ 174.6989668, -36.8885522 ], [ 174.6988647, -36.8886624 ], [ 174.6988121, -36.8887742 ], [ 174.6985186, -36.8890914 ], [ 174.6983248, -36.8890994 ], [ 174.6983573, -36.8896484 ], [ 174.6982891, -36.8896075 ], [ 174.6983133, -36.8900072 ], [ 174.6991837, -36.8899729 ], [ 174.6991021, -36.8886409 ], [ 174.6989668, -36.8885522 ] ] ], [ [ [ 174.6968113, -36.8886621 ], [ 174.6968274, -36.8886077 ], [ 174.6970598, -36.8886531 ], [ 174.6970439, -36.8887065 ], [ 174.6973272, -36.8887606 ], [ 174.6975582, -36.8885108 ], [ 174.6980224, -36.8885995 ], [ 174.6981075, -36.8885077 ], [ 174.6980881, -36.8884651 ], [ 174.6960042, -36.8880667 ], [ 174.6957228, -36.8889636 ], [ 174.6963283, -36.8890794 ], [ 174.6964713, -36.888597 ], [ 174.6968113, -36.8886621 ] ] ], [ [ [ 174.6992862, -36.8879669 ], [ 174.6993981, -36.8897838 ], [ 174.7005263, -36.8897394 ], [ 174.7003661, -36.8871737 ], [ 174.6999933, -36.8871893 ], [ 174.699827, -36.8875864 ], [ 174.6998497, -36.8879491 ], [ 174.6992862, -36.8879669 ] ] ], [ [ [ 174.6966331, -36.8871119 ], [ 174.6965087, -36.8875306 ], [ 174.696569, -36.8875424 ], [ 174.696444, -36.8879641 ], [ 174.6980448, -36.8882702 ], [ 174.6981994, -36.8880105 ], [ 174.6977005, -36.8879152 ], [ 174.6977446, -36.8877667 ], [ 174.6982109, -36.8878559 ], [ 174.6983352, -36.8874365 ], [ 174.6966331, -36.8871119 ] ] ], [ [ [ 174.6987058, -36.887321 ], [ 174.6988301, -36.8869016 ], [ 174.6979832, -36.8867399 ], [ 174.697859, -36.8871593 ], [ 174.6987058, -36.887321 ] ] ], [ [ [ 174.7019936, -36.8871249 ], [ 174.7020379, -36.8870261 ], [ 174.7020939, -36.8870249 ], [ 174.702109, -36.8869733 ], [ 174.7022225, -36.8868271 ], [ 174.7022279, -36.8867856 ], [ 174.7020614, -36.886768 ], [ 174.7020051, -36.8866452 ], [ 174.7019585, -36.8864962 ], [ 174.7019672, -36.8864085 ], [ 174.7020697, -36.8864058 ], [ 174.7021438, -36.8863375 ], [ 174.702154, -36.8862881 ], [ 174.7021263, -36.8861091 ], [ 174.7005474, -36.8861789 ], [ 174.7005331, -36.8862304 ], [ 174.7005466, -36.8864485 ], [ 174.7005633, -36.886448 ], [ 174.7005724, -36.8865962 ], [ 174.7006163, -36.8865949 ], [ 174.7006385, -36.8870776 ], [ 174.7005866, -36.8870804 ], [ 174.7006258, -36.8877137 ], [ 174.7019424, -36.8876558 ], [ 174.7017813, -36.8875266 ], [ 174.7016042, -36.8875327 ], [ 174.7015531, -36.8874948 ], [ 174.7015518, -36.8874737 ], [ 174.7015764, -36.8873725 ], [ 174.7017852, -36.8873657 ], [ 174.7018835, -36.8872017 ], [ 174.7019936, -36.8871249 ] ] ], [ [ [ 174.6976665, -36.8871227 ], [ 174.6977909, -36.8867033 ], [ 174.6969821, -36.8865488 ], [ 174.6968578, -36.8869683 ], [ 174.6976665, -36.8871227 ] ] ], [ [ [ 174.7003246, -36.886507 ], [ 174.7002641, -36.8864817 ], [ 174.6999824, -36.8867857 ], [ 174.7003452, -36.8868384 ], [ 174.7003246, -36.886507 ] ] ], [ [ [ 174.6996323, -36.8840516 ], [ 174.6991718, -36.885717 ], [ 174.7003644, -36.885945 ], [ 174.7008211, -36.8842916 ], [ 174.7007786, -36.8842363 ], [ 174.6996992, -36.8840185 ], [ 174.6996323, -36.8840516 ] ] ], [ [ [ 174.7026014, -36.8844944 ], [ 174.7026645, -36.8844623 ], [ 174.7028337, -36.88425 ], [ 174.7028182, -36.8839688 ], [ 174.7027502, -36.8837222 ], [ 174.7025303, -36.8837582 ], [ 174.7024193, -36.8837532 ], [ 174.7024169, -36.8837369 ], [ 174.7024758, -36.8837395 ], [ 174.7027429, -36.8836957 ], [ 174.70274, -36.8836849 ], [ 174.7025046, -36.8835361 ], [ 174.7024023, -36.883201 ], [ 174.7014504, -36.8829203 ], [ 174.7006057, -36.8859681 ], [ 174.7010894, -36.8860545 ], [ 174.7013305, -36.8860439 ], [ 174.7014298, -36.8856848 ], [ 174.7018912, -36.8857671 ], [ 174.7019308, -36.8857047 ], [ 174.7019843, -36.8856567 ], [ 174.7020198, -36.8856413 ], [ 174.7021023, -36.8856306 ], [ 174.7019765, -36.8856081 ], [ 174.7020685, -36.8855843 ], [ 174.7021738, -36.8854893 ], [ 174.7021794, -36.8854536 ], [ 174.702232, -36.8853457 ], [ 174.702127, -36.8853269 ], [ 174.7022041, -36.8851859 ], [ 174.7024231, -36.885225 ], [ 174.7025136, -36.8851163 ], [ 174.7026406, -36.8850516 ], [ 174.7027023, -36.8850065 ], [ 174.7027237, -36.8849376 ], [ 174.7026393, -36.8847596 ], [ 174.7026284, -36.8846605 ], [ 174.702654, -36.8846043 ], [ 174.7027315, -36.8845176 ], [ 174.7026014, -36.8844944 ] ] ], [ [ [ 174.6993704, -36.8839519 ], [ 174.6988283, -36.8838424 ], [ 174.6985169, -36.8848381 ], [ 174.6991493, -36.8849588 ], [ 174.6994128, -36.8840072 ], [ 174.6993704, -36.8839519 ] ] ], [ [ [ 174.6994553, -36.8832642 ], [ 174.699426, -36.8832583 ], [ 174.6992736, -36.8837453 ], [ 174.7008275, -36.8840591 ], [ 174.7008945, -36.884026 ], [ 174.701136, -36.8831564 ], [ 174.700682, -36.883075 ], [ 174.7002601, -36.8829019 ], [ 174.7002088, -36.8829377 ], [ 174.7001419, -36.8829471 ], [ 174.700088, -36.8829325 ], [ 174.7000175, -36.8828826 ], [ 174.6996096, -36.8827938 ], [ 174.6995298, -36.8827531 ], [ 174.6994652, -36.882698 ], [ 174.6991784, -36.8828716 ], [ 174.699168, -36.8829026 ], [ 174.6991883, -36.8829301 ], [ 174.6995146, -36.8830751 ], [ 174.6994553, -36.8832642 ] ] ], [ [ [ 174.7229353, -36.8825945 ], [ 174.7228787, -36.8826444 ], [ 174.722583, -36.8823637 ], [ 174.7216317, -36.8830145 ], [ 174.7216302, -36.8830739 ], [ 174.7225757, -36.8837097 ], [ 174.7233221, -36.8828058 ], [ 174.7229353, -36.8825945 ] ] ], [ [ [ 174.7000551, -36.8827619 ], [ 174.7001464, -36.8827446 ], [ 174.7002011, -36.8827516 ], [ 174.700243, -36.8827734 ], [ 174.7002719, -36.8828081 ], [ 174.7002809, -36.8828483 ], [ 174.7002726, -36.8828823 ], [ 174.7006913, -36.8830542 ], [ 174.701142, -36.883135 ], [ 174.7014378, -36.8820708 ], [ 174.700321, -36.8814694 ], [ 174.700282, -36.88146 ], [ 174.7002261, -36.8814844 ], [ 174.6997183, -36.8820987 ], [ 174.6996122, -36.8822928 ], [ 174.699546, -36.8825102 ], [ 174.6995552, -36.8825697 ], [ 174.6995797, -36.8826135 ], [ 174.6996171, -36.8826502 ], [ 174.699676, -36.8826823 ], [ 174.7000551, -36.8827619 ] ] ], [ [ [ 174.7003927, -36.8801867 ], [ 174.699765, -36.8809497 ], [ 174.7014412, -36.8818538 ], [ 174.7015033, -36.8818406 ], [ 174.7017471, -36.8809581 ], [ 174.7017157, -36.8808951 ], [ 174.7003927, -36.8801867 ] ] ], [ [ [ 174.7001396, -36.8798333 ], [ 174.7017651, -36.8807021 ], [ 174.7018242, -36.8806837 ], [ 174.7019456, -36.8802556 ], [ 174.7008281, -36.8796574 ], [ 174.7011445, -36.8792819 ], [ 174.7007691, -36.8790806 ], [ 174.7001396, -36.8798333 ] ] ], [ [ [ 174.7011243, -36.8790528 ], [ 174.7014386, -36.8786764 ], [ 174.7022678, -36.8791201 ], [ 174.7022768, -36.8790881 ], [ 174.7020163, -36.8789487 ], [ 174.7020891, -36.878861 ], [ 174.7020683, -36.8788326 ], [ 174.7020857, -36.8788116 ], [ 174.7020583, -36.8787971 ], [ 174.7022168, -36.878603 ], [ 174.7007744, -36.8778306 ], [ 174.7001818, -36.8785477 ], [ 174.7011243, -36.8790528 ] ] ], [ [ [ 174.7023991, -36.8775097 ], [ 174.7027461, -36.876781 ], [ 174.7026245, -36.8767077 ], [ 174.7025199, -36.8766191 ], [ 174.7020581, -36.8760841 ], [ 174.7005397, -36.8769969 ], [ 174.700576, -36.8770163 ], [ 174.7002945, -36.8773557 ], [ 174.7019427, -36.878238 ], [ 174.7022242, -36.8778986 ], [ 174.7021211, -36.8778435 ], [ 174.7023991, -36.8775097 ] ] ], [ [ [ 174.7257614, -36.870785 ], [ 174.7257768, -36.870974 ], [ 174.7257527, -36.8719 ], [ 174.7259037, -36.8719025 ], [ 174.7260075, -36.8719509 ], [ 174.7261207, -36.8720855 ], [ 174.7264464, -36.8721881 ], [ 174.7264603, -36.8722157 ], [ 174.7265842, -36.8722579 ], [ 174.7271616, -36.8711638 ], [ 174.7265081, -36.8708793 ], [ 174.7265153, -36.8708633 ], [ 174.7262726, -36.8707598 ], [ 174.7258984, -36.870635 ], [ 174.7258231, -36.8706334 ], [ 174.7257749, -36.8706771 ], [ 174.7257614, -36.870785 ] ] ], [ [ [ 174.7184375, -36.8670883 ], [ 174.7182851, -36.867086 ], [ 174.7182393, -36.867055 ], [ 174.7176297, -36.8670455 ], [ 174.7175593, -36.8670679 ], [ 174.7174239, -36.8671743 ], [ 174.717888, -36.8675559 ], [ 174.7183101, -36.8674694 ], [ 174.7184283, -36.8674712 ], [ 174.7184375, -36.8670883 ] ] ], [ [ [ 174.7168706, -36.8666164 ], [ 174.7168733, -36.8666271 ], [ 174.7163768, -36.8667076 ], [ 174.716434, -36.8669353 ], [ 174.7168996, -36.8668598 ], [ 174.7169183, -36.8668066 ], [ 174.7172918, -36.8670858 ], [ 174.7173897, -36.867009 ], [ 174.7174199, -36.866953 ], [ 174.7174278, -36.8666251 ], [ 174.7168706, -36.8666164 ] ] ], [ [ [ 174.7184059, -36.8665315 ], [ 174.7181077, -36.8665269 ], [ 174.7181063, -36.8665845 ], [ 174.7176, -36.8665766 ], [ 174.7175924, -36.866891 ], [ 174.7176326, -36.8669247 ], [ 174.7182422, -36.8669341 ], [ 174.7182894, -36.8669047 ], [ 174.7183968, -36.8669063 ], [ 174.7184059, -36.8665315 ] ] ], [ [ [ 174.7169135, -36.8120629 ], [ 174.7167783, -36.8121798 ], [ 174.7166247, -36.812281 ], [ 174.7164556, -36.8123647 ], [ 174.716274, -36.8124293 ], [ 174.7163986, -36.8127045 ], [ 174.7164819, -36.8126801 ], [ 174.7167759, -36.8129369 ], [ 174.7172845, -36.8126351 ], [ 174.7170536, -36.8123888 ], [ 174.7171963, -36.8122475 ], [ 174.7169135, -36.8120629 ] ] ], [ [ [ 174.7113243, -36.8128619 ], [ 174.7116429, -36.8126629 ], [ 174.7120006, -36.8125127 ], [ 174.7123858, -36.8124162 ], [ 174.7127862, -36.8123765 ], [ 174.7131815, -36.8123897 ], [ 174.7156, -36.812804 ], [ 174.7156239, -36.8125501 ], [ 174.7155574, -36.8124884 ], [ 174.7132092, -36.812095 ], [ 174.7128334, -36.8120765 ], [ 174.712481, -36.8120986 ], [ 174.71225, -36.8121344 ], [ 174.7120239, -36.8121866 ], [ 174.7116454, -36.8123162 ], [ 174.711442, -36.8124112 ], [ 174.7112499, -36.8125205 ], [ 174.7110707, -36.8126431 ], [ 174.7109059, -36.8127781 ], [ 174.7111896, -36.8129827 ], [ 174.7113243, -36.8128619 ] ] ], [ [ [ 174.7133947, -36.8119468 ], [ 174.7150715, -36.8122335 ], [ 174.7151555, -36.8119166 ], [ 174.7133761, -36.8116117 ], [ 174.7128692, -36.811598 ], [ 174.7128827, -36.8119063 ], [ 174.7131464, -36.8119177 ], [ 174.7133947, -36.8119468 ] ] ], [ [ [ 174.7124066, -36.8119357 ], [ 174.7127119, -36.8119094 ], [ 174.7127011, -36.8116618 ], [ 174.7124134, -36.8116843 ], [ 174.7121348, -36.8117269 ], [ 174.7113549, -36.811906 ], [ 174.71126, -36.811954 ], [ 174.7112545, -36.8118493 ], [ 174.7107394, -36.8118669 ], [ 174.7106914, -36.8109576 ], [ 174.7102866, -36.8109714 ], [ 174.7101583, -36.8110296 ], [ 174.7100295, -36.8111164 ], [ 174.7095298, -36.812435 ], [ 174.7098856, -36.8125221 ], [ 174.7098755, -36.8125487 ], [ 174.7102823, -36.8126484 ], [ 174.7103877, -36.8125384 ], [ 174.7106743, -36.8127338 ], [ 174.7108582, -36.8125716 ], [ 174.7110929, -36.8124034 ], [ 174.7113493, -36.8122571 ], [ 174.7115799, -36.8121521 ], [ 174.711844, -36.8120579 ], [ 174.7121067, -36.8119884 ], [ 174.7124066, -36.8119357 ] ] ], [ [ [ 174.7075929, -36.8107184 ], [ 174.7073643, -36.8113297 ], [ 174.7074219, -36.8113375 ], [ 174.7072745, -36.8115698 ], [ 174.7072253, -36.8117016 ], [ 174.7093588, -36.8122599 ], [ 174.709898, -36.8108573 ], [ 174.7098706, -36.810695 ], [ 174.709189, -36.8098327 ], [ 174.7070036, -36.8081892 ], [ 174.7069456, -36.8081908 ], [ 174.7063502, -36.8087011 ], [ 174.7062193, -36.8092218 ], [ 174.7057096, -36.809651 ], [ 174.7066676, -36.8103868 ], [ 174.7066332, -36.8104743 ], [ 174.7075929, -36.8107184 ] ] ], [ [ [ 174.7165656, -36.809391 ], [ 174.7165073, -36.8093411 ], [ 174.7164569, -36.8092753 ], [ 174.7164271, -36.8092092 ], [ 174.7164019, -36.8090206 ], [ 174.7160029, -36.8089779 ], [ 174.7160044, -36.8090067 ], [ 174.7155101, -36.8090237 ], [ 174.7155501, -36.808829 ], [ 174.7155407, -36.808654 ], [ 174.7148702, -36.8086771 ], [ 174.7149228, -36.8096627 ], [ 174.7168431, -36.8099468 ], [ 174.7168438, -36.8094813 ], [ 174.7167566, -36.8094713 ], [ 174.7166538, -36.80944 ], [ 174.7165656, -36.809391 ] ] ], [ [ [ 174.705601, -36.8094802 ], [ 174.7060035, -36.8091412 ], [ 174.7054866, -36.8087549 ], [ 174.7050907, -36.8090883 ], [ 174.705601, -36.8094802 ] ] ], [ [ [ 174.7117618, -36.8102819 ], [ 174.7120175, -36.810269 ], [ 174.7119862, -36.8098232 ], [ 174.7147006, -36.80973 ], [ 174.7146448, -36.8086794 ], [ 174.7119047, -36.8087699 ], [ 174.7118301, -36.8077903 ], [ 174.7108459, -36.808047 ], [ 174.7099053, -36.8083121 ], [ 174.7085101, -36.8062404 ], [ 174.7079447, -36.8064259 ], [ 174.7077635, -36.806428 ], [ 174.7077012, -36.8073771 ], [ 174.7069767, -36.8073449 ], [ 174.7069757, -36.8073611 ], [ 174.7068201, -36.8073545 ], [ 174.7067987, -36.8076847 ], [ 174.7068184, -36.8077734 ], [ 174.7068808, -36.8078482 ], [ 174.709417, -36.8097598 ], [ 174.7099004, -36.8103875 ], [ 174.7114648, -36.8103387 ], [ 174.7116997, -36.8103496 ], [ 174.7117301, -36.8107417 ], [ 174.7117973, -36.8107393 ], [ 174.7117618, -36.8102819 ] ] ], [ [ [ 174.7039705, -36.80857 ], [ 174.704293, -36.8081964 ], [ 174.7046566, -36.8085135 ], [ 174.7049379, -36.8083059 ], [ 174.7060169, -36.8091125 ], [ 174.706142, -36.8086146 ], [ 174.7067705, -36.8080759 ], [ 174.706768, -36.8080118 ], [ 174.7065619, -36.8078565 ], [ 174.7064551, -36.8072381 ], [ 174.7064959, -36.806607 ], [ 174.7063382, -36.8064716 ], [ 174.7053461, -36.8064744 ], [ 174.7039081, -36.8075359 ], [ 174.7038831, -36.8075172 ], [ 174.7035874, -36.8077355 ], [ 174.7036185, -36.8077595 ], [ 174.7034546, -36.8078336 ], [ 174.7032767, -36.807965 ], [ 174.7039705, -36.80857 ] ] ], [ [ [ 174.7035856, -36.8074891 ], [ 174.7034006, -36.8068957 ], [ 174.7033043, -36.8067997 ], [ 174.7032584, -36.806797 ], [ 174.7031107, -36.8069059 ], [ 174.7028535, -36.8070459 ], [ 174.7026458, -36.8071949 ], [ 174.7025536, -36.8072153 ], [ 174.702837, -36.8080418 ], [ 174.7035856, -36.8074891 ] ] ], [ [ [ 174.7026822, -36.8069261 ], [ 174.7027869, -36.8069512 ], [ 174.7028284, -36.8069288 ], [ 174.702805, -36.8069095 ], [ 174.7030222, -36.8067913 ], [ 174.7031003, -36.8067645 ], [ 174.7034762, -36.8064859 ], [ 174.7034395, -36.8062607 ], [ 174.7034095, -36.8061796 ], [ 174.7032575, -36.8061233 ], [ 174.7030344, -36.8061799 ], [ 174.7028432, -36.8061756 ], [ 174.7027322, -36.8062023 ], [ 174.7024751, -36.8062326 ], [ 174.7022369, -36.8063051 ], [ 174.7024679, -36.8069738 ], [ 174.7026822, -36.8069261 ] ] ], [ [ [ 174.7038012, -36.8073299 ], [ 174.7045005, -36.8068143 ], [ 174.7042028, -36.8065533 ], [ 174.7041691, -36.8064855 ], [ 174.704183, -36.8064191 ], [ 174.7046524, -36.8063245 ], [ 174.7045479, -36.8059893 ], [ 174.704422, -36.8060146 ], [ 174.7043576, -36.8058082 ], [ 174.704374, -36.8057863 ], [ 174.704478, -36.8057653 ], [ 174.7042191, -36.8049351 ], [ 174.7024535, -36.8058479 ], [ 174.7025604, -36.8061905 ], [ 174.7032051, -36.8058231 ], [ 174.703353, -36.805979 ], [ 174.703426, -36.8059351 ], [ 174.7035111, -36.8059798 ], [ 174.7035678, -36.8060634 ], [ 174.7036169, -36.8062208 ], [ 174.7036655, -36.8062099 ], [ 174.703711, -36.8063557 ], [ 174.7036572, -36.8064986 ], [ 174.7034501, -36.8066522 ], [ 174.7034439, -36.8066965 ], [ 174.7035872, -36.8068393 ], [ 174.7036077, -36.8069052 ], [ 174.7035852, -36.8069218 ], [ 174.7036835, -36.8072192 ], [ 174.7038012, -36.8073299 ] ] ], [ [ [ 174.7066648, -36.8061896 ], [ 174.7066618, -36.8062184 ], [ 174.706676, -36.8062387 ], [ 174.7067156, -36.8062518 ], [ 174.7078996, -36.8062454 ], [ 174.7087115, -36.8059778 ], [ 174.7084287, -36.8054225 ], [ 174.708148, -36.8051801 ], [ 174.708088, -36.8052707 ], [ 174.7073219, -36.8049977 ], [ 174.7066648, -36.8061896 ] ] ], [ [ [ 174.7066436, -36.8057816 ], [ 174.7073065, -36.8045786 ], [ 174.7057488, -36.804578 ], [ 174.7057984, -36.8044616 ], [ 174.7044277, -36.8048553 ], [ 174.7046965, -36.8057195 ], [ 174.7055817, -36.8054653 ], [ 174.705589, -36.8057807 ], [ 174.7066436, -36.8057816 ] ] ], [ [ [ 174.7239098, -36.8024386 ], [ 174.723384, -36.8031816 ], [ 174.7228691, -36.8031554 ], [ 174.7229061, -36.803765 ], [ 174.7240912, -36.8037186 ], [ 174.7240676, -36.8033383 ], [ 174.7251381, -36.8032956 ], [ 174.7251176, -36.8029781 ], [ 174.7251067, -36.8029796 ], [ 174.7250871, -36.8028873 ], [ 174.7247421, -36.8019784 ], [ 174.7246809, -36.8019626 ], [ 174.7239098, -36.8024386 ] ] ], [ [ [ 174.7230477, -36.8021346 ], [ 174.722771, -36.8025418 ], [ 174.7229095, -36.8029242 ], [ 174.7229968, -36.8029804 ], [ 174.7231891, -36.8029901 ], [ 174.723291, -36.8029458 ], [ 174.7237357, -36.8023169 ], [ 174.724656, -36.8017496 ], [ 174.7239483, -36.7998892 ], [ 174.7239135, -36.7998561 ], [ 174.7238596, -36.7998536 ], [ 174.7218572, -36.8004397 ], [ 174.7220964, -36.8017407 ], [ 174.7222792, -36.8023239 ], [ 174.7229748, -36.8016701 ], [ 174.7230477, -36.8021346 ] ] ], [ [ [ 174.7220854, -36.7998582 ], [ 174.7222139, -36.8001423 ], [ 174.7237435, -36.7996947 ], [ 174.7237879, -36.7996233 ], [ 174.7237025, -36.7993978 ], [ 174.7236148, -36.799352 ], [ 174.722028, -36.7995335 ], [ 174.7220854, -36.7998582 ] ] ], [ [ [ 174.7253967, -36.7995646 ], [ 174.7256223, -36.7994903 ], [ 174.7250438, -36.7987848 ], [ 174.7244799, -36.7988722 ], [ 174.724251, -36.7982677 ], [ 174.7251993, -36.7983451 ], [ 174.7253978, -36.7977291 ], [ 174.7249451, -36.7977416 ], [ 174.7249171, -36.7977101 ], [ 174.7249133, -36.797622 ], [ 174.7242003, -36.7975658 ], [ 174.7241878, -36.7976422 ], [ 174.7235706, -36.797577 ], [ 174.7235094, -36.7979521 ], [ 174.7242434, -36.7998902 ], [ 174.7243286, -36.7999267 ], [ 174.7249404, -36.7997769 ], [ 174.7251588, -36.7996864 ], [ 174.7253967, -36.7995646 ] ] ], [ [ [ 174.7241492, -36.7975399 ], [ 174.7249121, -36.7975999 ], [ 174.7249101, -36.7975555 ], [ 174.7249492, -36.7975218 ], [ 174.7251888, -36.7975206 ], [ 174.7254517, -36.7975676 ], [ 174.7255578, -36.7971836 ], [ 174.7254999, -36.7967987 ], [ 174.7253513, -36.7968423 ], [ 174.7251467, -36.7963929 ], [ 174.7246288, -36.796545 ], [ 174.7238216, -36.7964598 ], [ 174.723745, -36.7965072 ], [ 174.7236737, -36.7969447 ], [ 174.7236178, -36.7969389 ], [ 174.7235472, -36.7973721 ], [ 174.7236068, -36.7973545 ], [ 174.723574, -36.7975555 ], [ 174.7241369, -36.7976149 ], [ 174.7241492, -36.7975399 ] ] ], [ [ [ 174.7226099, -36.7912746 ], [ 174.722496, -36.7912517 ], [ 174.7201649, -36.7918114 ], [ 174.7204423, -36.7925617 ], [ 174.7205342, -36.7925384 ], [ 174.7207109, -36.7929899 ], [ 174.7207951, -36.7929686 ], [ 174.7209169, -36.7932799 ], [ 174.7239864, -36.7925025 ], [ 174.724003, -36.7924474 ], [ 174.7232489, -36.7918484 ], [ 174.7233096, -36.791833 ], [ 174.7226099, -36.7912746 ] ] ], [ [ [ 174.7251273, -36.7907902 ], [ 174.7249791, -36.7909063 ], [ 174.7248323, -36.7906656 ], [ 174.7246083, -36.7906601 ], [ 174.7245514, -36.7905721 ], [ 174.7241739, -36.7905255 ], [ 174.7240744, -36.7906036 ], [ 174.7238918, -36.7904539 ], [ 174.7233523, -36.7908757 ], [ 174.72343, -36.7905913 ], [ 174.7233288, -36.7905762 ], [ 174.7232491, -36.7904568 ], [ 174.7231561, -36.7904074 ], [ 174.7230662, -36.7904116 ], [ 174.7224893, -36.7908629 ], [ 174.723398, -36.7915846 ], [ 174.7233586, -36.791617 ], [ 174.7237133, -36.7918985 ], [ 174.7237536, -36.7918668 ], [ 174.7243507, -36.792341 ], [ 174.724448, -36.7923412 ], [ 174.7247941, -36.7920686 ], [ 174.7247438, -36.7918146 ], [ 174.7245523, -36.7916559 ], [ 174.7247216, -36.7915172 ], [ 174.7248064, -36.7915259 ], [ 174.7251774, -36.7917667 ], [ 174.7259388, -36.7911668 ], [ 174.7251273, -36.7907902 ] ] ], [ [ [ 174.7222345, -36.791043 ], [ 174.7208601, -36.7899505 ], [ 174.7207462, -36.7899276 ], [ 174.7196266, -36.7901982 ], [ 174.7198898, -36.7909114 ], [ 174.7196855, -36.7909611 ], [ 174.7197953, -36.791257 ], [ 174.7197054, -36.7912786 ], [ 174.71986, -36.7916955 ], [ 174.7222067, -36.7911326 ], [ 174.7222345, -36.791043 ] ] ], [ [ [ 174.7243138, -36.7899469 ], [ 174.7241793, -36.7900376 ], [ 174.7237259, -36.7900629 ], [ 174.72357, -36.790137 ], [ 174.723382, -36.7898812 ], [ 174.7235467, -36.7897526 ], [ 174.7232472, -36.7895262 ], [ 174.723242, -36.7895086 ], [ 174.7231956, -36.7895349 ], [ 174.7231369, -36.7895423 ], [ 174.723083, -36.7895286 ], [ 174.7230482, -36.7895042 ], [ 174.7230262, -36.7894704 ], [ 174.7230212, -36.7894324 ], [ 174.7230391, -36.7893883 ], [ 174.7231375, -36.7893034 ], [ 174.7231766, -36.7892458 ], [ 174.7231923, -36.7891716 ], [ 174.7231752, -36.7890976 ], [ 174.7231272, -36.7890329 ], [ 174.7226864, -36.7886581 ], [ 174.7226152, -36.7885479 ], [ 174.7225795, -36.7884287 ], [ 174.7225799, -36.7883068 ], [ 174.722609, -36.7882046 ], [ 174.7226531, -36.788124 ], [ 174.7228752, -36.7878278 ], [ 174.7228626, -36.7877417 ], [ 174.7224933, -36.7874403 ], [ 174.7222742, -36.7873342 ], [ 174.7212474, -36.7886988 ], [ 174.7212883, -36.7887325 ], [ 174.7208584, -36.7893016 ], [ 174.7209316, -36.7896245 ], [ 174.7215844, -36.7901434 ], [ 174.7216332, -36.7901051 ], [ 174.7216332, -36.790182 ], [ 174.7224749, -36.7908515 ], [ 174.7230565, -36.7903963 ], [ 174.7231593, -36.7903902 ], [ 174.7232641, -36.7904455 ], [ 174.7233417, -36.7905617 ], [ 174.7234231, -36.7905739 ], [ 174.7235267, -36.7904929 ], [ 174.7237056, -36.7903217 ], [ 174.7235904, -36.7901649 ], [ 174.7237381, -36.7900947 ], [ 174.7241951, -36.7900692 ], [ 174.7243601, -36.789958 ], [ 174.7243138, -36.7899469 ] ] ], [ [ [ 174.7227634, -36.7884162 ], [ 174.7227883, -36.7884966 ], [ 174.7228244, -36.7885565 ], [ 174.7228877, -36.7886224 ], [ 174.7233175, -36.788978 ], [ 174.7236409, -36.7887243 ], [ 174.7232104, -36.7883676 ], [ 174.7234442, -36.7880583 ], [ 174.7236525, -36.788108 ], [ 174.7237808, -36.7877604 ], [ 174.723552, -36.7877063 ], [ 174.7234474, -36.7876957 ], [ 174.7233221, -36.7877093 ], [ 174.7232062, -36.7877503 ], [ 174.7231388, -36.7877916 ], [ 174.7230699, -36.7878562 ], [ 174.7228247, -36.7881816 ], [ 174.7227824, -36.7882554 ], [ 174.7227616, -36.7883349 ], [ 174.7227634, -36.7884162 ] ] ], [ [ [ 174.7212616, -36.7879979 ], [ 174.720409, -36.7873198 ], [ 174.7204952, -36.787244 ], [ 174.7204914, -36.7869522 ], [ 174.7206454, -36.7869097 ], [ 174.7206025, -36.7866806 ], [ 174.7205191, -36.7866778 ], [ 174.7204229, -36.7866316 ], [ 174.7203359, -36.7866061 ], [ 174.7201244, -36.7866018 ], [ 174.7199755, -36.7864332 ], [ 174.7179634, -36.7875881 ], [ 174.7181228, -36.7877145 ], [ 174.7182513, -36.7878816 ], [ 174.7183803, -36.7879219 ], [ 174.7192233, -36.7885874 ], [ 174.7188618, -36.7886735 ], [ 174.7191816, -36.7895425 ], [ 174.7193781, -36.7894958 ], [ 174.71957, -36.7900172 ], [ 174.7205169, -36.7897918 ], [ 174.7205494, -36.7897748 ], [ 174.7205657, -36.78974 ], [ 174.7205507, -36.7897048 ], [ 174.7203056, -36.7895094 ], [ 174.7209013, -36.7887182 ], [ 174.7208834, -36.7887072 ], [ 174.7210163, -36.7885309 ], [ 174.7209781, -36.7884768 ], [ 174.7203174, -36.7882347 ], [ 174.7201726, -36.7881561 ], [ 174.7200393, -36.7880613 ], [ 174.7198782, -36.787903 ], [ 174.7197808, -36.7877607 ], [ 174.7197325, -36.7876004 ], [ 174.7197304, -36.7875314 ], [ 174.7197522, -36.7874845 ], [ 174.7197963, -36.7874507 ], [ 174.7198556, -36.7874357 ], [ 174.7199208, -36.7874447 ], [ 174.7199731, -36.7874772 ], [ 174.7200025, -36.7875453 ], [ 174.7200024, -36.7876613 ], [ 174.7199832, -36.787758 ], [ 174.7201093, -36.7879034 ], [ 174.720272, -36.7880304 ], [ 174.7205022, -36.7881456 ], [ 174.7210766, -36.7883452 ], [ 174.7211678, -36.788282 ], [ 174.7212616, -36.7879979 ] ] ], [ [ [ 174.723898, -36.7881666 ], [ 174.7240263, -36.787819 ], [ 174.7238463, -36.7877761 ], [ 174.723718, -36.7881236 ], [ 174.723898, -36.7881666 ] ] ], [ [ [ 174.7239896, -36.7876553 ], [ 174.7240745, -36.7876183 ], [ 174.7242723, -36.7870807 ], [ 174.7242704, -36.7870344 ], [ 174.7242397, -36.7869689 ], [ 174.7242449, -36.7869252 ], [ 174.7242654, -36.786894 ], [ 174.7243052, -36.7868676 ], [ 174.724395, -36.7868582 ], [ 174.7243599, -36.7864899 ], [ 174.7239954, -36.7861887 ], [ 174.7239136, -36.7862982 ], [ 174.7236969, -36.7863913 ], [ 174.7237087, -36.7864225 ], [ 174.7234992, -36.7865341 ], [ 174.7235067, -36.7865403 ], [ 174.7232758, -36.786847 ], [ 174.722884, -36.7865238 ], [ 174.7228415, -36.7865802 ], [ 174.7232333, -36.7869034 ], [ 174.7230394, -36.7871608 ], [ 174.7230614, -36.7871789 ], [ 174.7229, -36.7873055 ], [ 174.7227983, -36.7874407 ], [ 174.7230083, -36.7876139 ], [ 174.7231122, -36.7876221 ], [ 174.7232794, -36.7875644 ], [ 174.7234507, -36.7875471 ], [ 174.7235991, -36.7875626 ], [ 174.7239896, -36.7876553 ] ] ], [ [ [ 174.7251994, -36.7785997 ], [ 174.725324, -36.7786544 ], [ 174.7254439, -36.7786721 ], [ 174.7255456, -36.778665 ], [ 174.725805, -36.77861 ], [ 174.7258535, -36.7785428 ], [ 174.7257143, -36.7781807 ], [ 174.725654, -36.7778734 ], [ 174.7254863, -36.7775686 ], [ 174.7247791, -36.7769404 ], [ 174.7246651, -36.7768993 ], [ 174.7235088, -36.7768916 ], [ 174.7235019, -36.777558 ], [ 174.7237431, -36.777521 ], [ 174.7237874, -36.7777087 ], [ 174.7232206, -36.7777951 ], [ 174.7232282, -36.7778276 ], [ 174.7237497, -36.7777482 ], [ 174.7238137, -36.77802 ], [ 174.7238416, -36.7780213 ], [ 174.7238318, -36.7781517 ], [ 174.7236598, -36.7781939 ], [ 174.7231735, -36.7781704 ], [ 174.7231591, -36.7781971 ], [ 174.7236638, -36.7782215 ], [ 174.7238251, -36.778361 ], [ 174.7236904, -36.7783545 ], [ 174.7236795, -36.7784995 ], [ 174.7230133, -36.7784673 ], [ 174.7229973, -36.7784968 ], [ 174.7234302, -36.7785177 ], [ 174.7234195, -36.7786599 ], [ 174.7238238, -36.7786794 ], [ 174.7237767, -36.7788909 ], [ 174.7228446, -36.77878 ], [ 174.7228362, -36.7787957 ], [ 174.7245306, -36.7789981 ], [ 174.7244952, -36.7798895 ], [ 174.7256621, -36.7803016 ], [ 174.7256652, -36.779727 ], [ 174.7258014, -36.7794148 ], [ 174.7259906, -36.7792893 ], [ 174.7259685, -36.7792859 ], [ 174.7259497, -36.7788344 ], [ 174.7259323, -36.7787818 ], [ 174.7258488, -36.7787428 ], [ 174.7255504, -36.778804 ], [ 174.7253924, -36.7788068 ], [ 174.7252198, -36.778769 ], [ 174.7250746, -36.7786949 ], [ 174.7249784, -36.7786095 ], [ 174.7249198, -36.7785257 ], [ 174.7247472, -36.7780235 ], [ 174.7246889, -36.7779593 ], [ 174.7246712, -36.7779163 ], [ 174.7246943, -36.7778474 ], [ 174.7247599, -36.7778095 ], [ 174.7248407, -36.7778113 ], [ 174.7249024, -36.7778507 ], [ 174.724923, -36.7779007 ], [ 174.7249121, -36.7779883 ], [ 174.7250614, -36.778439 ], [ 174.7251161, -36.7785282 ], [ 174.7251994, -36.7785997 ] ] ], [ [ [ 174.720063, -36.7772077 ], [ 174.719966, -36.7772536 ], [ 174.7200408, -36.7779268 ], [ 174.7200265, -36.7781841 ], [ 174.7204488, -36.7781969 ], [ 174.7204217, -36.7778976 ], [ 174.7214999, -36.7778145 ], [ 174.7214395, -36.7772715 ], [ 174.7206162, -36.7773305 ], [ 174.7203729, -36.7772127 ], [ 174.720063, -36.7772077 ] ] ], [ [ [ 174.7228234, -36.7763515 ], [ 174.7228824, -36.776459 ], [ 174.7230751, -36.7766245 ], [ 174.7232899, -36.7767089 ], [ 174.7248335, -36.7767192 ], [ 174.7248631, -36.7767455 ], [ 174.7252467, -36.7764676 ], [ 174.7252509, -36.7760642 ], [ 174.7238982, -36.7760585 ], [ 174.7238539, -36.7758729 ], [ 174.7237371, -36.775682 ], [ 174.7227976, -36.775998 ], [ 174.722809, -36.7760466 ], [ 174.7227537, -36.7760559 ], [ 174.7228234, -36.7763515 ] ] ], [ [ [ 174.7225804, -36.7765434 ], [ 174.7225257, -36.7764567 ], [ 174.7225033, -36.7764584 ], [ 174.7225002, -36.7764298 ], [ 174.7223641, -36.7762865 ], [ 174.7221858, -36.7761379 ], [ 174.7218982, -36.7758673 ], [ 174.7216935, -36.7760122 ], [ 174.7216426, -36.776003 ], [ 174.7214726, -36.7757391 ], [ 174.7214105, -36.7753266 ], [ 174.7212633, -36.7752738 ], [ 174.7207306, -36.7753124 ], [ 174.7206623, -36.7753439 ], [ 174.7205811, -36.7754096 ], [ 174.7203489, -36.7756967 ], [ 174.7195436, -36.7759162 ], [ 174.7197464, -36.776205 ], [ 174.7194089, -36.7766803 ], [ 174.7197031, -36.7766591 ], [ 174.71977, -36.7768946 ], [ 174.7198655, -36.7770495 ], [ 174.7199972, -36.7770253 ], [ 174.7204375, -36.7770325 ], [ 174.7206693, -36.7771447 ], [ 174.7223393, -36.7770248 ], [ 174.7226287, -36.7767479 ], [ 174.7225804, -36.7765434 ] ] ], [ [ [ 174.7227936, -36.7759812 ], [ 174.7233699, -36.7757865 ], [ 174.7231073, -36.7754743 ], [ 174.7227045, -36.7756029 ], [ 174.7227936, -36.7759812 ] ] ], [ [ [ 174.7191771, -36.7752929 ], [ 174.7192313, -36.7755627 ], [ 174.7193094, -36.7755265 ], [ 174.7194336, -36.775776 ], [ 174.720122, -36.7755845 ], [ 174.7202687, -36.7754929 ], [ 174.7205468, -36.7751602 ], [ 174.7212407, -36.7751099 ], [ 174.7213655, -36.7749722 ], [ 174.7211591, -36.7744218 ], [ 174.7211172, -36.7743697 ], [ 174.7191401, -36.7745137 ], [ 174.7191809, -36.7748747 ], [ 174.7192549, -36.7748693 ], [ 174.7193017, -36.7752838 ], [ 174.7191771, -36.7752929 ] ] ], [ [ [ 174.7235261, -36.7748247 ], [ 174.7235614, -36.7748439 ], [ 174.7235988, -36.7749098 ], [ 174.7235918, -36.7749504 ], [ 174.7235706, -36.7749806 ], [ 174.7235381, -36.7750033 ], [ 174.7234873, -36.7750172 ], [ 174.7237451, -36.7753052 ], [ 174.7243232, -36.7749892 ], [ 174.7227361, -36.7736894 ], [ 174.7222932, -36.7737427 ], [ 174.722273, -36.7737587 ], [ 174.721485, -36.7740016 ], [ 174.7214496, -36.7740222 ], [ 174.7214369, -36.7740854 ], [ 174.7224912, -36.7752601 ], [ 174.7225878, -36.7752739 ], [ 174.723402, -36.774832 ], [ 174.7234754, -36.7748151 ], [ 174.7235261, -36.7748247 ] ] ], [ [ [ 174.7198092, -36.7739619 ], [ 174.72015, -36.7739371 ], [ 174.7204228, -36.7742384 ], [ 174.7207463, -36.7742148 ], [ 174.7209518, -36.7741064 ], [ 174.72096, -36.774088 ], [ 174.7209545, -36.774013 ], [ 174.7202049, -36.7731846 ], [ 174.7202234, -36.7731282 ], [ 174.7197525, -36.7711785 ], [ 174.7196725, -36.771135 ], [ 174.7189063, -36.7712549 ], [ 174.7186749, -36.7713711 ], [ 174.7193688, -36.7722657 ], [ 174.7194091, -36.7722645 ], [ 174.7194581, -36.7725912 ], [ 174.7195768, -36.7730846 ], [ 174.7191919, -36.7733089 ], [ 174.7192085, -36.7734539 ], [ 174.7194309, -36.7734796 ], [ 174.7194662, -36.7737822 ], [ 174.7191262, -36.7738071 ], [ 174.7191851, -36.7743288 ], [ 174.7197773, -36.7742856 ], [ 174.7198401, -36.7742355 ], [ 174.7198092, -36.7739619 ] ] ], [ [ [ 174.7213766, -36.7738405 ], [ 174.7221489, -36.7736029 ], [ 174.7222692, -36.7735076 ], [ 174.7225721, -36.7734859 ], [ 174.7229427, -36.7731443 ], [ 174.7230302, -36.7729261 ], [ 174.7251229, -36.7712623 ], [ 174.7251374, -36.7712292 ], [ 174.725124, -36.7711956 ], [ 174.7246413, -36.7707896 ], [ 174.7244646, -36.7706129 ], [ 174.7245479, -36.7705602 ], [ 174.7241551, -36.7703199 ], [ 174.7237787, -36.7695501 ], [ 174.7237452, -36.7695212 ], [ 174.7236949, -36.7695183 ], [ 174.7223473, -36.7698706 ], [ 174.7221945, -36.7699705 ], [ 174.7226504, -36.7702986 ], [ 174.7225901, -36.7703369 ], [ 174.7225669, -36.7705055 ], [ 174.7225164, -36.7706821 ], [ 174.7226425, -36.7707262 ], [ 174.7226715, -36.7707855 ], [ 174.7226391, -36.7708413 ], [ 174.722597, -36.7708755 ], [ 174.7225293, -36.7708945 ], [ 174.7224696, -36.7708887 ], [ 174.7223864, -36.7708601 ], [ 174.7223819, -36.770753 ], [ 174.7222654, -36.7706749 ], [ 174.7221113, -36.770621 ], [ 174.7220121, -36.7706237 ], [ 174.7219402, -36.7705985 ], [ 174.7217209, -36.7713681 ], [ 174.7210557, -36.7727472 ], [ 174.7210474, -36.7734678 ], [ 174.7212315, -36.7738571 ], [ 174.721327, -36.7738694 ], [ 174.7213766, -36.7738405 ] ] ], [ [ [ 174.7206431, -36.7726164 ], [ 174.7209136, -36.7722817 ], [ 174.7213963, -36.7712882 ], [ 174.7216372, -36.7704458 ], [ 174.7216492, -36.7701367 ], [ 174.7215563, -36.7698261 ], [ 174.7212978, -36.7695392 ], [ 174.720778, -36.7690858 ], [ 174.7207644, -36.7691662 ], [ 174.720123, -36.7690861 ], [ 174.7198718, -36.7703877 ], [ 174.7200236, -36.7710502 ], [ 174.7205961, -36.7726105 ], [ 174.7206431, -36.7726164 ] ] ], [ [ [ 174.7187504, -36.7696663 ], [ 174.7186202, -36.7696643 ], [ 174.7185044, -36.76968 ], [ 174.7184356, -36.769711 ], [ 174.7183883, -36.7697618 ], [ 174.7182732, -36.7700546 ], [ 174.718182, -36.7701461 ], [ 174.7180843, -36.770202 ], [ 174.7187946, -36.7711361 ], [ 174.7188378, -36.7711145 ], [ 174.7196367, -36.7709895 ], [ 174.7196905, -36.7709252 ], [ 174.7196013, -36.7705614 ], [ 174.7197397, -36.7698462 ], [ 174.7197336, -36.7698139 ], [ 174.7197059, -36.76979 ], [ 174.7187504, -36.7696663 ] ] ], [ [ [ 174.7192217, -36.7673354 ], [ 174.7192245, -36.7673431 ], [ 174.7187203, -36.767463 ], [ 174.718702, -36.7675244 ], [ 174.718911, -36.7680941 ], [ 174.7189392, -36.7682784 ], [ 174.7187263, -36.769439 ], [ 174.718747, -36.7694735 ], [ 174.7187829, -36.7694877 ], [ 174.7197335, -36.7696048 ], [ 174.7197771, -36.7695879 ], [ 174.7197949, -36.7695585 ], [ 174.7200488, -36.7682444 ], [ 174.7196516, -36.7672268 ], [ 174.7192217, -36.7673354 ] ] ], [ [ [ 174.7403908, -36.9110284 ], [ 174.7405377, -36.9111003 ], [ 174.7406055, -36.9111154 ], [ 174.7407224, -36.9111745 ], [ 174.7408855, -36.9112209 ], [ 174.7408917, -36.911179 ], [ 174.7409118, -36.9111493 ], [ 174.740943, -36.9111263 ], [ 174.7409729, -36.9111326 ], [ 174.7413464, -36.9099778 ], [ 174.741306, -36.9099225 ], [ 174.7402616, -36.9097049 ], [ 174.7401927, -36.9097374 ], [ 174.7401202, -36.9099615 ], [ 174.7401407, -36.9099658 ], [ 174.7401231, -36.9101041 ], [ 174.7400684, -36.9103765 ], [ 174.7399845, -36.9106428 ], [ 174.7399719, -36.9108137 ], [ 174.7403363, -36.910982 ], [ 174.7403908, -36.9110284 ] ] ], [ [ [ 174.7399103, -36.9097237 ], [ 174.7399006, -36.9096613 ], [ 174.7398403, -36.9096173 ], [ 174.7388895, -36.9094191 ], [ 174.7388208, -36.9094516 ], [ 174.7387053, -36.9098086 ], [ 174.739282, -36.9099288 ], [ 174.7391102, -36.9104605 ], [ 174.7396323, -36.9105693 ], [ 174.7399103, -36.9097237 ] ] ], [ [ [ 174.7399907, -36.909461 ], [ 174.7400322, -36.9094414 ], [ 174.7404466, -36.9081609 ], [ 174.7404222, -36.9081276 ], [ 174.7393776, -36.9079098 ], [ 174.7393085, -36.9079425 ], [ 174.738906, -36.9091883 ], [ 174.7389464, -36.9092436 ], [ 174.7399907, -36.909461 ] ] ], [ [ [ 174.7384849, -36.9072007 ], [ 174.7384994, -36.9072637 ], [ 174.7393005, -36.9077064 ], [ 174.740479, -36.9079521 ], [ 174.7405205, -36.9079326 ], [ 174.7408142, -36.9070244 ], [ 174.7408229, -36.9070262 ], [ 174.7408663, -36.9068918 ], [ 174.7408789, -36.9068959 ], [ 174.7408932, -36.9068516 ], [ 174.7408806, -36.9068475 ], [ 174.7410209, -36.9064133 ], [ 174.7409921, -36.906367 ], [ 174.7396447, -36.9059249 ], [ 174.7395605, -36.905945 ], [ 174.7384849, -36.9072007 ] ] ], [ [ [ 174.7401025, -36.9053131 ], [ 174.7397556, -36.9057174 ], [ 174.739776, -36.9057719 ], [ 174.7405452, -36.9060243 ], [ 174.7407106, -36.9055126 ], [ 174.7401025, -36.9053131 ] ] ], [ [ [ 174.7396004, -36.9055797 ], [ 174.7398559, -36.9052813 ], [ 174.7394683, -36.9051542 ], [ 174.7393314, -36.9054235 ], [ 174.7396004, -36.9055797 ] ] ], [ [ [ 174.7403731, -36.9046774 ], [ 174.7398821, -36.9044061 ], [ 174.7393238, -36.9050579 ], [ 174.7398885, -36.9052431 ], [ 174.7403731, -36.9046774 ] ] ], [ [ [ 174.7390304, -36.9034189 ], [ 174.7393618, -36.9031233 ], [ 174.7390622, -36.9029144 ], [ 174.7387143, -36.9032247 ], [ 174.7390304, -36.9034189 ] ] ], [ [ [ 174.7418393, -36.9020412 ], [ 174.7402505, -36.901707 ], [ 174.7401205, -36.9021055 ], [ 174.7395248, -36.9019801 ], [ 174.7394606, -36.9021771 ], [ 174.739262, -36.9021353 ], [ 174.7392019, -36.9023193 ], [ 174.7392179, -36.9023414 ], [ 174.7415789, -36.9028382 ], [ 174.7418393, -36.9020412 ] ] ], [ [ [ 174.7326012, -36.8998409 ], [ 174.7330036, -36.8990953 ], [ 174.7330335, -36.8989837 ], [ 174.7330294, -36.8988696 ], [ 174.7329916, -36.8987599 ], [ 174.7329225, -36.8986606 ], [ 174.7327369, -36.8987262 ], [ 174.7320318, -36.8998379 ], [ 174.7322919, -36.9001173 ], [ 174.7324837, -36.8999764 ], [ 174.7326012, -36.8998409 ] ] ], [ [ [ 174.7330351, -36.8994813 ], [ 174.7330806, -36.8995121 ], [ 174.7335807, -36.899686 ], [ 174.7336295, -36.8997355 ], [ 174.7336292, -36.8998066 ], [ 174.7341004, -36.8999492 ], [ 174.7345798, -36.8996859 ], [ 174.7336167, -36.8976425 ], [ 174.7335852, -36.8976521 ], [ 174.7334904, -36.8974518 ], [ 174.7334493, -36.8974262 ], [ 174.733386, -36.8974139 ], [ 174.7333422, -36.897422 ], [ 174.7333154, -36.8974422 ], [ 174.7330591, -36.8977395 ], [ 174.7330665, -36.8977553 ], [ 174.732672, -36.8982259 ], [ 174.7326565, -36.8982877 ], [ 174.7326918, -36.8983354 ], [ 174.7329249, -36.8984648 ], [ 174.7330381, -36.8985561 ], [ 174.7331213, -36.8986583 ], [ 174.7331851, -36.8987943 ], [ 174.7332062, -36.8989116 ], [ 174.7331977, -36.899036 ], [ 174.7331555, -36.8991617 ], [ 174.7330233, -36.8994114 ], [ 174.7330202, -36.8994514 ], [ 174.7330351, -36.8994813 ] ] ], [ [ [ 174.7306301, -36.8969128 ], [ 174.730007, -36.8969441 ], [ 174.7299371, -36.8969714 ], [ 174.7299121, -36.8970143 ], [ 174.7299065, -36.8970976 ], [ 174.7299248, -36.897236 ], [ 174.7299875, -36.8973545 ], [ 174.7301012, -36.8974625 ], [ 174.7320339, -36.898469 ], [ 174.7321003, -36.8984817 ], [ 174.7321466, -36.8984682 ], [ 174.7321746, -36.8984457 ], [ 174.732643, -36.8978861 ], [ 174.7326542, -36.8978335 ], [ 174.7326229, -36.8977864 ], [ 174.7320458, -36.897495 ], [ 174.731621, -36.8973692 ], [ 174.7314801, -36.897312 ], [ 174.7313597, -36.8972384 ], [ 174.7311113, -36.8970459 ], [ 174.7310159, -36.8969926 ], [ 174.7309132, -36.8969528 ], [ 174.7307786, -36.8969222 ], [ 174.7306301, -36.8969128 ] ] ], [ [ [ 174.7340892, -36.8981244 ], [ 174.7344603, -36.8989163 ], [ 174.734515, -36.8989244 ], [ 174.7348004, -36.8985698 ], [ 174.736522, -36.896309 ], [ 174.7357576, -36.8959335 ], [ 174.7340892, -36.8981244 ] ] ], [ [ [ 174.7314002, -36.8960446 ], [ 174.7310502, -36.8965008 ], [ 174.7309357, -36.8968133 ], [ 174.731074, -36.8968615 ], [ 174.7311834, -36.8969171 ], [ 174.7314926, -36.8971496 ], [ 174.7315935, -36.8972067 ], [ 174.7321214, -36.8973716 ], [ 174.7327084, -36.8976657 ], [ 174.7327744, -36.8976779 ], [ 174.7328422, -36.8976483 ], [ 174.7330547, -36.8973954 ], [ 174.7326414, -36.8971909 ], [ 174.7329374, -36.8968051 ], [ 174.7314002, -36.8960446 ] ] ], [ [ [ 174.7339699, -36.8978329 ], [ 174.7340086, -36.8978396 ], [ 174.7340613, -36.8978136 ], [ 174.735565, -36.8958389 ], [ 174.7351828, -36.8956511 ], [ 174.7339339, -36.8972912 ], [ 174.7337277, -36.8973535 ], [ 174.7339423, -36.8978101 ], [ 174.7339699, -36.8978329 ] ] ], [ [ [ 174.7329819, -36.8966137 ], [ 174.7333061, -36.8962062 ], [ 174.7334516, -36.8962783 ], [ 174.7336561, -36.896012 ], [ 174.7322009, -36.8952908 ], [ 174.7316807, -36.8959688 ], [ 174.7329819, -36.8966137 ] ] ], [ [ [ 174.737294, -36.895567 ], [ 174.7358533, -36.8948646 ], [ 174.7355865, -36.8952151 ], [ 174.7354697, -36.8951578 ], [ 174.7352359, -36.8954648 ], [ 174.7368404, -36.896253 ], [ 174.7370742, -36.895946 ], [ 174.7370241, -36.8959215 ], [ 174.737294, -36.895567 ] ] ], [ [ [ 174.7336952, -36.8958184 ], [ 174.734163, -36.8952114 ], [ 174.7327869, -36.8945293 ], [ 174.7323198, -36.8951367 ], [ 174.7336952, -36.8958184 ] ] ], [ [ [ 174.7376703, -36.8945563 ], [ 174.7369981, -36.8942244 ], [ 174.7367176, -36.8945942 ], [ 174.7362385, -36.8943586 ], [ 174.7359709, -36.8947099 ], [ 174.737467, -36.8954395 ], [ 174.7378492, -36.8949463 ], [ 174.7377822, -36.8946194 ], [ 174.7377303, -36.894611 ], [ 174.7376837, -36.8945788 ], [ 174.7376703, -36.8945563 ] ] ], [ [ [ 174.7378314, -36.8947177 ], [ 174.7380231, -36.894838 ], [ 174.7382285, -36.8945729 ], [ 174.738038, -36.8944777 ], [ 174.7378897, -36.8945165 ], [ 174.7378747, -36.8945753 ], [ 174.7378115, -36.8946153 ], [ 174.7378314, -36.8947177 ] ] ], [ [ [ 174.7342818, -36.8950573 ], [ 174.7345171, -36.8947504 ], [ 174.7345606, -36.8947746 ], [ 174.7350505, -36.8941378 ], [ 174.7336303, -36.8934335 ], [ 174.7329057, -36.8943749 ], [ 174.7342818, -36.8950573 ] ] ], [ [ [ 174.7365711, -36.8931852 ], [ 174.7364832, -36.8933006 ], [ 174.7372011, -36.8936632 ], [ 174.7369205, -36.8940252 ], [ 174.7377598, -36.8944395 ], [ 174.7378376, -36.8944519 ], [ 174.7378801, -36.8944902 ], [ 174.7379297, -36.8944431 ], [ 174.7380611, -36.8944086 ], [ 174.7382368, -36.8941818 ], [ 174.7378456, -36.8939854 ], [ 174.7381252, -36.8936245 ], [ 174.7373315, -36.893233 ], [ 174.7365711, -36.8931852 ] ] ], [ [ [ 174.7343722, -36.8924687 ], [ 174.733749, -36.8932795 ], [ 174.7344421, -36.893623 ], [ 174.7348369, -36.893109 ], [ 174.7347681, -36.8930703 ], [ 174.7349935, -36.8927769 ], [ 174.7343722, -36.8924687 ] ] ], [ [ [ 174.7387986, -36.8924706 ], [ 174.7368121, -36.8920574 ], [ 174.7366991, -36.8924084 ], [ 174.7370977, -36.8924912 ], [ 174.7367921, -36.8928943 ], [ 174.7368525, -36.8929446 ], [ 174.7368737, -36.8930224 ], [ 174.7374033, -36.8930557 ], [ 174.7385469, -36.8936195 ], [ 174.7388558, -36.8932154 ], [ 174.7385961, -36.893099 ], [ 174.7387986, -36.8924706 ] ] ], [ [ [ 174.7387502, -36.8915243 ], [ 174.7366779, -36.8910934 ], [ 174.7366363, -36.8911131 ], [ 174.7365985, -36.8912301 ], [ 174.737048, -36.8913236 ], [ 174.736982, -36.891531 ], [ 174.7374785, -36.8916343 ], [ 174.7373655, -36.8919853 ], [ 174.738524, -36.8922263 ], [ 174.7387502, -36.8915243 ] ] ], [ [ [ 174.7390336, -36.8906473 ], [ 174.7369286, -36.8902093 ], [ 174.7368718, -36.8903848 ], [ 174.7373207, -36.8904783 ], [ 174.7372641, -36.8906538 ], [ 174.7368152, -36.8905602 ], [ 174.7367021, -36.8909114 ], [ 174.7388075, -36.8913492 ], [ 174.7390336, -36.8906473 ] ] ], [ [ [ 174.7390906, -36.8904717 ], [ 174.7393168, -36.8897698 ], [ 174.7372128, -36.889332 ], [ 174.7369853, -36.8900338 ], [ 174.7390906, -36.8904717 ] ] ], [ [ [ 174.7375056, -36.8884212 ], [ 174.7372695, -36.8891565 ], [ 174.7393734, -36.8895943 ], [ 174.739492, -36.889226 ], [ 174.7394604, -36.8892194 ], [ 174.7395786, -36.8888501 ], [ 174.7375056, -36.8884212 ] ] ], [ [ [ 174.7371715, -36.8887255 ], [ 174.73632, -36.8885568 ], [ 174.7361941, -36.8889713 ], [ 174.7369829, -36.889124 ], [ 174.7370316, -36.8891083 ], [ 174.7370571, -36.8890795 ], [ 174.7371715, -36.8887255 ] ] ], [ [ [ 174.735378, -36.8881562 ], [ 174.7353446, -36.88807 ], [ 174.7352805, -36.8879959 ], [ 174.7351917, -36.8879407 ], [ 174.7351046, -36.8879129 ], [ 174.7347036, -36.8891671 ], [ 174.7365396, -36.8895355 ], [ 174.7366422, -36.8892014 ], [ 174.73545, -36.8889649 ], [ 174.7353179, -36.888973 ], [ 174.7352618, -36.8889597 ], [ 174.7352231, -36.8889341 ], [ 174.7351997, -36.8889016 ], [ 174.7351914, -36.8888604 ], [ 174.7352022, -36.8888208 ], [ 174.7352649, -36.8887318 ], [ 174.735376, -36.8882545 ], [ 174.735378, -36.8881562 ] ] ], [ [ [ 174.7354408, -36.8887248 ], [ 174.7354471, -36.8887701 ], [ 174.7354758, -36.8888095 ], [ 174.7355436, -36.8888421 ], [ 174.7361675, -36.888966 ], [ 174.7362521, -36.8886857 ], [ 174.7358743, -36.8886112 ], [ 174.7359154, -36.8884771 ], [ 174.7360145, -36.8884964 ], [ 174.736077, -36.8879331 ], [ 174.7353922, -36.8877865 ], [ 174.7353974, -36.8878556 ], [ 174.7355079, -36.8879922 ], [ 174.7355415, -36.8880674 ], [ 174.735558, -36.8881548 ], [ 174.7355495, -36.8882556 ], [ 174.7354408, -36.8887248 ] ] ], [ [ [ 174.7396351, -36.8886742 ], [ 174.73986, -36.8879719 ], [ 174.7377867, -36.8875433 ], [ 174.7375616, -36.8882456 ], [ 174.7396351, -36.8886742 ] ] ], [ [ [ 174.7414453, -36.8877515 ], [ 174.7416192, -36.8872122 ], [ 174.7387804, -36.886621 ], [ 174.7386085, -36.8871538 ], [ 174.7384981, -36.8871308 ], [ 174.7383865, -36.8874799 ], [ 174.7408566, -36.8879904 ], [ 174.7414453, -36.8877515 ] ] ], [ [ [ 174.7389197, -36.8862413 ], [ 174.7388529, -36.886448 ], [ 174.7416754, -36.8870366 ], [ 174.7418442, -36.886509 ], [ 174.7407526, -36.8862847 ], [ 174.740744, -36.8863111 ], [ 174.7405294, -36.886255 ], [ 174.7404859, -36.8863914 ], [ 174.7398307, -36.886255 ], [ 174.7398803, -36.8860998 ], [ 174.7392257, -36.8859634 ], [ 174.7391496, -36.886199 ], [ 174.7389295, -36.8861572 ], [ 174.7389029, -36.8862378 ], [ 174.7389197, -36.8862413 ] ] ], [ [ [ 174.7266196, -36.8706327 ], [ 174.7271484, -36.8694667 ], [ 174.7267931, -36.8693627 ], [ 174.7267991, -36.8693236 ], [ 174.7262335, -36.8693676 ], [ 174.7258378, -36.8702432 ], [ 174.726048, -36.8703042 ], [ 174.7259835, -36.870447 ], [ 174.7266196, -36.8706327 ] ] ], [ [ [ 174.7314271, -36.8678694 ], [ 174.7321692, -36.8678665 ], [ 174.7321705, -36.867578 ], [ 174.7321195, -36.8675367 ], [ 174.731489, -36.8675349 ], [ 174.7314518, -36.8675482 ], [ 174.7314306, -36.8675761 ], [ 174.7314271, -36.8678694 ] ] ], [ [ [ 174.7301039, -36.8678997 ], [ 174.7305547, -36.8678842 ], [ 174.731243, -36.8677887 ], [ 174.731242, -36.8675753 ], [ 174.7312211, -36.8675473 ], [ 174.731176, -36.8675333 ], [ 174.7312044, -36.8673522 ], [ 174.7321204, -36.8673554 ], [ 174.7321718, -36.8673144 ], [ 174.732174, -36.866848 ], [ 174.7321237, -36.8667997 ], [ 174.7306359, -36.8665897 ], [ 174.729578, -36.8672598 ], [ 174.7295485, -36.8672898 ], [ 174.7295389, -36.8673272 ], [ 174.7295514, -36.867364 ], [ 174.7295756, -36.8673877 ], [ 174.7296467, -36.8674068 ], [ 174.7296669, -36.8676299 ], [ 174.7297173, -36.8677267 ], [ 174.7301039, -36.8678997 ] ] ], [ [ [ 174.7386485, -36.8662271 ], [ 174.7393273, -36.8658025 ], [ 174.7390848, -36.865552 ], [ 174.7384068, -36.8659774 ], [ 174.7386485, -36.8662271 ] ] ], [ [ [ 174.7352187, -36.8657344 ], [ 174.7352, -36.8657137 ], [ 174.7351008, -36.8657009 ], [ 174.7349571, -36.8657269 ], [ 174.7346265, -36.8656845 ], [ 174.7345891, -36.8654959 ], [ 174.7365257, -36.8657455 ], [ 174.7365649, -36.8657152 ], [ 174.7365252, -36.865447 ], [ 174.7365332, -36.86517 ], [ 174.7342566, -36.8648765 ], [ 174.7344198, -36.8653025 ], [ 174.734215, -36.8652819 ], [ 174.7342125, -36.865415 ], [ 174.7341548, -36.8654092 ], [ 174.7341555, -36.865547 ], [ 174.7343996, -36.8655691 ], [ 174.7344347, -36.8657531 ], [ 174.7346444, -36.8657741 ], [ 174.7348432, -36.8667665 ], [ 174.7357263, -36.8667864 ], [ 174.7357546, -36.8660881 ], [ 174.7362904, -36.8661572 ], [ 174.736959, -36.8666244 ], [ 174.7371794, -36.8664002 ], [ 174.7369395, -36.8662327 ], [ 174.7368751, -36.8661294 ], [ 174.7365247, -36.8658845 ], [ 174.7354268, -36.865743 ], [ 174.735401, -36.865758 ], [ 174.7353442, -36.8660423 ], [ 174.7353203, -36.8666323 ], [ 174.7351358, -36.8666275 ], [ 174.73516, -36.866028 ], [ 174.7352187, -36.8657344 ] ] ], [ [ [ 174.7385366, -36.8646899 ], [ 174.7395056, -36.8656918 ], [ 174.7402179, -36.865247 ], [ 174.7394913, -36.8644956 ], [ 174.7389193, -36.8648528 ], [ 174.738677, -36.8646023 ], [ 174.7385366, -36.8646899 ] ] ], [ [ [ 174.7330986, -36.8636315 ], [ 174.733049, -36.8635379 ], [ 174.7302077, -36.8649128 ], [ 174.7305694, -36.8663427 ], [ 174.732907, -36.8647634 ], [ 174.7331087, -36.8646021 ], [ 174.7336377, -36.8641096 ], [ 174.7337733, -36.864009 ], [ 174.7338989, -36.863939 ], [ 174.7336366, -36.8634441 ], [ 174.7330986, -36.8636315 ] ] ], [ [ [ 174.7383478, -36.8644946 ], [ 174.7390602, -36.8640497 ], [ 174.7380912, -36.8630483 ], [ 174.7373791, -36.8634932 ], [ 174.7383478, -36.8644946 ] ] ], [ [ [ 174.7322884, -36.8637012 ], [ 174.7317909, -36.8627623 ], [ 174.7298957, -36.8636799 ], [ 174.7301686, -36.8647585 ], [ 174.7322725, -36.8637406 ], [ 174.7322884, -36.8637012 ] ] ], [ [ [ 174.7392382, -36.8639385 ], [ 174.7399507, -36.8634935 ], [ 174.7389819, -36.862492 ], [ 174.7382694, -36.8629371 ], [ 174.7392382, -36.8639385 ] ] ], [ [ [ 174.7327599, -36.862992 ], [ 174.7325736, -36.8630821 ], [ 174.7324531, -36.8628547 ], [ 174.7321603, -36.8629964 ], [ 174.7324836, -36.8636067 ], [ 174.7325263, -36.8636178 ], [ 174.732976, -36.8634001 ], [ 174.7327599, -36.862992 ] ] ], [ [ [ 174.73638, -36.8621369 ], [ 174.7367025, -36.8627937 ], [ 174.7372407, -36.8633499 ], [ 174.7379528, -36.8629052 ], [ 174.7374941, -36.8624303 ], [ 174.7372198, -36.8618714 ], [ 174.73638, -36.8621369 ] ] ], [ [ [ 174.7365329, -36.8629913 ], [ 174.7365519, -36.8629819 ], [ 174.7361706, -36.8622033 ], [ 174.7355488, -36.8624001 ], [ 174.7365329, -36.8629913 ] ] ], [ [ [ 174.7375262, -36.8620018 ], [ 174.7376921, -36.8623397 ], [ 174.7381309, -36.8627938 ], [ 174.7388432, -36.8623484 ], [ 174.7384839, -36.8619769 ], [ 174.7383656, -36.8617358 ], [ 174.7375262, -36.8620018 ] ] ], [ [ [ 174.7353369, -36.8622725 ], [ 174.7360875, -36.8620349 ], [ 174.7358425, -36.8615357 ], [ 174.7354228, -36.8616687 ], [ 174.7354551, -36.8617345 ], [ 174.7348954, -36.8617753 ], [ 174.7349316, -36.8621009 ], [ 174.7350685, -36.862111 ], [ 174.7353369, -36.8622725 ] ] ], [ [ [ 174.7361022, -36.861571 ], [ 174.7362972, -36.8619683 ], [ 174.7371366, -36.8617025 ], [ 174.736992, -36.8614073 ], [ 174.7365722, -36.8615403 ], [ 174.736522, -36.8614381 ], [ 174.7361022, -36.861571 ] ] ], [ [ [ 174.7392777, -36.8465982 ], [ 174.739096, -36.8454376 ], [ 174.7388011, -36.845465 ], [ 174.7388038, -36.8454819 ], [ 174.7385286, -36.8455098 ], [ 174.7386994, -36.8465996 ], [ 174.7389732, -36.8465719 ], [ 174.7389808, -36.8466227 ], [ 174.7392777, -36.8465982 ] ] ], [ [ [ 174.7392754, -36.8454867 ], [ 174.7394455, -36.846569 ], [ 174.7397474, -36.8465401 ], [ 174.739743, -36.8465133 ], [ 174.7400079, -36.8464891 ], [ 174.73984, -36.8454349 ], [ 174.7392754, -36.8454867 ] ] ], [ [ [ 174.7380864, -36.8446956 ], [ 174.7390773, -36.8445553 ], [ 174.739016, -36.8442575 ], [ 174.7380118, -36.8443995 ], [ 174.7380864, -36.8446956 ] ] ], [ [ [ 174.7372486, -36.8413809 ], [ 174.7380073, -36.8443816 ], [ 174.7384958, -36.8443126 ], [ 174.7384551, -36.8441528 ], [ 174.7389215, -36.844087 ], [ 174.7388772, -36.8438944 ], [ 174.7395088, -36.8438066 ], [ 174.7395632, -36.8440863 ], [ 174.7400013, -36.8440252 ], [ 174.7394525, -36.8409778 ], [ 174.7372486, -36.8413809 ] ] ], [ [ [ 174.7389268, -36.8402525 ], [ 174.7388096, -36.8401851 ], [ 174.7388897, -36.8401694 ], [ 174.7388367, -36.8401235 ], [ 174.7387173, -36.8399365 ], [ 174.738453, -36.8397076 ], [ 174.7383791, -36.8396632 ], [ 174.7381778, -36.8396112 ], [ 174.7380769, -36.8396013 ], [ 174.7379222, -36.8395678 ], [ 174.737757, -36.839569 ], [ 174.7377045, -36.8395795 ], [ 174.7375895, -36.8396336 ], [ 174.7374777, -36.8397218 ], [ 174.7373355, -36.8398587 ], [ 174.737346, -36.8398965 ], [ 174.737214, -36.8400152 ], [ 174.737147, -36.8401426 ], [ 174.7370992, -36.8401842 ], [ 174.7370089, -36.8402202 ], [ 174.7369906, -36.840241 ], [ 174.736996, -36.8403227 ], [ 174.7369863, -36.8403481 ], [ 174.7372034, -36.8412033 ], [ 174.7394176, -36.8407995 ], [ 174.7393213, -36.8403584 ], [ 174.7391718, -36.8403863 ], [ 174.7390887, -36.8403185 ], [ 174.7389576, -36.840288 ], [ 174.7389268, -36.8402525 ] ] ], [ [ [ 174.7368886, -36.8123535 ], [ 174.7373342, -36.8123794 ], [ 174.7379328, -36.8122274 ], [ 174.73781, -36.8119109 ], [ 174.7373964, -36.8118778 ], [ 174.7375569, -36.8105695 ], [ 174.7370494, -36.8105415 ], [ 174.7368886, -36.8123535 ] ] ], [ [ [ 174.7368244, -36.8105299 ], [ 174.7352894, -36.8104569 ], [ 174.7352528, -36.8104843 ], [ 174.7352164, -36.8114437 ], [ 174.7352359, -36.8115602 ], [ 174.7352706, -36.8115621 ], [ 174.735327, -36.8118981 ], [ 174.7355891, -36.8121164 ], [ 174.7366782, -36.8121781 ], [ 174.7368244, -36.8105299 ] ] ], [ [ [ 174.7332331, -36.8103317 ], [ 174.7330729, -36.812211 ], [ 174.7337912, -36.8122497 ], [ 174.7337861, -36.81231 ], [ 174.7340381, -36.8122959 ], [ 174.7341684, -36.8120926 ], [ 174.7346329, -36.8121181 ], [ 174.7346775, -36.8115936 ], [ 174.7350373, -36.8116446 ], [ 174.7350834, -36.8104921 ], [ 174.7350719, -36.8104597 ], [ 174.735031, -36.8104361 ], [ 174.7332331, -36.8103317 ] ] ], [ [ [ 174.7322969, -36.811197 ], [ 174.7322187, -36.8119414 ], [ 174.7328666, -36.8119784 ], [ 174.7330079, -36.8103182 ], [ 174.7319026, -36.8102578 ], [ 174.7318139, -36.8111704 ], [ 174.7322969, -36.811197 ] ] ], [ [ [ 174.7379398, -36.8095 ], [ 174.7379704, -36.8084476 ], [ 174.7370546, -36.8083961 ], [ 174.7371493, -36.8094555 ], [ 174.7379398, -36.8095 ] ] ], [ [ [ 174.7333717, -36.8096565 ], [ 174.7332811, -36.8080337 ], [ 174.7322194, -36.80807 ], [ 174.7323043, -36.8095979 ], [ 174.7333717, -36.8096565 ] ] ], [ [ [ 174.7367442, -36.8079067 ], [ 174.7366886, -36.807279 ], [ 174.7334804, -36.8075635 ], [ 174.7336266, -36.8101699 ], [ 174.7358769, -36.8103004 ], [ 174.7358462, -36.8096731 ], [ 174.7369363, -36.8096145 ], [ 174.7367851, -36.8079041 ], [ 174.7367442, -36.8079067 ] ] ], [ [ [ 174.7313606, -36.8088668 ], [ 174.7320346, -36.808843 ], [ 174.7319961, -36.8081185 ], [ 174.7313206, -36.8081424 ], [ 174.7313606, -36.8088668 ] ] ], [ [ [ 174.7272225, -36.8076591 ], [ 174.7280744, -36.8076249 ], [ 174.7280283, -36.8068766 ], [ 174.7271759, -36.8069105 ], [ 174.7272225, -36.8076591 ] ] ], [ [ [ 174.7255643, -36.8062431 ], [ 174.7269162, -36.806019 ], [ 174.7269604, -36.8067376 ], [ 174.7278132, -36.8067036 ], [ 174.7277624, -36.8058786 ], [ 174.7288361, -36.8057005 ], [ 174.7287248, -36.8052507 ], [ 174.7280841, -36.8043749 ], [ 174.7276703, -36.8044429 ], [ 174.727567, -36.8042811 ], [ 174.7273912, -36.804337 ], [ 174.7273738, -36.8043775 ], [ 174.727991, -36.8052213 ], [ 174.7280377, -36.805231 ], [ 174.7281243, -36.8053494 ], [ 174.7281122, -36.8053869 ], [ 174.727965, -36.8054565 ], [ 174.7279182, -36.8054468 ], [ 174.7278316, -36.8053285 ], [ 174.7278437, -36.8052909 ], [ 174.7271967, -36.8044067 ], [ 174.7271359, -36.8043849 ], [ 174.7268349, -36.8044345 ], [ 174.7266938, -36.8044926 ], [ 174.7265681, -36.8044496 ], [ 174.7264159, -36.8045036 ], [ 174.7260147, -36.8045699 ], [ 174.725451, -36.8045961 ], [ 174.7254604, -36.8047332 ], [ 174.7260194, -36.8047071 ], [ 174.7260561, -36.8051158 ], [ 174.7261061, -36.8059404 ], [ 174.7255455, -36.8059689 ], [ 174.7255473, -36.8059963 ], [ 174.7260148, -36.8059725 ], [ 174.7260236, -36.8060992 ], [ 174.725558, -36.8061526 ], [ 174.7255643, -36.8062431 ] ] ], [ [ [ 174.7260041, -36.8044326 ], [ 174.7259758, -36.804434 ], [ 174.7259775, -36.8045591 ], [ 174.7264099, -36.8044878 ], [ 174.7265639, -36.8044332 ], [ 174.7265447, -36.8043573 ], [ 174.7266054, -36.8042833 ], [ 174.7267206, -36.8042644 ], [ 174.7267852, -36.8043026 ], [ 174.7273042, -36.804217 ], [ 174.7274694, -36.8041642 ], [ 174.7271318, -36.8036357 ], [ 174.7269601, -36.8032966 ], [ 174.725797, -36.8035719 ], [ 174.7259781, -36.804055 ], [ 174.7260041, -36.8044326 ] ] ], [ [ [ 174.7260195, -36.8013339 ], [ 174.7259342, -36.8012974 ], [ 174.7248779, -36.8015573 ], [ 174.7250284, -36.8019554 ], [ 174.7249748, -36.8019685 ], [ 174.7253405, -36.8029341 ], [ 174.7253792, -36.8034535 ], [ 174.7254004, -36.803478 ], [ 174.7266361, -36.8031838 ], [ 174.7266823, -36.8031155 ], [ 174.7260195, -36.8013339 ] ] ], [ [ [ 174.7258585, -36.8001746 ], [ 174.725651, -36.799627 ], [ 174.7254313, -36.7997061 ], [ 174.7248982, -36.7999767 ], [ 174.7243943, -36.8001001 ], [ 174.7243489, -36.8001686 ], [ 174.7244803, -36.8005156 ], [ 174.7244288, -36.8005284 ], [ 174.7247571, -36.8013966 ], [ 174.7261592, -36.8010528 ], [ 174.7258294, -36.8001817 ], [ 174.7258585, -36.8001746 ] ] ], [ [ [ 174.7252375, -36.7947193 ], [ 174.7253557, -36.794733 ], [ 174.7251664, -36.7944692 ], [ 174.7253429, -36.7939949 ], [ 174.7255543, -36.7939105 ], [ 174.7255321, -36.7939082 ], [ 174.7256125, -36.793752 ], [ 174.7259986, -36.7937928 ], [ 174.726025, -36.7937775 ], [ 174.7257366, -36.793747 ], [ 174.7257162, -36.7937267 ], [ 174.725644, -36.793719 ], [ 174.725722, -36.793242 ], [ 174.7262061, -36.7928623 ], [ 174.7251825, -36.7920186 ], [ 174.7243752, -36.7926518 ], [ 174.7241552, -36.7939967 ], [ 174.7246579, -36.7940498 ], [ 174.7245914, -36.7944569 ], [ 174.7240887, -36.7944038 ], [ 174.7237924, -36.7962185 ], [ 174.7238511, -36.7962801 ], [ 174.7245296, -36.7963517 ], [ 174.7248031, -36.7962671 ], [ 174.7250115, -36.7961014 ], [ 174.7252375, -36.7947193 ] ] ], [ [ [ 174.7413629, -36.909747 ], [ 174.7414317, -36.9097145 ], [ 174.742203, -36.90733 ], [ 174.7411022, -36.906969 ], [ 174.7410515, -36.9071258 ], [ 174.7410602, -36.9071276 ], [ 174.7402941, -36.909496 ], [ 174.7403184, -36.9095293 ], [ 174.7413629, -36.909747 ] ] ], [ [ [ 174.741241, -36.906497 ], [ 174.741104, -36.9069206 ], [ 174.7422174, -36.9072857 ], [ 174.7423544, -36.9068621 ], [ 174.7423163, -36.9068011 ], [ 174.7413074, -36.9064703 ], [ 174.741241, -36.906497 ] ] ], [ [ [ 174.7427846, -36.9064336 ], [ 174.7427158, -36.906466 ], [ 174.7426004, -36.906823 ], [ 174.7431771, -36.9069437 ], [ 174.7433067, -36.9065429 ], [ 174.7427846, -36.9064336 ] ] ], [ [ [ 174.7444444, -36.9063276 ], [ 174.7445864, -36.9058628 ], [ 174.7430683, -36.9055561 ], [ 174.7429995, -36.9055886 ], [ 174.7428011, -36.9062027 ], [ 174.7428415, -36.906258 ], [ 174.7433635, -36.9063672 ], [ 174.7434403, -36.9061296 ], [ 174.7444444, -36.9063276 ] ] ], [ [ [ 174.7445249, -36.9056639 ], [ 174.7446619, -36.9052367 ], [ 174.743465, -36.904989 ], [ 174.7433259, -36.9054226 ], [ 174.7445249, -36.9056639 ] ] ], [ [ [ 174.7448618, -36.9041561 ], [ 174.7448577, -36.9041696 ], [ 174.7450233, -36.9042039 ], [ 174.7451808, -36.9037138 ], [ 174.7433585, -36.903337 ], [ 174.7432057, -36.9038136 ], [ 174.7448618, -36.9041561 ] ] ], [ [ [ 174.7447303, -36.9025205 ], [ 174.7442186, -36.9024732 ], [ 174.7438972, -36.9024055 ], [ 174.7437894, -36.9023708 ], [ 174.7436508, -36.9023038 ], [ 174.7435105, -36.9021999 ], [ 174.7434172, -36.9020954 ], [ 174.7433208, -36.9019304 ], [ 174.743284, -36.9019155 ], [ 174.7430267, -36.9019051 ], [ 174.742842, -36.9018698 ], [ 174.7427941, -36.9018766 ], [ 174.742762, -36.9018944 ], [ 174.742547, -36.9025562 ], [ 174.7428387, -36.9026166 ], [ 174.7427065, -36.9030148 ], [ 174.7452114, -36.9035329 ], [ 174.7453394, -36.9031337 ], [ 174.7449461, -36.9030523 ], [ 174.7449979, -36.9029934 ], [ 174.7448673, -36.9029359 ], [ 174.7448122, -36.9030246 ], [ 174.7445942, -36.9029795 ], [ 174.7447303, -36.9025205 ] ] ], [ [ [ 174.7435066, -36.9018974 ], [ 174.7435063, -36.9019226 ], [ 174.7435614, -36.9020215 ], [ 174.7436345, -36.9021049 ], [ 174.7437483, -36.9021909 ], [ 174.74386, -36.9022457 ], [ 174.7439607, -36.9022776 ], [ 174.7442583, -36.9023396 ], [ 174.7443984, -36.9023562 ], [ 174.7446534, -36.9023671 ], [ 174.7447023, -36.902353 ], [ 174.7447364, -36.9023217 ], [ 174.7448121, -36.9021134 ], [ 174.7448889, -36.9019649 ], [ 174.745266, -36.9014477 ], [ 174.7453313, -36.9013021 ], [ 174.7453966, -36.9010608 ], [ 174.7453789, -36.9010366 ], [ 174.7453485, -36.9010226 ], [ 174.7443528, -36.9008077 ], [ 174.7442528, -36.900799 ], [ 174.7441333, -36.9008123 ], [ 174.744051, -36.9008384 ], [ 174.7440205, -36.9008747 ], [ 174.7440796, -36.9010475 ], [ 174.7440976, -36.9011925 ], [ 174.7440802, -36.9013331 ], [ 174.7440202, -36.9014853 ], [ 174.743943, -36.9015974 ], [ 174.7438441, -36.9016955 ], [ 174.743705, -36.9017901 ], [ 174.7435264, -36.9018703 ], [ 174.7435066, -36.9018974 ] ] ], [ [ [ 174.7420918, -36.9019069 ], [ 174.742352, -36.9011099 ], [ 174.7405678, -36.9007348 ], [ 174.7403079, -36.9015318 ], [ 174.7420918, -36.9019069 ] ] ], [ [ [ 174.7430717, -36.9009412 ], [ 174.7431051, -36.9010688 ], [ 174.7430848, -36.9011864 ], [ 174.743031, -36.9012777 ], [ 174.7429351, -36.9013619 ], [ 174.742835, -36.9016695 ], [ 174.7428622, -36.9017072 ], [ 174.742908, -36.9017288 ], [ 174.743103, -36.9017648 ], [ 174.7432401, -36.9017681 ], [ 174.7433707, -36.9017515 ], [ 174.7434945, -36.9017163 ], [ 174.7436119, -36.9016615 ], [ 174.7437151, -36.9015893 ], [ 174.7437966, -36.9015063 ], [ 174.7438565, -36.9014155 ], [ 174.7439007, -36.9012968 ], [ 174.7439127, -36.901193 ], [ 174.7439014, -36.9010891 ], [ 174.7438676, -36.9009901 ], [ 174.743799, -36.9008796 ], [ 174.7437203, -36.9007981 ], [ 174.7436246, -36.900729 ], [ 174.7435151, -36.9006747 ], [ 174.743405, -36.9006393 ], [ 174.7432423, -36.9006081 ], [ 174.7431722, -36.9006328 ], [ 174.7430717, -36.9009412 ] ] ], [ [ [ 174.7436717, -36.9005754 ], [ 174.743907, -36.9007285 ], [ 174.7439402, -36.9007282 ], [ 174.7441324, -36.9006716 ], [ 174.7443235, -36.9006649 ], [ 174.7452364, -36.9008564 ], [ 174.7453668, -36.900469 ], [ 174.7454517, -36.9004876 ], [ 174.7455649, -36.9001289 ], [ 174.7439736, -36.8998044 ], [ 174.7438666, -36.9001435 ], [ 174.7433665, -36.9000348 ], [ 174.743245, -36.9004089 ], [ 174.7432674, -36.9004423 ], [ 174.7432993, -36.9004617 ], [ 174.7435265, -36.9005166 ], [ 174.7436717, -36.9005754 ] ] ], [ [ [ 174.7411968, -36.8988075 ], [ 174.7406308, -36.900542 ], [ 174.740647, -36.9005641 ], [ 174.7422135, -36.9008935 ], [ 174.7423435, -36.900495 ], [ 174.7413508, -36.9002865 ], [ 174.7414808, -36.8998877 ], [ 174.7416681, -36.8993138 ], [ 174.7426608, -36.8995226 ], [ 174.7427907, -36.8991241 ], [ 174.7412243, -36.8987945 ], [ 174.7411968, -36.8988075 ] ] ], [ [ [ 174.7458305, -36.8992878 ], [ 174.7442395, -36.8989632 ], [ 174.7440293, -36.8996286 ], [ 174.7456205, -36.8999532 ], [ 174.7458305, -36.8992878 ] ] ], [ [ [ 174.745886, -36.899112 ], [ 174.746096, -36.8984467 ], [ 174.7445049, -36.8981225 ], [ 174.7442949, -36.8987877 ], [ 174.745886, -36.899112 ] ] ], [ [ [ 174.7412654, -36.8985971 ], [ 174.7412815, -36.8986192 ], [ 174.7428477, -36.8989487 ], [ 174.7431076, -36.8981516 ], [ 174.7415414, -36.8978221 ], [ 174.7415139, -36.897835 ], [ 174.7412654, -36.8985971 ] ] ], [ [ [ 174.7415766, -36.8976421 ], [ 174.743446, -36.8980354 ], [ 174.7434904, -36.8978999 ], [ 174.7433667, -36.8978739 ], [ 174.7435621, -36.8972512 ], [ 174.7418686, -36.8968977 ], [ 174.7418007, -36.8969304 ], [ 174.7415766, -36.8976421 ] ] ], [ [ [ 174.7451343, -36.8967243 ], [ 174.744893, -36.8974702 ], [ 174.7450695, -36.897507 ], [ 174.7450115, -36.8976857 ], [ 174.7446649, -36.8976151 ], [ 174.7445601, -36.8979474 ], [ 174.7461513, -36.898271 ], [ 174.7462563, -36.8979383 ], [ 174.7463721, -36.8979619 ], [ 174.7467765, -36.8967084 ], [ 174.7450219, -36.8963512 ], [ 174.7449161, -36.8966783 ], [ 174.7451343, -36.8967243 ] ] ], [ [ [ 174.7437346, -36.8967169 ], [ 174.7438506, -36.8963579 ], [ 174.7421576, -36.8960046 ], [ 174.7420888, -36.8960371 ], [ 174.7418848, -36.896667 ], [ 174.7419252, -36.8967223 ], [ 174.7435855, -36.8970688 ], [ 174.7437015, -36.8967099 ], [ 174.7437346, -36.8967169 ] ] ], [ [ [ 174.7450016, -36.8950288 ], [ 174.7455642, -36.8951463 ], [ 174.7454374, -36.8955381 ], [ 174.7453541, -36.8955212 ], [ 174.7451379, -36.8961877 ], [ 174.7466299, -36.8964915 ], [ 174.7468459, -36.8958249 ], [ 174.7464919, -36.8957528 ], [ 174.7466979, -36.8951027 ], [ 174.7456477, -36.8948885 ], [ 174.7456056, -36.8950187 ], [ 174.7450429, -36.8949012 ], [ 174.7450016, -36.8950288 ] ] ], [ [ [ 174.7420963, -36.8954302 ], [ 174.7420548, -36.8954213 ], [ 174.7419413, -36.8957722 ], [ 174.7439073, -36.8961825 ], [ 174.7440205, -36.8958323 ], [ 174.7439611, -36.8958191 ], [ 174.7440238, -36.895625 ], [ 174.7440636, -36.8956333 ], [ 174.7441142, -36.8954765 ], [ 174.7422097, -36.8950792 ], [ 174.7420963, -36.8954302 ] ] ], [ [ [ 174.7470544, -36.8951523 ], [ 174.747226, -36.8946641 ], [ 174.7457038, -36.8943191 ], [ 174.7455357, -36.8948429 ], [ 174.7470544, -36.8951523 ] ] ], [ [ [ 174.7422504, -36.8948536 ], [ 174.7422908, -36.8949089 ], [ 174.7442306, -36.8953134 ], [ 174.7444572, -36.8946116 ], [ 174.7425179, -36.8942072 ], [ 174.7424492, -36.8942396 ], [ 174.7422504, -36.8948536 ] ] ], [ [ [ 174.7427552, -36.8932918 ], [ 174.7425344, -36.8939764 ], [ 174.7425749, -36.8940317 ], [ 174.744514, -36.8944362 ], [ 174.7447497, -36.8937047 ], [ 174.7427552, -36.8932918 ] ] ], [ [ [ 174.7448059, -36.893529 ], [ 174.7450313, -36.892827 ], [ 174.7434088, -36.8924911 ], [ 174.7431833, -36.8931932 ], [ 174.7448059, -36.893529 ] ] ], [ [ [ 174.7450876, -36.8926514 ], [ 174.7452004, -36.8923004 ], [ 174.7451636, -36.8922925 ], [ 174.7453928, -36.8915848 ], [ 174.7438036, -36.8912557 ], [ 174.743576, -36.8919647 ], [ 174.7435899, -36.8919671 ], [ 174.7434771, -36.8923181 ], [ 174.7450876, -36.8926514 ] ] ], [ [ [ 174.7439806, -36.8901695 ], [ 174.7436979, -36.8910471 ], [ 174.7454495, -36.8914096 ], [ 174.7456197, -36.8908834 ], [ 174.745461, -36.8908506 ], [ 174.7455736, -36.8904996 ], [ 174.7439806, -36.8901695 ] ] ], [ [ [ 174.7445719, -36.8891189 ], [ 174.7438234, -36.8889631 ], [ 174.7434703, -36.8900551 ], [ 174.7439277, -36.8901526 ], [ 174.7439879, -36.8901468 ], [ 174.7440365, -36.889994 ], [ 174.7457956, -36.8903589 ], [ 174.7459086, -36.8900074 ], [ 174.7459764, -36.890021 ], [ 174.74619, -36.8893615 ], [ 174.7450245, -36.8891169 ], [ 174.7445719, -36.8891189 ] ] ], [ [ [ 174.7438665, -36.8888303 ], [ 174.7443863, -36.8889385 ], [ 174.7450529, -36.8889355 ], [ 174.7462468, -36.889186 ], [ 174.7463759, -36.8887874 ], [ 174.7459794, -36.8887043 ], [ 174.7460355, -36.888532 ], [ 174.7463938, -36.8886118 ], [ 174.7465099, -36.888253 ], [ 174.7458642, -36.8881161 ], [ 174.7459827, -36.8877494 ], [ 174.7443278, -36.8874041 ], [ 174.7438665, -36.8888303 ] ] ], [ [ [ 174.7438201, -36.8882529 ], [ 174.7441095, -36.8873584 ], [ 174.743282, -36.8871858 ], [ 174.7429927, -36.8880805 ], [ 174.7438201, -36.8882529 ] ] ], [ [ [ 174.7430534, -36.886227 ], [ 174.7429031, -36.886195 ], [ 174.7427411, -36.8866959 ], [ 174.7420626, -36.8865543 ], [ 174.7416637, -36.8877964 ], [ 174.7427742, -36.8880351 ], [ 174.7433473, -36.8862631 ], [ 174.7430613, -36.8862018 ], [ 174.7430534, -36.886227 ] ] ], [ [ [ 174.7443847, -36.8872286 ], [ 174.7460396, -36.8875738 ], [ 174.7461537, -36.8872224 ], [ 174.7454912, -36.8870845 ], [ 174.7456045, -36.8867336 ], [ 174.7446441, -36.8865336 ], [ 174.7446031, -36.886553 ], [ 174.7443847, -36.8872286 ] ] ], [ [ [ 174.7441663, -36.8871831 ], [ 174.7443931, -36.8864813 ], [ 174.7435656, -36.8863087 ], [ 174.7433389, -36.8870104 ], [ 174.7441663, -36.8871831 ] ] ], [ [ [ 174.7447472, -36.8863663 ], [ 174.7448624, -36.8860138 ], [ 174.74377, -36.8857847 ], [ 174.7436565, -36.8861356 ], [ 174.7447472, -36.8863663 ] ] ], [ [ [ 174.7460122, -36.8860681 ], [ 174.7462401, -36.8853665 ], [ 174.7440553, -36.884909 ], [ 174.7438272, -36.8856094 ], [ 174.7460122, -36.8860681 ] ] ], [ [ [ 174.7434104, -36.8846326 ], [ 174.7429712, -36.8845401 ], [ 174.7425872, -36.8857271 ], [ 174.7430264, -36.885819 ], [ 174.7429678, -36.8859941 ], [ 174.7434371, -36.8860923 ], [ 174.7438947, -36.8846881 ], [ 174.7434228, -36.8845892 ], [ 174.7434104, -36.8846326 ] ] ], [ [ [ 174.7424381, -36.8854666 ], [ 174.7425503, -36.8851126 ], [ 174.7399703, -36.884575 ], [ 174.739857, -36.8849258 ], [ 174.7409065, -36.8851446 ], [ 174.7408998, -36.8851658 ], [ 174.7413393, -36.8852573 ], [ 174.7413458, -36.8852367 ], [ 174.7424381, -36.8854666 ] ] ], [ [ [ 174.7400691, -36.8835051 ], [ 174.7402554, -36.8835444 ], [ 174.7399856, -36.8843909 ], [ 174.7412933, -36.8846587 ], [ 174.7415199, -36.8839587 ], [ 174.7415523, -36.8838191 ], [ 174.7417891, -36.8838692 ], [ 174.7415164, -36.8847069 ], [ 174.7426066, -36.8849347 ], [ 174.7430002, -36.8837341 ], [ 174.7401894, -36.8831388 ], [ 174.7400691, -36.8835051 ] ] ], [ [ [ 174.7401969, -36.8825781 ], [ 174.7400818, -36.8829286 ], [ 174.7412388, -36.8831737 ], [ 174.741469, -36.8824727 ], [ 174.7399814, -36.8821576 ], [ 174.7398663, -36.8825081 ], [ 174.7401969, -36.8825781 ] ] ], [ [ [ 174.7402561, -36.8812731 ], [ 174.7400384, -36.8819822 ], [ 174.741528, -36.8822978 ], [ 174.7416462, -36.8819381 ], [ 174.7416315, -36.881935 ], [ 174.741745, -36.8815841 ], [ 174.7402561, -36.8812731 ] ] ], [ [ [ 174.7404868, -36.8807591 ], [ 174.7403732, -36.88111 ], [ 174.741802, -36.8814084 ], [ 174.7420292, -36.8807067 ], [ 174.7405405, -36.8803958 ], [ 174.7404269, -36.8807467 ], [ 174.7404868, -36.8807591 ] ] ], [ [ [ 174.7420863, -36.8805312 ], [ 174.7423339, -36.8797724 ], [ 174.7408443, -36.8794614 ], [ 174.7405975, -36.8802202 ], [ 174.7420863, -36.8805312 ] ] ], [ [ [ 174.7410447, -36.8788443 ], [ 174.7409018, -36.879286 ], [ 174.7423913, -36.8795969 ], [ 174.7426245, -36.8788756 ], [ 174.7410735, -36.8785518 ], [ 174.7409831, -36.8788313 ], [ 174.7410447, -36.8788443 ] ] ], [ [ [ 174.7445558, -36.868303 ], [ 174.744884, -36.8681918 ], [ 174.74454, -36.8675217 ], [ 174.7439072, -36.8677345 ], [ 174.7440791, -36.8680695 ], [ 174.7443935, -36.8679654 ], [ 174.7445558, -36.868303 ] ] ], [ [ [ 174.7450268, -36.868109 ], [ 174.7453658, -36.8679965 ], [ 174.7452788, -36.8678435 ], [ 174.745621, -36.8677297 ], [ 174.7453679, -36.8672414 ], [ 174.7450286, -36.867357 ], [ 174.7450723, -36.867442 ], [ 174.7447412, -36.8675533 ], [ 174.7450268, -36.868109 ] ] ], [ [ [ 174.7430368, -36.8664066 ], [ 174.7426841, -36.8665244 ], [ 174.7432284, -36.8676215 ], [ 174.7435988, -36.8684229 ], [ 174.744007, -36.8682883 ], [ 174.7430368, -36.8664066 ] ] ], [ [ [ 174.7465545, -36.8673854 ], [ 174.7463899, -36.8672854 ], [ 174.7462896, -36.8672448 ], [ 174.7462112, -36.867103 ], [ 174.7461626, -36.8671193 ], [ 174.7460697, -36.8669433 ], [ 174.7459788, -36.8669746 ], [ 174.7459948, -36.867005 ], [ 174.7458828, -36.8670436 ], [ 174.7456362, -36.8665898 ], [ 174.745307, -36.8666986 ], [ 174.7457966, -36.8676455 ], [ 174.7461416, -36.867533 ], [ 174.7462402, -36.8677235 ], [ 174.7466643, -36.8675786 ], [ 174.7465545, -36.8673854 ] ] ], [ [ [ 174.7438406, -36.8676079 ], [ 174.7444741, -36.8673945 ], [ 174.7437834, -36.8660598 ], [ 174.7431508, -36.8662717 ], [ 174.7438406, -36.8676079 ] ] ], [ [ [ 174.7446328, -36.8673425 ], [ 174.7453017, -36.8671147 ], [ 174.7446459, -36.8658644 ], [ 174.7439842, -36.8660901 ], [ 174.7446328, -36.8673425 ] ] ], [ [ [ 174.7408029, -36.8658515 ], [ 174.7403566, -36.86539 ], [ 174.7396441, -36.8658348 ], [ 174.7400165, -36.8662196 ], [ 174.7401113, -36.866402 ], [ 174.7403871, -36.8663016 ], [ 174.7403244, -36.8661822 ], [ 174.740462, -36.8661362 ], [ 174.7405147, -36.8662377 ], [ 174.7409312, -36.8660982 ], [ 174.7408029, -36.8658515 ] ] ], [ [ [ 174.7417862, -36.8653907 ], [ 174.7412474, -36.864834 ], [ 174.7405349, -36.8652789 ], [ 174.7409995, -36.8657594 ], [ 174.7411393, -36.8660285 ], [ 174.7416823, -36.8658465 ], [ 174.7417027, -36.8658857 ], [ 174.7419931, -36.8657884 ], [ 174.7417862, -36.8653907 ] ] ], [ [ [ 174.7414252, -36.8647224 ], [ 174.741983, -36.8652986 ], [ 174.7421812, -36.8656796 ], [ 174.743014, -36.8654001 ], [ 174.7427696, -36.8649298 ], [ 174.7421382, -36.864277 ], [ 174.7414252, -36.8647224 ] ] ], [ [ [ 174.743222, -36.8653299 ], [ 174.7436383, -36.8651903 ], [ 174.7433594, -36.8646534 ], [ 174.742915, -36.8641944 ], [ 174.7432711, -36.8639718 ], [ 174.7430288, -36.8637214 ], [ 174.7423164, -36.8641664 ], [ 174.7429662, -36.8648378 ], [ 174.743222, -36.8653299 ] ] ], [ [ [ 174.7401398, -36.8636891 ], [ 174.7394272, -36.8641341 ], [ 174.740396, -36.8651357 ], [ 174.7407526, -36.8649132 ], [ 174.7401063, -36.8642455 ], [ 174.7404625, -36.864023 ], [ 174.7401398, -36.8636891 ] ] ], [ [ [ 174.7401417, -36.8459027 ], [ 174.7404133, -36.8458747 ], [ 174.7403338, -36.8453898 ], [ 174.7400642, -36.8454145 ], [ 174.7401417, -36.8459027 ] ] ], [ [ [ 174.7426833, -36.8427075 ], [ 174.7431661, -36.8428616 ], [ 174.7431024, -36.8430154 ], [ 174.7426097, -36.8428615 ], [ 174.7425915, -36.8428995 ], [ 174.7432094, -36.8430893 ], [ 174.7431329, -36.8432446 ], [ 174.7436599, -36.8434182 ], [ 174.7437892, -36.8430504 ], [ 174.7433181, -36.8429102 ], [ 174.7437823, -36.8419338 ], [ 174.743653, -36.8417101 ], [ 174.7432181, -36.841575 ], [ 174.7426833, -36.8427075 ] ] ], [ [ [ 174.7398753, -36.8420602 ], [ 174.7400373, -36.8429596 ], [ 174.741223, -36.8428003 ], [ 174.7422436, -36.8431184 ], [ 174.742933, -36.8416675 ], [ 174.7398753, -36.8420602 ] ] ], [ [ [ 174.7396737, -36.8409558 ], [ 174.7398427, -36.8418808 ], [ 174.7419829, -36.8416059 ], [ 174.7419021, -36.841149 ], [ 174.7417338, -36.841104 ], [ 174.7415655, -36.8405913 ], [ 174.7396916, -36.8409316 ], [ 174.7396737, -36.8409558 ] ] ], [ [ [ 174.7446289, -36.8409038 ], [ 174.7447148, -36.8407739 ], [ 174.7445953, -36.8406721 ], [ 174.7432677, -36.8414727 ], [ 174.743648, -36.8415833 ], [ 174.7443815, -36.8411458 ], [ 174.7444638, -36.8411268 ], [ 174.744483, -36.8411474 ], [ 174.7447152, -36.84106 ], [ 174.7446289, -36.8409038 ] ] ], [ [ [ 174.7430046, -36.8122855 ], [ 174.7433373, -36.8125427 ], [ 174.743383, -36.8125365 ], [ 174.7433681, -36.8127506 ], [ 174.7433227, -36.8127554 ], [ 174.7433079, -36.812968 ], [ 174.7433533, -36.8129643 ], [ 174.7433387, -36.8131753 ], [ 174.7447966, -36.8130904 ], [ 174.7446194, -36.8122432 ], [ 174.7430134, -36.8122675 ], [ 174.7430046, -36.8122855 ] ] ], [ [ [ 174.7403013, -36.8125212 ], [ 174.7408551, -36.8127265 ], [ 174.740899, -36.812262 ], [ 174.7423504, -36.812435 ], [ 174.7426323, -36.8122001 ], [ 174.7418152, -36.8115771 ], [ 174.7418461, -36.8115508 ], [ 174.7416824, -36.811426 ], [ 174.7417209, -36.810793 ], [ 174.738033, -36.8105984 ], [ 174.7380126, -36.8108441 ], [ 174.7377504, -36.8108398 ], [ 174.7376433, -36.8117152 ], [ 174.7379807, -36.8117424 ], [ 174.7381683, -36.8122256 ], [ 174.7390325, -36.8120075 ], [ 174.7386982, -36.8113021 ], [ 174.7390504, -36.8113214 ], [ 174.7391587, -36.8112529 ], [ 174.7391654, -36.8113154 ], [ 174.7392605, -36.8113631 ], [ 174.7391226, -36.811511 ], [ 174.7389666, -36.8116013 ], [ 174.7394827, -36.812177 ], [ 174.7398984, -36.8124516 ], [ 174.7403013, -36.8125212 ] ] ], [ [ [ 174.7444531, -36.8114502 ], [ 174.7443695, -36.8113766 ], [ 174.7425868, -36.8108369 ], [ 174.7418623, -36.8108002 ], [ 174.7418404, -36.8111065 ], [ 174.7418855, -36.8111065 ], [ 174.7418633, -36.8114141 ], [ 174.7427918, -36.8121217 ], [ 174.7429097, -36.8121593 ], [ 174.7440408, -36.8121506 ], [ 174.7445967, -36.8121329 ], [ 174.7444531, -36.8114502 ] ] ], [ [ [ 174.7440036, -36.8081419 ], [ 174.74375, -36.808448 ], [ 174.7432935, -36.8096332 ], [ 174.7433035, -36.8099298 ], [ 174.7437341, -36.8108648 ], [ 174.7444222, -36.8106748 ], [ 174.7442457, -36.811143 ], [ 174.7455588, -36.811539 ], [ 174.7458754, -36.8108592 ], [ 174.7456092, -36.8106452 ], [ 174.7452803, -36.8105199 ], [ 174.7447746, -36.8102385 ], [ 174.7443493, -36.8100723 ], [ 174.7441632, -36.8098551 ], [ 174.744255, -36.8094915 ], [ 174.7447673, -36.808892 ], [ 174.7448379, -36.8086192 ], [ 174.7447375, -36.8081335 ], [ 174.7445566, -36.8077832 ], [ 174.7440036, -36.8081419 ] ] ], [ [ [ 174.7415913, -36.8089228 ], [ 174.7415859, -36.8089953 ], [ 174.74162, -36.8092897 ], [ 174.7416963, -36.8094485 ], [ 174.7416094, -36.8105508 ], [ 174.7416237, -36.810588 ], [ 174.7416733, -36.8106091 ], [ 174.742642, -36.8106585 ], [ 174.7435207, -36.8109238 ], [ 174.7429978, -36.8097881 ], [ 174.7433083, -36.8089824 ], [ 174.7432545, -36.808969 ], [ 174.7435317, -36.8082495 ], [ 174.7434886, -36.808154 ], [ 174.7432977, -36.8081329 ], [ 174.7431065, -36.8081281 ], [ 174.7429368, -36.8080964 ], [ 174.742373, -36.8080823 ], [ 174.742109, -36.8081365 ], [ 174.7420093, -36.8084598 ], [ 174.7420397, -36.8084863 ], [ 174.7420545, -36.8085695 ], [ 174.7420311, -36.8086053 ], [ 174.741965, -36.8086488 ], [ 174.7417854, -36.8086793 ], [ 174.7417376, -36.808709 ], [ 174.7416384, -36.8088101 ], [ 174.7415913, -36.8089228 ] ] ], [ [ [ 174.7393149, -36.8086683 ], [ 174.739322, -36.8091004 ], [ 174.7391357, -36.8091243 ], [ 174.7388574, -36.8092164 ], [ 174.7388401, -36.809551 ], [ 174.739065, -36.8095631 ], [ 174.7390452, -36.810469 ], [ 174.7403609, -36.8105409 ], [ 174.7403951, -36.8105058 ], [ 174.7404454, -36.8084963 ], [ 174.7403861, -36.8084954 ], [ 174.7398208, -36.808755 ], [ 174.7397629, -36.8086905 ], [ 174.7393149, -36.8086683 ] ] ], [ [ [ 174.7414805, -36.8087568 ], [ 174.7415898, -36.8086327 ], [ 174.7418416, -36.808471 ], [ 174.7419718, -36.8084442 ], [ 174.742054, -36.8081777 ], [ 174.7420242, -36.8081539 ], [ 174.7411408, -36.8083353 ], [ 174.7406705, -36.8084988 ], [ 174.7406189, -36.8105553 ], [ 174.741383, -36.8105926 ], [ 174.7414245, -36.8105726 ], [ 174.741439, -36.8105421 ], [ 174.7415235, -36.8094699 ], [ 174.7414522, -36.8093215 ], [ 174.7414152, -36.8089987 ], [ 174.7414266, -36.8088836 ], [ 174.7414805, -36.8087568 ] ] ], [ [ [ 174.7442196, -36.8050575 ], [ 174.744239, -36.8049407 ], [ 174.7442027, -36.8049781 ], [ 174.7439004, -36.8050749 ], [ 174.7437311, -36.8048555 ], [ 174.7437886, -36.8048268 ], [ 174.7438908, -36.804532 ], [ 174.7443007, -36.8045688 ], [ 174.7443271, -36.8045436 ], [ 174.743544, -36.8044733 ], [ 174.7434095, -36.804378 ], [ 174.7432099, -36.8044182 ], [ 174.7432277, -36.8045173 ], [ 174.7427901, -36.8045171 ], [ 174.7428238, -36.8045614 ], [ 174.7429575, -36.8046475 ], [ 174.7429761, -36.8047041 ], [ 174.7429449, -36.8047729 ], [ 174.7428866, -36.8048016 ], [ 174.7427777, -36.8048005 ], [ 174.742742, -36.8047536 ], [ 174.7427073, -36.8046187 ], [ 174.7426513, -36.8045451 ], [ 174.7425738, -36.8045157 ], [ 174.7419754, -36.8045832 ], [ 174.7417086, -36.8048387 ], [ 174.7415225, -36.8049116 ], [ 174.7415995, -36.8050386 ], [ 174.7428496, -36.8055184 ], [ 174.743287, -36.8054135 ], [ 174.7432729, -36.8052509 ], [ 174.7438686, -36.8053043 ], [ 174.7438919, -36.8051367 ], [ 174.7441924, -36.8050404 ], [ 174.7442196, -36.8050575 ] ] ], [ [ [ 174.743653, -36.7962635 ], [ 174.7437542, -36.7962712 ], [ 174.743819, -36.7963087 ], [ 174.7438457, -36.7963609 ], [ 174.7438403, -36.796409 ], [ 174.7438098, -36.7964505 ], [ 174.7437601, -36.7964775 ], [ 174.7438146, -36.7965896 ], [ 174.7441925, -36.7966235 ], [ 174.7442449, -36.796247 ], [ 174.743848, -36.7959187 ], [ 174.7442035, -36.7956408 ], [ 174.7438892, -36.7953809 ], [ 174.7432527, -36.7958785 ], [ 174.7432354, -36.7959008 ], [ 174.7432348, -36.7959335 ], [ 174.7436029, -36.7962449 ], [ 174.743653, -36.7962635 ] ] ], [ [ [ 174.7430931, -36.7957186 ], [ 174.7438953, -36.7950919 ], [ 174.7435381, -36.7947967 ], [ 174.7427359, -36.7954233 ], [ 174.7430931, -36.7957186 ] ] ], [ [ [ 174.7435293, -36.7947894 ], [ 174.7439014, -36.794499 ], [ 174.7431873, -36.7939086 ], [ 174.7428152, -36.7941989 ], [ 174.7435293, -36.7947894 ] ] ], [ [ [ 174.7578681, -36.9023123 ], [ 174.7580173, -36.9018405 ], [ 174.7561598, -36.901461 ], [ 174.7559515, -36.9021072 ], [ 174.757091, -36.9023398 ], [ 174.7572219, -36.9022921 ], [ 174.7584195, -36.9025365 ], [ 174.7584528, -36.9024316 ], [ 174.7578681, -36.9023123 ] ] ], [ [ [ 174.756903, -36.9011228 ], [ 174.7567863, -36.9011169 ], [ 174.7566892, -36.9010649 ], [ 174.7566374, -36.9009808 ], [ 174.7566411, -36.9009344 ], [ 174.7562864, -36.9010629 ], [ 174.7562043, -36.9013226 ], [ 174.7580618, -36.9017023 ], [ 174.7585371, -36.901366 ], [ 174.757657, -36.9005623 ], [ 174.7575773, -36.9005582 ], [ 174.75708, -36.9009095 ], [ 174.7570725, -36.9010031 ], [ 174.7570077, -36.9010812 ], [ 174.756903, -36.9011228 ] ] ], [ [ [ 174.7562978, -36.9010291 ], [ 174.7566436, -36.9009033 ], [ 174.7566449, -36.900887 ], [ 174.7567097, -36.9008089 ], [ 174.7568143, -36.9007673 ], [ 174.7569311, -36.9007733 ], [ 174.757257, -36.9005434 ], [ 174.756898, -36.9002165 ], [ 174.756682, -36.900369 ], [ 174.756851, -36.8998553 ], [ 174.7568238, -36.8998305 ], [ 174.75677, -36.8999938 ], [ 174.7566505, -36.8999295 ], [ 174.7562978, -36.9010291 ] ] ], [ [ [ 174.7564576, -36.9000881 ], [ 174.7566063, -36.8996411 ], [ 174.7564862, -36.8996207 ], [ 174.7563594, -36.8996394 ], [ 174.7553385, -36.9000288 ], [ 174.7548813, -36.9001599 ], [ 174.7549778, -36.9003771 ], [ 174.7555648, -36.9004289 ], [ 174.7564576, -36.9000881 ] ] ], [ [ [ 174.7546543, -36.8994798 ], [ 174.7548563, -36.8999301 ], [ 174.7548878, -36.8999508 ], [ 174.7549284, -36.8999534 ], [ 174.755252, -36.8998612 ], [ 174.7563328, -36.8994475 ], [ 174.756126, -36.8990993 ], [ 174.7563135, -36.8990507 ], [ 174.7564558, -36.8990801 ], [ 174.7565647, -36.8989907 ], [ 174.7566464, -36.8987453 ], [ 174.754747, -36.8983543 ], [ 174.7546348, -36.8987054 ], [ 174.7554761, -36.8988788 ], [ 174.7554848, -36.8992649 ], [ 174.7546543, -36.8994798 ] ] ], [ [ [ 174.7574416, -36.8974422 ], [ 174.7551949, -36.8969854 ], [ 174.7548127, -36.8981806 ], [ 174.7569766, -36.8986259 ], [ 174.7571659, -36.8983213 ], [ 174.7574416, -36.8974422 ] ] ], [ [ [ 174.7574537, -36.8974022 ], [ 174.7576123, -36.8969046 ], [ 174.7553316, -36.8964417 ], [ 174.7551733, -36.8969393 ], [ 174.7574537, -36.8974022 ] ] ], [ [ [ 174.7574744, -36.8958731 ], [ 174.7575825, -36.8955325 ], [ 174.7558518, -36.8952926 ], [ 174.7556924, -36.8957945 ], [ 174.7557106, -36.8957975 ], [ 174.7555512, -36.896299 ], [ 174.7572302, -36.89664 ], [ 174.757344, -36.8962827 ], [ 174.7577817, -36.8963717 ], [ 174.7579119, -36.8959619 ], [ 174.7574744, -36.8958731 ] ] ], [ [ [ 174.7584187, -36.8943579 ], [ 174.75796, -36.8942421 ], [ 174.7563257, -36.8938681 ], [ 174.7561274, -36.8944191 ], [ 174.7561482, -36.8944235 ], [ 174.7559273, -36.8951191 ], [ 174.7576388, -36.8953564 ], [ 174.7577085, -36.8951369 ], [ 174.7581458, -36.8952265 ], [ 174.7584187, -36.8943579 ] ] ], [ [ [ 174.7458912, -36.893643 ], [ 174.7460645, -36.8937051 ], [ 174.7460479, -36.8937525 ], [ 174.7458856, -36.8937155 ], [ 174.7457489, -36.894141 ], [ 174.747283, -36.8944892 ], [ 174.7474063, -36.8941383 ], [ 174.7474335, -36.8941435 ], [ 174.7475505, -36.8937773 ], [ 174.7472656, -36.8937185 ], [ 174.7459938, -36.8933266 ], [ 174.7458912, -36.893643 ] ] ], [ [ [ 174.7470781, -36.8928162 ], [ 174.7470822, -36.8928453 ], [ 174.7470126, -36.8930799 ], [ 174.746136, -36.892888 ], [ 174.7460507, -36.8931511 ], [ 174.7473343, -36.8935455 ], [ 174.747572, -36.8935945 ], [ 174.7476891, -36.8932279 ], [ 174.7480332, -36.8933032 ], [ 174.748121, -36.8930445 ], [ 174.7470781, -36.8928162 ] ] ], [ [ [ 174.7479685, -36.892994 ], [ 174.7480811, -36.8926455 ], [ 174.7479884, -36.8926252 ], [ 174.748112, -36.8922653 ], [ 174.7464572, -36.8918983 ], [ 174.7463386, -36.8922645 ], [ 174.7471931, -36.8924515 ], [ 174.7470793, -36.8928023 ], [ 174.7479685, -36.892994 ] ] ], [ [ [ 174.7481719, -36.8920906 ], [ 174.7482956, -36.8917306 ], [ 174.7490075, -36.8918885 ], [ 174.7491312, -36.8915286 ], [ 174.7467482, -36.8909998 ], [ 174.746514, -36.8917228 ], [ 174.7481719, -36.8920906 ] ] ], [ [ [ 174.7495165, -36.8909559 ], [ 174.7496915, -36.8905068 ], [ 174.7471544, -36.8899446 ], [ 174.7469818, -36.8904761 ], [ 174.7471199, -36.8905067 ], [ 174.7469961, -36.8908669 ], [ 174.7491908, -36.8913539 ], [ 174.7493409, -36.890917 ], [ 174.7495165, -36.8909559 ] ] ], [ [ [ 174.7562669, -36.8891041 ], [ 174.7556818, -36.8908253 ], [ 174.7572426, -36.8911677 ], [ 174.7578281, -36.8894469 ], [ 174.7578044, -36.8894136 ], [ 174.7563083, -36.8890852 ], [ 174.7562669, -36.8891041 ] ] ], [ [ [ 174.7474819, -36.889826 ], [ 174.7473348, -36.8897966 ], [ 174.7496761, -36.8903265 ], [ 174.7497903, -36.8899766 ], [ 174.7475917, -36.889491 ], [ 174.7474819, -36.889826 ] ] ], [ [ [ 174.7545265, -36.8887208 ], [ 174.7543616, -36.8886846 ], [ 174.7543702, -36.8886594 ], [ 174.754169, -36.8886153 ], [ 174.7541605, -36.8886406 ], [ 174.7540032, -36.8886061 ], [ 174.7540118, -36.8885808 ], [ 174.7525557, -36.8882537 ], [ 174.7525474, -36.8882789 ], [ 174.7523202, -36.888228 ], [ 174.7523284, -36.8882027 ], [ 174.7518504, -36.8880975 ], [ 174.7512817, -36.889852 ], [ 174.7554637, -36.8907775 ], [ 174.7557608, -36.8899034 ], [ 174.7533782, -36.8893802 ], [ 174.7534355, -36.889205 ], [ 174.7558206, -36.8897283 ], [ 174.7560581, -36.8890303 ], [ 174.754535, -36.8886955 ], [ 174.7545265, -36.8887208 ] ] ], [ [ [ 174.7481663, -36.888703 ], [ 174.748053, -36.8890533 ], [ 174.7474612, -36.8889232 ], [ 174.7473526, -36.889251 ], [ 174.7502761, -36.8898957 ], [ 174.7509202, -36.8900305 ], [ 174.7509608, -36.8900289 ], [ 174.7509879, -36.8900142 ], [ 174.751214, -36.8893415 ], [ 174.7481663, -36.888703 ] ] ], [ [ [ 174.7513444, -36.8879849 ], [ 174.7498161, -36.8876447 ], [ 174.7495476, -36.8884834 ], [ 174.7490444, -36.8883685 ], [ 174.7489441, -36.8886784 ], [ 174.751271, -36.8891661 ], [ 174.751633, -36.8880492 ], [ 174.7514861, -36.8880165 ], [ 174.7514764, -36.8880414 ], [ 174.7513344, -36.8880098 ], [ 174.7513444, -36.8879849 ] ] ], [ [ [ 174.7550104, -36.8886119 ], [ 174.7554684, -36.8871171 ], [ 174.7547543, -36.8869605 ], [ 174.7542973, -36.8884524 ], [ 174.7550104, -36.8886119 ] ] ], [ [ [ 174.7520286, -36.8877679 ], [ 174.7520361, -36.8877462 ], [ 174.7519038, -36.8877167 ], [ 174.7518876, -36.8877292 ], [ 174.751897, -36.8878084 ], [ 174.751882, -36.8878871 ], [ 174.751906, -36.8879203 ], [ 174.7530673, -36.8881788 ], [ 174.7532807, -36.8875191 ], [ 174.7528042, -36.8874196 ], [ 174.7528155, -36.8873847 ], [ 174.7527542, -36.8873471 ], [ 174.7525645, -36.8873228 ], [ 174.7524822, -36.8872937 ], [ 174.7524125, -36.8874666 ], [ 174.7522004, -36.887414 ], [ 174.7521465, -36.8875589 ], [ 174.7521597, -36.8876185 ], [ 174.7522622, -36.8876709 ], [ 174.7522876, -36.8877151 ], [ 174.7522537, -36.8877669 ], [ 174.7522643, -36.8878038 ], [ 174.7522232, -36.8878113 ], [ 174.7520286, -36.8877679 ] ] ], [ [ [ 174.7540799, -36.8884038 ], [ 174.7546061, -36.8866871 ], [ 174.7538404, -36.8865178 ], [ 174.7532848, -36.8882272 ], [ 174.7540799, -36.8884038 ] ] ], [ [ [ 174.7521102, -36.8876307 ], [ 174.7521348, -36.887493 ], [ 174.7522035, -36.8873218 ], [ 174.7520674, -36.8872203 ], [ 174.7520215, -36.8872084 ], [ 174.7519123, -36.8872161 ], [ 174.7518256, -36.8874324 ], [ 174.7518704, -36.8875952 ], [ 174.7520487, -36.8876348 ], [ 174.7521102, -36.8876307 ] ] ], [ [ [ 174.752473, -36.8871601 ], [ 174.752549, -36.8871124 ], [ 174.7525753, -36.8870313 ], [ 174.7525257, -36.8869738 ], [ 174.7523954, -36.8869401 ], [ 174.7523475, -36.8869628 ], [ 174.7522945, -36.8870949 ], [ 174.7523182, -36.88712 ], [ 174.752473, -36.8871601 ] ] ], [ [ [ 174.7524933, -36.8869363 ], [ 174.7525031, -36.8869076 ], [ 174.7527586, -36.886967 ], [ 174.7527005, -36.8871465 ], [ 174.7527366, -36.887196 ], [ 174.7528676, -36.8872233 ], [ 174.7528574, -36.8872548 ], [ 174.7533339, -36.8873544 ], [ 174.7536231, -36.8864693 ], [ 174.7498965, -36.8856438 ], [ 174.7497401, -36.8861003 ], [ 174.7503771, -36.8862413 ], [ 174.749863, -36.8874675 ], [ 174.7504754, -36.8876036 ], [ 174.7509692, -36.8863719 ], [ 174.7511867, -36.8864201 ], [ 174.7506932, -36.8876528 ], [ 174.7516723, -36.8878691 ], [ 174.7517132, -36.8878501 ], [ 174.7517382, -36.8877307 ], [ 174.7517244, -36.8876073 ], [ 174.7516518, -36.8876151 ], [ 174.7514639, -36.8875665 ], [ 174.7515051, -36.8874637 ], [ 174.7516988, -36.8875138 ], [ 174.7516676, -36.8874005 ], [ 174.7516813, -36.8873071 ], [ 174.7518078, -36.8869914 ], [ 174.7517868, -36.8868751 ], [ 174.751835, -36.8867551 ], [ 174.7520845, -36.8868196 ], [ 174.7519742, -36.8870617 ], [ 174.7519942, -36.8871 ], [ 174.7521148, -36.8871312 ], [ 174.7522619, -36.8871172 ], [ 174.7523524, -36.8868916 ], [ 174.7524933, -36.8869363 ] ] ], [ [ [ 174.7503847, -36.8850709 ], [ 174.7504776, -36.8848027 ], [ 174.7484623, -36.8843543 ], [ 174.7484114, -36.8845083 ], [ 174.7488474, -36.8846052 ], [ 174.7488089, -36.8847215 ], [ 174.7501132, -36.8850107 ], [ 174.7499562, -36.8854692 ], [ 174.750286, -36.8855422 ], [ 174.750443, -36.8850838 ], [ 174.7503847, -36.8850709 ] ] ], [ [ [ 174.7485203, -36.8841793 ], [ 174.7505332, -36.8846277 ], [ 174.7506239, -36.8843573 ], [ 174.7490476, -36.8840051 ], [ 174.7490007, -36.8841406 ], [ 174.7485652, -36.8840435 ], [ 174.7485203, -36.8841793 ] ] ], [ [ [ 174.7471297, -36.8830792 ], [ 174.747272, -36.8826473 ], [ 174.7465841, -36.8825014 ], [ 174.7464419, -36.8829332 ], [ 174.7471297, -36.8830792 ] ] ], [ [ [ 174.746785, -36.8819805 ], [ 174.746758, -36.881975 ], [ 174.7466425, -36.8823254 ], [ 174.7473815, -36.8824824 ], [ 174.747497, -36.8821319 ], [ 174.7481065, -36.882261 ], [ 174.7481368, -36.8821689 ], [ 174.7483465, -36.8822151 ], [ 174.7484285, -36.8819687 ], [ 174.7468962, -36.8816436 ], [ 174.746785, -36.8819805 ] ] ], [ [ [ 174.7484404, -36.8817837 ], [ 174.7486623, -36.8811096 ], [ 174.7471769, -36.8807946 ], [ 174.7469546, -36.8814684 ], [ 174.7484404, -36.8817837 ] ] ], [ [ [ 174.7516301, -36.8815315 ], [ 174.7517566, -36.8811483 ], [ 174.7499262, -36.8807638 ], [ 174.7498027, -36.8811468 ], [ 174.7516301, -36.8815315 ] ] ], [ [ [ 174.7525147, -36.8805825 ], [ 174.7527205, -36.8799514 ], [ 174.7510676, -36.8796035 ], [ 174.7508631, -36.8802334 ], [ 174.7508981, -36.8802408 ], [ 174.7507338, -36.8807465 ], [ 174.7523362, -36.8810839 ], [ 174.7524995, -36.8805793 ], [ 174.7525147, -36.8805825 ] ] ], [ [ [ 174.7487217, -36.8809363 ], [ 174.7489442, -36.8802625 ], [ 174.746798, -36.8798047 ], [ 174.7465746, -36.8804789 ], [ 174.7487217, -36.8809363 ] ] ], [ [ [ 174.7494724, -36.8794532 ], [ 174.7472101, -36.878977 ], [ 174.7470956, -36.8793277 ], [ 174.7469637, -36.8792999 ], [ 174.7468548, -36.8796298 ], [ 174.7490022, -36.8800873 ], [ 174.7491124, -36.8797519 ], [ 174.7493591, -36.8798038 ], [ 174.7494724, -36.8794532 ] ] ], [ [ [ 174.7569599, -36.8783456 ], [ 174.7560207, -36.8781496 ], [ 174.7556506, -36.8792899 ], [ 174.7554325, -36.8792451 ], [ 174.7559753, -36.8775674 ], [ 174.7561936, -36.8776136 ], [ 174.7560774, -36.8779742 ], [ 174.7568935, -36.8781445 ], [ 174.7571292, -36.8773852 ], [ 174.7552601, -36.8769899 ], [ 174.7547625, -36.878527 ], [ 174.7552067, -36.8786199 ], [ 174.7550445, -36.8791196 ], [ 174.7552668, -36.8791656 ], [ 174.7550743, -36.8797396 ], [ 174.75533, -36.8797921 ], [ 174.7553184, -36.8798265 ], [ 174.7555094, -36.8798665 ], [ 174.7556672, -36.879899 ], [ 174.755688, -36.8798664 ], [ 174.7564023, -36.880014 ], [ 174.7562483, -36.8805047 ], [ 174.7565914, -36.880578 ], [ 174.7567438, -36.880259 ], [ 174.7568623, -36.8799551 ], [ 174.7578477, -36.8800104 ], [ 174.7579374, -36.8797696 ], [ 174.7572159, -36.8791179 ], [ 174.7569599, -36.8783456 ] ] ], [ [ [ 174.7541857, -36.8795885 ], [ 174.754542, -36.8784879 ], [ 174.7536685, -36.8783056 ], [ 174.7537249, -36.8781299 ], [ 174.7545987, -36.8783124 ], [ 174.7550332, -36.8769702 ], [ 174.7550087, -36.8769365 ], [ 174.7542518, -36.8767775 ], [ 174.7540043, -36.8775483 ], [ 174.7539182, -36.8775303 ], [ 174.7541658, -36.8767595 ], [ 174.7535064, -36.8766208 ], [ 174.7528497, -36.8786561 ], [ 174.7530157, -36.8786914 ], [ 174.7530012, -36.8787355 ], [ 174.7530208, -36.8787397 ], [ 174.7531371, -36.8790231 ], [ 174.7530182, -36.8793436 ], [ 174.7528128, -36.8793036 ], [ 174.7528182, -36.8792877 ], [ 174.7517832, -36.8790678 ], [ 174.7517781, -36.8790837 ], [ 174.7506972, -36.8788541 ], [ 174.750546, -36.8793061 ], [ 174.7540088, -36.8800337 ], [ 174.7541647, -36.879587 ], [ 174.7541857, -36.8795885 ] ] ], [ [ [ 174.7495112, -36.8788925 ], [ 174.7494519, -36.8788802 ], [ 174.7498872, -36.8775261 ], [ 174.7496083, -36.877468 ], [ 174.7497033, -36.8771758 ], [ 174.7494891, -36.8771326 ], [ 174.7492295, -36.8779589 ], [ 174.748953, -36.8787741 ], [ 174.7487394, -36.8787298 ], [ 174.7492714, -36.8770852 ], [ 174.7482867, -36.8768799 ], [ 174.7477618, -36.8785242 ], [ 174.7474494, -36.8784536 ], [ 174.7473338, -36.8788157 ], [ 174.7493926, -36.8792482 ], [ 174.7495112, -36.8788925 ] ] ], [ [ [ 174.747575, -36.8783796 ], [ 174.747803, -36.8776684 ], [ 174.7473043, -36.8775703 ], [ 174.747084, -36.8782761 ], [ 174.747575, -36.8783796 ] ] ], [ [ [ 174.7478544, -36.8775041 ], [ 174.7479879, -36.8770863 ], [ 174.7474962, -36.8769849 ], [ 174.7473628, -36.8774026 ], [ 174.7478544, -36.8775041 ] ] ], [ [ [ 174.7500392, -36.8770586 ], [ 174.7502348, -36.8764571 ], [ 174.7497423, -36.8763542 ], [ 174.7495478, -36.8769561 ], [ 174.7500392, -36.8770586 ] ] ], [ [ [ 174.7571791, -36.8772097 ], [ 174.7578009, -36.8752607 ], [ 174.7557181, -36.874826 ], [ 174.7551005, -36.8767684 ], [ 174.7571791, -36.8772097 ] ] ], [ [ [ 174.7548888, -36.8767239 ], [ 174.7555003, -36.8747782 ], [ 174.7537813, -36.8744249 ], [ 174.7535295, -36.8752073 ], [ 174.7545941, -36.8754266 ], [ 174.7545379, -36.8756024 ], [ 174.7534731, -36.875383 ], [ 174.753159, -36.8763588 ], [ 174.7548888, -36.8767239 ] ] ], [ [ [ 174.7536491, -36.874397 ], [ 174.7531852, -36.8742968 ], [ 174.7528432, -36.8741598 ], [ 174.7523828, -36.8755431 ], [ 174.7523065, -36.8755257 ], [ 174.7522557, -36.8757905 ], [ 174.7522209, -36.8758242 ], [ 174.7521152, -36.8761395 ], [ 174.7530268, -36.8763308 ], [ 174.7536491, -36.874397 ] ] ], [ [ [ 174.7518417, -36.8739204 ], [ 174.7516397, -36.8745482 ], [ 174.7516549, -36.8745687 ], [ 174.7524882, -36.874744 ], [ 174.7526999, -36.8740996 ], [ 174.7518417, -36.8739204 ] ] ], [ [ [ 174.7527868, -36.8735689 ], [ 174.7527223, -36.8737754 ], [ 174.7531164, -36.8738514 ], [ 174.7532228, -36.8735188 ], [ 174.7524486, -36.873366 ], [ 174.7524126, -36.8734901 ], [ 174.7527868, -36.8735689 ] ] ], [ [ [ 174.7560144, -36.8729809 ], [ 174.7537731, -36.8725187 ], [ 174.7532619, -36.874125 ], [ 174.7555562, -36.8746026 ], [ 174.7560549, -36.8730375 ], [ 174.7560144, -36.8729809 ] ] ], [ [ [ 174.7533508, -36.8734718 ], [ 174.7535657, -36.8728142 ], [ 174.7532567, -36.8727489 ], [ 174.7532301, -36.8728263 ], [ 174.7530977, -36.8727991 ], [ 174.7529728, -36.873128 ], [ 174.7527143, -36.8730756 ], [ 174.7526326, -36.8733341 ], [ 174.7533508, -36.8734718 ] ] ], [ [ [ 174.7538645, -36.8723495 ], [ 174.7541997, -36.8713722 ], [ 174.7544194, -36.8714141 ], [ 174.754083, -36.8723949 ], [ 174.7552543, -36.8726358 ], [ 174.7552847, -36.8726259 ], [ 174.756317, -36.8712617 ], [ 174.7551398, -36.8706917 ], [ 174.7547131, -36.8710596 ], [ 174.7530332, -36.8706884 ], [ 174.7529775, -36.8706857 ], [ 174.752925, -36.8707012 ], [ 174.7528846, -36.8707323 ], [ 174.7528656, -36.8707649 ], [ 174.7524262, -36.8720544 ], [ 174.7538645, -36.8723495 ] ] ], [ [ [ 174.748627, -36.8688988 ], [ 174.7488959, -36.8687165 ], [ 174.7491263, -36.8685977 ], [ 174.7481981, -36.8677622 ], [ 174.7481342, -36.867821 ], [ 174.7479267, -36.8678903 ], [ 174.7479974, -36.8679539 ], [ 174.7477643, -36.8681219 ], [ 174.748627, -36.8688988 ] ] ], [ [ [ 174.7483531, -36.8676316 ], [ 174.7493186, -36.8684987 ], [ 174.7495539, -36.8683771 ], [ 174.7499087, -36.8682796 ], [ 174.7488173, -36.8672995 ], [ 174.7489684, -36.8671629 ], [ 174.7501409, -36.8682161 ], [ 174.7507813, -36.8680402 ], [ 174.749375, -36.8667775 ], [ 174.7487867, -36.8672722 ], [ 174.7488093, -36.8672925 ], [ 174.7485763, -36.8674579 ], [ 174.74857, -36.8674522 ], [ 174.7483531, -36.8676316 ] ] ], [ [ [ 174.7510134, -36.8679766 ], [ 174.7513331, -36.867889 ], [ 174.7498923, -36.8665956 ], [ 174.7496606, -36.8667623 ], [ 174.7510134, -36.8679766 ] ] ], [ [ [ 174.7476149, -36.8144178 ], [ 174.7476959, -36.8142253 ], [ 174.748007, -36.8143176 ], [ 174.7481814, -36.8139365 ], [ 174.7467031, -36.8135364 ], [ 174.7464552, -36.8140841 ], [ 174.7476149, -36.8144178 ] ] ], [ [ [ 174.7451528, -36.8137034 ], [ 174.746108, -36.813982 ], [ 174.7463017, -36.813956 ], [ 174.7464991, -36.8135202 ], [ 174.7464685, -36.8134673 ], [ 174.7450631, -36.8130551 ], [ 174.7450237, -36.8130816 ], [ 174.7451528, -36.8137034 ] ] ], [ [ [ 174.7497146, -36.8130763 ], [ 174.749642, -36.8129815 ], [ 174.7495893, -36.8129435 ], [ 174.74958, -36.8128951 ], [ 174.7495765, -36.812787 ], [ 174.7495624, -36.8127511 ], [ 174.7495975, -36.8126154 ], [ 174.7495906, -36.8125524 ], [ 174.7495705, -36.8125257 ], [ 174.749631, -36.8124831 ], [ 174.7495537, -36.8123974 ], [ 174.7495153, -36.8123185 ], [ 174.7490854, -36.8125094 ], [ 174.7489208, -36.8124614 ], [ 174.7486969, -36.8124694 ], [ 174.7492904, -36.8135715 ], [ 174.7493463, -36.8137473 ], [ 174.7497019, -36.8136773 ], [ 174.7496656, -36.8135771 ], [ 174.7496219, -36.8133718 ], [ 174.7495518, -36.8132823 ], [ 174.7497322, -36.8132188 ], [ 174.7497151, -36.8131761 ], [ 174.7497146, -36.8130763 ] ] ], [ [ [ 174.7491506, -36.8140368 ], [ 174.7491989, -36.8140081 ], [ 174.7490867, -36.8136274 ], [ 174.748538, -36.8126299 ], [ 174.7461845, -36.8119212 ], [ 174.7456737, -36.8130411 ], [ 174.7469621, -36.8134194 ], [ 174.7484334, -36.8138148 ], [ 174.7491506, -36.8140368 ] ] ], [ [ [ 174.7446957, -36.8115168 ], [ 174.7449721, -36.8128351 ], [ 174.7454619, -36.8129789 ], [ 174.7459734, -36.8118576 ], [ 174.7447414, -36.8114865 ], [ 174.7447126, -36.8114883 ], [ 174.7446957, -36.8115168 ] ] ], [ [ [ 174.7475123, -36.8113584 ], [ 174.7467844, -36.8111385 ], [ 174.7466029, -36.8110407 ], [ 174.7466037, -36.810997 ], [ 174.7459256, -36.8108687 ], [ 174.7456067, -36.8115534 ], [ 174.7474466, -36.8121077 ], [ 174.7480792, -36.8121417 ], [ 174.7485635, -36.8121393 ], [ 174.7485931, -36.8118366 ], [ 174.7482757, -36.8116604 ], [ 174.7477281, -36.8114555 ], [ 174.7475123, -36.8113584 ] ] ], [ [ [ 174.7448923, -36.8065247 ], [ 174.744971, -36.8063723 ], [ 174.7451588, -36.806217 ], [ 174.7450248, -36.8059378 ], [ 174.7444884, -36.8058538 ], [ 174.7444407, -36.8058798 ], [ 174.7442992, -36.8064881 ], [ 174.7445904, -36.8067157 ], [ 174.7445984, -36.8067698 ], [ 174.7447029, -36.8067143 ], [ 174.7448923, -36.8065247 ] ] ], [ [ [ 174.7454429, -36.8060596 ], [ 174.745381, -36.8060499 ], [ 174.7453718, -36.8059925 ], [ 174.7450841, -36.8059472 ], [ 174.7452182, -36.8062264 ], [ 174.7456825, -36.8062995 ], [ 174.7457648, -36.8060543 ], [ 174.7455266, -36.8060168 ], [ 174.7454429, -36.8060596 ] ] ], [ [ [ 174.7450091, -36.8051239 ], [ 174.7449679, -36.8054205 ], [ 174.7446837, -36.8053562 ], [ 174.7445622, -36.8052051 ], [ 174.7444864, -36.8056796 ], [ 174.7445191, -36.8057183 ], [ 174.7456167, -36.8058911 ], [ 174.745812, -36.8054212 ], [ 174.7460097, -36.8054635 ], [ 174.7461415, -36.805065 ], [ 174.7459022, -36.8050137 ], [ 174.7458241, -36.8048512 ], [ 174.7458281, -36.8048387 ], [ 174.7457922, -36.804861 ], [ 174.7458614, -36.805005 ], [ 174.7458299, -36.8052704 ], [ 174.745623, -36.8052335 ], [ 174.7455985, -36.8051554 ], [ 174.7457222, -36.8048787 ], [ 174.7457356, -36.8048723 ], [ 174.7456915, -36.8048664 ], [ 174.7455306, -36.8052128 ], [ 174.7450091, -36.8051239 ] ] ], [ [ [ 174.7535772, -36.7965722 ], [ 174.7538659, -36.7963499 ], [ 174.7535307, -36.7960682 ], [ 174.7536434, -36.7959815 ], [ 174.753202, -36.7956135 ], [ 174.7516448, -36.7945683 ], [ 174.751013, -36.794206 ], [ 174.7508055, -36.7942711 ], [ 174.7535772, -36.7965722 ] ] ], [ [ [ 174.7450072, -36.7956274 ], [ 174.7451627, -36.794508 ], [ 174.7450478, -36.7944765 ], [ 174.7439383, -36.7953426 ], [ 174.7442525, -36.7956025 ], [ 174.7445238, -36.7953904 ], [ 174.7445801, -36.795437 ], [ 174.7445592, -36.7955871 ], [ 174.7450072, -36.7956274 ] ] ], [ [ [ 174.7532001, -36.7944722 ], [ 174.7530743, -36.7945196 ], [ 174.752874, -36.7946315 ], [ 174.7527724, -36.7947122 ], [ 174.7525995, -36.7948784 ], [ 174.7525839, -36.7949087 ], [ 174.7525889, -36.7949347 ], [ 174.7533303, -36.7954402 ], [ 174.7536548, -36.7957052 ], [ 174.7558451, -36.7940193 ], [ 174.7554646, -36.7938597 ], [ 174.7550856, -36.7940547 ], [ 174.7550916, -36.7941055 ], [ 174.7550656, -36.7941574 ], [ 174.7550131, -36.7941923 ], [ 174.7549436, -36.794203 ], [ 174.7548742, -36.7941838 ], [ 174.7545643, -36.7939841 ], [ 174.7544698, -36.7939457 ], [ 174.7543829, -36.793933 ], [ 174.7543122, -36.7939361 ], [ 174.7542439, -36.793951 ], [ 174.7541664, -36.7939851 ], [ 174.7540643, -36.7940729 ], [ 174.7540527, -36.7940992 ], [ 174.7540598, -36.7941336 ], [ 174.7544988, -36.7944362 ], [ 174.7545196, -36.7944681 ], [ 174.7545258, -36.7945126 ], [ 174.7545077, -36.7945579 ], [ 174.754475, -36.7945885 ], [ 174.7543966, -36.7946123 ], [ 174.7543119, -36.7945928 ], [ 174.7542681, -36.7945527 ], [ 174.754243, -36.7944741 ], [ 174.7542111, -36.7944368 ], [ 174.7540007, -36.7943006 ], [ 174.7539062, -36.7942699 ], [ 174.7538476, -36.7942689 ], [ 174.7537772, -36.7942847 ], [ 174.7534988, -36.7943987 ], [ 174.75347, -36.7944382 ], [ 174.7534884, -36.7944901 ], [ 174.7535523, -36.7945881 ], [ 174.7536809, -36.7947272 ], [ 174.7538156, -36.7948287 ], [ 174.7539619, -36.7948704 ], [ 174.7540195, -36.794912 ], [ 174.7540397, -36.7949633 ], [ 174.7540314, -36.7950081 ], [ 174.7539996, -36.7950477 ], [ 174.7539496, -36.7950732 ], [ 174.7538898, -36.7950792 ], [ 174.7538231, -36.7950588 ], [ 174.7537108, -36.7949573 ], [ 174.7535683, -36.7948545 ], [ 174.7534106, -36.7946947 ], [ 174.7532802, -36.7944908 ], [ 174.7532352, -36.7944691 ], [ 174.7532001, -36.7944722 ] ] ], [ [ [ 174.7467069, -36.7949796 ], [ 174.7468856, -36.795008 ], [ 174.7470076, -36.7950425 ], [ 174.7471514, -36.7951016 ], [ 174.7472827, -36.7951771 ], [ 174.7473995, -36.7952671 ], [ 174.7478038, -36.7949514 ], [ 174.7467094, -36.7940448 ], [ 174.7464104, -36.7940884 ], [ 174.7461119, -36.7940543 ], [ 174.7458493, -36.7938825 ], [ 174.7456738, -36.7940195 ], [ 174.7455406, -36.7942383 ], [ 174.7454645, -36.794785 ], [ 174.7454804, -36.7948391 ], [ 174.7455082, -36.7948621 ], [ 174.7455549, -36.7948761 ], [ 174.7467069, -36.7949796 ] ] ], [ [ [ 174.7536035, -36.7941891 ], [ 174.7537909, -36.7940808 ], [ 174.7539964, -36.7939006 ], [ 174.7540683, -36.7938533 ], [ 174.7541907, -36.7938035 ], [ 174.7543206, -36.793781 ], [ 174.7543724, -36.7937438 ], [ 174.7543863, -36.7936636 ], [ 174.7543747, -36.7936157 ], [ 174.7543128, -36.7935565 ], [ 174.7542318, -36.7935372 ], [ 174.75383, -36.7936296 ], [ 174.7529874, -36.7936193 ], [ 174.7526365, -36.79376 ], [ 174.7523166, -36.793972 ], [ 174.7521245, -36.7940457 ], [ 174.7517182, -36.7941312 ], [ 174.7514962, -36.7942363 ], [ 174.7517988, -36.7944142 ], [ 174.7523568, -36.7947874 ], [ 174.7524189, -36.7947982 ], [ 174.7524531, -36.7947804 ], [ 174.7525455, -36.7946839 ], [ 174.7526959, -36.7945551 ], [ 174.7528856, -36.7944323 ], [ 174.7531, -36.7943397 ], [ 174.7534394, -36.7942513 ], [ 174.7536035, -36.7941891 ] ] ], [ [ [ 174.7550707, -36.7940297 ], [ 174.7554298, -36.7938451 ], [ 174.7545135, -36.7934608 ], [ 174.7544493, -36.7937847 ], [ 174.7546217, -36.7938324 ], [ 174.7548434, -36.7939658 ], [ 174.7548864, -36.7939784 ], [ 174.7550003, -36.7939846 ], [ 174.7550707, -36.7940297 ] ] ], [ [ [ 174.7428726, -36.7933883 ], [ 174.7443896, -36.7946429 ], [ 174.7444693, -36.7946438 ], [ 174.7459049, -36.7935231 ], [ 174.7455418, -36.7932221 ], [ 174.7452091, -36.7928462 ], [ 174.7451118, -36.7929217 ], [ 174.7449885, -36.79297 ], [ 174.7448527, -36.7929853 ], [ 174.7447176, -36.7929662 ], [ 174.7445965, -36.7929146 ], [ 174.7440614, -36.7924714 ], [ 174.7436693, -36.7926192 ], [ 174.7437609, -36.7926952 ], [ 174.7428726, -36.7933883 ] ] ], [ [ [ 174.7452289, -36.7928308 ], [ 174.7454738, -36.7931075 ], [ 174.7459343, -36.7935001 ], [ 174.7463318, -36.79319 ], [ 174.7462923, -36.7931575 ], [ 174.7469775, -36.7926228 ], [ 174.7466243, -36.7923301 ], [ 174.7470365, -36.7920085 ], [ 174.7471117, -36.7920712 ], [ 174.7474443, -36.7918132 ], [ 174.7470563, -36.7914896 ], [ 174.7469597, -36.7914882 ], [ 174.7452289, -36.7928308 ] ] ], [ [ [ 174.748691, -36.7912856 ], [ 174.7495823, -36.7905901 ], [ 174.7484171, -36.7896272 ], [ 174.7467987, -36.7908832 ], [ 174.7475326, -36.7914951 ], [ 174.7480576, -36.7910854 ], [ 174.748151, -36.7911637 ], [ 174.7483534, -36.7910057 ], [ 174.748691, -36.7912856 ] ] ], [ [ [ 174.760833, -36.9075452 ], [ 174.7613642, -36.9058448 ], [ 174.7613229, -36.90579 ], [ 174.7603637, -36.9056008 ], [ 174.7603023, -36.9056351 ], [ 174.7601812, -36.9064656 ], [ 174.7606482, -36.9065577 ], [ 174.76044, -36.9074678 ], [ 174.760833, -36.9075452 ] ] ], [ [ [ 174.7600665, -36.9053066 ], [ 174.759701, -36.9052346 ], [ 174.7595357, -36.9063692 ], [ 174.759956, -36.9064521 ], [ 174.7601147, -36.9053625 ], [ 174.7600665, -36.9053066 ] ] ], [ [ [ 174.7731456, -36.9052159 ], [ 174.7732101, -36.9052314 ], [ 174.773198, -36.9052639 ], [ 174.7732131, -36.9052864 ], [ 174.7736715, -36.9053961 ], [ 174.7741748, -36.9053191 ], [ 174.7741705, -36.9053014 ], [ 174.7743558, -36.905272 ], [ 174.7743912, -36.9052296 ], [ 174.7742059, -36.9044911 ], [ 174.7741481, -36.9044398 ], [ 174.771869, -36.9038917 ], [ 174.771801, -36.9039227 ], [ 174.7715075, -36.9048512 ], [ 174.772599, -36.9051123 ], [ 174.7725345, -36.9052862 ], [ 174.7714516, -36.9050269 ], [ 174.7709053, -36.9067732 ], [ 174.7716141, -36.9069176 ], [ 174.7717508, -36.9064842 ], [ 174.7724594, -36.9066296 ], [ 174.7726884, -36.9059044 ], [ 174.7729049, -36.9059554 ], [ 174.7726782, -36.9066748 ], [ 174.7741199, -36.9069623 ], [ 174.774005, -36.9064956 ], [ 174.7738964, -36.9062634 ], [ 174.774044, -36.9058626 ], [ 174.774075, -36.9057033 ], [ 174.7741332, -36.9056956 ], [ 174.7740803, -36.905481 ], [ 174.7738886, -36.9055114 ], [ 174.7738272, -36.905565 ], [ 174.7737518, -36.9060901 ], [ 174.773769, -36.9061165 ], [ 174.7738053, -36.9061323 ], [ 174.7737733, -36.9061799 ], [ 174.7737062, -36.9061507 ], [ 174.7735298, -36.9061488 ], [ 174.7735265, -36.9060948 ], [ 174.7735825, -36.9060926 ], [ 174.77362, -36.9060644 ], [ 174.7736924, -36.9055602 ], [ 174.773645, -36.9055026 ], [ 174.7731569, -36.9053857 ], [ 174.7731224, -36.9053953 ], [ 174.7730915, -36.9054302 ], [ 174.773038, -36.9053996 ], [ 174.7730657, -36.9053684 ], [ 174.7731169, -36.9052302 ], [ 174.7731456, -36.9052159 ] ] ], [ [ [ 174.7605606, -36.9054064 ], [ 174.760602, -36.9054612 ], [ 174.7613765, -36.9056141 ], [ 174.7614448, -36.9055809 ], [ 174.7618621, -36.9042284 ], [ 174.7609744, -36.9040531 ], [ 174.7605606, -36.9054064 ] ] ], [ [ [ 174.7618732, -36.9041933 ], [ 174.7619825, -36.9038477 ], [ 174.7610935, -36.9036635 ], [ 174.7609851, -36.9040178 ], [ 174.7618732, -36.9041933 ] ] ], [ [ [ 174.760721, -36.9022365 ], [ 174.760775, -36.9021359 ], [ 174.7600657, -36.9014392 ], [ 174.7601774, -36.9008047 ], [ 174.7591346, -36.9005999 ], [ 174.7591379, -36.9005893 ], [ 174.7588063, -36.9005228 ], [ 174.7588896, -36.9002592 ], [ 174.7592207, -36.900327 ], [ 174.7593039, -36.9000632 ], [ 174.7578129, -36.8997582 ], [ 174.7576475, -36.9002795 ], [ 174.7593957, -36.901876 ], [ 174.7595301, -36.9026662 ], [ 174.7601915, -36.9027949 ], [ 174.760178, -36.9031517 ], [ 174.760055, -36.9031277 ], [ 174.7600116, -36.9032658 ], [ 174.7595641, -36.9031749 ], [ 174.7595597, -36.9032052 ], [ 174.760066, -36.903308 ], [ 174.7600238, -36.9034419 ], [ 174.7602078, -36.90348 ], [ 174.7599327, -36.9047238 ], [ 174.7598348, -36.9047045 ], [ 174.7597282, -36.9050531 ], [ 174.7603412, -36.905174 ], [ 174.7604094, -36.9051409 ], [ 174.7608748, -36.9036183 ], [ 174.7609842, -36.9036409 ], [ 174.7610275, -36.9035032 ], [ 174.7610556, -36.9035088 ], [ 174.7611433, -36.9034203 ], [ 174.760337, -36.9021589 ], [ 174.760721, -36.9022365 ] ] ], [ [ [ 174.7591137, -36.9018926 ], [ 174.7585483, -36.9013762 ], [ 174.7581105, -36.9016861 ], [ 174.7584847, -36.9020278 ], [ 174.7591506, -36.9019579 ], [ 174.7591137, -36.9018926 ] ] ], [ [ [ 174.7720999, -36.9015608 ], [ 174.7722225, -36.9011658 ], [ 174.7706588, -36.9008794 ], [ 174.7705436, -36.9012443 ], [ 174.7720999, -36.9015608 ] ] ], [ [ [ 174.7720707, -36.9009518 ], [ 174.7721741, -36.9006342 ], [ 174.7720487, -36.9006091 ], [ 174.7721886, -36.9001639 ], [ 174.7709197, -36.8999063 ], [ 174.7707797, -36.9003515 ], [ 174.7708064, -36.9003573 ], [ 174.7706949, -36.9006998 ], [ 174.7720707, -36.9009518 ] ] ], [ [ [ 174.7720345, -36.8999453 ], [ 174.7721726, -36.8995059 ], [ 174.772511, -36.8995745 ], [ 174.7726349, -36.8991796 ], [ 174.7708341, -36.8988153 ], [ 174.7705648, -36.8996476 ], [ 174.7720345, -36.8999453 ] ] ], [ [ [ 174.7595344, -36.8993373 ], [ 174.7575464, -36.8989299 ], [ 174.7573716, -36.8994807 ], [ 174.7593597, -36.8998877 ], [ 174.7595344, -36.8993373 ] ] ], [ [ [ 174.7708905, -36.8986397 ], [ 174.7727954, -36.8990251 ], [ 174.7729233, -36.8986308 ], [ 174.7720979, -36.8984639 ], [ 174.7722552, -36.8979664 ], [ 174.7712861, -36.8977683 ], [ 174.7711573, -36.8978006 ], [ 174.7708905, -36.8986397 ] ] ], [ [ [ 174.7594821, -36.8991388 ], [ 174.7597626, -36.8982557 ], [ 174.7575641, -36.8978054 ], [ 174.7572839, -36.8986885 ], [ 174.7594821, -36.8991388 ] ] ], [ [ [ 174.7598054, -36.898077 ], [ 174.7599186, -36.897721 ], [ 174.7599496, -36.8977275 ], [ 174.7602866, -36.8966684 ], [ 174.7580305, -36.8963313 ], [ 174.7576197, -36.8976296 ], [ 174.7598054, -36.898077 ] ] ], [ [ [ 174.7710847, -36.8961548 ], [ 174.7707724, -36.8971302 ], [ 174.7713321, -36.8972495 ], [ 174.7712326, -36.897571 ], [ 174.7721526, -36.8977583 ], [ 174.7722534, -36.8974408 ], [ 174.7722764, -36.8974456 ], [ 174.7724565, -36.8968207 ], [ 174.7726219, -36.8968549 ], [ 174.7727257, -36.8964941 ], [ 174.7710847, -36.8961548 ] ] ], [ [ [ 174.7732152, -36.8969775 ], [ 174.7733363, -36.8966202 ], [ 174.7727587, -36.8965009 ], [ 174.772655, -36.8968617 ], [ 174.7732152, -36.8969775 ] ] ], [ [ [ 174.7724475, -36.8957553 ], [ 174.7725002, -36.8957662 ], [ 174.7726774, -36.8953515 ], [ 174.7727885, -36.895 ], [ 174.7718653, -36.8948119 ], [ 174.7714711, -36.8960479 ], [ 174.7722992, -36.8962188 ], [ 174.7724475, -36.8957553 ] ] ], [ [ [ 174.7594558, -36.8955048 ], [ 174.7594003, -36.8956803 ], [ 174.7590682, -36.8956151 ], [ 174.7589569, -36.8959665 ], [ 174.7586587, -36.8959086 ], [ 174.7585769, -36.8961116 ], [ 174.7581228, -36.896035 ], [ 174.7580853, -36.896156 ], [ 174.7596407, -36.8963881 ], [ 174.7599416, -36.895438 ], [ 174.7603546, -36.8939721 ], [ 174.7588632, -36.8936722 ], [ 174.7583989, -36.8951615 ], [ 174.7588987, -36.8952596 ], [ 174.7588583, -36.8953873 ], [ 174.7594558, -36.8955048 ] ] ], [ [ [ 174.7699559, -36.8934845 ], [ 174.7697317, -36.8941898 ], [ 174.7729464, -36.8948451 ], [ 174.7730603, -36.8944845 ], [ 174.7712549, -36.8941196 ], [ 174.7713638, -36.8937698 ], [ 174.7699559, -36.8934845 ] ] ], [ [ [ 174.7565737, -36.8931708 ], [ 174.7563862, -36.8936931 ], [ 174.7584769, -36.8941742 ], [ 174.7588123, -36.8930844 ], [ 174.7567018, -36.8926209 ], [ 174.7565547, -36.8931667 ], [ 174.7565737, -36.8931708 ] ] ], [ [ [ 174.7603972, -36.8937938 ], [ 174.7605799, -36.8932076 ], [ 174.7591027, -36.8929107 ], [ 174.7589252, -36.8934979 ], [ 174.7603972, -36.8937938 ] ] ], [ [ [ 174.7656399, -36.8930162 ], [ 174.7687185, -36.8936232 ], [ 174.7687693, -36.8936642 ], [ 174.768673, -36.8939787 ], [ 174.7687111, -36.8939863 ], [ 174.7688164, -36.8936424 ], [ 174.7690862, -36.8936956 ], [ 174.7691448, -36.8935026 ], [ 174.7696821, -36.8936079 ], [ 174.7698051, -36.8932219 ], [ 174.7682132, -36.8929075 ], [ 174.7678157, -36.8923181 ], [ 174.7668996, -36.8921373 ], [ 174.7661088, -36.8915121 ], [ 174.7656399, -36.8930162 ] ] ], [ [ [ 174.7683857, -36.8920057 ], [ 174.7680623, -36.8919435 ], [ 174.7680652, -36.8919346 ], [ 174.767579, -36.8917996 ], [ 174.7671806, -36.8917178 ], [ 174.7670948, -36.8919893 ], [ 174.7679665, -36.8921613 ], [ 174.7683646, -36.892751 ], [ 174.7686457, -36.8928065 ], [ 174.768848, -36.8921681 ], [ 174.7683857, -36.8920057 ] ] ], [ [ [ 174.770403, -36.8920695 ], [ 174.7717192, -36.8923322 ], [ 174.771847, -36.8919252 ], [ 174.7705337, -36.8916594 ], [ 174.770403, -36.8920695 ] ] ], [ [ [ 174.7589081, -36.8919778 ], [ 174.7589894, -36.8917395 ], [ 174.7572144, -36.8913498 ], [ 174.7570176, -36.8919278 ], [ 174.7569643, -36.8919163 ], [ 174.7567825, -36.8924514 ], [ 174.7588709, -36.8929094 ], [ 174.7591374, -36.8920282 ], [ 174.7589081, -36.8919778 ] ] ], [ [ [ 174.7658692, -36.8913347 ], [ 174.7657028, -36.891218 ], [ 174.765332, -36.8910483 ], [ 174.7651548, -36.8909983 ], [ 174.7650093, -36.8909376 ], [ 174.7649702, -36.8909533 ], [ 174.7644116, -36.8927457 ], [ 174.7654272, -36.8929499 ], [ 174.7659037, -36.8914232 ], [ 174.765902, -36.891375 ], [ 174.7658692, -36.8913347 ] ] ], [ [ [ 174.7637417, -36.8906881 ], [ 174.7631778, -36.8924976 ], [ 174.7641927, -36.8927017 ], [ 174.7647567, -36.8908916 ], [ 174.7647239, -36.8908477 ], [ 174.7637964, -36.8906617 ], [ 174.7637417, -36.8906881 ] ] ], [ [ [ 174.7597861, -36.8907266 ], [ 174.7609761, -36.8909703 ], [ 174.7609435, -36.891077 ], [ 174.7597536, -36.8908332 ], [ 174.7597264, -36.8908464 ], [ 174.7591559, -36.8927345 ], [ 174.7607853, -36.8930621 ], [ 174.7608877, -36.8927333 ], [ 174.7616729, -36.8917319 ], [ 174.7620998, -36.8903492 ], [ 174.7620793, -36.8903159 ], [ 174.7618404, -36.8902698 ], [ 174.7609815, -36.8902205 ], [ 174.7603824, -36.8900961 ], [ 174.7601865, -36.8900659 ], [ 174.760157, -36.8900734 ], [ 174.7600547, -36.8901415 ], [ 174.7599308, -36.8901705 ], [ 174.7597695, -36.8907043 ], [ 174.7597861, -36.8907266 ] ] ], [ [ [ 174.7634901, -36.8905999 ], [ 174.7623216, -36.8903672 ], [ 174.7618834, -36.8918039 ], [ 174.7615568, -36.8922166 ], [ 174.7624448, -36.8924087 ], [ 174.7624579, -36.8923668 ], [ 174.7629548, -36.8924666 ], [ 174.7635229, -36.8906438 ], [ 174.7634901, -36.8905999 ] ] ], [ [ [ 174.770907, -36.8904993 ], [ 174.7705898, -36.8914837 ], [ 174.771996, -36.8917686 ], [ 174.7721189, -36.8913774 ], [ 174.7718186, -36.8913196 ], [ 174.772003, -36.8907156 ], [ 174.770907, -36.8904993 ] ] ], [ [ [ 174.7592637, -36.8916118 ], [ 174.7595033, -36.8908188 ], [ 174.757728, -36.890429 ], [ 174.7574602, -36.8912157 ], [ 174.7592637, -36.8916118 ] ] ], [ [ [ 174.767839, -36.8909789 ], [ 174.7678825, -36.8909878 ], [ 174.7678736, -36.8910158 ], [ 174.7683581, -36.8912066 ], [ 174.7687155, -36.8914683 ], [ 174.7690481, -36.8915367 ], [ 174.7690663, -36.8914802 ], [ 174.7702818, -36.8917188 ], [ 174.7707502, -36.8902644 ], [ 174.7667365, -36.889478 ], [ 174.7663795, -36.8906325 ], [ 174.7672601, -36.890806 ], [ 174.7672064, -36.8909811 ], [ 174.7675812, -36.8910577 ], [ 174.7678742, -36.8901336 ], [ 174.7678748, -36.8900549 ], [ 174.7678959, -36.8900219 ], [ 174.7679386, -36.8899921 ], [ 174.7679922, -36.8899787 ], [ 174.7680471, -36.8899835 ], [ 174.7680953, -36.8900054 ], [ 174.7681242, -36.890034 ], [ 174.7681398, -36.8901075 ], [ 174.768093, -36.8901784 ], [ 174.767839, -36.8909789 ] ] ], [ [ [ 174.7646754, -36.8902874 ], [ 174.764755, -36.8902922 ], [ 174.7647402, -36.8903398 ], [ 174.7650691, -36.8904156 ], [ 174.7651221, -36.8902448 ], [ 174.7656192, -36.8903452 ], [ 174.7655573, -36.890545 ], [ 174.7661378, -36.8906609 ], [ 174.766264, -36.890253 ], [ 174.7662217, -36.8902031 ], [ 174.7656812, -36.8901452 ], [ 174.764302, -36.8900487 ], [ 174.7642206, -36.8903108 ], [ 174.7645515, -36.89038 ], [ 174.7645782, -36.8902938 ], [ 174.7646109, -36.8903004 ], [ 174.7646188, -36.8902748 ], [ 174.7646336, -36.8902687 ], [ 174.7646754, -36.8902874 ] ] ], [ [ [ 174.7583728, -36.8899079 ], [ 174.7579379, -36.8898121 ], [ 174.7577875, -36.8902541 ], [ 174.7595559, -36.8906428 ], [ 174.7596618, -36.8902922 ], [ 174.759659, -36.8901806 ], [ 174.759677, -36.8901084 ], [ 174.7592702, -36.890019 ], [ 174.7592269, -36.8901478 ], [ 174.7583555, -36.8899566 ], [ 174.7583728, -36.8899079 ] ] ], [ [ [ 174.7661612, -36.8892622 ], [ 174.7655637, -36.8891074 ], [ 174.7654485, -36.889018 ], [ 174.7645437, -36.888845 ], [ 174.7644301, -36.8892284 ], [ 174.7641682, -36.8898135 ], [ 174.7642053, -36.88986 ], [ 174.7657059, -36.889965 ], [ 174.7662765, -36.8900261 ], [ 174.7663461, -36.8899881 ], [ 174.7664911, -36.88952 ], [ 174.7661612, -36.8892622 ] ] ], [ [ [ 174.7620043, -36.8887929 ], [ 174.7619822, -36.8887977 ], [ 174.7618665, -36.8891885 ], [ 174.7608297, -36.8889829 ], [ 174.7603256, -36.8888961 ], [ 174.7601431, -36.8895021 ], [ 174.7604249, -36.8895586 ], [ 174.7603564, -36.8897855 ], [ 174.7620743, -36.8901298 ], [ 174.7624499, -36.8888759 ], [ 174.7620043, -36.8887929 ] ] ], [ [ [ 174.7629005, -36.8900539 ], [ 174.7630043, -36.8900917 ], [ 174.7633027, -36.8901517 ], [ 174.7633737, -36.8899231 ], [ 174.7635562, -36.8899597 ], [ 174.7634844, -36.8901909 ], [ 174.7636669, -36.8902275 ], [ 174.7637387, -36.8899963 ], [ 174.7638377, -36.8900162 ], [ 174.7642135, -36.8891766 ], [ 174.7643241, -36.8888031 ], [ 174.7628195, -36.8885157 ], [ 174.7627786, -36.8885361 ], [ 174.762295, -36.890174 ], [ 174.7628352, -36.8902822 ], [ 174.7629005, -36.8900539 ] ] ], [ [ [ 174.7624599, -36.8888423 ], [ 174.7625659, -36.8884679 ], [ 174.7618327, -36.8883272 ], [ 174.7617245, -36.8887018 ], [ 174.7624599, -36.8888423 ] ] ], [ [ [ 174.7609192, -36.8885518 ], [ 174.7613905, -36.8886396 ], [ 174.7615058, -36.8882662 ], [ 174.7612406, -36.8882069 ], [ 174.7605719, -36.8880917 ], [ 174.7603352, -36.888864 ], [ 174.7608042, -36.8889495 ], [ 174.7609192, -36.8885518 ] ] ], [ [ [ 174.7582237, -36.8885661 ], [ 174.7581286, -36.888846 ], [ 174.7582212, -36.8888662 ], [ 174.7582713, -36.8889477 ], [ 174.758151, -36.8893017 ], [ 174.7598173, -36.8896635 ], [ 174.7598622, -36.8896342 ], [ 174.7601921, -36.8885742 ], [ 174.7597299, -36.8884729 ], [ 174.7598514, -36.8880777 ], [ 174.7556866, -36.8871645 ], [ 174.7553261, -36.8883406 ], [ 174.7554862, -36.8883756 ], [ 174.7553884, -36.8886945 ], [ 174.7557183, -36.8887665 ], [ 174.7558105, -36.8884655 ], [ 174.7560229, -36.8885075 ], [ 174.7559293, -36.8888132 ], [ 174.7559689, -36.8888219 ], [ 174.7560495, -36.8885588 ], [ 174.7562917, -36.8886067 ], [ 174.7563455, -36.8884316 ], [ 174.7565184, -36.8884699 ], [ 174.7563822, -36.8889133 ], [ 174.7564218, -36.8889221 ], [ 174.7565446, -36.8885221 ], [ 174.7568216, -36.8885834 ], [ 174.7569155, -36.888278 ], [ 174.7582237, -36.8885661 ] ] ], [ [ [ 174.7627403, -36.8883143 ], [ 174.7629484, -36.8875869 ], [ 174.7629226, -36.8875821 ], [ 174.7629685, -36.8866338 ], [ 174.7627814, -36.886478 ], [ 174.7610848, -36.8864017 ], [ 174.7606289, -36.887903 ], [ 174.7627403, -36.8883143 ] ] ], [ [ [ 174.7589987, -36.8867842 ], [ 174.7587349, -36.8876448 ], [ 174.7599448, -36.8879104 ], [ 174.760055, -36.8875585 ], [ 174.7599066, -36.8875257 ], [ 174.7599258, -36.8874645 ], [ 174.7604924, -36.887588 ], [ 174.7607258, -36.8868235 ], [ 174.7606978, -36.8868179 ], [ 174.7607865, -36.8865292 ], [ 174.7607685, -36.8865058 ], [ 174.7587172, -36.8860645 ], [ 174.7585119, -36.88668 ], [ 174.7582618, -36.8866268 ], [ 174.7579793, -36.887479 ], [ 174.7585171, -36.887597 ], [ 174.7587806, -36.8867376 ], [ 174.7589987, -36.8867842 ] ] ], [ [ [ 174.7623965, -36.8858818 ], [ 174.7623189, -36.8861549 ], [ 174.7631416, -36.886306 ], [ 174.7632053, -36.8863092 ], [ 174.7632961, -36.8860471 ], [ 174.7623965, -36.8858818 ] ] ], [ [ [ 174.7605394, -36.886269 ], [ 174.7606972, -36.885795 ], [ 174.7605187, -36.8857565 ], [ 174.7607215, -36.8852162 ], [ 174.7590036, -36.8848456 ], [ 174.7588215, -36.88539 ], [ 174.7588481, -36.8853951 ], [ 174.7586895, -36.8858708 ], [ 174.7605394, -36.886269 ] ] ], [ [ [ 174.7618595, -36.8847306 ], [ 174.7619505, -36.8855858 ], [ 174.7619055, -36.8857432 ], [ 174.762387, -36.8858407 ], [ 174.762407, -36.8857709 ], [ 174.763142, -36.8859059 ], [ 174.7632103, -36.8858719 ], [ 174.7632749, -36.8856578 ], [ 174.7633825, -36.8856788 ], [ 174.7635694, -36.8850596 ], [ 174.7618595, -36.8847306 ] ] ], [ [ [ 174.7616754, -36.8845096 ], [ 174.7632379, -36.884807 ], [ 174.7637771, -36.8840277 ], [ 174.7640847, -36.8833942 ], [ 174.7623604, -36.8831304 ], [ 174.7621773, -36.8835609 ], [ 174.7622581, -36.8835926 ], [ 174.7616754, -36.8845096 ] ] ], [ [ [ 174.7605824, -36.8839857 ], [ 174.7603994, -36.8839471 ], [ 174.7606036, -36.8836274 ], [ 174.7608083, -36.8836716 ], [ 174.7610079, -36.8833477 ], [ 174.7600851, -36.8831425 ], [ 174.7592168, -36.8829291 ], [ 174.7588606, -36.8840255 ], [ 174.758902, -36.8840343 ], [ 174.7588995, -36.8840421 ], [ 174.7591022, -36.8840816 ], [ 174.7589209, -36.8846397 ], [ 174.7603228, -36.8849426 ], [ 174.7605164, -36.8843637 ], [ 174.760891, -36.8844392 ], [ 174.7609272, -36.8843332 ], [ 174.7604994, -36.884247 ], [ 174.7605824, -36.8839857 ] ] ], [ [ [ 174.7601497, -36.8829852 ], [ 174.7611378, -36.8832033 ], [ 174.7613817, -36.8824452 ], [ 174.7596267, -36.8820794 ], [ 174.7595393, -36.8823653 ], [ 174.7596614, -36.8824059 ], [ 174.7595672, -36.8828378 ], [ 174.7601497, -36.8829852 ] ] ], [ [ [ 174.7635306, -36.8815684 ], [ 174.7628462, -36.8816206 ], [ 174.7629058, -36.8821226 ], [ 174.7627625, -36.8821336 ], [ 174.7627918, -36.8822674 ], [ 174.7627777, -36.8822684 ], [ 174.7628237, -36.8825327 ], [ 174.7626562, -36.8829914 ], [ 174.7641673, -36.8832224 ], [ 174.7645549, -36.882413 ], [ 174.7644003, -36.8815721 ], [ 174.7641647, -36.8815195 ], [ 174.7637551, -36.8815509 ], [ 174.7638896, -36.8826819 ], [ 174.763652, -36.8825891 ], [ 174.7635306, -36.8815684 ] ] ], [ [ [ 174.7612198, -36.8822242 ], [ 174.7613394, -36.8818517 ], [ 174.7614365, -36.8818707 ], [ 174.761414, -36.8815839 ], [ 174.7597687, -36.8812385 ], [ 174.7598256, -36.8810617 ], [ 174.7616412, -36.8814443 ], [ 174.761641, -36.8812958 ], [ 174.7615914, -36.881299 ], [ 174.7615401, -36.8808173 ], [ 174.7615678, -36.8806862 ], [ 174.7591437, -36.8801071 ], [ 174.7589836, -36.880089 ], [ 174.7584803, -36.8813017 ], [ 174.7580436, -36.8817701 ], [ 174.7588805, -36.8819441 ], [ 174.7589401, -36.8817499 ], [ 174.7612198, -36.8822242 ] ] ], [ [ [ 174.7642883, -36.8809647 ], [ 174.7643563, -36.8809596 ], [ 174.7642888, -36.880609 ], [ 174.7642201, -36.8806062 ], [ 174.7625192, -36.8807307 ], [ 174.7625986, -36.8814576 ], [ 174.764357, -36.8813228 ], [ 174.7642883, -36.8809647 ] ] ], [ [ [ 174.7570207, -36.8801429 ], [ 174.7567326, -36.8807943 ], [ 174.7567038, -36.8808856 ], [ 174.7574648, -36.8810445 ], [ 174.7577833, -36.8801853 ], [ 174.7570207, -36.8801429 ] ] ], [ [ [ 174.7587149, -36.8801911 ], [ 174.7587703, -36.8800204 ], [ 174.7584325, -36.8799655 ], [ 174.7581362, -36.8798657 ], [ 174.7580028, -36.8801991 ], [ 174.7578984, -36.8805099 ], [ 174.7578213, -36.880686 ], [ 174.7576803, -36.8810937 ], [ 174.7582777, -36.8812164 ], [ 174.7587149, -36.8801911 ] ] ], [ [ [ 174.7622627, -36.8805688 ], [ 174.7641913, -36.8804249 ], [ 174.7640596, -36.8797459 ], [ 174.7625774, -36.8798575 ], [ 174.7620888, -36.8799086 ], [ 174.7621412, -36.8802293 ], [ 174.7622195, -36.8802211 ], [ 174.7622627, -36.8805688 ] ] ], [ [ [ 174.7614929, -36.8788217 ], [ 174.7614241, -36.8790992 ], [ 174.7614131, -36.8794177 ], [ 174.7614695, -36.8796215 ], [ 174.7615338, -36.879754 ], [ 174.7615687, -36.87978 ], [ 174.762559, -36.8796769 ], [ 174.7638586, -36.879579 ], [ 174.7633739, -36.8793221 ], [ 174.7623736, -36.8787709 ], [ 174.7614929, -36.8788217 ] ] ], [ [ [ 174.7614414, -36.8786353 ], [ 174.7620041, -36.8786104 ], [ 174.7619465, -36.8775648 ], [ 174.7619752, -36.8774045 ], [ 174.7618387, -36.8773897 ], [ 174.7618447, -36.8772087 ], [ 174.7613651, -36.8771668 ], [ 174.7614414, -36.8786353 ] ] ], [ [ [ 174.7610327, -36.8794748 ], [ 174.7611763, -36.8789783 ], [ 174.7612092, -36.8787881 ], [ 174.7612159, -36.8785645 ], [ 174.7611855, -36.8780527 ], [ 174.7607319, -36.8780276 ], [ 174.7607188, -36.8778082 ], [ 174.7602372, -36.8776957 ], [ 174.7599581, -36.8784633 ], [ 174.7597414, -36.8784124 ], [ 174.7600206, -36.8776446 ], [ 174.7586592, -36.877325 ], [ 174.7592644, -36.8754736 ], [ 174.7580208, -36.8753064 ], [ 174.757403, -36.877253 ], [ 174.7581331, -36.8773992 ], [ 174.7581247, -36.8778342 ], [ 174.7583733, -36.8785852 ], [ 174.758171, -36.8786795 ], [ 174.7578985, -36.8778561 ], [ 174.7579047, -36.8775403 ], [ 174.7573484, -36.8774289 ], [ 174.7571267, -36.8781429 ], [ 174.7574202, -36.8790295 ], [ 174.7580665, -36.8796135 ], [ 174.7582236, -36.879695 ], [ 174.758661, -36.8798019 ], [ 174.758863, -36.8798678 ], [ 174.7588883, -36.8798013 ], [ 174.7589899, -36.8798248 ], [ 174.7590725, -36.8798717 ], [ 174.759661, -36.8800065 ], [ 174.7596608, -36.880043 ], [ 174.7611605, -36.8803983 ], [ 174.761138, -36.8800221 ], [ 174.7614286, -36.8800481 ], [ 174.7610327, -36.8794748 ] ] ], [ [ [ 174.7594835, -36.8755184 ], [ 174.7589365, -36.8772058 ], [ 174.7611677, -36.8777248 ], [ 174.7611355, -36.8771413 ], [ 174.7612666, -36.8767898 ], [ 174.7608871, -36.8767004 ], [ 174.7609571, -36.8765446 ], [ 174.7613256, -36.8766319 ], [ 174.7614957, -36.8761554 ], [ 174.7614754, -36.8755128 ], [ 174.7615533, -36.8753271 ], [ 174.7610304, -36.8752021 ], [ 174.7602048, -36.8756697 ], [ 174.7594835, -36.8755184 ] ] ], [ [ [ 174.7633487, -36.87614 ], [ 174.7631838, -36.8758487 ], [ 174.7629619, -36.8759225 ], [ 174.7626426, -36.8759366 ], [ 174.7621547, -36.8764446 ], [ 174.7616758, -36.8766424 ], [ 174.7620858, -36.8767415 ], [ 174.7621913, -36.8766936 ], [ 174.7623118, -36.8767221 ], [ 174.762775, -36.8763466 ], [ 174.7633487, -36.87614 ] ] ], [ [ [ 174.7620807, -36.8763737 ], [ 174.7623773, -36.8760644 ], [ 174.7620173, -36.8754383 ], [ 174.7617614, -36.8753694 ], [ 174.761725, -36.8755178 ], [ 174.7617022, -36.8757686 ], [ 174.7617238, -36.8761966 ], [ 174.7616149, -36.8764882 ], [ 174.7617364, -36.8765176 ], [ 174.7620807, -36.8763737 ] ] ], [ [ [ 174.763125, -36.8747521 ], [ 174.7629918, -36.8744835 ], [ 174.7626104, -36.874497 ], [ 174.7635022, -36.8760795 ], [ 174.7638056, -36.8759644 ], [ 174.763125, -36.8747521 ] ] ], [ [ [ 174.7631367, -36.8757663 ], [ 174.7625029, -36.8746383 ], [ 174.7622921, -36.8746457 ], [ 174.7621813, -36.8746751 ], [ 174.7621304, -36.8747372 ], [ 174.7619501, -36.874974 ], [ 174.7618111, -36.8752379 ], [ 174.7621416, -36.8753269 ], [ 174.7624952, -36.8759417 ], [ 174.7625771, -36.8758564 ], [ 174.7626596, -36.8758397 ], [ 174.7629376, -36.8758325 ], [ 174.7631367, -36.8757663 ] ] ], [ [ [ 174.7616274, -36.8751515 ], [ 174.761715, -36.8749388 ], [ 174.7619801, -36.8745825 ], [ 174.7620587, -36.8744518 ], [ 174.762072, -36.8743294 ], [ 174.762067, -36.8741579 ], [ 174.7620252, -36.8741232 ], [ 174.7607046, -36.8740673 ], [ 174.7603583, -36.8740085 ], [ 174.7598213, -36.8738101 ], [ 174.7596057, -36.874458 ], [ 174.7595443, -36.875344 ], [ 174.7601604, -36.8754734 ], [ 174.7609931, -36.875005 ], [ 174.7616274, -36.8751515 ] ] ], [ [ [ 174.7595704, -36.8738475 ], [ 174.7595164, -36.8737857 ], [ 174.7595446, -36.8737235 ], [ 174.7591799, -36.8736316 ], [ 174.7585301, -36.8734969 ], [ 174.7584038, -36.873894 ], [ 174.7583805, -36.8741768 ], [ 174.7580729, -36.8751302 ], [ 174.7593198, -36.8752975 ], [ 174.7593817, -36.8744072 ], [ 174.7594458, -36.8742457 ], [ 174.7595704, -36.8738475 ] ] ], [ [ [ 174.7583746, -36.8734663 ], [ 174.7562895, -36.8730375 ], [ 174.7557741, -36.8746511 ], [ 174.7578544, -36.8750847 ], [ 174.758057, -36.8744587 ], [ 174.7580411, -36.8744363 ], [ 174.757524, -36.8743234 ], [ 174.7575562, -36.8742444 ], [ 174.7580887, -36.8743607 ], [ 174.7583746, -36.8734663 ] ] ], [ [ [ 174.7603207, -36.8725219 ], [ 174.7598473, -36.873585 ], [ 174.7598666, -36.8736224 ], [ 174.7604336, -36.8738349 ], [ 174.7604297, -36.8738413 ], [ 174.7607411, -36.8739377 ], [ 174.7620653, -36.8739925 ], [ 174.7620494, -36.8734205 ], [ 174.7618716, -36.8726527 ], [ 174.7613387, -36.8726585 ], [ 174.7609482, -36.872647 ], [ 174.7603207, -36.8725219 ] ] ], [ [ [ 174.7570543, -36.872149 ], [ 174.7570323, -36.8722203 ], [ 174.7560172, -36.8720088 ], [ 174.7554984, -36.872686 ], [ 174.7585408, -36.8733108 ], [ 174.7587606, -36.8726346 ], [ 174.7588615, -36.8726553 ], [ 174.7589046, -36.8725291 ], [ 174.7587863, -36.8725589 ], [ 174.758936, -36.8721182 ], [ 174.7590208, -36.8718215 ], [ 174.7565242, -36.8713423 ], [ 174.756068, -36.8719418 ], [ 174.7570543, -36.872149 ] ] ], [ [ [ 174.7595624, -36.7874105 ], [ 174.7608478, -36.7863982 ], [ 174.7605074, -36.7861092 ], [ 174.7592153, -36.7871249 ], [ 174.7595624, -36.7874105 ] ] ], [ [ [ 174.7587121, -36.7867105 ], [ 174.7587219, -36.7867029 ], [ 174.7590579, -36.7869953 ], [ 174.7603524, -36.7859775 ], [ 174.759672, -36.7853995 ], [ 174.7583662, -36.7864259 ], [ 174.7587121, -36.7867105 ] ] ], [ [ [ 174.7790586, -36.917929 ], [ 174.7789212, -36.9176451 ], [ 174.7786588, -36.917133 ], [ 174.778584, -36.9171306 ], [ 174.7779583, -36.9181296 ], [ 174.7776751, -36.9183744 ], [ 174.7773444, -36.918691 ], [ 174.7773625, -36.9187263 ], [ 174.7793949, -36.9188746 ], [ 174.7794334, -36.9188357 ], [ 174.7790586, -36.917929 ] ] ], [ [ [ 174.7778168, -36.917953 ], [ 174.7785105, -36.9168299 ], [ 174.778387, -36.9165996 ], [ 174.7783131, -36.9165551 ], [ 174.7765179, -36.9167094 ], [ 174.7762048, -36.9174667 ], [ 174.7769796, -36.9176768 ], [ 174.7778168, -36.917953 ] ] ], [ [ [ 174.7809066, -36.9166838 ], [ 174.7811341, -36.9166646 ], [ 174.7811637, -36.9166345 ], [ 174.7811133, -36.9163154 ], [ 174.7790761, -36.9164905 ], [ 174.7791127, -36.9167638 ], [ 174.7787321, -36.9167957 ], [ 174.779082, -36.9174804 ], [ 174.7791549, -36.917586 ], [ 174.7802228, -36.9174847 ], [ 174.7801467, -36.9169497 ], [ 174.7809318, -36.9168833 ], [ 174.7809066, -36.9166838 ] ] ], [ [ [ 174.7821106, -36.916231 ], [ 174.7811746, -36.9163102 ], [ 174.781238, -36.9167113 ], [ 174.7817674, -36.9166684 ], [ 174.7817405, -36.916465 ], [ 174.7821363, -36.9164254 ], [ 174.7821106, -36.916231 ] ] ], [ [ [ 174.7817212, -36.9160817 ], [ 174.7820874, -36.9160507 ], [ 174.7820508, -36.9157853 ], [ 174.7816863, -36.9158162 ], [ 174.7817212, -36.9160817 ] ] ], [ [ [ 174.7754748, -36.9055157 ], [ 174.7772361, -36.9046271 ], [ 174.7768757, -36.9041669 ], [ 174.7751145, -36.9050553 ], [ 174.7754748, -36.9055157 ] ] ], [ [ [ 174.7750199, -36.9044376 ], [ 174.7744519, -36.9045259 ], [ 174.7745914, -36.905106 ], [ 174.7756422, -36.9045752 ], [ 174.7753716, -36.9034503 ], [ 174.7748072, -36.9035534 ], [ 174.7750199, -36.9044376 ] ] ], [ [ [ 174.7744333, -36.9028604 ], [ 174.7745485, -36.9032946 ], [ 174.7747406, -36.9032613 ], [ 174.7748153, -36.9035379 ], [ 174.7753683, -36.9034366 ], [ 174.7753034, -36.9031668 ], [ 174.7755253, -36.9031333 ], [ 174.7758473, -36.9044716 ], [ 174.7768039, -36.9039889 ], [ 174.7771403, -36.9023875 ], [ 174.7744333, -36.9028604 ] ] ], [ [ [ 174.7766261, -36.9022919 ], [ 174.7764985, -36.9018208 ], [ 174.7765639, -36.9018094 ], [ 174.7764332, -36.9012957 ], [ 174.7742219, -36.9016583 ], [ 174.7743583, -36.9021947 ], [ 174.7744474, -36.9021791 ], [ 174.774575, -36.9026503 ], [ 174.7766261, -36.9022919 ] ] ], [ [ [ 174.8166525, -36.8996991 ], [ 174.8166586, -36.8997102 ], [ 174.816248, -36.8998495 ], [ 174.8162527, -36.899842 ], [ 174.8154599, -36.9001386 ], [ 174.8151901, -36.9004522 ], [ 174.8167473, -36.9013122 ], [ 174.8173799, -36.9005744 ], [ 174.8176221, -36.8999441 ], [ 174.8169892, -36.899626 ], [ 174.8166525, -36.8996991 ] ] ], [ [ [ 174.7763873, -36.9011178 ], [ 174.7762463, -36.9005781 ], [ 174.7763704, -36.9005577 ], [ 174.7761648, -36.9002734 ], [ 174.7761285, -36.9001487 ], [ 174.774005, -36.9002988 ], [ 174.7741563, -36.9009214 ], [ 174.77404, -36.9009405 ], [ 174.7741775, -36.9014814 ], [ 174.7763873, -36.9011178 ] ] ], [ [ [ 174.7739068, -36.8998947 ], [ 174.7739444, -36.9001208 ], [ 174.7759965, -36.8999761 ], [ 174.7760219, -36.8994492 ], [ 174.7755329, -36.8993366 ], [ 174.7740315, -36.8987237 ], [ 174.7738007, -36.8994583 ], [ 174.7739068, -36.8998947 ] ] ], [ [ [ 174.8151241, -36.8972022 ], [ 174.8151005, -36.8971941 ], [ 174.814855, -36.8976505 ], [ 174.8148966, -36.8976651 ], [ 174.8147052, -36.8980187 ], [ 174.8157042, -36.8978556 ], [ 174.8154935, -36.89902 ], [ 174.8163863, -36.8991245 ], [ 174.816696, -36.8974021 ], [ 174.8152811, -36.8969112 ], [ 174.8151241, -36.8972022 ] ] ], [ [ [ 174.7743611, -36.8972636 ], [ 174.774969, -36.8975152 ], [ 174.7745837, -36.8987454 ], [ 174.7754095, -36.8990828 ], [ 174.7756327, -36.898369 ], [ 174.7758117, -36.8984051 ], [ 174.7759631, -36.8979211 ], [ 174.7758568, -36.8978731 ], [ 174.7764144, -36.8969782 ], [ 174.7744694, -36.8961956 ], [ 174.774435, -36.8965333 ], [ 174.7747066, -36.8966407 ], [ 174.7745791, -36.8968829 ], [ 174.7744939, -36.896849 ], [ 174.7744881, -36.8968671 ], [ 174.7740583, -36.8966964 ], [ 174.7740612, -36.8967384 ], [ 174.7744764, -36.8969033 ], [ 174.7743611, -36.8972636 ] ] ], [ [ [ 174.8013424, -36.896749 ], [ 174.8013361, -36.8966728 ], [ 174.800291, -36.8955921 ], [ 174.7998469, -36.8958691 ], [ 174.79928, -36.8952828 ], [ 174.7990966, -36.8953973 ], [ 174.799, -36.8949359 ], [ 174.7991018, -36.8948724 ], [ 174.7989065, -36.8946704 ], [ 174.7986785, -36.8945666 ], [ 174.7983629, -36.8953132 ], [ 174.7980716, -36.8956136 ], [ 174.7980614, -36.8956398 ], [ 174.7980706, -36.8956606 ], [ 174.801062, -36.8970273 ], [ 174.8011014, -36.8970343 ], [ 174.8011389, -36.8970221 ], [ 174.8013424, -36.896749 ] ] ], [ [ [ 174.7768286, -36.8959031 ], [ 174.7767739, -36.8959921 ], [ 174.777381, -36.8962331 ], [ 174.777631, -36.8958268 ], [ 174.7767126, -36.8954623 ], [ 174.7766056, -36.8958146 ], [ 174.7768286, -36.8959031 ] ] ], [ [ [ 174.7765052, -36.8953801 ], [ 174.7747948, -36.8947012 ], [ 174.7744346, -36.8959793 ], [ 174.7761176, -36.8966563 ], [ 174.7765052, -36.8953801 ] ], [ [ 174.7757599, -36.8958073 ], [ 174.7757956, -36.8957024 ], [ 174.7758574, -36.8957269 ], [ 174.7758234, -36.8958328 ], [ 174.7757599, -36.8958073 ] ] ], [ [ [ 174.7891547, -36.8929071 ], [ 174.7910159, -36.8947413 ], [ 174.7912861, -36.8950316 ], [ 174.7915243, -36.8953388 ], [ 174.7920587, -36.8951098 ], [ 174.792068, -36.8950853 ], [ 174.7918742, -36.8947937 ], [ 174.7899174, -36.8928656 ], [ 174.7894613, -36.8928818 ], [ 174.7894468, -36.8928674 ], [ 174.7891879, -36.8928766 ], [ 174.7891547, -36.8929071 ] ] ], [ [ [ 174.7902042, -36.8928614 ], [ 174.7920634, -36.8946937 ], [ 174.792276, -36.8950136 ], [ 174.792306, -36.8950202 ], [ 174.7933349, -36.8945804 ], [ 174.7929964, -36.8941294 ], [ 174.792602, -36.8937034 ], [ 174.7916874, -36.8928023 ], [ 174.791215, -36.8931115 ], [ 174.790834, -36.892736 ], [ 174.7907052, -36.8928107 ], [ 174.790223, -36.8928277 ], [ 174.7902042, -36.8928614 ] ] ], [ [ [ 174.8014141, -36.8922462 ], [ 174.7994657, -36.894256 ], [ 174.79947, -36.8942961 ], [ 174.7996322, -36.8944146 ], [ 174.8005876, -36.8947481 ], [ 174.8013532, -36.8937974 ], [ 174.8013447, -36.8937929 ], [ 174.8014838, -36.8936494 ], [ 174.8024464, -36.8941514 ], [ 174.8029182, -36.8935675 ], [ 174.8031532, -36.8932177 ], [ 174.8026547, -36.8929177 ], [ 174.8023158, -36.8927913 ], [ 174.8014141, -36.8922462 ] ] ], [ [ [ 174.8006963, -36.8926518 ], [ 174.8006886, -36.892635 ], [ 174.7998794, -36.8920429 ], [ 174.7998208, -36.8920359 ], [ 174.7997882, -36.8920506 ], [ 174.7987453, -36.8929693 ], [ 174.7992393, -36.8933309 ], [ 174.7992743, -36.8932976 ], [ 174.7997666, -36.8936576 ], [ 174.8006862, -36.8927107 ], [ 174.8006996, -36.8926873 ], [ 174.8006963, -36.8926518 ] ] ], [ [ [ 174.8008695, -36.8925222 ], [ 174.8012388, -36.8921415 ], [ 174.8008197, -36.8918932 ], [ 174.8004522, -36.8922171 ], [ 174.8008695, -36.8925222 ] ] ], [ [ [ 174.7889356, -36.8926925 ], [ 174.7900332, -36.8926532 ], [ 174.7902665, -36.8926328 ], [ 174.7904309, -36.8926001 ], [ 174.7903875, -36.8925683 ], [ 174.7907676, -36.8922335 ], [ 174.7886372, -36.8906744 ], [ 174.7877125, -36.8914889 ], [ 174.7889356, -36.8926925 ] ] ], [ [ [ 174.7735593, -36.888939 ], [ 174.7736577, -36.8885952 ], [ 174.7727621, -36.8884137 ], [ 174.7726493, -36.888753 ], [ 174.7735593, -36.888939 ] ] ], [ [ [ 174.7741995, -36.8876556 ], [ 174.7733474, -36.8875599 ], [ 174.7727675, -36.887446 ], [ 174.7726354, -36.8878032 ], [ 174.7725516, -36.8877872 ], [ 174.7724152, -36.8881484 ], [ 174.7736622, -36.8884096 ], [ 174.7737702, -36.8880272 ], [ 174.7741231, -36.8880973 ], [ 174.7741995, -36.8876556 ] ] ], [ [ [ 174.7760527, -36.887511 ], [ 174.7762009, -36.88758 ], [ 174.77631, -36.8876465 ], [ 174.7764241, -36.8877351 ], [ 174.7765686, -36.8878727 ], [ 174.77661, -36.8878779 ], [ 174.7766487, -36.8878648 ], [ 174.777419, -36.8873718 ], [ 174.7774272, -36.8873139 ], [ 174.7770878, -36.8869718 ], [ 174.7766057, -36.8872805 ], [ 174.7761502, -36.8871166 ], [ 174.7760527, -36.887511 ] ] ], [ [ [ 174.7728331, -36.8872732 ], [ 174.7733898, -36.8873812 ], [ 174.7744277, -36.8874975 ], [ 174.774509, -36.8870279 ], [ 174.7744207, -36.887025 ], [ 174.774595, -36.8870306 ], [ 174.7746791, -36.8865933 ], [ 174.7745092, -36.8865853 ], [ 174.7736815, -36.8866554 ], [ 174.7731078, -36.8865473 ], [ 174.7729399, -36.886917 ], [ 174.7728331, -36.8872732 ] ] ], [ [ [ 174.8027216, -36.8864181 ], [ 174.8027207, -36.8864265 ], [ 174.8059743, -36.8866464 ], [ 174.8059939, -36.8864332 ], [ 174.803697, -36.886287 ], [ 174.8036843, -36.8862731 ], [ 174.8027216, -36.8864181 ] ] ], [ [ [ 174.7775342, -36.8872455 ], [ 174.7776063, -36.887252 ], [ 174.7799935, -36.8857247 ], [ 174.7799916, -36.8856724 ], [ 174.779968, -36.8856532 ], [ 174.7773458, -36.8854068 ], [ 174.7771806, -36.8868891 ], [ 174.7775342, -36.8872455 ] ] ], [ [ [ 174.7763858, -36.8858245 ], [ 174.7761717, -36.8858176 ], [ 174.7761523, -36.8860218 ], [ 174.7761523, -36.886181 ], [ 174.7763745, -36.8861887 ], [ 174.7763506, -36.8866334 ], [ 174.7765032, -36.8866657 ], [ 174.7764755, -36.8865349 ], [ 174.7770723, -36.8866281 ], [ 174.7772097, -36.8853943 ], [ 174.7760822, -36.8852893 ], [ 174.7760627, -36.8856301 ], [ 174.7763921, -36.8856442 ], [ 174.7763858, -36.8858245 ] ] ], [ [ [ 174.8074688, -36.8842624 ], [ 174.8042887, -36.8861428 ], [ 174.8060076, -36.8862521 ], [ 174.80762, -36.8852987 ], [ 174.8080298, -36.8848922 ], [ 174.8075153, -36.884269 ], [ 174.8074688, -36.8842624 ] ] ], [ [ [ 174.7729852, -36.8863122 ], [ 174.7730083, -36.8863423 ], [ 174.7736959, -36.886472 ], [ 174.7739346, -36.8864508 ], [ 174.7739738, -36.8861588 ], [ 174.7734186, -36.8860612 ], [ 174.7735776, -36.8855125 ], [ 174.7735425, -36.8855059 ], [ 174.7737095, -36.8848886 ], [ 174.7733766, -36.8848261 ], [ 174.7732096, -36.8854435 ], [ 174.7729434, -36.8853935 ], [ 174.7728809, -36.8856243 ], [ 174.773181, -36.8856805 ], [ 174.7729852, -36.8863122 ] ] ], [ [ [ 174.7739162, -36.8856753 ], [ 174.7739802, -36.8855852 ], [ 174.7743283, -36.8855501 ], [ 174.7744317, -36.885024 ], [ 174.7737427, -36.8848949 ], [ 174.7735932, -36.8854583 ], [ 174.7738487, -36.8855063 ], [ 174.7738025, -36.8856601 ], [ 174.7739162, -36.8856753 ] ] ], [ [ [ 174.8038806, -36.8861169 ], [ 174.8039449, -36.8861209 ], [ 174.8073717, -36.8840947 ], [ 174.8067415, -36.8833423 ], [ 174.8032795, -36.8853904 ], [ 174.8032637, -36.8854272 ], [ 174.803277, -36.8854581 ], [ 174.8038806, -36.8861169 ] ] ], [ [ [ 174.7789764, -36.8846654 ], [ 174.7761816, -36.884574 ], [ 174.7761527, -36.8851134 ], [ 174.7792352, -36.8854021 ], [ 174.779339, -36.88419 ], [ 174.7789764, -36.8846654 ] ] ], [ [ [ 174.7738532, -36.8843725 ], [ 174.7734655, -36.8842998 ], [ 174.7733739, -36.8846407 ], [ 174.7738016, -36.884721 ], [ 174.7738846, -36.8844123 ], [ 174.7738532, -36.8843725 ] ] ], [ [ [ 174.8010373, -36.8844885 ], [ 174.8010969, -36.8841271 ], [ 174.8017251, -36.8842249 ], [ 174.8018547, -36.8836813 ], [ 174.8006536, -36.8835447 ], [ 174.8004022, -36.8844294 ], [ 174.8010373, -36.8844885 ] ] ], [ [ [ 174.7998159, -36.8836313 ], [ 174.7996245, -36.8843048 ], [ 174.7996615, -36.8843589 ], [ 174.8001768, -36.8844077 ], [ 174.8003685, -36.8837327 ], [ 174.7998159, -36.8836313 ] ] ], [ [ [ 174.7969047, -36.8842724 ], [ 174.796506, -36.8844851 ], [ 174.7965286, -36.8845126 ], [ 174.7969273, -36.8842999 ], [ 174.7971365, -36.8845529 ], [ 174.7974931, -36.8843614 ], [ 174.7972321, -36.884045 ], [ 174.7973762, -36.8839684 ], [ 174.7976329, -36.8842798 ], [ 174.7979797, -36.8839006 ], [ 174.7978173, -36.8838047 ], [ 174.79804, -36.8835401 ], [ 174.7975589, -36.8833033 ], [ 174.7967988, -36.8841443 ], [ 174.7969047, -36.8842724 ] ] ], [ [ [ 174.7790908, -36.8842506 ], [ 174.7788958, -36.8842252 ], [ 174.7789043, -36.8840631 ], [ 174.7786882, -36.884055 ], [ 174.7784473, -36.8837433 ], [ 174.7783327, -36.8836531 ], [ 174.7783, -36.883611 ], [ 174.7774747, -36.8834433 ], [ 174.7774683, -36.883541 ], [ 174.7769432, -36.8834345 ], [ 174.7764498, -36.8834133 ], [ 174.7764133, -36.883961 ], [ 174.7761541, -36.8839501 ], [ 174.7761316, -36.8843911 ], [ 174.7790956, -36.884488 ], [ 174.7791932, -36.88436 ], [ 174.7791128, -36.8843044 ], [ 174.7790908, -36.8842506 ] ] ], [ [ [ 174.8020777, -36.8837066 ], [ 174.8019492, -36.8842433 ], [ 174.802724, -36.8843627 ], [ 174.8027275, -36.884346 ], [ 174.8032801, -36.8844132 ], [ 174.803726, -36.8848997 ], [ 174.8051086, -36.8840772 ], [ 174.8050897, -36.8840535 ], [ 174.8033434, -36.8838478 ], [ 174.8037085, -36.8821789 ], [ 174.8032203, -36.88211 ], [ 174.8028517, -36.883795 ], [ 174.8020777, -36.8837066 ] ] ], [ [ [ 174.8092638, -36.8837003 ], [ 174.8097494, -36.8837139 ], [ 174.81024, -36.8834898 ], [ 174.8102596, -36.8826983 ], [ 174.8099418, -36.8826895 ], [ 174.8099421, -36.8826758 ], [ 174.8093086, -36.8826581 ], [ 174.8092638, -36.8837003 ] ] ], [ [ [ 174.7751532, -36.8840369 ], [ 174.7752667, -36.8835887 ], [ 174.7737893, -36.8833127 ], [ 174.7736598, -36.8837595 ], [ 174.7751532, -36.8840369 ] ] ], [ [ [ 174.8039305, -36.8822111 ], [ 174.803606, -36.8836952 ], [ 174.8045905, -36.8838096 ], [ 174.8049001, -36.8823773 ], [ 174.8044124, -36.8823092 ], [ 174.8044188, -36.88228 ], [ 174.8039305, -36.8822111 ] ] ], [ [ [ 174.7787619, -36.8831721 ], [ 174.7788151, -36.8831376 ], [ 174.7793283, -36.882553 ], [ 174.7786363, -36.8823125 ], [ 174.7782768, -36.8822049 ], [ 174.7781372, -36.8828136 ], [ 174.7786231, -36.8830678 ], [ 174.7786115, -36.8831201 ], [ 174.7787619, -36.8831721 ] ] ], [ [ [ 174.7749953, -36.8833496 ], [ 174.7750527, -36.8828404 ], [ 174.7751949, -36.8823482 ], [ 174.7739505, -36.8821163 ], [ 174.7738084, -36.8826086 ], [ 174.7737572, -36.882599 ], [ 174.7736147, -36.8830924 ], [ 174.7749953, -36.8833496 ] ] ], [ [ [ 174.8105047, -36.88193 ], [ 174.810479, -36.882964 ], [ 174.8113527, -36.8829792 ], [ 174.8119803, -36.8827147 ], [ 174.8122719, -36.8825365 ], [ 174.8123072, -36.8826182 ], [ 174.8130567, -36.8826838 ], [ 174.8140557, -36.8827423 ], [ 174.8140544, -36.880961 ], [ 174.8131681, -36.880824 ], [ 174.8131686, -36.8816572 ], [ 174.8113395, -36.8816577 ], [ 174.8112666, -36.8815602 ], [ 174.8105047, -36.88193 ] ] ], [ [ [ 174.7782766, -36.8812069 ], [ 174.7772748, -36.881063 ], [ 174.7769879, -36.8823247 ], [ 174.7769124, -36.883208 ], [ 174.7769783, -36.8832996 ], [ 174.7784916, -36.8836073 ], [ 174.7784855, -36.8834691 ], [ 174.7785806, -36.8832927 ], [ 174.7786867, -36.8833108 ], [ 174.778714, -36.8832284 ], [ 174.777909, -36.8828079 ], [ 174.7782766, -36.8812069 ] ] ], [ [ [ 174.7768187, -36.882332 ], [ 174.7767834, -36.8822171 ], [ 174.7769944, -36.8813002 ], [ 174.7765194, -36.8812309 ], [ 174.7764307, -36.8816373 ], [ 174.7764535, -36.8816407 ], [ 174.7763779, -36.8819064 ], [ 174.7763046, -36.8829136 ], [ 174.7767482, -36.8831285 ], [ 174.7768187, -36.882332 ] ] ], [ [ [ 174.7786486, -36.8822591 ], [ 174.7787762, -36.8817029 ], [ 174.7784167, -36.8815954 ], [ 174.7782891, -36.8821515 ], [ 174.7786486, -36.8822591 ] ] ], [ [ [ 174.7750513, -36.8821355 ], [ 174.7751931, -36.8816446 ], [ 174.7753357, -36.8809487 ], [ 174.7743499, -36.8807473 ], [ 174.7741659, -36.8814499 ], [ 174.7740308, -36.8814271 ], [ 174.7738888, -36.8819188 ], [ 174.7750513, -36.8821355 ] ] ], [ [ [ 174.8104476, -36.8811849 ], [ 174.8105125, -36.8811402 ], [ 174.8100248, -36.8807091 ], [ 174.8098789, -36.8805201 ], [ 174.8100989, -36.8802999 ], [ 174.8100663, -36.8802711 ], [ 174.8104112, -36.8800092 ], [ 174.8109635, -36.8805044 ], [ 174.8114946, -36.8801286 ], [ 174.8113467, -36.8799596 ], [ 174.8100607, -36.8791729 ], [ 174.8082868, -36.8801271 ], [ 174.8066883, -36.8799788 ], [ 174.8066012, -36.8805572 ], [ 174.8088488, -36.8807762 ], [ 174.8093812, -36.8807478 ], [ 174.8095766, -36.880919 ], [ 174.8088426, -36.880958 ], [ 174.8065741, -36.8807373 ], [ 174.8065485, -36.8809074 ], [ 174.8067607, -36.8811773 ], [ 174.8066753, -36.8817433 ], [ 174.8067024, -36.8817818 ], [ 174.8079774, -36.882242 ], [ 174.8080874, -36.8822648 ], [ 174.8082835, -36.8822841 ], [ 174.8086016, -36.882272 ], [ 174.8087195, -36.8822471 ], [ 174.8089574, -36.8821751 ], [ 174.8090565, -36.8821366 ], [ 174.8096194, -36.8817541 ], [ 174.809258, -36.8814316 ], [ 174.8097514, -36.8810694 ], [ 174.8098608, -36.8810746 ], [ 174.8099353, -36.8811434 ], [ 174.8101977, -36.8809632 ], [ 174.8104476, -36.8811849 ] ] ], [ [ [ 174.8065217, -36.8812533 ], [ 174.8065268, -36.8812198 ], [ 174.8063147, -36.8809498 ], [ 174.8064642, -36.8799582 ], [ 174.8059932, -36.8799177 ], [ 174.8058343, -36.8810341 ], [ 174.8062059, -36.8811243 ], [ 174.806253, -36.8811557 ], [ 174.8065217, -36.8812533 ] ] ], [ [ [ 174.8046524, -36.880724 ], [ 174.804783, -36.8798042 ], [ 174.8043736, -36.8797631 ], [ 174.804264, -36.8806903 ], [ 174.8046524, -36.880724 ] ] ], [ [ [ 174.8051327, -36.8803989 ], [ 174.8054017, -36.8804242 ], [ 174.8054856, -36.8798699 ], [ 174.8050396, -36.8798268 ], [ 174.8049914, -36.8799201 ], [ 174.8049073, -36.880526 ], [ 174.8051107, -36.8805445 ], [ 174.8051327, -36.8803989 ] ] ], [ [ [ 174.7745243, -36.88025 ], [ 174.7744521, -36.8805777 ], [ 174.7753354, -36.8807617 ], [ 174.7755134, -36.8799615 ], [ 174.7746303, -36.8798114 ], [ 174.7745151, -36.8802487 ], [ 174.7745243, -36.88025 ] ] ], [ [ [ 174.8115111, -36.8798324 ], [ 174.8115634, -36.8798879 ], [ 174.8118414, -36.8797994 ], [ 174.8117472, -36.8795602 ], [ 174.8124966, -36.8793054 ], [ 174.8124714, -36.879401 ], [ 174.8129156, -36.8794551 ], [ 174.8127901, -36.8801198 ], [ 174.8130118, -36.8801543 ], [ 174.8132402, -36.8789448 ], [ 174.8125749, -36.8788602 ], [ 174.8108913, -36.8794526 ], [ 174.8115111, -36.8798324 ] ] ], [ [ [ 174.8144418, -36.8794447 ], [ 174.8146907, -36.8803821 ], [ 174.8148789, -36.8803613 ], [ 174.8168041, -36.8797939 ], [ 174.816555, -36.8792485 ], [ 174.8165537, -36.8783122 ], [ 174.8160409, -36.878313 ], [ 174.8158365, -36.8782472 ], [ 174.8158334, -36.8782801 ], [ 174.8154194, -36.8782499 ], [ 174.8149792, -36.8781962 ], [ 174.8149336, -36.8784381 ], [ 174.8144418, -36.8794447 ] ] ], [ [ [ 174.8138855, -36.8797565 ], [ 174.8143076, -36.8798079 ], [ 174.8142064, -36.8794293 ], [ 174.8146295, -36.8785643 ], [ 174.8135647, -36.8784348 ], [ 174.8133359, -36.8796449 ], [ 174.8138937, -36.8797129 ], [ 174.8138855, -36.8797565 ] ] ], [ [ [ 174.7920483, -36.8775474 ], [ 174.7916547, -36.8773199 ], [ 174.7912746, -36.8778819 ], [ 174.7912916, -36.877912 ], [ 174.7913063, -36.8779146 ], [ 174.7914954, -36.8779267 ], [ 174.7917362, -36.877904 ], [ 174.7921454, -36.8779771 ], [ 174.7922075, -36.8779577 ], [ 174.7923778, -36.8777658 ], [ 174.7920483, -36.8775474 ] ] ], [ [ [ 174.7902407, -36.8770915 ], [ 174.7902517, -36.8771372 ], [ 174.7904343, -36.8772368 ], [ 174.7904977, -36.8773042 ], [ 174.7905846, -36.8774865 ], [ 174.7906315, -36.8775531 ], [ 174.790746, -36.8776725 ], [ 174.7908841, -36.8777714 ], [ 174.7910409, -36.8778478 ], [ 174.7914774, -36.8772027 ], [ 174.7911209, -36.8768908 ], [ 174.7908372, -36.8766702 ], [ 174.7906746, -36.8765776 ], [ 174.7902407, -36.8770915 ] ] ], [ [ [ 174.7902499, -36.8756572 ], [ 174.7896941, -36.8753351 ], [ 174.7894023, -36.8756542 ], [ 174.7898078, -36.8758393 ], [ 174.7889152, -36.8769798 ], [ 174.7890817, -36.8771884 ], [ 174.7891741, -36.8773689 ], [ 174.789237, -36.8775453 ], [ 174.7896672, -36.877447 ], [ 174.7906474, -36.876287 ], [ 174.7908615, -36.8760654 ], [ 174.7905338, -36.8758652 ], [ 174.7902876, -36.8757369 ], [ 174.7902499, -36.8756572 ] ] ], [ [ [ 174.7857102, -36.8755548 ], [ 174.785482, -36.8759291 ], [ 174.7863666, -36.8763047 ], [ 174.7863304, -36.8763641 ], [ 174.7854488, -36.8759897 ], [ 174.7854229, -36.8760292 ], [ 174.7859243, -36.8767529 ], [ 174.7861983, -36.8768623 ], [ 174.7864717, -36.8769023 ], [ 174.7867973, -36.8760524 ], [ 174.7864837, -36.8758839 ], [ 174.7857102, -36.8755548 ] ] ], [ [ [ 174.7887735, -36.8749554 ], [ 174.7885583, -36.8752697 ], [ 174.7892048, -36.8755639 ], [ 174.7894709, -36.8752728 ], [ 174.7888666, -36.8749324 ], [ 174.7888294, -36.8749335 ], [ 174.7887735, -36.8749554 ] ] ], [ [ [ 174.7882037, -36.8757121 ], [ 174.7892502, -36.8762107 ], [ 174.7894688, -36.8759301 ], [ 174.7894686, -36.8758963 ], [ 174.7884067, -36.8754089 ], [ 174.7869425, -36.8745599 ], [ 174.7868929, -36.8745533 ], [ 174.7870212, -36.8744159 ], [ 174.7868646, -36.8740161 ], [ 174.7866947, -36.8740376 ], [ 174.7865272, -36.8740116 ], [ 174.7863937, -36.87395 ], [ 174.7863295, -36.8739003 ], [ 174.7860396, -36.8736058 ], [ 174.7860017, -36.8735901 ], [ 174.7859676, -36.8735989 ], [ 174.7854568, -36.8739239 ], [ 174.7853882, -36.8742032 ], [ 174.7851704, -36.8747714 ], [ 174.7854379, -36.8748303 ], [ 174.785261, -36.8751583 ], [ 174.7855969, -36.8753014 ], [ 174.7856438, -36.8752858 ], [ 174.7857392, -36.8751728 ], [ 174.7859242, -36.8748314 ], [ 174.7859251, -36.8747914 ], [ 174.7858592, -36.874601 ], [ 174.7858944, -36.8744396 ], [ 174.7858633, -36.8743675 ], [ 174.7858984, -36.8742947 ], [ 174.7861202, -36.8743683 ], [ 174.7860897, -36.8744276 ], [ 174.7860567, -36.8744276 ], [ 174.7860334, -36.8744464 ], [ 174.7859934, -36.8745867 ], [ 174.7860578, -36.8747687 ], [ 174.7860963, -36.8748096 ], [ 174.7858332, -36.8752811 ], [ 174.7857543, -36.8753684 ], [ 174.7866523, -36.8757507 ], [ 174.7887599, -36.8768346 ], [ 174.7891305, -36.8763645 ], [ 174.7880916, -36.8758694 ], [ 174.7882037, -36.8757121 ] ] ], [ [ [ 174.788494, -36.875236 ], [ 174.7887728, -36.8748286 ], [ 174.7881842, -36.8744873 ], [ 174.7878482, -36.8748615 ], [ 174.788494, -36.875236 ] ] ], [ [ [ 174.7874854, -36.8741108 ], [ 174.7874557, -36.874108 ], [ 174.7873571, -36.8741577 ], [ 174.7873047, -36.8741998 ], [ 174.7871458, -36.8742758 ], [ 174.7870552, -36.8743532 ], [ 174.7870417, -36.8743938 ], [ 174.7877442, -36.8748012 ], [ 174.7880802, -36.8744271 ], [ 174.7875109, -36.8740971 ], [ 174.7874854, -36.8741108 ] ] ], [ [ [ 174.7721916, -36.7966135 ], [ 174.772362, -36.7967684 ], [ 174.7731908, -36.7963322 ], [ 174.7729099, -36.7959877 ], [ 174.771966, -36.7964843 ], [ 174.7720299, -36.7965497 ], [ 174.772148, -36.7965852 ], [ 174.7721916, -36.7966135 ] ] ], [ [ [ 174.7717762, -36.7959079 ], [ 174.7715883, -36.7960075 ], [ 174.7715701, -36.7959851 ], [ 174.7714043, -36.796073 ], [ 174.7714324, -36.796091 ], [ 174.7714547, -36.7961366 ], [ 174.7715806, -36.7961407 ], [ 174.7717253, -36.7962388 ], [ 174.7717636, -36.7963745 ], [ 174.7727995, -36.7958291 ], [ 174.7725121, -36.7954876 ], [ 174.7717578, -36.7958853 ], [ 174.7717762, -36.7959079 ] ] ], [ [ [ 174.8540273, -36.9640158 ], [ 174.8541863, -36.96414 ], [ 174.8542097, -36.9641993 ], [ 174.8540376, -36.9642429 ], [ 174.8539264, -36.9641295 ], [ 174.8537782, -36.964048 ], [ 174.852769, -36.9638542 ], [ 174.851992, -36.9631972 ], [ 174.8519673, -36.9632161 ], [ 174.8515586, -36.9630574 ], [ 174.851531, -36.9630736 ], [ 174.8526739, -36.9640239 ], [ 174.8538664, -36.96427 ], [ 174.8540912, -36.9648264 ], [ 174.8543451, -36.9652717 ], [ 174.8541102, -36.9653786 ], [ 174.8542074, -36.9656983 ], [ 174.854617, -36.9661725 ], [ 174.8548755, -36.9665658 ], [ 174.8548618, -36.9667171 ], [ 174.8552247, -36.9667822 ], [ 174.8552647, -36.9667617 ], [ 174.8552135, -36.966947 ], [ 174.8573381, -36.9673297 ], [ 174.8575559, -36.967244 ], [ 174.8574329, -36.9670908 ], [ 174.8579233, -36.9668971 ], [ 174.8579003, -36.9668695 ], [ 174.8574104, -36.967063 ], [ 174.8573186, -36.9669482 ], [ 174.8571477, -36.9670366 ], [ 174.8568161, -36.9666232 ], [ 174.856949, -36.9664886 ], [ 174.8553876, -36.9645443 ], [ 174.8540273, -36.9640158 ] ] ], [ [ [ 174.8536738, -36.9638786 ], [ 174.8524982, -36.9634223 ], [ 174.8528156, -36.9636907 ], [ 174.8529201, -36.9637389 ], [ 174.8536738, -36.9638786 ] ] ], [ [ [ 174.8568459, -36.9637895 ], [ 174.8569448, -36.9634358 ], [ 174.855798, -36.9632294 ], [ 174.8557626, -36.963356 ], [ 174.8555222, -36.9634801 ], [ 174.8556914, -36.9636912 ], [ 174.8560003, -36.9635317 ], [ 174.8564447, -36.9638601 ], [ 174.8568459, -36.9637895 ] ] ], [ [ [ 174.8550277, -36.9619144 ], [ 174.855401, -36.9624457 ], [ 174.8550865, -36.9625382 ], [ 174.8551023, -36.9627494 ], [ 174.8555238, -36.9628254 ], [ 174.8554786, -36.9629862 ], [ 174.8560648, -36.9630916 ], [ 174.8561322, -36.9630574 ], [ 174.8563526, -36.963097 ], [ 174.8569928, -36.9608093 ], [ 174.8538385, -36.9602423 ], [ 174.8542433, -36.9614298 ], [ 174.8542195, -36.9614605 ], [ 174.8542793, -36.9616302 ], [ 174.8543168, -36.9616452 ], [ 174.8545126, -36.9620662 ], [ 174.8550277, -36.9619144 ] ] ], [ [ [ 174.8526101, -36.9609275 ], [ 174.8525939, -36.9609311 ], [ 174.8529866, -36.9620791 ], [ 174.8528896, -36.9624159 ], [ 174.8529408, -36.9624818 ], [ 174.8542451, -36.9627235 ], [ 174.8544205, -36.9625262 ], [ 174.8542088, -36.9622008 ], [ 174.8540049, -36.9617552 ], [ 174.8531001, -36.9591119 ], [ 174.853016, -36.9590735 ], [ 174.852592, -36.9591669 ], [ 174.8523165, -36.9591171 ], [ 174.8521816, -36.9591856 ], [ 174.852098, -36.9594829 ], [ 174.8525686, -36.9608572 ], [ 174.8525848, -36.9608536 ], [ 174.8525893, -36.9608667 ], [ 174.8526795, -36.9608468 ], [ 174.8526873, -36.9608358 ], [ 174.8527012, -36.9608421 ], [ 174.8528187, -36.9608162 ], [ 174.8528616, -36.9607967 ], [ 174.8529114, -36.9607958 ], [ 174.8529916, -36.9607785 ], [ 174.8529994, -36.9607674 ], [ 174.8530133, -36.9607738 ], [ 174.8530981, -36.960755 ], [ 174.853113, -36.9607985 ], [ 174.853028, -36.9608173 ], [ 174.8530202, -36.9608283 ], [ 174.8530064, -36.960822 ], [ 174.8529263, -36.9608397 ], [ 174.852883, -36.9608595 ], [ 174.8528337, -36.9608601 ], [ 174.8527162, -36.960886 ], [ 174.8527083, -36.960897 ], [ 174.8526685, -36.9608965 ], [ 174.8526056, -36.9609145 ], [ 174.8526101, -36.9609275 ] ] ], [ [ [ 174.8488345, -36.9548077 ], [ 174.8488126, -36.9550518 ], [ 174.8487143, -36.9552694 ], [ 174.8484108, -36.9550505 ], [ 174.8487505, -36.9547471 ], [ 174.8486995, -36.9547104 ], [ 174.8483972, -36.9549804 ], [ 174.8479745, -36.9546936 ], [ 174.8482602, -36.9544122 ], [ 174.8482336, -36.9543949 ], [ 174.8482692, -36.9543597 ], [ 174.8468283, -36.9534157 ], [ 174.8467604, -36.9534172 ], [ 174.8463886, -36.9536903 ], [ 174.8451169, -36.9545655 ], [ 174.8454832, -36.9549083 ], [ 174.8461238, -36.9544378 ], [ 174.8466999, -36.9550437 ], [ 174.8469805, -36.9556959 ], [ 174.8472967, -36.9556984 ], [ 174.8474533, -36.9556599 ], [ 174.8475116, -36.9555258 ], [ 174.8475252, -36.9553681 ], [ 174.8475016, -36.955339 ], [ 174.8474616, -36.9553296 ], [ 174.847271, -36.9553131 ], [ 174.8471828, -36.9552925 ], [ 174.8469943, -36.9552033 ], [ 174.8469236, -36.9551876 ], [ 174.8470493, -36.9551976 ], [ 174.8471468, -36.9552458 ], [ 174.8472466, -36.9552497 ], [ 174.8473576, -36.9552346 ], [ 174.847497, -36.9551851 ], [ 174.8475873, -36.9551845 ], [ 174.8477037, -36.955239 ], [ 174.8477692, -36.9553197 ], [ 174.8477925, -36.9552713 ], [ 174.8477895, -36.9552036 ], [ 174.8477667, -36.95514 ], [ 174.8477712, -36.95509 ], [ 174.8477914, -36.955048 ], [ 174.8479449, -36.9551324 ], [ 174.8480982, -36.9553576 ], [ 174.8482106, -36.9555489 ], [ 174.8484257, -36.9556326 ], [ 174.8485644, -36.9556649 ], [ 174.8485799, -36.9559559 ], [ 174.8486489, -36.9560315 ], [ 174.8488142, -36.9560505 ], [ 174.8489203, -36.954869 ], [ 174.8488345, -36.9548077 ] ] ], [ [ [ 174.8487325, -36.9539387 ], [ 174.8490052, -36.9542031 ], [ 174.8497747, -36.9538009 ], [ 174.8497849, -36.9537434 ], [ 174.8492534, -36.9532176 ], [ 174.8483473, -36.9537145 ], [ 174.8486498, -36.9539012 ], [ 174.8487325, -36.9539387 ] ] ], [ [ [ 174.8445765, -36.9541637 ], [ 174.8449058, -36.9544718 ], [ 174.8462386, -36.9535546 ], [ 174.845445, -36.9530316 ], [ 174.8442038, -36.9538861 ], [ 174.8445327, -36.9541939 ], [ 174.8445765, -36.9541637 ] ] ], [ [ [ 174.8453425, -36.9528613 ], [ 174.8449952, -36.952557 ], [ 174.844855, -36.9526063 ], [ 174.8446105, -36.9528186 ], [ 174.8440446, -36.9529495 ], [ 174.8434087, -36.9531612 ], [ 174.8437214, -36.9534538 ], [ 174.8436436, -36.9535074 ], [ 174.8439671, -36.9538101 ], [ 174.8453425, -36.9528613 ] ] ], [ [ [ 174.8469605, -36.952323 ], [ 174.8466973, -36.9521325 ], [ 174.846599, -36.9520292 ], [ 174.8462142, -36.9521076 ], [ 174.8464017, -36.9524173 ], [ 174.8463707, -36.9524311 ], [ 174.8466778, -36.9526029 ], [ 174.8481689, -36.9535927 ], [ 174.8485585, -36.9533788 ], [ 174.8469605, -36.952323 ] ] ], [ [ [ 174.8490798, -36.9530711 ], [ 174.8490731, -36.9530391 ], [ 174.8487542, -36.9526542 ], [ 174.8480883, -36.9517272 ], [ 174.8469094, -36.9519661 ], [ 174.8468766, -36.9520101 ], [ 174.8468929, -36.9520609 ], [ 174.8470744, -36.9522204 ], [ 174.848703, -36.9532982 ], [ 174.8490629, -36.9531005 ], [ 174.8490798, -36.9530711 ] ] ], [ [ [ 174.846043, -36.951955 ], [ 174.8466451, -36.9518325 ], [ 174.8459826, -36.9497049 ], [ 174.8455937, -36.9497831 ], [ 174.8456966, -36.9501133 ], [ 174.8456, -36.9501327 ], [ 174.8460504, -36.9515796 ], [ 174.8459335, -36.9516033 ], [ 174.846043, -36.951955 ] ] ], [ [ [ 174.8475744, -36.9505122 ], [ 174.8472444, -36.9494515 ], [ 174.8462017, -36.9496609 ], [ 174.846864, -36.9517882 ], [ 174.8479831, -36.9515607 ], [ 174.8475744, -36.9505122 ] ] ], [ [ [ 174.8460941, -36.9494956 ], [ 174.8471351, -36.9492868 ], [ 174.8471761, -36.9492319 ], [ 174.8469787, -36.9485992 ], [ 174.8469103, -36.9485663 ], [ 174.8460887, -36.9487313 ], [ 174.846201, -36.9490914 ], [ 174.8459819, -36.9491354 ], [ 174.8460941, -36.9494956 ] ] ], [ [ [ 174.8474636, -36.9492207 ], [ 174.8482309, -36.9490668 ], [ 174.848272, -36.949012 ], [ 174.8478894, -36.9477862 ], [ 174.847451, -36.9478743 ], [ 174.8474793, -36.9479649 ], [ 174.8470409, -36.9480529 ], [ 174.8473952, -36.9491877 ], [ 174.8474636, -36.9492207 ] ] ], [ [ [ 174.8464702, -36.9484679 ], [ 174.84691, -36.9483795 ], [ 174.8467937, -36.9480067 ], [ 174.8463539, -36.9480951 ], [ 174.8464702, -36.9484679 ] ] ], [ [ [ 174.8441978, -36.9358944 ], [ 174.8439243, -36.9344605 ], [ 174.8438671, -36.9344387 ], [ 174.8427042, -36.9349899 ], [ 174.8429822, -36.9354175 ], [ 174.8431733, -36.935327 ], [ 174.8435064, -36.9352637 ], [ 174.8436168, -36.9358427 ], [ 174.8441978, -36.9358944 ] ] ], [ [ [ 174.843799, -36.9338045 ], [ 174.843611, -36.9338275 ], [ 174.8423021, -36.9345438 ], [ 174.8425345, -36.9348595 ], [ 174.8438788, -36.9342225 ], [ 174.843799, -36.9338045 ] ] ], [ [ [ 174.8450575, -36.9338747 ], [ 174.8446489, -36.9340685 ], [ 174.8446444, -36.9340451 ], [ 174.8441527, -36.9342783 ], [ 174.8441264, -36.9343229 ], [ 174.8441936, -36.9346753 ], [ 174.8461013, -36.934439 ], [ 174.8461326, -36.9344181 ], [ 174.8461435, -36.9343866 ], [ 174.8460164, -36.9337206 ], [ 174.8459942, -36.9336931 ], [ 174.8459566, -36.9336807 ], [ 174.8455944, -36.9337236 ], [ 174.8456093, -36.9337787 ], [ 174.8450575, -36.9338747 ] ] ], [ [ [ 174.8445178, -36.926314 ], [ 174.8430726, -36.9265666 ], [ 174.8433118, -36.9274523 ], [ 174.8446871, -36.9272121 ], [ 174.844598, -36.9268833 ], [ 174.8446687, -36.926871 ], [ 174.8445178, -36.926314 ] ] ], [ [ [ 174.8390387, -36.9057831 ], [ 174.8390035, -36.9058413 ], [ 174.838941, -36.9058169 ], [ 174.8386344, -36.9063325 ], [ 174.8396872, -36.9067379 ], [ 174.8398836, -36.9064116 ], [ 174.8399344, -36.9064313 ], [ 174.840232, -36.9059368 ], [ 174.840181, -36.9059176 ], [ 174.8406676, -36.9051089 ], [ 174.8398166, -36.9047837 ], [ 174.8394711, -36.9045099 ], [ 174.8388733, -36.9045565 ], [ 174.8389179, -36.904925 ], [ 174.8395682, -36.9051775 ], [ 174.8393205, -36.9055892 ], [ 174.8388799, -36.9054159 ], [ 174.8387305, -36.905663 ], [ 174.8390387, -36.9057831 ] ] ], [ [ [ 174.8420932, -36.9046336 ], [ 174.8420899, -36.904604 ], [ 174.8420726, -36.9045761 ], [ 174.8420175, -36.9045344 ], [ 174.8420071, -36.904494 ], [ 174.842014, -36.9044567 ], [ 174.8421032, -36.9043124 ], [ 174.8415812, -36.9041098 ], [ 174.8399452, -36.906829 ], [ 174.8420433, -36.9069444 ], [ 174.8425744, -36.9056713 ], [ 174.8424533, -36.9056197 ], [ 174.8424637, -36.9055885 ], [ 174.8423384, -36.9055399 ], [ 174.8422364, -36.9052649 ], [ 174.8421488, -36.9051024 ], [ 174.842156, -36.9050445 ], [ 174.8422093, -36.9049425 ], [ 174.8422019, -36.9048518 ], [ 174.8420932, -36.9046336 ] ] ], [ [ [ 174.8418103, -36.9038322 ], [ 174.8422857, -36.9040168 ], [ 174.8423404, -36.9038738 ], [ 174.8423342, -36.903854 ], [ 174.8422926, -36.9038182 ], [ 174.8419085, -36.903669 ], [ 174.8418103, -36.9038322 ] ] ], [ [ [ 174.8423277, -36.9022922 ], [ 174.8411229, -36.9018221 ], [ 174.8409108, -36.9021714 ], [ 174.8407741, -36.9028683 ], [ 174.8404645, -36.9033831 ], [ 174.8404745, -36.9035558 ], [ 174.8403927, -36.9036918 ], [ 174.8402139, -36.9036225 ], [ 174.8400648, -36.9038702 ], [ 174.8400463, -36.9038631 ], [ 174.8401954, -36.9036153 ], [ 174.8401464, -36.9035962 ], [ 174.8406091, -36.902827 ], [ 174.8407462, -36.9021297 ], [ 174.8409694, -36.9017621 ], [ 174.8403804, -36.9015325 ], [ 174.8401693, -36.9018795 ], [ 174.8402239, -36.901901 ], [ 174.8399572, -36.9022314 ], [ 174.8389681, -36.9038817 ], [ 174.839311, -36.9040148 ], [ 174.8392869, -36.9040548 ], [ 174.839217, -36.9043803 ], [ 174.839331, -36.9043185 ], [ 174.8393797, -36.9042743 ], [ 174.8394356, -36.904254 ], [ 174.8395335, -36.90426 ], [ 174.8396022, -36.9043029 ], [ 174.8396331, -36.9043677 ], [ 174.839618, -36.9044358 ], [ 174.8395702, -36.9044828 ], [ 174.8394884, -36.9045085 ], [ 174.8398241, -36.9047746 ], [ 174.8406729, -36.9050989 ], [ 174.8423435, -36.9023289 ], [ 174.8423277, -36.9022922 ] ] ], [ [ [ 174.8426438, -36.9018325 ], [ 174.8426945, -36.9018522 ], [ 174.8432868, -36.9008741 ], [ 174.841258, -36.900086 ], [ 174.8404561, -36.9014094 ], [ 174.8424023, -36.9021687 ], [ 174.842448, -36.902156 ], [ 174.8426438, -36.9018325 ] ] ], [ [ [ 174.8186005, -36.9011655 ], [ 174.8190365, -36.9006564 ], [ 174.8178201, -36.9000437 ], [ 174.817601, -36.9006142 ], [ 174.8186005, -36.9011655 ] ] ], [ [ [ 174.8191642, -36.9005063 ], [ 174.8196075, -36.8999875 ], [ 174.8195241, -36.8994558 ], [ 174.8182201, -36.8992557 ], [ 174.8180438, -36.8992519 ], [ 174.8177726, -36.8993025 ], [ 174.8176799, -36.8993296 ], [ 174.8171842, -36.8995096 ], [ 174.8191642, -36.9005063 ] ] ], [ [ [ 174.8236857, -36.8993429 ], [ 174.824429, -36.8997731 ], [ 174.8247964, -36.9000397 ], [ 174.8254032, -36.8997765 ], [ 174.8254375, -36.8992449 ], [ 174.8255093, -36.8992347 ], [ 174.8255902, -36.8991775 ], [ 174.8248626, -36.89928 ], [ 174.8245108, -36.8984752 ], [ 174.8243558, -36.8980512 ], [ 174.8238689, -36.898166 ], [ 174.823853, -36.8981227 ], [ 174.8237049, -36.8981577 ], [ 174.8234166, -36.8982257 ], [ 174.8234326, -36.8982692 ], [ 174.8229264, -36.8983885 ], [ 174.822896, -36.8984335 ], [ 174.8230797, -36.8989309 ], [ 174.8226194, -36.8994727 ], [ 174.8226204, -36.8995154 ], [ 174.8225995, -36.8995546 ], [ 174.8225364, -36.8995923 ], [ 174.8224728, -36.8995958 ], [ 174.8224072, -36.8995681 ], [ 174.8223737, -36.8995215 ], [ 174.8223785, -36.8994587 ], [ 174.8224182, -36.8994159 ], [ 174.8224781, -36.8993953 ], [ 174.8228637, -36.8989415 ], [ 174.822878, -36.898868 ], [ 174.8227319, -36.8984722 ], [ 174.8226758, -36.8984476 ], [ 174.8222809, -36.8985408 ], [ 174.8223028, -36.8985153 ], [ 174.8222833, -36.8985046 ], [ 174.8212357, -36.8987473 ], [ 174.821232, -36.8987367 ], [ 174.8210677, -36.8987747 ], [ 174.8210719, -36.8987866 ], [ 174.8208053, -36.8988701 ], [ 174.8197961, -36.8993339 ], [ 174.8197453, -36.8994156 ], [ 174.8198423, -36.9000339 ], [ 174.8195283, -36.9004011 ], [ 174.820012, -36.9006684 ], [ 174.8203243, -36.9003027 ], [ 174.8206326, -36.9004753 ], [ 174.8214712, -36.8994909 ], [ 174.8228945, -36.9002741 ], [ 174.8236857, -36.8993429 ] ] ], [ [ [ 174.8340442, -36.8981942 ], [ 174.8330873, -36.8978274 ], [ 174.8328326, -36.8982559 ], [ 174.8338511, -36.8986465 ], [ 174.8340764, -36.8982674 ], [ 174.8340442, -36.8981942 ] ] ], [ [ [ 174.8165869, -36.899449 ], [ 174.8166406, -36.8994653 ], [ 174.8167345, -36.8994447 ], [ 174.817904, -36.8990221 ], [ 174.8183827, -36.8990727 ], [ 174.8189965, -36.8991697 ], [ 174.8188844, -36.8978748 ], [ 174.8183215, -36.8979062 ], [ 174.8183269, -36.8979686 ], [ 174.8169132, -36.8974814 ], [ 174.8165626, -36.8994151 ], [ 174.8165869, -36.899449 ] ] ], [ [ [ 174.8198051, -36.8991006 ], [ 174.8201381, -36.8986006 ], [ 174.8203241, -36.8982685 ], [ 174.8204666, -36.8974864 ], [ 174.8204595, -36.8973934 ], [ 174.8196395, -36.8974395 ], [ 174.8196421, -36.8974695 ], [ 174.8190783, -36.8975004 ], [ 174.8192249, -36.8991927 ], [ 174.8195066, -36.8991797 ], [ 174.8196097, -36.899161 ], [ 174.8198051, -36.8991006 ] ] ], [ [ [ 174.8311738, -36.8983578 ], [ 174.8312451, -36.8984136 ], [ 174.8313222, -36.8985008 ], [ 174.8313688, -36.8985829 ], [ 174.8314, -36.8986869 ], [ 174.8317044, -36.8986734 ], [ 174.8319669, -36.8988915 ], [ 174.8322485, -36.8984785 ], [ 174.8325792, -36.8986052 ], [ 174.8330502, -36.8978131 ], [ 174.8309821, -36.8970197 ], [ 174.830904, -36.8970399 ], [ 174.8302799, -36.8979525 ], [ 174.8310712, -36.8983015 ], [ 174.8311738, -36.8983578 ] ] ], [ [ [ 174.828407, -36.8983738 ], [ 174.8284579, -36.8983592 ], [ 174.8285181, -36.8983656 ], [ 174.8285578, -36.8983872 ], [ 174.8286222, -36.898451 ], [ 174.829373, -36.898845 ], [ 174.8294181, -36.8988359 ], [ 174.8306904, -36.8969755 ], [ 174.8302381, -36.8969823 ], [ 174.8302374, -36.896964 ], [ 174.828352, -36.8970619 ], [ 174.8279316, -36.898402 ], [ 174.8283534, -36.8984429 ], [ 174.8283706, -36.8984036 ], [ 174.828407, -36.8983738 ] ] ], [ [ [ 174.8382535, -36.8973433 ], [ 174.8382932, -36.8973002 ], [ 174.8382789, -36.8963002 ], [ 174.8365737, -36.8963769 ], [ 174.8365498, -36.8969046 ], [ 174.8367911, -36.8968935 ], [ 174.836831, -36.8974647 ], [ 174.8371887, -36.897659 ], [ 174.8393926, -36.8985447 ], [ 174.8405737, -36.896563 ], [ 174.8405439, -36.8965095 ], [ 174.839252, -36.8962056 ], [ 174.8384939, -36.8962441 ], [ 174.8384494, -36.8962826 ], [ 174.8384634, -36.8972561 ], [ 174.8384725, -36.8972943 ], [ 174.8385123, -36.8973574 ], [ 174.8385162, -36.8973957 ], [ 174.8385026, -36.897434 ], [ 174.8384698, -36.8974679 ], [ 174.8384218, -36.8974897 ], [ 174.8383739, -36.897495 ], [ 174.8382895, -36.8974674 ], [ 174.8382608, -36.8974392 ], [ 174.8382439, -36.8973964 ], [ 174.8382535, -36.8973433 ] ] ], [ [ [ 174.822192, -36.896617 ], [ 174.821868, -36.8968114 ], [ 174.8218853, -36.8968277 ], [ 174.8216116, -36.8970157 ], [ 174.8208498, -36.8971189 ], [ 174.8209064, -36.8973889 ], [ 174.8207888, -36.8982593 ], [ 174.8205192, -36.8987056 ], [ 174.8205662, -36.8987717 ], [ 174.8208689, -36.8986326 ], [ 174.8221845, -36.8983276 ], [ 174.8228771, -36.8975308 ], [ 174.8229457, -36.8971475 ], [ 174.823336, -36.8967714 ], [ 174.8226431, -36.896307 ], [ 174.822192, -36.896617 ] ] ], [ [ [ 174.8314572, -36.8970011 ], [ 174.8343177, -36.8980982 ], [ 174.8351678, -36.8965614 ], [ 174.8342281, -36.8967939 ], [ 174.8340926, -36.8967997 ], [ 174.8340958, -36.896845 ], [ 174.8314679, -36.8969573 ], [ 174.8314572, -36.8970011 ] ] ], [ [ [ 174.8278412, -36.896994 ], [ 174.8284073, -36.8968605 ], [ 174.829465, -36.8968162 ], [ 174.8293835, -36.8955824 ], [ 174.829568, -36.8949339 ], [ 174.8295255, -36.8948796 ], [ 174.828936, -36.8947718 ], [ 174.8288795, -36.8947749 ], [ 174.8287879, -36.8948149 ], [ 174.828738, -36.8948212 ], [ 174.8286793, -36.8948089 ], [ 174.828635, -36.8947796 ], [ 174.8286101, -36.8947396 ], [ 174.8286018, -36.8946865 ], [ 174.8282058, -36.8947173 ], [ 174.8279177, -36.8957295 ], [ 174.8264889, -36.8954662 ], [ 174.8261516, -36.8954654 ], [ 174.8260963, -36.8955229 ], [ 174.8259927, -36.895429 ], [ 174.8257465, -36.8954284 ], [ 174.8253872, -36.8952158 ], [ 174.825331, -36.8951272 ], [ 174.8252879, -36.8951466 ], [ 174.8252218, -36.8951567 ], [ 174.8249772, -36.895445 ], [ 174.825034, -36.8954367 ], [ 174.8251193, -36.8954872 ], [ 174.8249071, -36.8957186 ], [ 174.8248077, -36.8956598 ], [ 174.824812, -36.8957033 ], [ 174.8247303, -36.8957112 ], [ 174.8231606, -36.8972234 ], [ 174.8230929, -36.897599 ], [ 174.8225757, -36.898194 ], [ 174.8226064, -36.8982282 ], [ 174.8251215, -36.8976354 ], [ 174.8251055, -36.8975918 ], [ 174.8251377, -36.8975841 ], [ 174.8253549, -36.897533 ], [ 174.8253707, -36.8975765 ], [ 174.8261828, -36.8973851 ], [ 174.826221, -36.8973288 ], [ 174.826078, -36.8969375 ], [ 174.8262946, -36.8968864 ], [ 174.8264376, -36.8972778 ], [ 174.8265076, -36.8973085 ], [ 174.8275386, -36.8970657 ], [ 174.8276147, -36.8967982 ], [ 174.8277559, -36.8964993 ], [ 174.8279233, -36.8959136 ], [ 174.8279537, -36.8958722 ], [ 174.8280146, -36.895842 ], [ 174.8280744, -36.8958388 ], [ 174.8281376, -36.8958608 ], [ 174.8281792, -36.8959042 ], [ 174.8281896, -36.895958 ], [ 174.8281657, -36.8960103 ], [ 174.8280696, -36.8960729 ], [ 174.8280392, -36.8961208 ], [ 174.8277996, -36.8969625 ], [ 174.8278412, -36.896994 ] ] ], [ [ [ 174.835633, -36.896257 ], [ 174.8356163, -36.8962136 ], [ 174.8359414, -36.8961331 ], [ 174.8361531, -36.8961236 ], [ 174.8361562, -36.8961689 ], [ 174.8363816, -36.8961585 ], [ 174.8363151, -36.895207 ], [ 174.8362555, -36.8951646 ], [ 174.8346105, -36.8952443 ], [ 174.8334638, -36.8948916 ], [ 174.8333887, -36.894917 ], [ 174.833154, -36.8953558 ], [ 174.8326032, -36.8965312 ], [ 174.8326477, -36.8966347 ], [ 174.833422, -36.8966017 ], [ 174.8334249, -36.8966471 ], [ 174.8341887, -36.8966145 ], [ 174.835633, -36.896257 ] ] ], [ [ [ 174.8397134, -36.8960972 ], [ 174.8401467, -36.8961991 ], [ 174.8402956, -36.8957901 ], [ 174.8404687, -36.8956273 ], [ 174.8396896, -36.8947888 ], [ 174.8395041, -36.8945685 ], [ 174.8393495, -36.8945467 ], [ 174.8386593, -36.8949492 ], [ 174.8380098, -36.8949735 ], [ 174.836936, -36.8945406 ], [ 174.8368602, -36.8945607 ], [ 174.8365325, -36.8950849 ], [ 174.8365999, -36.8960485 ], [ 174.836672, -36.8961003 ], [ 174.8372866, -36.8960725 ], [ 174.8372897, -36.8961178 ], [ 174.8392773, -36.8960228 ], [ 174.8397039, -36.8961232 ], [ 174.8397134, -36.8960972 ] ] ], [ [ [ 174.8302244, -36.8967836 ], [ 174.8302211, -36.8967284 ], [ 174.830382, -36.8967213 ], [ 174.8306434, -36.8967103 ], [ 174.8306468, -36.8967654 ], [ 174.8319995, -36.8967077 ], [ 174.8319575, -36.8960742 ], [ 174.832247, -36.8960618 ], [ 174.8325679, -36.896091 ], [ 174.8329566, -36.8952624 ], [ 174.8331787, -36.8948499 ], [ 174.8331475, -36.8947943 ], [ 174.8325541, -36.8946398 ], [ 174.8301663, -36.8938469 ], [ 174.8301014, -36.8938737 ], [ 174.8296107, -36.895598 ], [ 174.8296903, -36.8968065 ], [ 174.8302244, -36.8967836 ] ] ], [ [ [ 174.8409367, -36.8958282 ], [ 174.8414793, -36.895503 ], [ 174.8420543, -36.8948568 ], [ 174.8406232, -36.893955 ], [ 174.840441, -36.8939499 ], [ 174.8397213, -36.8943411 ], [ 174.8396911, -36.8944669 ], [ 174.8398737, -36.8946837 ], [ 174.8409367, -36.8958282 ] ] ], [ [ [ 174.8168684, -36.8817909 ], [ 174.8168036, -36.8817788 ], [ 174.8167555, -36.881742 ], [ 174.8167371, -36.8816892 ], [ 174.8167556, -36.8816363 ], [ 174.8168824, -36.8815544 ], [ 174.8178927, -36.8803364 ], [ 174.8177622, -36.8802562 ], [ 174.8167968, -36.8805329 ], [ 174.8165896, -36.8800675 ], [ 174.8165413, -36.8800814 ], [ 174.8167486, -36.8805469 ], [ 174.8161098, -36.8807305 ], [ 174.816117, -36.8807743 ], [ 174.8159031, -36.8807972 ], [ 174.8158864, -36.8806969 ], [ 174.8157091, -36.8807478 ], [ 174.8156429, -36.8803393 ], [ 174.8156107, -36.8803485 ], [ 174.8156814, -36.8807843 ], [ 174.8155019, -36.8808033 ], [ 174.8154356, -36.8803988 ], [ 174.8154027, -36.8804081 ], [ 174.8154784, -36.8808696 ], [ 174.814766, -36.8810713 ], [ 174.8142806, -36.8809962 ], [ 174.8142814, -36.8827556 ], [ 174.8152526, -36.8827545 ], [ 174.8151269, -36.882237 ], [ 174.8185663, -36.8819682 ], [ 174.8185957, -36.8802649 ], [ 174.8185641, -36.8802468 ], [ 174.8180906, -36.8803836 ], [ 174.8179837, -36.8804425 ], [ 174.8170108, -36.8816225 ], [ 174.8169707, -36.8817435 ], [ 174.8169222, -36.8817794 ], [ 174.8168684, -36.8817909 ] ] ], [ [ [ 174.8193708, -36.8800831 ], [ 174.8193699, -36.8801138 ], [ 174.8191183, -36.880079 ], [ 174.8191366, -36.8799871 ], [ 174.8191181, -36.8799665 ], [ 174.8188274, -36.8799286 ], [ 174.8187924, -36.8819501 ], [ 174.8203812, -36.8818256 ], [ 174.8206981, -36.8815425 ], [ 174.8210367, -36.8810713 ], [ 174.8210535, -36.8803669 ], [ 174.8204951, -36.8803096 ], [ 174.8205091, -36.8797273 ], [ 174.8202235, -36.8796883 ], [ 174.8201884, -36.8797118 ], [ 174.8201336, -36.8807542 ], [ 174.820146, -36.8808226 ], [ 174.8201801, -36.8808861 ], [ 174.8202554, -36.8809726 ], [ 174.8203663, -36.8810261 ], [ 174.8204043, -36.8810756 ], [ 174.8204083, -36.8811225 ], [ 174.8203882, -36.8811656 ], [ 174.8203481, -36.8811982 ], [ 174.8202959, -36.8812147 ], [ 174.8202177, -36.8812068 ], [ 174.8201586, -36.8811665 ], [ 174.8201404, -36.8811329 ], [ 174.820125, -36.8810436 ], [ 174.8200102, -36.8809039 ], [ 174.8199826, -36.8808467 ], [ 174.820011, -36.8801589 ], [ 174.8193708, -36.8800831 ] ] ], [ [ [ 174.8235842, -36.8804281 ], [ 174.8236388, -36.8803948 ], [ 174.8234023, -36.880144 ], [ 174.8241546, -36.8795534 ], [ 174.8239046, -36.8793341 ], [ 174.824071, -36.8792042 ], [ 174.8243468, -36.8794029 ], [ 174.8244262, -36.8793406 ], [ 174.8252986, -36.8790206 ], [ 174.8257714, -36.8788967 ], [ 174.8257549, -36.8787089 ], [ 174.8257933, -36.8782845 ], [ 174.8257606, -36.878083 ], [ 174.8257112, -36.8779623 ], [ 174.8256398, -36.8778474 ], [ 174.8253596, -36.8775498 ], [ 174.8243566, -36.8782142 ], [ 174.8249618, -36.8788037 ], [ 174.8247772, -36.878926 ], [ 174.8246809, -36.8789186 ], [ 174.824516, -36.8787579 ], [ 174.8244074, -36.8785485 ], [ 174.8242922, -36.8784362 ], [ 174.8231462, -36.8793192 ], [ 174.8226958, -36.8789244 ], [ 174.8226224, -36.8789819 ], [ 174.8230728, -36.8793767 ], [ 174.8227147, -36.8796577 ], [ 174.823353, -36.8801829 ], [ 174.8235842, -36.8804281 ] ] ], [ [ [ 174.8177333, -36.8795194 ], [ 174.8177654, -36.8794824 ], [ 174.817761, -36.8782277 ], [ 174.8175217, -36.8782279 ], [ 174.8174989, -36.8781451 ], [ 174.8167787, -36.8781458 ], [ 174.8167806, -36.8792162 ], [ 174.8170041, -36.8797057 ], [ 174.817048, -36.879722 ], [ 174.8177333, -36.8795194 ] ] ], [ [ [ 174.8185419, -36.8792822 ], [ 174.8208598, -36.8795354 ], [ 174.8218975, -36.879252 ], [ 174.8218839, -36.8785034 ], [ 174.8223077, -36.8783581 ], [ 174.8224706, -36.8782326 ], [ 174.8224609, -36.8780937 ], [ 174.8220571, -36.8773339 ], [ 174.8214711, -36.8779187 ], [ 174.8211314, -36.8778337 ], [ 174.8211267, -36.8775716 ], [ 174.82036, -36.8772211 ], [ 174.8203749, -36.8778965 ], [ 174.8193202, -36.877899 ], [ 174.8193204, -36.8779676 ], [ 174.8184519, -36.8781867 ], [ 174.8179876, -36.8781878 ], [ 174.8179914, -36.879445 ], [ 174.8185419, -36.8792822 ] ] ], [ [ [ 174.8270081, -36.8777648 ], [ 174.8269597, -36.8778201 ], [ 174.8268652, -36.8779729 ], [ 174.8268259, -36.8780633 ], [ 174.8268015, -36.8782518 ], [ 174.8268519, -36.8784263 ], [ 174.8269649, -36.8785157 ], [ 174.8270345, -36.878551 ], [ 174.8271325, -36.8785653 ], [ 174.8273378, -36.8782838 ], [ 174.8273283, -36.8782065 ], [ 174.8275274, -36.8780173 ], [ 174.8276208, -36.8780092 ], [ 174.8274823, -36.8778949 ], [ 174.8273287, -36.8778066 ], [ 174.827159, -36.8777271 ], [ 174.8270727, -36.8777221 ], [ 174.8270081, -36.8777648 ] ] ], [ [ [ 174.8277955, -36.8781319 ], [ 174.8276751, -36.8782287 ], [ 174.827568, -36.8783352 ], [ 174.8271137, -36.8789551 ], [ 174.8275177, -36.8791422 ], [ 174.8279149, -36.8785894 ], [ 174.8278547, -36.8783597 ], [ 174.828177, -36.8782771 ], [ 174.8285596, -36.8785401 ], [ 174.8299225, -36.8779427 ], [ 174.830785, -36.8775317 ], [ 174.8310093, -36.8773247 ], [ 174.8307889, -36.8770451 ], [ 174.8300563, -36.8774203 ], [ 174.8296687, -36.8775728 ], [ 174.8294648, -36.8776364 ], [ 174.8291799, -36.8777079 ], [ 174.8284235, -36.8778489 ], [ 174.8281738, -36.8779271 ], [ 174.8280475, -36.877982 ], [ 174.8277955, -36.8781319 ] ] ], [ [ [ 174.8281293, -36.8773788 ], [ 174.8279169, -36.8773555 ], [ 174.8278321, -36.8773777 ], [ 174.8275691, -36.8775095 ], [ 174.8271927, -36.8776642 ], [ 174.8272162, -36.8777033 ], [ 174.8275127, -36.8778612 ], [ 174.8276148, -36.8779562 ], [ 174.8276677, -36.8779799 ], [ 174.8279509, -36.8778187 ], [ 174.8281207, -36.8777482 ], [ 174.8282631, -36.8777033 ], [ 174.8282827, -36.8776306 ], [ 174.8282473, -36.877485 ], [ 174.8281986, -36.8774173 ], [ 174.8281293, -36.8773788 ] ] ], [ [ [ 174.8262592, -36.8772746 ], [ 174.8262833, -36.8772277 ], [ 174.8263175, -36.8771956 ], [ 174.8264953, -36.8771767 ], [ 174.8265899, -36.8771548 ], [ 174.8267628, -36.8770901 ], [ 174.8269908, -36.8769864 ], [ 174.8270654, -36.8769278 ], [ 174.8270954, -36.876868 ], [ 174.8270592, -36.8766983 ], [ 174.82702, -36.8766576 ], [ 174.82673, -36.8768497 ], [ 174.8266775, -36.8767976 ], [ 174.8262082, -36.8771085 ], [ 174.8259586, -36.8768653 ], [ 174.8256263, -36.8770585 ], [ 174.825868, -36.877294 ], [ 174.8255802, -36.877478 ], [ 174.825838, -36.8777337 ], [ 174.8259206, -36.8778547 ], [ 174.8259736, -36.8779633 ], [ 174.8260188, -36.8781116 ], [ 174.8260345, -36.8782368 ], [ 174.8260113, -36.8785408 ], [ 174.8264062, -36.87857 ], [ 174.826401, -36.8786258 ], [ 174.8266644, -36.8786665 ], [ 174.8267508, -36.878597 ], [ 174.826764, -36.8785079 ], [ 174.8266875, -36.8782576 ], [ 174.8266891, -36.8780833 ], [ 174.8267827, -36.8778692 ], [ 174.8269253, -36.8776611 ], [ 174.8267307, -36.8775116 ], [ 174.8266321, -36.8773502 ], [ 174.8265591, -36.877305 ], [ 174.8265265, -36.8773225 ], [ 174.8264836, -36.8773694 ], [ 174.8264127, -36.8773979 ], [ 174.8263717, -36.8773957 ], [ 174.8263287, -36.877385 ], [ 174.8262694, -36.8773347 ], [ 174.8262592, -36.8772746 ] ] ], [ [ [ 174.8280294, -36.8772641 ], [ 174.8282508, -36.8772905 ], [ 174.828354, -36.8774508 ], [ 174.8283964, -36.8776284 ], [ 174.8284413, -36.8776604 ], [ 174.8286901, -36.8776141 ], [ 174.8285396, -36.8769309 ], [ 174.8283395, -36.8768214 ], [ 174.8274427, -36.8769684 ], [ 174.8273275, -36.8764539 ], [ 174.8271412, -36.8765773 ], [ 174.8271917, -36.8766789 ], [ 174.8272319, -36.8768775 ], [ 174.8271827, -36.8769824 ], [ 174.8270593, -36.8770817 ], [ 174.8268097, -36.8771964 ], [ 174.8266568, -36.8772527 ], [ 174.8266696, -36.8773071 ], [ 174.8267722, -36.8774937 ], [ 174.8269657, -36.8776419 ], [ 174.827479, -36.8774405 ], [ 174.8277575, -36.8773026 ], [ 174.8278835, -36.8772696 ], [ 174.8280294, -36.8772641 ] ] ], [ [ [ 174.8246526, -36.8771633 ], [ 174.8244076, -36.8769238 ], [ 174.8245506, -36.8768181 ], [ 174.8248069, -36.8770693 ], [ 174.8248588, -36.8770335 ], [ 174.824572, -36.8767528 ], [ 174.824772, -36.8766369 ], [ 174.8246745, -36.8761751 ], [ 174.8243789, -36.8762352 ], [ 174.8241482, -36.8759964 ], [ 174.8238869, -36.8761686 ], [ 174.8238283, -36.8761112 ], [ 174.8236582, -36.876203 ], [ 174.8236186, -36.8761565 ], [ 174.8232134, -36.8761383 ], [ 174.8230924, -36.8761526 ], [ 174.82295, -36.8762175 ], [ 174.8219273, -36.8768798 ], [ 174.8221595, -36.877065 ], [ 174.8222436, -36.8772234 ], [ 174.8222831, -36.8772313 ], [ 174.8233054, -36.8765694 ], [ 174.8234694, -36.8766961 ], [ 174.8223492, -36.8774216 ], [ 174.8226839, -36.8780518 ], [ 174.8226872, -36.8780975 ], [ 174.8227732, -36.8780419 ], [ 174.8229184, -36.8778541 ], [ 174.8230773, -36.8777542 ], [ 174.822985, -36.877662 ], [ 174.8238655, -36.8770922 ], [ 174.8239312, -36.8771574 ], [ 174.8240922, -36.8770487 ], [ 174.8241241, -36.8770512 ], [ 174.8244052, -36.8773265 ], [ 174.8244667, -36.8772816 ], [ 174.8241731, -36.8769941 ], [ 174.8243196, -36.8768953 ], [ 174.8246168, -36.877186 ], [ 174.8246526, -36.8771633 ] ] ], [ [ [ 174.8293445, -36.8757239 ], [ 174.8291151, -36.8755265 ], [ 174.8289952, -36.8756667 ], [ 174.8291569, -36.875814 ], [ 174.8292855, -36.8760442 ], [ 174.8293863, -36.8764798 ], [ 174.8292837, -36.8768604 ], [ 174.8285807, -36.8769604 ], [ 174.8287235, -36.8776081 ], [ 174.8293414, -36.8774802 ], [ 174.8295245, -36.8774258 ], [ 174.8298781, -36.8772933 ], [ 174.8300477, -36.8772157 ], [ 174.8300904, -36.8770661 ], [ 174.8299159, -36.8768407 ], [ 174.8298418, -36.8767193 ], [ 174.8297308, -36.8764644 ], [ 174.8296525, -36.8762015 ], [ 174.8295256, -36.8759514 ], [ 174.8293445, -36.8757239 ] ] ], [ [ [ 174.8308637, -36.8759333 ], [ 174.8308132, -36.8757727 ], [ 174.8298146, -36.8759132 ], [ 174.8299055, -36.8760974 ], [ 174.8299947, -36.8763847 ], [ 174.8300691, -36.8765726 ], [ 174.8301737, -36.8767499 ], [ 174.8303253, -36.8769432 ], [ 174.8305116, -36.8769749 ], [ 174.8312391, -36.8765947 ], [ 174.8312621, -36.8765076 ], [ 174.8309565, -36.8761154 ], [ 174.8308637, -36.8759333 ] ] ], [ [ [ 174.8426253, -36.876452 ], [ 174.8427255, -36.8762555 ], [ 174.8427708, -36.876055 ], [ 174.8427656, -36.8758316 ], [ 174.842733, -36.8756894 ], [ 174.8420763, -36.8757897 ], [ 174.8418062, -36.8758177 ], [ 174.8413025, -36.8756464 ], [ 174.8412067, -36.8756685 ], [ 174.8410369, -36.8755935 ], [ 174.8407095, -36.8756691 ], [ 174.8403215, -36.875789 ], [ 174.8399306, -36.8759425 ], [ 174.8398984, -36.8760161 ], [ 174.8400176, -36.876267 ], [ 174.8400412, -36.8763458 ], [ 174.8400851, -36.8765488 ], [ 174.8401063, -36.8767609 ], [ 174.8401663, -36.8768032 ], [ 174.8403497, -36.876777 ], [ 174.8405909, -36.876714 ], [ 174.8408066, -36.8766258 ], [ 174.8409076, -36.876572 ], [ 174.8409124, -36.8765271 ], [ 174.8410734, -36.876415 ], [ 174.8410829, -36.8763525 ], [ 174.8410569, -36.8763225 ], [ 174.84119, -36.8762154 ], [ 174.8413245, -36.8762153 ], [ 174.841396, -36.8762726 ], [ 174.8414436, -36.8762343 ], [ 174.8419029, -36.8762229 ], [ 174.8424924, -36.8766264 ], [ 174.8426253, -36.876452 ] ] ], [ [ [ 174.8240061, -36.8750274 ], [ 174.8242626, -36.8751658 ], [ 174.8245604, -36.8755823 ], [ 174.8246604, -36.8759472 ], [ 174.8249781, -36.8757249 ], [ 174.8251604, -36.8758925 ], [ 174.8251546, -36.8759596 ], [ 174.8256048, -36.8759848 ], [ 174.8256063, -36.8758238 ], [ 174.8255474, -36.875703 ], [ 174.8245987, -36.8748242 ], [ 174.8240061, -36.8750274 ] ] ], [ [ [ 174.8291769, -36.8743567 ], [ 174.8291241, -36.8743674 ], [ 174.828723, -36.8750597 ], [ 174.8289873, -36.8751719 ], [ 174.82913, -36.8752478 ], [ 174.8293904, -36.8754259 ], [ 174.8295902, -36.8756114 ], [ 174.8297386, -36.8757944 ], [ 174.8298021, -36.8758921 ], [ 174.8308086, -36.8757505 ], [ 174.8307864, -36.8755563 ], [ 174.8308037, -36.8753488 ], [ 174.8308653, -36.8751385 ], [ 174.8309883, -36.8749119 ], [ 174.8309702, -36.8748193 ], [ 174.8303402, -36.8743396 ], [ 174.8303321, -36.8742564 ], [ 174.8303731, -36.8741969 ], [ 174.8300487, -36.8739586 ], [ 174.830025, -36.8738925 ], [ 174.8299862, -36.8739015 ], [ 174.8291769, -36.8743567 ] ] ], [ [ [ 174.8258367, -36.8755465 ], [ 174.8257508, -36.8756069 ], [ 174.8258574, -36.8757048 ], [ 174.8259052, -36.8752396 ], [ 174.8263645, -36.8757323 ], [ 174.8267246, -36.8755276 ], [ 174.8266146, -36.8753939 ], [ 174.826534, -36.8752444 ], [ 174.8264869, -36.8750786 ], [ 174.8264789, -36.8749147 ], [ 174.8265605, -36.8741113 ], [ 174.8260241, -36.8740759 ], [ 174.826035, -36.8739692 ], [ 174.8249867, -36.8743271 ], [ 174.82463, -36.8745772 ], [ 174.8252834, -36.8751775 ], [ 174.8256225, -36.8749398 ], [ 174.8258748, -36.8751718 ], [ 174.8258367, -36.8755465 ] ] ], [ [ [ 174.8354664, -36.8742569 ], [ 174.8352348, -36.8742832 ], [ 174.8353365, -36.8746547 ], [ 174.8357281, -36.8745936 ], [ 174.836498, -36.8746449 ], [ 174.8366942, -36.8746848 ], [ 174.8377963, -36.8750026 ], [ 174.8379176, -36.8747312 ], [ 174.8379614, -36.8746885 ], [ 174.8370189, -36.8744138 ], [ 174.8367698, -36.8743532 ], [ 174.8365425, -36.8743137 ], [ 174.8363426, -36.8742908 ], [ 174.8357602, -36.8742528 ], [ 174.8354664, -36.8742569 ] ] ], [ [ [ 174.8404447, -36.8755815 ], [ 174.8412676, -36.8753913 ], [ 174.8413734, -36.8754402 ], [ 174.8413923, -36.8754908 ], [ 174.8414132, -36.8755492 ], [ 174.8413547, -36.8756342 ], [ 174.841811, -36.8757894 ], [ 174.8420708, -36.8757625 ], [ 174.8427268, -36.8756623 ], [ 174.842565, -36.8749687 ], [ 174.8425209, -36.8749166 ], [ 174.8424805, -36.8748981 ], [ 174.8372566, -36.8733925 ], [ 174.8362464, -36.873309 ], [ 174.8361845, -36.8733494 ], [ 174.8360957, -36.8740366 ], [ 174.8361568, -36.8740958 ], [ 174.8365504, -36.8741275 ], [ 174.8369369, -36.8741995 ], [ 174.8383107, -36.8745936 ], [ 174.8385247, -36.8746764 ], [ 174.8386777, -36.8747674 ], [ 174.8388097, -36.8748776 ], [ 174.839741, -36.8757982 ], [ 174.8398457, -36.8758168 ], [ 174.8404447, -36.8755815 ] ] ], [ [ [ 174.8270227, -36.8752426 ], [ 174.8274283, -36.874999 ], [ 174.8274025, -36.8749702 ], [ 174.8277494, -36.8747616 ], [ 174.8280283, -36.8748703 ], [ 174.8280462, -36.8748407 ], [ 174.8275073, -36.8746307 ], [ 174.8277647, -36.8742661 ], [ 174.8278599, -36.8741017 ], [ 174.8275922, -36.8740016 ], [ 174.8275313, -36.8741057 ], [ 174.8267924, -36.8740568 ], [ 174.8267058, -36.8749024 ], [ 174.826705, -36.8750118 ], [ 174.8267267, -36.8751267 ], [ 174.826771, -36.8752373 ], [ 174.8268265, -36.8753269 ], [ 174.8269171, -36.8754316 ], [ 174.8270977, -36.8753231 ], [ 174.8270227, -36.8752426 ] ] ], [ [ [ 174.8337041, -36.8746894 ], [ 174.8339381, -36.8745393 ], [ 174.834179, -36.8744107 ], [ 174.8344525, -36.8742914 ], [ 174.834705, -36.8742041 ], [ 174.8349686, -36.8741369 ], [ 174.8351625, -36.8741028 ], [ 174.8355469, -36.8740699 ], [ 174.8357936, -36.8740723 ], [ 174.8358709, -36.8740216 ], [ 174.8359602, -36.8733308 ], [ 174.8359099, -36.8732811 ], [ 174.8343703, -36.8731536 ], [ 174.833537, -36.8730433 ], [ 174.8334074, -36.8731181 ], [ 174.833345, -36.8734228 ], [ 174.833236, -36.8737287 ], [ 174.8332609, -36.8737765 ], [ 174.8332522, -36.8738308 ], [ 174.8331061, -36.8743152 ], [ 174.8331603, -36.8744074 ], [ 174.8333704, -36.8745179 ], [ 174.8335963, -36.8746857 ], [ 174.8337041, -36.8746894 ] ] ], [ [ [ 174.8321049, -36.8738402 ], [ 174.832213, -36.8741927 ], [ 174.8323181, -36.8742505 ], [ 174.8325044, -36.8742525 ], [ 174.8326891, -36.8742718 ], [ 174.8327864, -36.8742279 ], [ 174.8329717, -36.8737185 ], [ 174.8330724, -36.873664 ], [ 174.8332187, -36.8736954 ], [ 174.8333176, -36.8734178 ], [ 174.8333981, -36.8730249 ], [ 174.8324823, -36.8729037 ], [ 174.8323123, -36.8729181 ], [ 174.8303794, -36.8733616 ], [ 174.8305281, -36.8737758 ], [ 174.8300519, -36.8738862 ], [ 174.8300735, -36.8739463 ], [ 174.8303976, -36.8741845 ], [ 174.8304451, -36.8741605 ], [ 174.830541, -36.8741536 ], [ 174.8311786, -36.8746055 ], [ 174.8312898, -36.8746005 ], [ 174.8313828, -36.8745353 ], [ 174.8315762, -36.8744276 ], [ 174.8318258, -36.8743317 ], [ 174.8318828, -36.874247 ], [ 174.8318103, -36.8738684 ], [ 174.8318484, -36.8738147 ], [ 174.831889, -36.8737844 ], [ 174.8319651, -36.8737738 ], [ 174.8320386, -36.8737863 ], [ 174.8320769, -36.8738092 ], [ 174.8321049, -36.8738402 ] ] ], [ [ [ 174.827619, -36.8737117 ], [ 174.8285139, -36.8740464 ], [ 174.8285313, -36.8740165 ], [ 174.8279076, -36.8737833 ], [ 174.8278916, -36.8737474 ], [ 174.8280029, -36.8735553 ], [ 174.8276457, -36.8734218 ], [ 174.827619, -36.8737117 ] ] ], [ [ [ 174.8414772, -36.8719249 ], [ 174.8410381, -36.8718605 ], [ 174.84069, -36.8717315 ], [ 174.8405414, -36.8719348 ], [ 174.8405495, -36.8721848 ], [ 174.8406114, -36.8723358 ], [ 174.8403773, -36.8723897 ], [ 174.8398796, -36.8727029 ], [ 174.8397487, -36.8728234 ], [ 174.8395221, -36.8727883 ], [ 174.8394227, -36.8725478 ], [ 174.8395612, -36.8722361 ], [ 174.8394089, -36.8721892 ], [ 174.8395672, -36.8719006 ], [ 174.839775, -36.8715945 ], [ 174.8393079, -36.8713404 ], [ 174.8381619, -36.8710001 ], [ 174.8381111, -36.8709953 ], [ 174.8380549, -36.8710143 ], [ 174.8380239, -36.8710469 ], [ 174.837776, -36.8716393 ], [ 174.8376785, -36.8717819 ], [ 174.8375226, -36.8719341 ], [ 174.8374173, -36.872 ], [ 174.8373127, -36.8720363 ], [ 174.8372088, -36.8720516 ], [ 174.8368477, -36.8720727 ], [ 174.8367963, -36.8720882 ], [ 174.836757, -36.8721188 ], [ 174.8367345, -36.8721683 ], [ 174.8366514, -36.8728164 ], [ 174.8362721, -36.8730643 ], [ 174.8362968, -36.8731307 ], [ 174.8373068, -36.8732144 ], [ 174.8419154, -36.8745431 ], [ 174.8419748, -36.8745358 ], [ 174.8425294, -36.8741972 ], [ 174.8426118, -36.8741147 ], [ 174.8430291, -36.8733167 ], [ 174.8425973, -36.8731716 ], [ 174.8424282, -36.8732436 ], [ 174.842292, -36.8732542 ], [ 174.8421364, -36.8732193 ], [ 174.8421121, -36.8731205 ], [ 174.8418802, -36.8728316 ], [ 174.841718, -36.8728017 ], [ 174.8417207, -36.8725519 ], [ 174.8416092, -36.8721073 ], [ 174.8414772, -36.8719249 ] ] ], [ [ [ 174.8283407, -36.8724602 ], [ 174.8279502, -36.8727723 ], [ 174.8284887, -36.8732083 ], [ 174.8288261, -36.8729386 ], [ 174.8287152, -36.8727936 ], [ 174.8286, -36.8726709 ], [ 174.8283407, -36.8724602 ] ] ], [ [ [ 174.82891, -36.8727275 ], [ 174.8289094, -36.8727541 ], [ 174.8290925, -36.8730419 ], [ 174.829509, -36.8729454 ], [ 174.8296514, -36.8733417 ], [ 174.8321173, -36.8727741 ], [ 174.8320448, -36.8725189 ], [ 174.8321856, -36.8724749 ], [ 174.8324241, -36.8724908 ], [ 174.8324621, -36.872124 ], [ 174.831548, -36.8720629 ], [ 174.831108, -36.8720033 ], [ 174.8306323, -36.8720327 ], [ 174.830624, -36.8721366 ], [ 174.8305801, -36.8722346 ], [ 174.8305186, -36.872306 ], [ 174.8303959, -36.8723958 ], [ 174.8303213, -36.8724214 ], [ 174.8302201, -36.8724328 ], [ 174.8298104, -36.8724215 ], [ 174.8296611, -36.8724355 ], [ 174.829478, -36.8724692 ], [ 174.8292668, -36.8725327 ], [ 174.8290895, -36.8726096 ], [ 174.828931, -36.8726991 ], [ 174.82891, -36.8727275 ] ] ], [ [ [ 174.8362092, -36.8720542 ], [ 174.8344394, -36.8717925 ], [ 174.8328497, -36.8716609 ], [ 174.8327894, -36.8716696 ], [ 174.8327442, -36.8717028 ], [ 174.8327282, -36.8717419 ], [ 174.8326277, -36.8727115 ], [ 174.8326586, -36.8727433 ], [ 174.8344, -36.8729736 ], [ 174.8358699, -36.8730934 ], [ 174.8364365, -36.8727232 ], [ 174.83651, -36.8721464 ], [ 174.8364984, -36.8721069 ], [ 174.8364568, -36.8720719 ], [ 174.8364084, -36.8720607 ], [ 174.8362092, -36.8720542 ] ] ] ] } }
]
}
