{
"type": "FeatureCollection",
"name": "operative-height",
"features": [
{ "type": "Feature", "properties": { "category": "11m" }, "geometry": { "type": "Polygon", "coordinates": [ [ [ 174.7487789, -36.8498237 ], [ 174.7487613, -36.8497108 ], [ 174.7488073, -36.849667 ], [ 174.7487494, -36.8492899 ], [ 174.7486396, -36.849301 ], [ 174.7486914, -36.8496337 ], [ 174.7486439, -36.8496827 ], [ 174.7486955, -36.8500136 ], [ 174.7490586, -36.849732 ], [ 174.7490245, -36.8496583 ], [ 174.749081, -36.8496145 ], [ 174.7491714, -36.8496444 ], [ 174.7492607, -36.8495752 ], [ 174.7491828, -36.8495103 ], [ 174.7487789, -36.8498237 ] ] ] } },
{ "type": "Feature", "properties": { "category": "13m" }, "geometry": { "type": "MultiPolygon", "coordinates": [ [ [ [ 174.7308263, -36.8588951 ], [ 174.7305669, -36.8591093 ], [ 174.7311538, -36.8595685 ], [ 174.731532, -36.8592555 ], [ 174.7308263, -36.8588951 ] ] ], [ [ [ 174.7325388, -36.8590806 ], [ 174.7316489, -36.8586195 ], [ 174.7312424, -36.8588226 ], [ 174.7321324, -36.8592835 ], [ 174.7325388, -36.8590806 ] ] ], [ [ [ 174.7299311, -36.8588043 ], [ 174.7302861, -36.8590811 ], [ 174.7306319, -36.8587958 ], [ 174.7302907, -36.8586253 ], [ 174.7301768, -36.8586011 ], [ 174.7299311, -36.8588043 ] ] ], [ [ [ 174.7310327, -36.858714 ], [ 174.731439, -36.8585111 ], [ 174.7309905, -36.8582786 ], [ 174.7310619, -36.8582438 ], [ 174.7310059, -36.8581641 ], [ 174.7309758, -36.8581579 ], [ 174.7309377, -36.8581768 ], [ 174.73092, -36.8581538 ], [ 174.7305645, -36.8583304 ], [ 174.7305806, -36.8584796 ], [ 174.7310327, -36.858714 ] ] ], [ [ [ 174.7302268, -36.8580846 ], [ 174.7301762, -36.8580879 ], [ 174.7299616, -36.85829 ], [ 174.7302622, -36.8584335 ], [ 174.7302268, -36.8580846 ] ] ], [ [ [ 174.4933752, -36.7674349 ], [ 174.4927299, -36.7674093 ], [ 174.492712, -36.7675908 ], [ 174.4932215, -36.7676109 ], [ 174.4932105, -36.767737 ], [ 174.4927004, -36.7677081 ], [ 174.4926408, -36.7682173 ], [ 174.4926471, -36.7683208 ], [ 174.49275, -36.768349 ], [ 174.4926434, -36.7685461 ], [ 174.4925485, -36.7685152 ], [ 174.4923224, -36.7689688 ], [ 174.4928113, -36.7688989 ], [ 174.4933562, -36.7686175 ], [ 174.4952305, -36.7674096 ], [ 174.4933752, -36.7674349 ] ] ], [ [ [ 174.5897005, -36.7598973 ], [ 174.58979, -36.759915 ], [ 174.5916335, -36.7581284 ], [ 174.5916148, -36.7580829 ], [ 174.5903346, -36.7578346 ], [ 174.5897005, -36.7598973 ] ] ], [ [ [ 174.5920622, -36.7572354 ], [ 174.5920156, -36.7573004 ], [ 174.5921267, -36.7577349 ], [ 174.5923705, -36.7576713 ], [ 174.5924673, -36.7573164 ], [ 174.5920622, -36.7572354 ] ] ], [ [ [ 174.5923881, -36.7567403 ], [ 174.5921646, -36.7566936 ], [ 174.5922573, -36.7563442 ], [ 174.5917889, -36.756253 ], [ 174.591764, -36.7562575 ], [ 174.5917538, -36.7562803 ], [ 174.5919447, -36.7570248 ], [ 174.592279, -36.7570921 ], [ 174.5923881, -36.7567403 ] ] ], [ [ [ 174.5916614, -36.7559186 ], [ 174.5916945, -36.7560481 ], [ 174.5921021, -36.7561274 ], [ 174.5921802, -36.7558428 ], [ 174.5916614, -36.7559186 ] ] ], [ [ [ 174.4507013, -36.6776777 ], [ 174.4505194, -36.6776502 ], [ 174.4504615, -36.6779131 ], [ 174.4506411, -36.677942 ], [ 174.4507013, -36.6776777 ] ] ], [ [ [ 174.4500446, -36.6769344 ], [ 174.4500271, -36.6770184 ], [ 174.4499596, -36.6770468 ], [ 174.4498341, -36.6775497 ], [ 174.450297, -36.6776201 ], [ 174.4504393, -36.6769866 ], [ 174.4501834, -36.6769528 ], [ 174.4501641, -36.6770384 ], [ 174.450098, -36.6770288 ], [ 174.4501172, -36.676944 ], [ 174.4500446, -36.6769344 ] ] ], [ [ [ 174.450683, -36.6758829 ], [ 174.4504172, -36.6758486 ], [ 174.4503591, -36.6758865 ], [ 174.4503223, -36.675969 ], [ 174.4502978, -36.6763256 ], [ 174.4502162, -36.6767734 ], [ 174.4504797, -36.6768082 ], [ 174.450683, -36.6758829 ] ] ], [ [ [ 174.4511028, -36.6749425 ], [ 174.4508657, -36.6761106 ], [ 174.4513634, -36.676037 ], [ 174.4512865, -36.6756996 ], [ 174.4517754, -36.6756265 ], [ 174.451249, -36.6748417 ], [ 174.4511028, -36.6749425 ] ] ], [ [ [ 174.4503567, -36.675427 ], [ 174.4503361, -36.6757514 ], [ 174.450368, -36.6757832 ], [ 174.4506946, -36.6758253 ], [ 174.4508935, -36.674849 ], [ 174.4509415, -36.6748157 ], [ 174.4508872, -36.6747573 ], [ 174.4505599, -36.6746415 ], [ 174.4504085, -36.6749108 ], [ 174.4504068, -36.6752769 ], [ 174.4503567, -36.675427 ] ] ], [ [ [ 174.4521005, -36.6745542 ], [ 174.4520265, -36.6744381 ], [ 174.4522641, -36.6743403 ], [ 174.4522279, -36.6741904 ], [ 174.4521967, -36.6741817 ], [ 174.451283, -36.674818 ], [ 174.4514975, -36.6751304 ], [ 174.451806, -36.6749348 ], [ 174.4517765, -36.67489 ], [ 174.4520816, -36.674827 ], [ 174.4519275, -36.6745877 ], [ 174.4521005, -36.6745542 ] ] ], [ [ [ 174.4520999, -36.673972 ], [ 174.4520549, -36.6738057 ], [ 174.4518642, -36.6739191 ], [ 174.4517566, -36.6737599 ], [ 174.4512437, -36.674081 ], [ 174.4511984, -36.6740115 ], [ 174.450808, -36.6741784 ], [ 174.4508521, -36.6742419 ], [ 174.4506519, -36.6744779 ], [ 174.4507911, -36.6745301 ], [ 174.4509685, -36.6747969 ], [ 174.4520784, -36.674024 ], [ 174.4520999, -36.673972 ] ] ], [ [ [ 174.4526719, -36.6736659 ], [ 174.4525878, -36.6733776 ], [ 174.4522272, -36.673463 ], [ 174.4522992, -36.6737288 ], [ 174.4526719, -36.6736659 ] ] ], [ [ [ 174.4526583, -36.6731719 ], [ 174.4525545, -36.6729545 ], [ 174.452521, -36.6726907 ], [ 174.4519546, -36.6726738 ], [ 174.4519699, -36.672811 ], [ 174.4519628, -36.6729654 ], [ 174.4520985, -36.6729721 ], [ 174.4521698, -36.6732404 ], [ 174.4522356, -36.673272 ], [ 174.4526583, -36.6731719 ] ] ], [ [ [ 174.4510875, -36.6723347 ], [ 174.4509873, -36.6726853 ], [ 174.4516168, -36.6728039 ], [ 174.4515044, -36.6724884 ], [ 174.4514996, -36.6723287 ], [ 174.4515284, -36.6722275 ], [ 174.4514672, -36.6722174 ], [ 174.4514152, -36.6723982 ], [ 174.4510875, -36.6723347 ] ] ], [ [ [ 174.4929182, -36.6168689 ], [ 174.493094, -36.6169592 ], [ 174.493129, -36.6169207 ], [ 174.4932856, -36.617029 ], [ 174.4934281, -36.6169054 ], [ 174.4935988, -36.6170287 ], [ 174.4938745, -36.6167896 ], [ 174.4935012, -36.6165099 ], [ 174.4935346, -36.6164731 ], [ 174.4934797, -36.6164319 ], [ 174.4932462, -36.6163381 ], [ 174.4930446, -36.6166468 ], [ 174.4929182, -36.6168689 ] ] ], [ [ [ 174.4908651, -36.6171892 ], [ 174.4927402, -36.6167777 ], [ 174.4930237, -36.6163046 ], [ 174.4929229, -36.6162665 ], [ 174.4929509, -36.6162196 ], [ 174.4927372, -36.6161338 ], [ 174.4916146, -36.6163472 ], [ 174.4906092, -36.6163222 ], [ 174.4908651, -36.6171892 ] ] ], [ [ [ 174.6925298, -36.589407 ], [ 174.6929583, -36.5902906 ], [ 174.6933997, -36.590157 ], [ 174.6934386, -36.5900866 ], [ 174.6930652, -36.5893164 ], [ 174.6929759, -36.5892831 ], [ 174.6925298, -36.589407 ] ] ], [ [ [ 174.6925339, -36.5882209 ], [ 174.6920243, -36.5883625 ], [ 174.692417, -36.5892815 ], [ 174.6929202, -36.5891417 ], [ 174.6929529, -36.5890847 ], [ 174.6925339, -36.5882209 ] ] ], [ [ [ 174.690979, -36.5878972 ], [ 174.6911787, -36.5878322 ], [ 174.6914993, -36.5884735 ], [ 174.6924659, -36.5882049 ], [ 174.6924985, -36.588148 ], [ 174.6920646, -36.5872531 ], [ 174.6920003, -36.5872709 ], [ 174.6920399, -36.5872018 ], [ 174.6914482, -36.5859356 ], [ 174.6909831, -36.5860737 ], [ 174.6912654, -36.5866924 ], [ 174.6913147, -36.5868448 ], [ 174.6907917, -36.58699 ], [ 174.6910326, -36.5875399 ], [ 174.6911703, -36.5878155 ], [ 174.6909706, -36.5878804 ], [ 174.690979, -36.5878972 ] ] ], [ [ [ 174.6911875, -36.5853638 ], [ 174.6907225, -36.5855019 ], [ 174.6908627, -36.5858093 ], [ 174.6912675, -36.5856981 ], [ 174.6913085, -36.5856289 ], [ 174.6911875, -36.5853638 ] ] ], [ [ [ 174.6675363, -36.4016784 ], [ 174.6671498, -36.4014979 ], [ 174.6667002, -36.4021273 ], [ 174.6670855, -36.4023074 ], [ 174.6675363, -36.4016784 ] ] ], [ [ [ 174.6665059, -36.4020365 ], [ 174.6674885, -36.4006613 ], [ 174.667468, -36.4005994 ], [ 174.6667912, -36.4002832 ], [ 174.6667148, -36.4002999 ], [ 174.6657353, -36.4016782 ], [ 174.6665059, -36.4020365 ] ] ], [ [ [ 174.6672989, -36.4012933 ], [ 174.6673247, -36.401364 ], [ 174.6676489, -36.4015216 ], [ 174.6680984, -36.4008942 ], [ 174.6677106, -36.4007127 ], [ 174.6672989, -36.4012933 ] ] ], [ [ [ 174.66499, -36.4004886 ], [ 174.664953, -36.4005979 ], [ 174.6647952, -36.4008219 ], [ 174.6640145, -36.4004537 ], [ 174.6638209, -36.4007199 ], [ 174.6638317, -36.4007536 ], [ 174.6641088, -36.400885 ], [ 174.6640946, -36.4009144 ], [ 174.6655126, -36.4015731 ], [ 174.6655588, -36.401563 ], [ 174.6659732, -36.4009799 ], [ 174.6659607, -36.4009423 ], [ 174.66499, -36.4004886 ] ] ], [ [ [ 174.6682708, -36.3999295 ], [ 174.6678225, -36.4005558 ], [ 174.6682107, -36.4007376 ], [ 174.6686587, -36.4001125 ], [ 174.6682708, -36.3999295 ] ] ], [ [ [ 174.6669144, -36.4001323 ], [ 174.667628, -36.4004656 ], [ 174.668077, -36.3998382 ], [ 174.6673679, -36.3995036 ], [ 174.667275, -36.3995233 ], [ 174.6668898, -36.4000574 ], [ 174.6669144, -36.4001323 ] ] ], [ [ [ 174.6623641, -36.4001508 ], [ 174.6623141, -36.3998146 ], [ 174.6612069, -36.3995903 ], [ 174.6611248, -36.3996303 ], [ 174.6609735, -36.4001294 ], [ 174.661143, -36.4002632 ], [ 174.6615675, -36.400271 ], [ 174.6620345, -36.4004037 ], [ 174.6621838, -36.4003396 ], [ 174.6623641, -36.4001508 ] ] ], [ [ [ 174.668775, -36.3992246 ], [ 174.668383, -36.3997724 ], [ 174.6687711, -36.3999555 ], [ 174.6691636, -36.3994079 ], [ 174.668775, -36.3992246 ] ] ], [ [ [ 174.6685813, -36.3991334 ], [ 174.6678108, -36.3987699 ], [ 174.6674208, -36.3993187 ], [ 174.6681893, -36.3996812 ], [ 174.6685813, -36.3991334 ] ] ], [ [ [ 174.6612761, -36.3994174 ], [ 174.6622718, -36.3996191 ], [ 174.6622109, -36.3990271 ], [ 174.6620794, -36.3986464 ], [ 174.6614608, -36.398521 ], [ 174.6612145, -36.3993345 ], [ 174.6612761, -36.3994174 ] ] ], [ [ [ 174.6604138, -36.3993121 ], [ 174.6609132, -36.3995657 ], [ 174.6612431, -36.3984775 ], [ 174.6608868, -36.3984067 ], [ 174.6608129, -36.3984385 ], [ 174.6604138, -36.3993121 ] ] ], [ [ [ 174.5091486, -36.2554224 ], [ 174.5090777, -36.2549538 ], [ 174.508516, -36.2549005 ], [ 174.5086692, -36.2558214 ], [ 174.5091486, -36.2554224 ] ] ], [ [ [ 174.5100927, -36.2549846 ], [ 174.5100508, -36.2547409 ], [ 174.5101572, -36.2547099 ], [ 174.5101426, -36.2540663 ], [ 174.5100414, -36.2535302 ], [ 174.5090697, -36.2531465 ], [ 174.5095064, -36.2560168 ], [ 174.5098487, -36.2560188 ], [ 174.5100968, -36.2553638 ], [ 174.5100927, -36.2549846 ] ] ], [ [ [ 174.7364164, -36.8928814 ], [ 174.7362007, -36.8922306 ], [ 174.7359659, -36.8921262 ], [ 174.7357155, -36.8924572 ], [ 174.7361192, -36.8926457 ], [ 174.7358544, -36.892991 ], [ 174.7362899, -36.8932067 ], [ 174.7363789, -36.8930894 ], [ 174.7364083, -36.8929867 ], [ 174.7364164, -36.8928814 ] ] ], [ [ [ 174.7369925, -36.89263 ], [ 174.7370977, -36.8924912 ], [ 174.7366991, -36.8924084 ], [ 174.7368121, -36.8920574 ], [ 174.7363617, -36.8919638 ], [ 174.7363541, -36.8919876 ], [ 174.7365353, -36.892535 ], [ 174.7369925, -36.89263 ] ] ], [ [ [ 174.7359197, -36.8921057 ], [ 174.7352977, -36.8918297 ], [ 174.7350536, -36.8921477 ], [ 174.735667, -36.8924343 ], [ 174.7359197, -36.8921057 ] ] ], [ [ [ 174.7373655, -36.8919853 ], [ 174.7374785, -36.8916343 ], [ 174.736982, -36.891531 ], [ 174.737048, -36.8913236 ], [ 174.7365985, -36.8912301 ], [ 174.7364181, -36.8917883 ], [ 174.7373655, -36.8919853 ] ] ], [ [ [ 174.7360561, -36.8909478 ], [ 174.7357735, -36.8918327 ], [ 174.7361051, -36.8919801 ], [ 174.736126, -36.8919729 ], [ 174.7364286, -36.8910245 ], [ 174.7360561, -36.8909478 ] ] ], [ [ [ 174.7429867, -36.873055 ], [ 174.7431427, -36.8729515 ], [ 174.7435094, -36.872778 ], [ 174.7445301, -36.8724265 ], [ 174.7447396, -36.8721552 ], [ 174.7447277, -36.8721309 ], [ 174.7428249, -36.8727123 ], [ 174.7429867, -36.873055 ] ] ], [ [ [ 174.7446821, -36.8725738 ], [ 174.7446459, -36.8726208 ], [ 174.7450473, -36.8727033 ], [ 174.7451359, -36.872425 ], [ 174.7446821, -36.8725738 ] ] ], [ [ [ 174.7421277, -36.8724693 ], [ 174.7422341, -36.8726912 ], [ 174.7450524, -36.8718377 ], [ 174.7449258, -36.8713453 ], [ 174.7445781, -36.8714515 ], [ 174.7446847, -36.8716843 ], [ 174.7421277, -36.8724693 ] ] ], [ [ [ 174.7442399, -36.8707428 ], [ 174.7445159, -36.8713249 ], [ 174.7448913, -36.8712103 ], [ 174.7447325, -36.870592 ], [ 174.7442399, -36.8707428 ] ] ], [ [ [ 174.7373935, -36.865281 ], [ 174.737048, -36.8652364 ], [ 174.737249, -36.8664171 ], [ 174.7375417, -36.8661196 ], [ 174.7373935, -36.865281 ] ] ], [ [ [ 174.7383583, -36.8648009 ], [ 174.7376918, -36.8652154 ], [ 174.7378304, -36.8659901 ], [ 174.738425, -36.8663666 ], [ 174.7386485, -36.8662271 ], [ 174.7384068, -36.8659774 ], [ 174.7390848, -36.865552 ], [ 174.7383583, -36.8648009 ] ] ], [ [ [ 174.7372334, -36.8645971 ], [ 174.7371623, -36.8645187 ], [ 174.7370564, -36.8644465 ], [ 174.7369531, -36.8644043 ], [ 174.7368238, -36.8643774 ], [ 174.7367498, -36.8646792 ], [ 174.7368026, -36.8646876 ], [ 174.7367379, -36.8650124 ], [ 174.7373036, -36.8650835 ], [ 174.7373354, -36.8650701 ], [ 174.7373503, -36.8650374 ], [ 174.7372957, -36.8647323 ], [ 174.7372334, -36.8645971 ] ] ], [ [ [ 174.7376347, -36.8648881 ], [ 174.7377322, -36.8648769 ], [ 174.7381271, -36.8646301 ], [ 174.7381362, -36.8645717 ], [ 174.7374913, -36.8639121 ], [ 174.7374663, -36.8639351 ], [ 174.7376347, -36.8648881 ] ] ], [ [ [ 174.7367383, -36.86382 ], [ 174.736764, -36.8639653 ], [ 174.7367244, -36.8641267 ], [ 174.7369602, -36.8641607 ], [ 174.7370269, -36.8641516 ], [ 174.7370862, -36.8641254 ], [ 174.7371386, -36.8640758 ], [ 174.737162, -36.8640205 ], [ 174.7371422, -36.8638601 ], [ 174.737103, -36.863711 ], [ 174.7370614, -36.8636444 ], [ 174.7368904, -36.8635165 ], [ 174.7367369, -36.8634241 ], [ 174.7364982, -36.8636923 ], [ 174.7367383, -36.86382 ] ] ], [ [ [ 174.7318132, -36.8597566 ], [ 174.7321666, -36.8599371 ], [ 174.7324339, -36.8597161 ], [ 174.7317266, -36.8593549 ], [ 174.7314344, -36.8595965 ], [ 174.7317285, -36.8598263 ], [ 174.7318132, -36.8597566 ] ] ], [ [ [ 174.7327858, -36.8596222 ], [ 174.7328416, -36.8599569 ], [ 174.7332329, -36.8599148 ], [ 174.7331582, -36.8594674 ], [ 174.7334314, -36.8593345 ], [ 174.733342, -36.8593391 ], [ 174.7331887, -36.8594172 ], [ 174.7327487, -36.8591892 ], [ 174.7323422, -36.8593923 ], [ 174.7327858, -36.8596222 ] ] ], [ [ [ 174.7452463, -36.8533928 ], [ 174.7451489, -36.8530904 ], [ 174.7444586, -36.8531558 ], [ 174.7445785, -36.853981 ], [ 174.745006, -36.8539404 ], [ 174.7451315, -36.8542233 ], [ 174.7455659, -36.8541833 ], [ 174.7455882, -36.8541544 ], [ 174.7452463, -36.8533928 ] ] ], [ [ [ 174.7447506, -36.8518528 ], [ 174.7444557, -36.8518822 ], [ 174.7444534, -36.852135 ], [ 174.7443114, -36.8521513 ], [ 174.7444044, -36.8527681 ], [ 174.7446398, -36.8527474 ], [ 174.7446733, -36.8529516 ], [ 174.7450926, -36.8529107 ], [ 174.7447506, -36.8518528 ] ] ], [ [ [ 174.7445453, -36.8512143 ], [ 174.7442293, -36.8512464 ], [ 174.7443212, -36.8518044 ], [ 174.7447049, -36.8517661 ], [ 174.7447176, -36.851751 ], [ 174.7445453, -36.8512143 ] ] ], [ [ [ 174.7439494, -36.8511922 ], [ 174.7444664, -36.8511392 ], [ 174.7445114, -36.8511089 ], [ 174.7443733, -36.8506798 ], [ 174.7440288, -36.8507097 ], [ 174.7440898, -36.8509128 ], [ 174.7439106, -36.8509299 ], [ 174.7439494, -36.8511922 ] ] ], [ [ [ 174.7441299, -36.8499213 ], [ 174.7436869, -36.8499625 ], [ 174.7437174, -36.850072 ], [ 174.7437379, -36.8500701 ], [ 174.7437709, -36.8502997 ], [ 174.7438965, -36.8502884 ], [ 174.7439772, -36.8505308 ], [ 174.7443172, -36.8505034 ], [ 174.7441299, -36.8499213 ] ] ], [ [ [ 174.7448864, -36.8502027 ], [ 174.7448451, -36.8500324 ], [ 174.7447757, -36.8498744 ], [ 174.7447087, -36.8496637 ], [ 174.7450179, -36.8496334 ], [ 174.744935, -36.8493656 ], [ 174.7446271, -36.8493921 ], [ 174.7445511, -36.8491579 ], [ 174.7442222, -36.8491876 ], [ 174.7442138, -36.8491974 ], [ 174.7446021, -36.8504037 ], [ 174.7450447, -36.8503238 ], [ 174.7450052, -36.8501913 ], [ 174.7448864, -36.8502027 ] ] ], [ [ [ 174.7440822, -36.8497847 ], [ 174.7439144, -36.8492573 ], [ 174.7431861, -36.8493149 ], [ 174.7432635, -36.8498635 ], [ 174.7440822, -36.8497847 ] ] ], [ [ [ 174.7443947, -36.8490483 ], [ 174.7443475, -36.8486859 ], [ 174.7440555, -36.8487126 ], [ 174.7441707, -36.8490692 ], [ 174.7443947, -36.8490483 ] ] ], [ [ [ 174.7429403, -36.8486436 ], [ 174.7429797, -36.8489132 ], [ 174.7429612, -36.8489142 ], [ 174.7429975, -36.8491924 ], [ 174.743847, -36.8491219 ], [ 174.7438631, -36.8491005 ], [ 174.7436955, -36.8485847 ], [ 174.7429403, -36.8486436 ] ] ], [ [ [ 174.744315, -36.848419 ], [ 174.7448765, -36.8483772 ], [ 174.7449631, -36.8475709 ], [ 174.7442965, -36.8475234 ], [ 174.7442757, -36.8475355 ], [ 174.7439924, -36.8485263 ], [ 174.7440259, -36.8486228 ], [ 174.7443338, -36.8485947 ], [ 174.744315, -36.848419 ] ] ], [ [ [ 174.7430092, -36.8484126 ], [ 174.7430606, -36.8484532 ], [ 174.7437126, -36.8484014 ], [ 174.7440067, -36.8473741 ], [ 174.7434247, -36.8470205 ], [ 174.7433867, -36.8470638 ], [ 174.7430092, -36.8484126 ] ] ], [ [ [ 174.7443387, -36.8472816 ], [ 174.7446836, -36.8473051 ], [ 174.744699, -36.8471921 ], [ 174.744699, -36.8471921 ], [ 174.7446836, -36.847307 ], [ 174.7458023, -36.8473834 ], [ 174.7465101, -36.8476883 ], [ 174.7466687, -36.847444 ], [ 174.7457735, -36.8470524 ], [ 174.7453047, -36.8469999 ], [ 174.7452474, -36.8470528 ], [ 174.7452512, -36.8470175 ], [ 174.7447022, -36.8471911 ], [ 174.7451388, -36.8470524 ], [ 174.7448917, -36.8468503 ], [ 174.7443387, -36.8472816 ] ] ], [ [ [ 174.7432535, -36.8469159 ], [ 174.7422292, -36.8462897 ], [ 174.7420223, -36.8465086 ], [ 174.7429319, -36.8470689 ], [ 174.7429093, -36.8470918 ], [ 174.7429925, -36.8472971 ], [ 174.7428987, -36.8473925 ], [ 174.7430866, -36.8475069 ], [ 174.7432535, -36.8469159 ] ] ], [ [ [ 174.7445625, -36.846474 ], [ 174.7443158, -36.8462879 ], [ 174.7436191, -36.8468288 ], [ 174.7441673, -36.8471637 ], [ 174.7448898, -36.8465997 ], [ 174.7446439, -36.8464112 ], [ 174.7445625, -36.846474 ] ] ], [ [ [ 174.7416618, -36.8462932 ], [ 174.7418852, -36.8464291 ], [ 174.7420917, -36.8462101 ], [ 174.7418683, -36.8460742 ], [ 174.7416618, -36.8462932 ] ] ], [ [ [ 174.7342416, -36.8456633 ], [ 174.7338141, -36.8460323 ], [ 174.7338526, -36.8462977 ], [ 174.734018, -36.8462821 ], [ 174.7341713, -36.8462119 ], [ 174.7342476, -36.8462032 ], [ 174.734262, -36.8462848 ], [ 174.7343364, -36.8462762 ], [ 174.7342984, -36.8460313 ], [ 174.7346836, -36.8459959 ], [ 174.7346264, -36.845628 ], [ 174.7342416, -36.8456633 ] ] ], [ [ [ 174.7430909, -36.8456882 ], [ 174.7428141, -36.8455272 ], [ 174.7426701, -36.8454289 ], [ 174.7424071, -36.8453067 ], [ 174.7423044, -36.8455103 ], [ 174.7422846, -36.8455045 ], [ 174.7422673, -36.8455405 ], [ 174.7420957, -36.8454352 ], [ 174.7422032, -36.8452214 ], [ 174.741919, -36.8451287 ], [ 174.7418551, -36.8452494 ], [ 174.7415178, -36.8451408 ], [ 174.7413669, -36.845456 ], [ 174.7426053, -36.8462078 ], [ 174.7430909, -36.8456882 ] ] ], [ [ [ 174.7356108, -36.8455376 ], [ 174.7348505, -36.8456075 ], [ 174.7349012, -36.8459347 ], [ 174.7356614, -36.8458652 ], [ 174.7356108, -36.8455376 ] ] ], [ [ [ 174.7366457, -36.8457739 ], [ 174.7365951, -36.8454469 ], [ 174.7358347, -36.845517 ], [ 174.7358855, -36.8458439 ], [ 174.7366457, -36.8457739 ] ] ], [ [ [ 174.7372377, -36.8456088 ], [ 174.7372029, -36.8453909 ], [ 174.7368191, -36.8454257 ], [ 174.736853, -36.8456436 ], [ 174.7372377, -36.8456088 ] ] ], [ [ [ 174.7358124, -36.8449273 ], [ 174.7353754, -36.8450079 ], [ 174.7350032, -36.8450473 ], [ 174.735097, -36.8453328 ], [ 174.735917, -36.8452564 ], [ 174.7358124, -36.8449273 ] ] ], [ [ [ 174.7281552, -36.7103882 ], [ 174.728829, -36.7104313 ], [ 174.7288541, -36.7099588 ], [ 174.7290068, -36.7098049 ], [ 174.7294978, -36.7097547 ], [ 174.7294891, -36.7094664 ], [ 174.729444, -36.7094286 ], [ 174.7291058, -36.7093774 ], [ 174.7285404, -36.7093408 ], [ 174.7283596, -36.709423 ], [ 174.7282574, -36.7095615 ], [ 174.7282452, -36.7097921 ], [ 174.7281872, -36.70979 ], [ 174.7281552, -36.7103882 ] ] ], [ [ [ 174.7219163, -36.4195692 ], [ 174.7217251, -36.420788 ], [ 174.7238603, -36.4204331 ], [ 174.7241425, -36.4185321 ], [ 174.72338, -36.4166652 ], [ 174.7217527, -36.416986 ], [ 174.7220555, -36.41799 ], [ 174.7220865, -36.4179816 ], [ 174.7219163, -36.4195692 ] ] ], [ [ [ 174.7465928, -36.8900389 ], [ 174.7464404, -36.8905106 ], [ 174.7464634, -36.8905155 ], [ 174.7463929, -36.890733 ], [ 174.7469961, -36.8908669 ], [ 174.7471199, -36.8905067 ], [ 174.7469818, -36.8904761 ], [ 174.7471544, -36.8899446 ], [ 174.7466832, -36.8898404 ], [ 174.746617, -36.8900439 ], [ 174.7465928, -36.8900389 ] ] ], [ [ [ 174.7457956, -36.8903589 ], [ 174.7462092, -36.8904445 ], [ 174.7462845, -36.8902105 ], [ 174.7463078, -36.8902153 ], [ 174.7463835, -36.8899639 ], [ 174.7463653, -36.8899597 ], [ 174.7463779, -36.889922 ], [ 174.7463964, -36.8899241 ], [ 174.7465539, -36.8894379 ], [ 174.74619, -36.8893615 ], [ 174.7459764, -36.890021 ], [ 174.7459086, -36.8900074 ], [ 174.7457956, -36.8903589 ] ] ], [ [ [ 174.7467402, -36.8896648 ], [ 174.7474819, -36.889826 ], [ 174.7475917, -36.889491 ], [ 174.7468255, -36.8893255 ], [ 174.746754, -36.8895465 ], [ 174.7467769, -36.8895516 ], [ 174.7467402, -36.8896648 ] ] ], [ [ [ 174.7471355, -36.8884873 ], [ 174.747117, -36.8884961 ], [ 174.7469108, -36.8891334 ], [ 174.7469278, -36.8891571 ], [ 174.7472866, -36.8892364 ], [ 174.747382, -36.8889058 ], [ 174.747482, -36.8889278 ], [ 174.7475937, -36.8885832 ], [ 174.7471355, -36.8884873 ] ] ], [ [ [ 174.7460355, -36.8885321 ], [ 174.7459794, -36.8887043 ], [ 174.7463759, -36.8887874 ], [ 174.7462468, -36.889186 ], [ 174.7466108, -36.8892625 ], [ 174.7466038, -36.8892078 ], [ 174.7468482, -36.8884527 ], [ 174.7468713, -36.8884576 ], [ 174.7470323, -36.8879716 ], [ 174.7459827, -36.8877494 ], [ 174.7458642, -36.8881161 ], [ 174.74651, -36.888253 ], [ 174.7463938, -36.8886118 ], [ 174.7460355, -36.8885321 ] ] ], [ [ [ 174.7474439, -36.8874102 ], [ 174.7471547, -36.8883043 ], [ 174.7487688, -36.8886417 ], [ 174.7488704, -36.8883284 ], [ 174.7484969, -36.8882427 ], [ 174.74863, -36.8878342 ], [ 174.7491042, -36.8879359 ], [ 174.7492092, -36.8876406 ], [ 174.7485599, -36.8874788 ], [ 174.7478835, -36.8873283 ], [ 174.7478362, -36.8874922 ], [ 174.7474439, -36.8874102 ] ] ], [ [ [ 174.7469355, -36.8871313 ], [ 174.7464815, -36.8870494 ], [ 174.7463847, -36.8870094 ], [ 174.7462327, -36.8869778 ], [ 174.7460396, -36.8875738 ], [ 174.7470869, -36.8877923 ], [ 174.7472299, -36.8873496 ], [ 174.7468876, -36.8872791 ], [ 174.7469355, -36.8871313 ] ] ], [ [ [ 174.7493656, -36.8806844 ], [ 174.7493887, -36.8806893 ], [ 174.7494923, -36.8803794 ], [ 174.7489442, -36.8802625 ], [ 174.7487216, -36.8809363 ], [ 174.7492481, -36.8810484 ], [ 174.7493656, -36.8806844 ] ] ], [ [ [ 174.7496991, -36.8805286 ], [ 174.7507338, -36.8807465 ], [ 174.7508981, -36.8802408 ], [ 174.7508631, -36.8802334 ], [ 174.7510676, -36.8796036 ], [ 174.7500633, -36.8793921 ], [ 174.7496991, -36.8805286 ] ] ], [ [ [ 174.749549, -36.880204 ], [ 174.7497701, -36.8795158 ], [ 174.7494725, -36.8794532 ], [ 174.7493591, -36.8798038 ], [ 174.7491124, -36.8797519 ], [ 174.7490022, -36.8800873 ], [ 174.749549, -36.880204 ] ] ], [ [ [ 174.750546, -36.8793061 ], [ 174.7506972, -36.8788541 ], [ 174.7502709, -36.8787638 ], [ 174.7502146, -36.8789388 ], [ 174.7501923, -36.8789341 ], [ 174.7501026, -36.8792129 ], [ 174.750546, -36.8793061 ] ] ], [ [ [ 174.750036, -36.8786922 ], [ 174.7500129, -36.8786874 ], [ 174.7500553, -36.8785544 ], [ 174.7500784, -36.8785592 ], [ 174.7502061, -36.8781603 ], [ 174.7501829, -36.8781555 ], [ 174.7502257, -36.8780226 ], [ 174.7502488, -36.8780274 ], [ 174.7503352, -36.8777618 ], [ 174.7503121, -36.8777569 ], [ 174.7504526, -36.8773326 ], [ 174.7499822, -36.877234 ], [ 174.7494519, -36.8788802 ], [ 174.7495112, -36.8788925 ], [ 174.7493926, -36.8792482 ], [ 174.7498061, -36.8793349 ], [ 174.7498493, -36.8791995 ], [ 174.7498724, -36.8792044 ], [ 174.750036, -36.8786922 ] ] ], [ [ [ 174.7505851, -36.8777188 ], [ 174.7505465, -36.8778385 ], [ 174.7505696, -36.8778434 ], [ 174.7504911, -36.8780853 ], [ 174.7519942, -36.8784098 ], [ 174.7524352, -36.8770582 ], [ 174.7520915, -36.8769858 ], [ 174.7522951, -36.8763652 ], [ 174.7511074, -36.8761126 ], [ 174.7509496, -36.8765897 ], [ 174.7509728, -36.8765946 ], [ 174.7508462, -36.8769897 ], [ 174.7508231, -36.8769848 ], [ 174.7507185, -36.8773068 ], [ 174.7507416, -36.8773116 ], [ 174.7507157, -36.8773914 ], [ 174.7506926, -36.8773865 ], [ 174.7506868, -36.8774042 ], [ 174.7507099, -36.8774091 ], [ 174.7506083, -36.8777237 ], [ 174.7505851, -36.8777188 ] ] ], [ [ [ 174.7505509, -36.8770947 ], [ 174.750514, -36.8770871 ], [ 174.7505413, -36.8770071 ], [ 174.750578, -36.8770146 ], [ 174.7508005, -36.8763311 ], [ 174.7507771, -36.8763262 ], [ 174.7508202, -36.8761934 ], [ 174.7508435, -36.8761982 ], [ 174.7508869, -36.8760655 ], [ 174.7505995, -36.8758768 ], [ 174.7505174, -36.8761302 ], [ 174.7503518, -36.8760956 ], [ 174.7500392, -36.8770586 ], [ 174.7500722, -36.8770656 ], [ 174.750093, -36.8770018 ], [ 174.750146, -36.8770128 ], [ 174.7501252, -36.8770767 ], [ 174.7505292, -36.877162 ], [ 174.7505509, -36.8770947 ] ] ], [ [ [ 174.7507143, -36.874704 ], [ 174.7507844, -36.8747714 ], [ 174.7507362, -36.874912 ], [ 174.7506525, -36.8748943 ], [ 174.7504413, -36.8755386 ], [ 174.7509467, -36.8758706 ], [ 174.7511007, -36.8754037 ], [ 174.7510774, -36.8753988 ], [ 174.7513232, -36.8746528 ], [ 174.7511037, -36.8744423 ], [ 174.7507143, -36.874704 ] ] ], [ [ [ 174.745633, -36.8720739 ], [ 174.7458688, -36.872019 ], [ 174.746251, -36.8719514 ], [ 174.7468452, -36.8718791 ], [ 174.7467978, -36.8717118 ], [ 174.7451152, -36.8720123 ], [ 174.7448843, -36.8723114 ], [ 174.7452761, -36.8721783 ], [ 174.745633, -36.8720739 ] ] ], [ [ [ 174.7468309, -36.8714963 ], [ 174.7469082, -36.8714641 ], [ 174.7469389, -36.8714337 ], [ 174.7469548, -36.8713593 ], [ 174.7468877, -36.8709494 ], [ 174.7467223, -36.8709704 ], [ 174.7450805, -36.8712697 ], [ 174.745219, -36.8718077 ], [ 174.7458862, -36.8716883 ], [ 174.7458806, -36.8716676 ], [ 174.7468309, -36.8714963 ] ] ], [ [ [ 174.7465461, -36.8708208 ], [ 174.7464211, -36.8702547 ], [ 174.7448903, -36.8705243 ], [ 174.7450347, -36.8710924 ], [ 174.7465461, -36.8708208 ] ] ], [ [ [ 174.7493002, -36.8583689 ], [ 174.7503319, -36.8589293 ], [ 174.7506602, -36.8587244 ], [ 174.749284, -36.8579769 ], [ 174.7490399, -36.8581297 ], [ 174.7492822, -36.8583801 ], [ 174.7493002, -36.8583689 ] ] ], [ [ [ 174.7475749, -36.8584933 ], [ 174.7477185, -36.8586417 ], [ 174.7479668, -36.8584867 ], [ 174.7478796, -36.8583966 ], [ 174.7478668, -36.8582829 ], [ 174.7475537, -36.8583058 ], [ 174.7475749, -36.8584933 ] ] ], [ [ [ 174.7483487, -36.8582477 ], [ 174.7480915, -36.8582664 ], [ 174.7480981, -36.858327 ], [ 174.7481445, -36.858375 ], [ 174.7483487, -36.8582477 ] ] ], [ [ [ 174.748031, -36.8577294 ], [ 174.7480712, -36.8580859 ], [ 174.7486783, -36.8580418 ], [ 174.7490158, -36.857831 ], [ 174.7482815, -36.8574324 ], [ 174.748031, -36.8577294 ] ] ], [ [ [ 174.7473571, -36.8569303 ], [ 174.7473377, -36.8569333 ], [ 174.7471254, -36.8571857 ], [ 174.7472732, -36.8572666 ], [ 174.7473882, -36.8571277 ], [ 174.7479202, -36.8574167 ], [ 174.7477176, -36.8576643 ], [ 174.747799, -36.8576814 ], [ 174.748094, -36.8573306 ], [ 174.7473571, -36.8569303 ] ] ], [ [ [ 174.7471586, -36.8568225 ], [ 174.7466796, -36.8565624 ], [ 174.746443, -36.8566823 ], [ 174.7465945, -36.8568757 ], [ 174.7465108, -36.856975 ], [ 174.7465251, -36.8569931 ], [ 174.7461669, -36.8572714 ], [ 174.7466391, -36.8574402 ], [ 174.7471586, -36.8568225 ] ] ], [ [ [ 174.7491778, -36.8576209 ], [ 174.7493467, -36.8572758 ], [ 174.747495, -36.8562712 ], [ 174.7471294, -36.8563967 ], [ 174.7470609, -36.8564713 ], [ 174.7491778, -36.8576209 ] ] ], [ [ [ 174.7455461, -36.8562021 ], [ 174.7456305, -36.8567431 ], [ 174.7457662, -36.8567333 ], [ 174.7465687, -36.8563271 ], [ 174.7464041, -36.8559657 ], [ 174.745683, -36.8561925 ], [ 174.7455461, -36.8562021 ] ] ], [ [ [ 174.746332, -36.8558129 ], [ 174.7461358, -36.8553748 ], [ 174.7456944, -36.8554216 ], [ 174.7457282, -36.8556851 ], [ 174.7457671, -36.8556738 ], [ 174.7458944, -36.8559496 ], [ 174.746332, -36.8558129 ] ] ], [ [ [ 174.7471957, -36.8561051 ], [ 174.747095, -36.8558831 ], [ 174.7472105, -36.8558493 ], [ 174.7471632, -36.8557449 ], [ 174.7470512, -36.855777 ], [ 174.7467439, -36.8550939 ], [ 174.7466897, -36.8551099 ], [ 174.7465933, -36.8548908 ], [ 174.7463068, -36.8550289 ], [ 174.7468494, -36.856224 ], [ 174.7471957, -36.8561051 ] ] ], [ [ [ 174.7456192, -36.8553041 ], [ 174.7460874, -36.8552705 ], [ 174.7459617, -36.8549905 ], [ 174.7459434, -36.8549779 ], [ 174.7455983, -36.855009 ], [ 174.7456236, -36.8552267 ], [ 174.7456106, -36.8552283 ], [ 174.7456192, -36.8553041 ] ] ], [ [ [ 174.745898, -36.8548437 ], [ 174.7456573, -36.8543108 ], [ 174.745193, -36.8543535 ], [ 174.7452295, -36.8546277 ], [ 174.7454543, -36.8546083 ], [ 174.7455206, -36.8547777 ], [ 174.7455394, -36.854876 ], [ 174.745898, -36.8548437 ] ] ], [ [ [ 174.7462073, -36.8547953 ], [ 174.7465071, -36.8546446 ], [ 174.7463902, -36.8543842 ], [ 174.7462532, -36.8543035 ], [ 174.7461637, -36.8541703 ], [ 174.745968, -36.8542713 ], [ 174.7462073, -36.8547953 ] ] ], [ [ [ 174.7456497, -36.8535652 ], [ 174.7458895, -36.8540964 ], [ 174.7463092, -36.8538798 ], [ 174.7461322, -36.853645 ], [ 174.7460831, -36.8536676 ], [ 174.745967, -36.8534026 ], [ 174.7456497, -36.8535652 ] ] ], [ [ [ 174.745884, -36.8531524 ], [ 174.7457461, -36.8527357 ], [ 174.7457891, -36.8527281 ], [ 174.7457633, -36.852654 ], [ 174.745723, -36.8526593 ], [ 174.7456474, -36.8524329 ], [ 174.7455985, -36.852216 ], [ 174.7455817, -36.8522184 ], [ 174.7455674, -36.8521546 ], [ 174.7451826, -36.8522074 ], [ 174.745543, -36.853327 ], [ 174.745884, -36.8531524 ] ] ], [ [ [ 174.7453476, -36.8515367 ], [ 174.7449886, -36.8515924 ], [ 174.7451785, -36.8521948 ], [ 174.7455486, -36.8521439 ], [ 174.7453476, -36.8515367 ] ] ], [ [ [ 174.74461, -36.8504283 ], [ 174.7449539, -36.8514973 ], [ 174.7453181, -36.851446 ], [ 174.7451281, -36.8508572 ], [ 174.7450967, -36.8505166 ], [ 174.7450531, -36.8503485 ], [ 174.74461, -36.8504283 ] ] ], [ [ [ 174.7420597, -36.7193803 ], [ 174.7428313, -36.7193108 ], [ 174.7428589, -36.7173782 ], [ 174.7418743, -36.7173692 ], [ 174.7418576, -36.7185523 ], [ 174.7420498, -36.7191244 ], [ 174.7420597, -36.7193803 ] ] ], [ [ [ 174.7458806, -36.7177859 ], [ 174.7457245, -36.7176595 ], [ 174.7456358, -36.7176142 ], [ 174.745558, -36.7175873 ], [ 174.7455107, -36.7175901 ], [ 174.7454419, -36.7175755 ], [ 174.7448453, -36.7175578 ], [ 174.7444098, -36.7175739 ], [ 174.7440357, -36.7175357 ], [ 174.7436958, -36.7175326 ], [ 174.7436988, -36.7173279 ], [ 174.7436157, -36.717283 ], [ 174.7433703, -36.7171995 ], [ 174.7433323, -36.7171911 ], [ 174.7430866, -36.7171888 ], [ 174.7430586, -36.7191355 ], [ 174.7431727, -36.7191252 ], [ 174.7436778, -36.718774 ], [ 174.7436844, -36.7183225 ], [ 174.7439732, -36.7183252 ], [ 174.7440179, -36.7180953 ], [ 174.7458372, -36.7181142 ], [ 174.7458806, -36.7177859 ] ] ], [ [ [ 174.7437006, -36.7171945 ], [ 174.7435713, -36.7171933 ], [ 174.7436579, -36.7172217 ], [ 174.7436999, -36.7172488 ], [ 174.7437006, -36.7171945 ] ] ], [ [ [ 174.7605394, -36.886269 ], [ 174.7608709, -36.8863402 ], [ 174.7610906, -36.8855882 ], [ 174.7610781, -36.8852931 ], [ 174.7607215, -36.8852162 ], [ 174.7605187, -36.8857565 ], [ 174.7606972, -36.885795 ], [ 174.7605394, -36.886269 ] ] ], [ [ [ 174.762387, -36.8858407 ], [ 174.7619055, -36.8857432 ], [ 174.7619505, -36.8855858 ], [ 174.7618595, -36.8847306 ], [ 174.7612606, -36.8846165 ], [ 174.7613575, -36.8855317 ], [ 174.7612283, -36.8859523 ], [ 174.7622984, -36.8861502 ], [ 174.762387, -36.8858407 ] ] ], [ [ [ 174.7605164, -36.8843637 ], [ 174.7603228, -36.8849426 ], [ 174.7610129, -36.8850915 ], [ 174.7609015, -36.8846085 ], [ 174.760891, -36.8844392 ], [ 174.7605164, -36.8843637 ] ] ], [ [ [ 174.7606036, -36.8836274 ], [ 174.7603995, -36.8839471 ], [ 174.7605824, -36.8839857 ], [ 174.7604994, -36.884247 ], [ 174.7609273, -36.8843332 ], [ 174.7609692, -36.8842317 ], [ 174.7610556, -36.8840852 ], [ 174.7614618, -36.8834479 ], [ 174.7610079, -36.8833477 ], [ 174.7608083, -36.8836717 ], [ 174.7606036, -36.8836274 ] ] ], [ [ [ 174.7619573, -36.8830688 ], [ 174.7617518, -36.8833936 ], [ 174.7617733, -36.883402 ], [ 174.7614621, -36.8838912 ], [ 174.7614421, -36.8838828 ], [ 174.7613379, -36.8840466 ], [ 174.761657, -36.884506 ], [ 174.7616754, -36.8845096 ], [ 174.7622581, -36.8835926 ], [ 174.7621773, -36.8835609 ], [ 174.7623604, -36.8831304 ], [ 174.7619573, -36.8830688 ] ] ], [ [ [ 174.7615245, -36.8832886 ], [ 174.7615422, -36.8832823 ], [ 174.7619035, -36.8827169 ], [ 174.761947, -36.8825895 ], [ 174.761937, -36.8825608 ], [ 174.7613817, -36.8824452 ], [ 174.7611378, -36.8832033 ], [ 174.7615245, -36.8832886 ] ] ], [ [ [ 174.7627625, -36.8821336 ], [ 174.7629058, -36.8821226 ], [ 174.7628462, -36.8816206 ], [ 174.762167, -36.8816727 ], [ 174.762269, -36.8825819 ], [ 174.7620658, -36.882901 ], [ 174.7626562, -36.8829914 ], [ 174.7628237, -36.8825327 ], [ 174.7627777, -36.8822684 ], [ 174.7627918, -36.8822675 ], [ 174.7627625, -36.8821336 ] ] ], [ [ [ 174.7620154, -36.882342 ], [ 174.7619898, -36.8823367 ], [ 174.7619812, -36.8822489 ], [ 174.7620055, -36.8822539 ], [ 174.7619444, -36.8817109 ], [ 174.7619233, -36.8816913 ], [ 174.7615749, -36.8816177 ], [ 174.7615912, -36.8819915 ], [ 174.7614977, -36.882282 ], [ 174.7620209, -36.8823906 ], [ 174.7620154, -36.882342 ] ] ], [ [ [ 174.7625986, -36.8814576 ], [ 174.7625192, -36.8807307 ], [ 174.7620698, -36.8807644 ], [ 174.7621473, -36.8814921 ], [ 174.7625986, -36.8814576 ] ] ], [ [ [ 174.7617929, -36.8807408 ], [ 174.7615678, -36.8806862 ], [ 174.7615401, -36.8808173 ], [ 174.7615915, -36.881299 ], [ 174.761641, -36.8812958 ], [ 174.7616412, -36.8814443 ], [ 174.7619259, -36.8815037 ], [ 174.7618467, -36.8807962 ], [ 174.7617929, -36.8807408 ] ] ], [ [ [ 174.7611605, -36.8803983 ], [ 174.7616296, -36.8805119 ], [ 174.7617039, -36.8804651 ], [ 174.7617014, -36.8804412 ], [ 174.7614286, -36.8800481 ], [ 174.761138, -36.8800221 ], [ 174.7611605, -36.8803983 ] ] ], [ [ [ 174.7621412, -36.8802293 ], [ 174.7620888, -36.8799086 ], [ 174.7616259, -36.8799569 ], [ 174.7620463, -36.8805641 ], [ 174.7620492, -36.8805839 ], [ 174.7622626, -36.8805688 ], [ 174.7622195, -36.8802212 ], [ 174.7621412, -36.8802293 ] ] ], [ [ [ 174.7510792, -36.8783719 ], [ 174.7510381, -36.8783631 ], [ 174.7508697, -36.8788907 ], [ 174.7517781, -36.8790837 ], [ 174.7517832, -36.8790678 ], [ 174.7519462, -36.8791024 ], [ 174.7521247, -36.8785602 ], [ 174.751089, -36.8783413 ], [ 174.7510792, -36.8783719 ] ] ], [ [ [ 174.7513965, -36.8753325 ], [ 174.7513604, -36.8753244 ], [ 174.7511583, -36.8759368 ], [ 174.7521152, -36.8761395 ], [ 174.752221, -36.8758243 ], [ 174.7522557, -36.8757905 ], [ 174.7523065, -36.8755256 ], [ 174.7517942, -36.8754164 ], [ 174.7520066, -36.8747754 ], [ 174.7515937, -36.8746882 ], [ 174.7514505, -36.8751265 ], [ 174.7513965, -36.8753325 ] ] ], [ [ [ 174.7509622, -36.8598107 ], [ 174.7516889, -36.8603937 ], [ 174.7524888, -36.8597546 ], [ 174.7524838, -36.8597155 ], [ 174.7508571, -36.858831 ], [ 174.7503325, -36.8591604 ], [ 174.7509622, -36.8598107 ] ] ], [ [ [ 174.7525677, -36.8589533 ], [ 174.7522085, -36.8587561 ], [ 174.7519133, -36.8591062 ], [ 174.7524808, -36.8594144 ], [ 174.7527357, -36.8591141 ], [ 174.7533472, -36.8586259 ], [ 174.7532256, -36.8584283 ], [ 174.7525677, -36.8589533 ] ] ], [ [ [ 174.7804241, -36.8563763 ], [ 174.7803444, -36.8564081 ], [ 174.7804043, -36.8565056 ], [ 174.780481, -36.8564749 ], [ 174.7805413, -36.8565742 ], [ 174.7805954, -36.8565526 ], [ 174.7807184, -36.8567487 ], [ 174.781067, -36.856609 ], [ 174.7802441, -36.8552728 ], [ 174.7799357, -36.8553867 ], [ 174.7800353, -36.8555497 ], [ 174.7799328, -36.8555874 ], [ 174.7804241, -36.8563763 ] ] ], [ [ [ 174.7815898, -36.8558451 ], [ 174.7809315, -36.8547753 ], [ 174.7803218, -36.8550004 ], [ 174.7809969, -36.8560913 ], [ 174.7815898, -36.8558451 ] ] ], [ [ [ 174.7795318, -36.8547336 ], [ 174.7796976, -36.8548774 ], [ 174.7798467, -36.8551251 ], [ 174.779883, -36.8553065 ], [ 174.780195, -36.8551912 ], [ 174.7798893, -36.8547043 ], [ 174.7798444, -36.8547219 ], [ 174.7796868, -36.8544665 ], [ 174.779421, -36.8545618 ], [ 174.7795318, -36.8547336 ] ] ], [ [ [ 174.7802961, -36.8549154 ], [ 174.7808855, -36.8546874 ], [ 174.7804203, -36.8539296 ], [ 174.7800894, -36.8540614 ], [ 174.7803125, -36.8544038 ], [ 174.7800213, -36.8545186 ], [ 174.7802685, -36.8549078 ], [ 174.7802961, -36.8549154 ] ] ], [ [ [ 174.7788965, -36.853675 ], [ 174.7788862, -36.8536989 ], [ 174.7793887, -36.8545138 ], [ 174.7796967, -36.8543955 ], [ 174.7795357, -36.8541342 ], [ 174.7794715, -36.8541576 ], [ 174.7793195, -36.8539149 ], [ 174.7793802, -36.8538919 ], [ 174.7791793, -36.853566 ], [ 174.7788762, -36.8536828 ], [ 174.7788965, -36.853675 ] ] ], [ [ [ 174.7797346, -36.854061 ], [ 174.7806955, -36.8536946 ], [ 174.7804631, -36.8533431 ], [ 174.7801554, -36.8534584 ], [ 174.7800286, -36.8532407 ], [ 174.7793784, -36.853491 ], [ 174.7797346, -36.854061 ] ] ], [ [ [ 174.7791318, -36.8534846 ], [ 174.7788294, -36.8530063 ], [ 174.77881, -36.853001 ], [ 174.7783806, -36.8531695 ], [ 174.7785063, -36.8533723 ], [ 174.7786379, -36.8533155 ], [ 174.7788231, -36.8536028 ], [ 174.7791318, -36.8534846 ] ] ], [ [ [ 174.7799354, -36.8531609 ], [ 174.779644, -36.8526701 ], [ 174.7790149, -36.8528994 ], [ 174.7793279, -36.8534096 ], [ 174.7799243, -36.8531806 ], [ 174.7799354, -36.8531609 ] ] ], [ [ [ 174.7789743, -36.8528148 ], [ 174.7795921, -36.8525897 ], [ 174.778987, -36.8516256 ], [ 174.7783751, -36.8518713 ], [ 174.7783716, -36.8518805 ], [ 174.778956, -36.8528107 ], [ 174.7789743, -36.8528148 ] ] ], [ [ [ 174.7748025, -36.7921662 ], [ 174.7751397, -36.7925846 ], [ 174.7756598, -36.7923134 ], [ 174.7753231, -36.7918957 ], [ 174.7748025, -36.7921662 ] ] ], [ [ [ 174.7752387, -36.7919027 ], [ 174.7747936, -36.7913485 ], [ 174.7743345, -36.7915875 ], [ 174.7747816, -36.7921403 ], [ 174.7752387, -36.7919027 ] ] ], [ [ [ 174.7746706, -36.791197 ], [ 174.7742463, -36.7906689 ], [ 174.774379, -36.7906099 ], [ 174.7741547, -36.790284 ], [ 174.7735423, -36.7905569 ], [ 174.773531, -36.7905932 ], [ 174.7742117, -36.7914355 ], [ 174.7746706, -36.791197 ] ] ], [ [ [ 174.7535521, -36.7394536 ], [ 174.7533163, -36.7388342 ], [ 174.7523845, -36.7391337 ], [ 174.7528829, -36.7401376 ], [ 174.7535521, -36.7394536 ] ] ], [ [ [ 174.7535795, -36.7389083 ], [ 174.7536115, -36.7389004 ], [ 174.7536814, -36.7390859 ], [ 174.754129, -36.7389865 ], [ 174.7538431, -36.7382376 ], [ 174.7539083, -36.7382213 ], [ 174.7540109, -36.7384891 ], [ 174.7542254, -36.7384355 ], [ 174.7544407, -36.7383819 ], [ 174.7546296, -36.7388754 ], [ 174.7551336, -36.7387505 ], [ 174.7551136, -36.7386979 ], [ 174.7552897, -36.7386542 ], [ 174.7551212, -36.7382127 ], [ 174.7551604, -36.738203 ], [ 174.754972, -36.7377107 ], [ 174.754037, -36.7379414 ], [ 174.7536694, -36.7380323 ], [ 174.7532571, -36.7380619 ], [ 174.7535795, -36.7389083 ] ] ], [ [ [ 174.7525217, -36.7384379 ], [ 174.7524412, -36.7382759 ], [ 174.7525043, -36.7382556 ], [ 174.7526106, -36.7384688 ], [ 174.7525714, -36.7384814 ], [ 174.7524688, -36.7386741 ], [ 174.7525706, -36.7388791 ], [ 174.7532054, -36.7386746 ], [ 174.7529365, -36.7379695 ], [ 174.7526612, -36.7377438 ], [ 174.7520343, -36.7379462 ], [ 174.7523961, -36.7386736 ], [ 174.7525217, -36.7384379 ] ] ], [ [ [ 174.7484288, -36.7168996 ], [ 174.748388, -36.7169493 ], [ 174.748625, -36.7173857 ], [ 174.7490212, -36.7171663 ], [ 174.7490247, -36.7169052 ], [ 174.7484288, -36.7168996 ] ] ], [ [ [ 174.7483552, -36.7157207 ], [ 174.748341, -36.7167175 ], [ 174.7488579, -36.7167223 ], [ 174.7488721, -36.7157254 ], [ 174.7483552, -36.7157207 ] ] ], [ [ [ 174.7483579, -36.7155394 ], [ 174.7488748, -36.7155442 ], [ 174.7488916, -36.7143603 ], [ 174.7489058, -36.7143605 ], [ 174.7489388, -36.7139985 ], [ 174.7489222, -36.7139963 ], [ 174.748964, -36.7135396 ], [ 174.7490653, -36.7135532 ], [ 174.7491008, -36.7131671 ], [ 174.7489354, -36.7131434 ], [ 174.748744, -36.713228 ], [ 174.748662, -36.7133097 ], [ 174.7485969, -36.7134903 ], [ 174.7483716, -36.7145783 ], [ 174.7483579, -36.7155394 ] ] ], [ [ [ 174.7532857, -36.6966712 ], [ 174.753078, -36.6963953 ], [ 174.7527145, -36.6965729 ], [ 174.7530176, -36.6968023 ], [ 174.7532857, -36.6966712 ] ] ], [ [ [ 174.7516865, -36.695516 ], [ 174.7512333, -36.6951906 ], [ 174.7509041, -36.6954878 ], [ 174.7515391, -36.695944 ], [ 174.7515996, -36.6961304 ], [ 174.7515364, -36.6961493 ], [ 174.7515735, -36.6962642 ], [ 174.7520934, -36.6961551 ], [ 174.7520332, -36.6959425 ], [ 174.7519725, -36.6957856 ], [ 174.7518229, -36.6956652 ], [ 174.7516865, -36.695516 ] ] ], [ [ [ 174.7524862, -36.6957078 ], [ 174.7524032, -36.6954516 ], [ 174.7521893, -36.6955561 ], [ 174.7522723, -36.6958124 ], [ 174.7524862, -36.6957078 ] ] ], [ [ [ 174.7503219, -36.694807 ], [ 174.7505126, -36.6952134 ], [ 174.7508328, -36.6954365 ], [ 174.751162, -36.6951393 ], [ 174.7505872, -36.6947263 ], [ 174.7503219, -36.694807 ] ] ], [ [ [ 174.9066801, -37.2002693 ], [ 174.9057472, -37.2002139 ], [ 174.9057164, -37.2005362 ], [ 174.9056822, -37.2005341 ], [ 174.9056699, -37.2006631 ], [ 174.9073402, -37.2007621 ], [ 174.9073418, -37.2007487 ], [ 174.9070449, -37.2004414 ], [ 174.9069167, -37.2003536 ], [ 174.9066801, -37.2002693 ] ] ], [ [ [ 174.9054715, -37.2003558 ], [ 174.9054374, -37.2003535 ], [ 174.9054528, -37.2001969 ], [ 174.9050834, -37.2001751 ], [ 174.9043534, -37.2001702 ], [ 174.9041293, -37.2001518 ], [ 174.9041328, -37.2001166 ], [ 174.9043566, -37.2001363 ], [ 174.9043676, -37.2 ], [ 174.9038559, -37.1999632 ], [ 174.9038488, -37.2000711 ], [ 174.9038783, -37.2000726 ], [ 174.9038563, -37.2003529 ], [ 174.9038185, -37.2003498 ], [ 174.9037969, -37.2005516 ], [ 174.905444, -37.2006508 ], [ 174.9054715, -37.2003558 ] ] ], [ [ [ 174.9030518, -37.2000115 ], [ 174.90247, -37.1999778 ], [ 174.9024245, -37.200473 ], [ 174.9035467, -37.2005375 ], [ 174.903583, -37.2005121 ], [ 174.9036186, -37.2000443 ], [ 174.9034132, -37.2000323 ], [ 174.9034105, -37.2000765 ], [ 174.9032021, -37.2000644 ], [ 174.9030518, -37.2000115 ] ] ], [ [ [ 174.9013907, -37.1999139 ], [ 174.9013744, -37.2001367 ], [ 174.9013401, -37.2001347 ], [ 174.901322, -37.2003815 ], [ 174.9013543, -37.2004109 ], [ 174.9024079, -37.2004721 ], [ 174.9024515, -37.1999766 ], [ 174.9013907, -37.1999139 ] ] ], [ [ [ 174.9209515, -37.0762637 ], [ 174.920827, -37.0762466 ], [ 174.9195646, -37.0769614 ], [ 174.9199161, -37.0774961 ], [ 174.9209518, -37.0770335 ], [ 174.9209135, -37.0769794 ], [ 174.9211194, -37.0768944 ], [ 174.9212089, -37.0770336 ], [ 174.9210181, -37.0763392 ], [ 174.9209515, -37.0762637 ] ] ], [ [ [ 174.9214112, -37.0737464 ], [ 174.9223493, -37.0745242 ], [ 174.9227, -37.0747856 ], [ 174.9227918, -37.0747917 ], [ 174.9232854, -37.0745129 ], [ 174.9235229, -37.0744449 ], [ 174.9227951, -37.0732571 ], [ 174.9220678, -37.0735141 ], [ 174.9217421, -37.0731693 ], [ 174.9210428, -37.0734166 ], [ 174.9214318, -37.0737391 ], [ 174.9214112, -37.0737464 ] ] ], [ [ [ 174.8449116, -36.946145 ], [ 174.8452458, -36.9460813 ], [ 174.8452008, -36.9459416 ], [ 174.8450083, -36.9457395 ], [ 174.8447364, -36.9459063 ], [ 174.8448851, -36.9460605 ], [ 174.8449116, -36.946145 ] ] ], [ [ [ 174.8450083, -36.9457395 ], [ 174.8448004, -36.9455213 ], [ 174.8442798, -36.9458407 ], [ 174.844488, -36.9460586 ], [ 174.8450083, -36.9457395 ] ] ], [ [ [ 174.8438363, -36.944961 ], [ 174.8438636, -36.9449444 ], [ 174.8439402, -36.9450246 ], [ 174.8436629, -36.9451947 ], [ 174.8440371, -36.9455866 ], [ 174.8442873, -36.9454333 ], [ 174.8443924, -36.9455434 ], [ 174.8446632, -36.9453773 ], [ 174.8439, -36.9445766 ], [ 174.8436283, -36.9447432 ], [ 174.8438363, -36.944961 ] ] ], [ [ [ 174.8449992, -36.9452875 ], [ 174.8449081, -36.9449992 ], [ 174.8446294, -36.9447801 ], [ 174.8445293, -36.9446784 ], [ 174.8445532, -36.9446637 ], [ 174.8442254, -36.9441282 ], [ 174.8441952, -36.9441358 ], [ 174.8441198, -36.9438797 ], [ 174.8436421, -36.9439769 ], [ 174.8436236, -36.9439882 ], [ 174.8448897, -36.9453168 ], [ 174.8449992, -36.9452875 ] ] ], [ [ [ 174.8427642, -36.943431 ], [ 174.8423772, -36.9436667 ], [ 174.8429211, -36.9442477 ], [ 174.8428859, -36.9442695 ], [ 174.8430376, -36.9444272 ], [ 174.843175, -36.9443619 ], [ 174.8434342, -36.9446341 ], [ 174.8437628, -36.9444325 ], [ 174.8428123, -36.9434363 ], [ 174.8427642, -36.943431 ] ] ], [ [ [ 174.8430007, -36.9433358 ], [ 174.8434881, -36.9438469 ], [ 174.8436342, -36.9437604 ], [ 174.8434793, -36.9435093 ], [ 174.8435346, -36.943498 ], [ 174.8433131, -36.9432737 ], [ 174.8430007, -36.9433358 ] ] ], [ [ [ 174.8428919, -36.9426207 ], [ 174.842413, -36.9427205 ], [ 174.84284, -36.9431669 ], [ 174.8428724, -36.943176 ], [ 174.8432621, -36.9430986 ], [ 174.8431971, -36.9428548 ], [ 174.8429779, -36.9428984 ], [ 174.8428919, -36.9426207 ] ] ], [ [ [ 174.8426271, -36.943287 ], [ 174.8426336, -36.9432487 ], [ 174.8417118, -36.9422813 ], [ 174.8416708, -36.9422794 ], [ 174.8414242, -36.9424181 ], [ 174.8415989, -36.9426012 ], [ 174.8414108, -36.9427198 ], [ 174.8422017, -36.943546 ], [ 174.8426271, -36.943287 ] ] ], [ [ [ 174.8416247, -36.9418938 ], [ 174.842285, -36.9425837 ], [ 174.842577, -36.9425227 ], [ 174.8424974, -36.9422738 ], [ 174.8425417, -36.9422469 ], [ 174.842514, -36.9421448 ], [ 174.8423736, -36.9419986 ], [ 174.8421462, -36.9421396 ], [ 174.8419969, -36.9419828 ], [ 174.8421034, -36.9419166 ], [ 174.8419976, -36.9418059 ], [ 174.8416322, -36.9418769 ], [ 174.8416247, -36.9418938 ] ] ], [ [ [ 174.8411864, -36.9423261 ], [ 174.8415582, -36.9421309 ], [ 174.8407881, -36.9413226 ], [ 174.8404313, -36.941542 ], [ 174.8411864, -36.9423261 ] ] ], [ [ [ 174.8419009, -36.9416936 ], [ 174.8413954, -36.9411413 ], [ 174.8410353, -36.9412149 ], [ 174.8410284, -36.941231 ], [ 174.8412792, -36.9414938 ], [ 174.8413052, -36.9414778 ], [ 174.8415735, -36.941759 ], [ 174.8419009, -36.9416936 ] ] ], [ [ [ 174.8696068, -36.9112625 ], [ 174.8691979, -36.9113526 ], [ 174.8693078, -36.9116741 ], [ 174.8700809, -36.9115076 ], [ 174.8699386, -36.9110918 ], [ 174.8696068, -36.9112625 ] ] ], [ [ [ 174.8704288, -36.9109803 ], [ 174.8705735, -36.9114025 ], [ 174.870924, -36.911329 ], [ 174.8709604, -36.9113017 ], [ 174.8709426, -36.910859 ], [ 174.8704288, -36.9109803 ] ] ], [ [ [ 174.8728362, -36.9109168 ], [ 174.8737678, -36.9107994 ], [ 174.8739565, -36.9101091 ], [ 174.8736606, -36.9100569 ], [ 174.8735876, -36.910075 ], [ 174.8734974, -36.910405 ], [ 174.8730001, -36.9103174 ], [ 174.8726788, -36.9103244 ], [ 174.8718748, -36.910539 ], [ 174.8718691, -36.9106245 ], [ 174.8711675, -36.9105683 ], [ 174.8711317, -36.9108144 ], [ 174.8711508, -36.9111403 ], [ 174.8711794, -36.9112095 ], [ 174.8712052, -36.9112268 ], [ 174.8712389, -36.9112267 ], [ 174.8713473, -36.9112077 ], [ 174.8713513, -36.9111929 ], [ 174.8713676, -36.9112053 ], [ 174.8716941, -36.9111679 ], [ 174.8718348, -36.911137 ], [ 174.8718371, -36.9111286 ], [ 174.8728362, -36.9109168 ] ] ], [ [ [ 174.8084582, -36.8978162 ], [ 174.8085453, -36.8979849 ], [ 174.8089756, -36.8987088 ], [ 174.8091586, -36.8987825 ], [ 174.8094122, -36.8983771 ], [ 174.8105727, -36.8988455 ], [ 174.8107624, -36.898499 ], [ 174.8085156, -36.8977129 ], [ 174.8084582, -36.8978162 ] ] ], [ [ [ 174.9322703, -36.8966686 ], [ 174.9323181, -36.896752 ], [ 174.9329309, -36.896658 ], [ 174.9327832, -36.8958403 ], [ 174.9326761, -36.8958527 ], [ 174.932654, -36.8957285 ], [ 174.9325415, -36.895746 ], [ 174.9324961, -36.8955463 ], [ 174.9324836, -36.8954079 ], [ 174.9320199, -36.8957154 ], [ 174.932047, -36.8957671 ], [ 174.9321775, -36.8959059 ], [ 174.9322562, -36.8960695 ], [ 174.9322766, -36.8962221 ], [ 174.9322421, -36.8965608 ], [ 174.9322703, -36.8966686 ] ] ], [ [ [ 174.810501, -36.897614 ], [ 174.8102952, -36.8975418 ], [ 174.8100268, -36.8980433 ], [ 174.8102326, -36.8981154 ], [ 174.810501, -36.897614 ] ] ], [ [ [ 174.9335664, -36.8954083 ], [ 174.9335051, -36.8954768 ], [ 174.9336407, -36.8960919 ], [ 174.9341679, -36.8960079 ], [ 174.9340947, -36.8953836 ], [ 174.9335664, -36.8954083 ] ] ], [ [ [ 174.8099966, -36.8980297 ], [ 174.8101735, -36.8976994 ], [ 174.8097702, -36.8975588 ], [ 174.8099547, -36.8973781 ], [ 174.8094877, -36.8972153 ], [ 174.8091968, -36.8977534 ], [ 174.8099966, -36.8980297 ] ] ], [ [ [ 174.8086362, -36.8969792 ], [ 174.8085046, -36.8975115 ], [ 174.8089899, -36.8976811 ], [ 174.8092725, -36.8971576 ], [ 174.8089674, -36.897052 ], [ 174.8086362, -36.8969792 ] ] ], [ [ [ 174.8081064, -36.8973722 ], [ 174.8082929, -36.8974375 ], [ 174.8084393, -36.8968458 ], [ 174.807829, -36.8966312 ], [ 174.8077176, -36.8964742 ], [ 174.8076825, -36.8964882 ], [ 174.8077731, -36.8966727 ], [ 174.807796, -36.8967582 ], [ 174.8081064, -36.8973722 ] ] ], [ [ [ 174.8084784, -36.8967083 ], [ 174.8085576, -36.8963897 ], [ 174.8082772, -36.8963448 ], [ 174.8080815, -36.8964535 ], [ 174.8080346, -36.896446 ], [ 174.8078985, -36.8964969 ], [ 174.8084784, -36.8967083 ] ] ], [ [ [ 174.9297284, -36.8943421 ], [ 174.9303664, -36.8945571 ], [ 174.9305435, -36.8946908 ], [ 174.9305864, -36.894652 ], [ 174.9317595, -36.895537 ], [ 174.9319278, -36.8955414 ], [ 174.9320532, -36.8954582 ], [ 174.9314068, -36.8950021 ], [ 174.9307574, -36.8944974 ], [ 174.93094, -36.8943325 ], [ 174.9299876, -36.8936524 ], [ 174.9296709, -36.8942499 ], [ 174.9297284, -36.8943421 ] ] ], [ [ [ 174.9307402, -36.8927237 ], [ 174.930397, -36.8930293 ], [ 174.9308963, -36.8933907 ], [ 174.9309757, -36.8933868 ], [ 174.9314548, -36.8929468 ], [ 174.9309934, -36.8926135 ], [ 174.93094, -36.8925955 ], [ 174.9307566, -36.8927133 ], [ 174.9304429, -36.8925008 ], [ 174.9304292, -36.892513 ], [ 174.9307402, -36.8927237 ] ] ], [ [ [ 174.7823001, -36.8589416 ], [ 174.7823294, -36.8589271 ], [ 174.7824483, -36.8590808 ], [ 174.7822877, -36.8591607 ], [ 174.7828552, -36.8592088 ], [ 174.7828664, -36.8591186 ], [ 174.7828544, -36.8590857 ], [ 174.7818615, -36.8578009 ], [ 174.7815439, -36.8579627 ], [ 174.7818138, -36.8583122 ], [ 174.7817018, -36.8583681 ], [ 174.7817918, -36.8584847 ], [ 174.781904, -36.8584287 ], [ 174.7823001, -36.8589416 ] ] ], [ [ [ 174.781617, -36.8574844 ], [ 174.7811192, -36.8566908 ], [ 174.7807669, -36.8568307 ], [ 174.7812174, -36.857549 ], [ 174.7812534, -36.8575344 ], [ 174.7814539, -36.8577939 ], [ 174.7817427, -36.857647 ], [ 174.781617, -36.8574844 ] ] ], [ [ [ 174.7822677, -36.8572569 ], [ 174.7821956, -36.8569049 ], [ 174.7823386, -36.8569141 ], [ 174.7823095, -36.8568181 ], [ 174.7822195, -36.856628 ], [ 174.7821048, -36.8564279 ], [ 174.7820255, -36.8561321 ], [ 174.7818145, -36.8562256 ], [ 174.7816191, -36.8558946 ], [ 174.7810275, -36.8561404 ], [ 174.78176, -36.8573101 ], [ 174.7819326, -36.857553 ], [ 174.7823573, -36.8580997 ], [ 174.7825697, -36.8580621 ], [ 174.7826555, -36.8573707 ], [ 174.7822421, -36.8574143 ], [ 174.7822173, -36.8572622 ], [ 174.7822677, -36.8572569 ] ] ], [ [ [ 174.7965353, -36.8307619 ], [ 174.7958892, -36.8318754 ], [ 174.7963786, -36.831973 ], [ 174.796411, -36.8318679 ], [ 174.7966228, -36.8319101 ], [ 174.7973009, -36.830752 ], [ 174.7967876, -36.8305528 ], [ 174.7966396, -36.8308019 ], [ 174.7965353, -36.8307619 ] ] ], [ [ [ 174.7965567, -36.830464 ], [ 174.7960084, -36.8302499 ], [ 174.7958629, -36.8305 ], [ 174.7964122, -36.8307104 ], [ 174.7965567, -36.830464 ] ] ], [ [ [ 174.7975951, -36.8296877 ], [ 174.7975339, -36.8296875 ], [ 174.7967773, -36.8293649 ], [ 174.7967112, -36.8293831 ], [ 174.7965042, -36.8297545 ], [ 174.7971752, -36.8300288 ], [ 174.79696, -36.8304186 ], [ 174.7973921, -36.8305862 ], [ 174.7975784, -36.8302785 ], [ 174.7975951, -36.8296877 ] ] ], [ [ [ 174.7974415, -36.828827 ], [ 174.7972387, -36.8289828 ], [ 174.7971661, -36.8289515 ], [ 174.7969694, -36.82892 ], [ 174.7968245, -36.8291784 ], [ 174.7975919, -36.8295073 ], [ 174.7976027, -36.8290764 ], [ 174.7975893, -36.8289943 ], [ 174.7974415, -36.828827 ] ] ] ] } },
{ "type": "Feature", "properties": { "category": "15m" }, "geometry": { "type": "MultiPolygon", "coordinates": [ [ [ [ 174.7582912, -36.7819513 ], [ 174.7582366, -36.7823849 ], [ 174.7595433, -36.7813674 ], [ 174.759456, -36.7812644 ], [ 174.7593712, -36.7811149 ], [ 174.7593284, -36.7809871 ], [ 174.7593106, -36.7808181 ], [ 174.7593142, -36.7804875 ], [ 174.7592928, -36.7804486 ], [ 174.7592018, -36.7803725 ], [ 174.7589647, -36.7805571 ], [ 174.7585333, -36.7805209 ], [ 174.7585043, -36.7806374 ], [ 174.7582912, -36.7819513 ] ] ], [ [ [ 174.7562266, -36.7801869 ], [ 174.756849, -36.779614 ], [ 174.7563737, -36.7792843 ], [ 174.7549844, -36.7805799 ], [ 174.7547048, -36.7808652 ], [ 174.754507, -36.781122 ], [ 174.7544348, -36.781265 ], [ 174.7542518, -36.7814357 ], [ 174.7544253, -36.7815517 ], [ 174.7545975, -36.7816413 ], [ 174.7551308, -36.7811734 ], [ 174.7552393, -36.7804706 ], [ 174.7554482, -36.7802708 ], [ 174.7559521, -36.7803313 ], [ 174.7559786, -36.7801599 ], [ 174.7562266, -36.7801869 ] ] ] ] } },
{ "type": "Feature", "properties": { "category": "16m" }, "geometry": { "type": "Polygon", "coordinates": [ [ [ 174.7773934, -36.8879911 ], [ 174.7794431, -36.8882637 ], [ 174.7795192, -36.8879073 ], [ 174.779197, -36.8875602 ], [ 174.7789826, -36.8876588 ], [ 174.7786167, -36.8876285 ], [ 174.778124, -36.887891 ], [ 174.777442, -36.8878011 ], [ 174.7773934, -36.8879911 ] ] ] } },
{ "type": "Feature", "properties": { "category": "18m" }, "geometry": { "type": "GeometryCollection", "geometries": [ { "type": "MultiPolygon", "coordinates": [ [ [ [ 174.6525136, -36.8437793 ], [ 174.6529911, -36.84354 ], [ 174.6528846, -36.8434207 ], [ 174.6528179, -36.8434194 ], [ 174.6526916, -36.8432559 ], [ 174.6526486, -36.8432491 ], [ 174.6524938, -36.8433266 ], [ 174.6525224, -36.8433639 ], [ 174.6522249, -36.8435128 ], [ 174.652203, -36.8434857 ], [ 174.6521435, -36.8435274 ], [ 174.6523641, -36.8438113 ], [ 174.6524093, -36.8438523 ], [ 174.6525136, -36.8437793 ] ] ], [ [ [ 174.6533775, -36.8430039 ], [ 174.6530278, -36.8431791 ], [ 174.6531981, -36.8433698 ], [ 174.6535316, -36.8432026 ], [ 174.6533775, -36.8430039 ] ] ], [ [ [ 174.6514971, -36.8430766 ], [ 174.6515534, -36.8430789 ], [ 174.6516449, -36.8418451 ], [ 174.6515882, -36.8418427 ], [ 174.6516332, -36.841237 ], [ 174.6515866, -36.8412259 ], [ 174.6507477, -36.8413874 ], [ 174.6508794, -36.8418133 ], [ 174.6510275, -36.8418194 ], [ 174.6509127, -36.8436024 ], [ 174.6515126, -36.8436273 ], [ 174.651533, -36.8433531 ], [ 174.6514768, -36.8433508 ], [ 174.6514971, -36.8430766 ] ] ], [ [ [ 174.6514373, -36.8403706 ], [ 174.6511741, -36.8404265 ], [ 174.651216, -36.840554 ], [ 174.6508947, -36.8406223 ], [ 174.6510642, -36.8411382 ], [ 174.6516518, -36.8410231 ], [ 174.6514373, -36.8403706 ] ] ], [ [ [ 174.651954, -36.8408664 ], [ 174.6520213, -36.8408988 ], [ 174.652421, -36.8408202 ], [ 174.6522347, -36.8402532 ], [ 174.6517259, -36.8403615 ], [ 174.6517778, -36.8405192 ], [ 174.6518415, -36.8405057 ], [ 174.651954, -36.8408664 ] ] ], [ [ [ 174.6513823, -36.8400022 ], [ 174.6513177, -36.8398294 ], [ 174.6509004, -36.839918 ], [ 174.650958, -36.8400933 ], [ 174.6509917, -36.8400861 ], [ 174.6510976, -36.8404086 ], [ 174.6514269, -36.8403387 ], [ 174.6513212, -36.8400162 ], [ 174.6513823, -36.8400022 ] ] ], [ [ [ 174.5560447, -36.7761028 ], [ 174.5561733, -36.7761656 ], [ 174.5563448, -36.776287 ], [ 174.5564032, -36.7762095 ], [ 174.5566826, -36.7763459 ], [ 174.5567289, -36.7762559 ], [ 174.5568664, -36.7763051 ], [ 174.5571843, -36.7763843 ], [ 174.5571812, -36.7763923 ], [ 174.5572037, -36.7763872 ], [ 174.5574283, -36.7764435 ], [ 174.5579159, -36.7766845 ], [ 174.558207, -36.7763072 ], [ 174.557703, -36.7760738 ], [ 174.5577783, -36.7759636 ], [ 174.5574741, -36.7759144 ], [ 174.5574739, -36.7755421 ], [ 174.5574923, -36.7751373 ], [ 174.5574043, -36.7749262 ], [ 174.5574735, -36.7749076 ], [ 174.5574732, -36.7741187 ], [ 174.5575122, -36.7741082 ], [ 174.5574872, -36.7740484 ], [ 174.5575191, -36.7740398 ], [ 174.5574479, -36.7738689 ], [ 174.557473, -36.7738621 ], [ 174.5574729, -36.7736253 ], [ 174.5573858, -36.7736181 ], [ 174.5564262, -36.7736371 ], [ 174.5564345, -36.7737111 ], [ 174.5564202, -36.7737368 ], [ 174.5563487, -36.773761 ], [ 174.5564023, -36.7738696 ], [ 174.5565, -36.7739809 ], [ 174.5555824, -36.7738585 ], [ 174.5537974, -36.7745093 ], [ 174.5535155, -36.7749155 ], [ 174.5554498, -36.7758507 ], [ 174.555479, -36.775812 ], [ 174.5560531, -36.7760916 ], [ 174.5560447, -36.7761028 ] ] ], [ [ [ 174.5466522, -36.7725434 ], [ 174.5465612, -36.7726456 ], [ 174.546654, -36.7730485 ], [ 174.5477163, -36.7732604 ], [ 174.54859, -36.7734534 ], [ 174.549023, -36.7735629 ], [ 174.5501318, -36.7738714 ], [ 174.5495976, -36.7734215 ], [ 174.5490238, -36.7731555 ], [ 174.5472989, -36.7726003 ], [ 174.5466522, -36.7725434 ] ] ], [ [ [ 174.5439576, -36.7726272 ], [ 174.5446341, -36.7727086 ], [ 174.5458167, -36.772889 ], [ 174.5464171, -36.773035 ], [ 174.5463242, -36.7726118 ], [ 174.5447582, -36.7723026 ], [ 174.5447362, -36.7723743 ], [ 174.5440749, -36.7722466 ], [ 174.5439576, -36.7726272 ] ] ], [ [ [ 174.5462674, -36.7723558 ], [ 174.5460642, -36.7714945 ], [ 174.5459939, -36.7714642 ], [ 174.5446186, -36.7720338 ], [ 174.5446312, -36.7720854 ], [ 174.5450849, -36.77218 ], [ 174.5462179, -36.7723992 ], [ 174.5462674, -36.7723558 ] ] ], [ [ [ 174.5475749, -36.7713828 ], [ 174.5474799, -36.770966 ], [ 174.5473841, -36.7709953 ], [ 174.5474773, -36.7714044 ], [ 174.5472549, -36.7714312 ], [ 174.5470447, -36.7715665 ], [ 174.5469553, -36.771122 ], [ 174.5463169, -36.7713309 ], [ 174.5462732, -36.7714094 ], [ 174.5464992, -36.7723781 ], [ 174.5466508, -36.7723602 ], [ 174.5466426, -36.7723154 ], [ 174.5469145, -36.7722832 ], [ 174.5469228, -36.7723281 ], [ 174.5470227, -36.7723163 ], [ 174.5470619, -36.7723289 ], [ 174.5470524, -36.772277 ], [ 174.5472036, -36.7723256 ], [ 174.5472139, -36.7723778 ], [ 174.5473293, -36.7724149 ], [ 174.5472795, -36.772153 ], [ 174.5474999, -36.7721209 ], [ 174.547891, -36.7715538 ], [ 174.5477105, -36.7713795 ], [ 174.5476801, -36.7713701 ], [ 174.5475749, -36.7713828 ] ] ], [ [ [ 174.5444459, -36.7719137 ], [ 174.5441474, -36.7714667 ], [ 174.5438909, -36.7714182 ], [ 174.5437713, -36.7718465 ], [ 174.5442725, -36.7719454 ], [ 174.5443994, -36.7719331 ], [ 174.5444459, -36.7719137 ] ] ], [ [ [ 174.5458729, -36.7713163 ], [ 174.5458869, -36.7712508 ], [ 174.5455484, -36.7709593 ], [ 174.5442677, -36.7714953 ], [ 174.5445187, -36.7718831 ], [ 174.5458729, -36.7713163 ] ] ], [ [ [ 174.4456403, -36.6801718 ], [ 174.4457454, -36.6802904 ], [ 174.4470873, -36.6808661 ], [ 174.4471653, -36.6801857 ], [ 174.4464177, -36.679856 ], [ 174.4462601, -36.6798827 ], [ 174.4456403, -36.6801718 ] ] ], [ [ [ 174.449536, -36.6797593 ], [ 174.4493837, -36.6800621 ], [ 174.4496525, -36.6801028 ], [ 174.4496629, -36.6800569 ], [ 174.4498287, -36.6800825 ], [ 174.4498905, -36.679813 ], [ 174.449536, -36.6797593 ] ] ], [ [ [ 174.4487302, -36.6790244 ], [ 174.4485726, -36.6791171 ], [ 174.4483927, -36.6791889 ], [ 174.4482249, -36.6792335 ], [ 174.4475861, -36.6792494 ], [ 174.4471622, -36.6792166 ], [ 174.4468688, -36.6791019 ], [ 174.4468312, -36.6790672 ], [ 174.4467273, -36.6791746 ], [ 174.4467611, -36.6792006 ], [ 174.4466659, -36.6793046 ], [ 174.446584, -36.6795902 ], [ 174.4475906, -36.6800204 ], [ 174.4482788, -36.6801784 ], [ 174.4483523, -36.6800068 ], [ 174.4484939, -36.6795187 ], [ 174.44868, -36.679172 ], [ 174.4488442, -36.6789343 ], [ 174.4487302, -36.6790244 ] ] ], [ [ [ 174.4490846, -36.6801717 ], [ 174.4496758, -36.679003 ], [ 174.4491161, -36.6789182 ], [ 174.4488816, -36.6792528 ], [ 174.4488087, -36.679383 ], [ 174.448667, -36.6797013 ], [ 174.4485766, -36.680052 ], [ 174.449013, -36.6801938 ], [ 174.4490846, -36.6801717 ] ] ], [ [ [ 174.45014, -36.6796662 ], [ 174.4502736, -36.6790937 ], [ 174.4499018, -36.6790374 ], [ 174.4496229, -36.6795879 ], [ 174.45014, -36.6796662 ] ] ], [ [ [ 174.4497313, -36.6779928 ], [ 174.4493778, -36.678562 ], [ 174.4492381, -36.6787524 ], [ 174.4497655, -36.6788323 ], [ 174.450154, -36.6780555 ], [ 174.4497313, -36.6779928 ] ] ], [ [ [ 174.4501833, -36.6779957 ], [ 174.4502382, -36.6778837 ], [ 174.450297, -36.6776201 ], [ 174.4498341, -36.6775497 ], [ 174.4497388, -36.6779601 ], [ 174.4498613, -36.6779782 ], [ 174.4499118, -36.6779555 ], [ 174.4501833, -36.6779957 ] ] ], [ [ [ 174.4518549, -36.6765376 ], [ 174.4517392, -36.6765236 ], [ 174.4518342, -36.6762064 ], [ 174.451666, -36.6761831 ], [ 174.4515719, -36.6761898 ], [ 174.4508252, -36.6762996 ], [ 174.4505194, -36.6776502 ], [ 174.4507013, -36.6776777 ], [ 174.4506412, -36.6779417 ], [ 174.4508625, -36.677977 ], [ 174.4509285, -36.6777122 ], [ 174.451113, -36.6777396 ], [ 174.4511432, -36.6777018 ], [ 174.4511987, -36.6774564 ], [ 174.4514054, -36.6774896 ], [ 174.4515073, -36.6770506 ], [ 174.4517247, -36.6770818 ], [ 174.4518549, -36.6765376 ] ] ], [ [ [ 174.6756369, -36.6179634 ], [ 174.6759782, -36.6179937 ], [ 174.6759887, -36.618231 ], [ 174.6761157, -36.6183319 ], [ 174.6762986, -36.6183153 ], [ 174.6763545, -36.6185724 ], [ 174.6763087, -36.6186294 ], [ 174.6763304, -36.6187545 ], [ 174.6761961, -36.618775 ], [ 174.6761493, -36.6189424 ], [ 174.6759946, -36.6191938 ], [ 174.6759346, -36.6194171 ], [ 174.6766581, -36.6189595 ], [ 174.6767015, -36.6189053 ], [ 174.6765573, -36.6182919 ], [ 174.6765056, -36.6171225 ], [ 174.6741721, -36.6174271 ], [ 174.6738111, -36.616615 ], [ 174.6733639, -36.6165587 ], [ 174.6730532, -36.6165713 ], [ 174.6724934, -36.6166912 ], [ 174.6720606, -36.6168155 ], [ 174.6717901, -36.6169199 ], [ 174.6715361, -36.6170626 ], [ 174.6711974, -36.6173317 ], [ 174.6715937, -36.6182946 ], [ 174.6716678, -36.6182577 ], [ 174.6718413, -36.6182223 ], [ 174.672019, -36.6181541 ], [ 174.6721533, -36.6181324 ], [ 174.6722434, -36.6181366 ], [ 174.6723406, -36.6181517 ], [ 174.672487, -36.6182 ], [ 174.672655, -36.6184257 ], [ 174.6729018, -36.6183097 ], [ 174.6734269, -36.6180891 ], [ 174.6734985, -36.6180669 ], [ 174.6736304, -36.6180685 ], [ 174.6737648, -36.6181174 ], [ 174.6738096, -36.6181561 ], [ 174.6739936, -36.6183856 ], [ 174.6741674, -36.6185518 ], [ 174.6742349, -36.6186801 ], [ 174.6743045, -36.6187386 ], [ 174.6743668, -36.6188494 ], [ 174.6744499, -36.6189192 ], [ 174.6745554, -36.6190654 ], [ 174.6746497, -36.6190571 ], [ 174.6747675, -36.619019 ], [ 174.6748275, -36.6188986 ], [ 174.6748103, -36.6188601 ], [ 174.6749312, -36.6184104 ], [ 174.6751572, -36.6181959 ], [ 174.6753239, -36.6180757 ], [ 174.6756369, -36.6179634 ] ] ], [ [ [ 174.6771625, -36.6161926 ], [ 174.6778067, -36.6157323 ], [ 174.6774831, -36.6152971 ], [ 174.6768026, -36.6161422 ], [ 174.6767305, -36.6163794 ], [ 174.6768933, -36.6164107 ], [ 174.677141, -36.6161896 ], [ 174.6771625, -36.6161926 ] ] ], [ [ [ 174.6665149, -36.4002171 ], [ 174.6664903, -36.400143 ], [ 174.6658359, -36.399837 ], [ 174.6657447, -36.3998568 ], [ 174.6653621, -36.4003893 ], [ 174.6653861, -36.400463 ], [ 174.6660439, -36.4007715 ], [ 174.6661352, -36.4007518 ], [ 174.6665149, -36.4002171 ] ] ], [ [ [ 174.6651035, -36.4003323 ], [ 174.6651502, -36.4003222 ], [ 174.6655838, -36.3997192 ], [ 174.6648059, -36.3993578 ], [ 174.6640145, -36.4004537 ], [ 174.6647952, -36.4008219 ], [ 174.664953, -36.4005979 ], [ 174.66499, -36.4004886 ], [ 174.6646305, -36.4003219 ], [ 174.6647441, -36.4001654 ], [ 174.6651035, -36.4003323 ] ] ], [ [ [ 174.6632318, -36.3987093 ], [ 174.6625965, -36.3988177 ], [ 174.662694, -36.3991186 ], [ 174.6627569, -36.3997555 ], [ 174.6627516, -36.3999951 ], [ 174.6628709, -36.4001742 ], [ 174.6628983, -36.400301 ], [ 174.6628938, -36.4003622 ], [ 174.6627749, -36.4004478 ], [ 174.6628793, -36.400481 ], [ 174.6628174, -36.4006078 ], [ 174.6628822, -36.4007504 ], [ 174.6632454, -36.4006442 ], [ 174.6635454, -36.4004975 ], [ 174.663635, -36.4004146 ], [ 174.6636487, -36.400305 ], [ 174.6632318, -36.3987093 ] ] ], [ [ [ 174.6659002, -36.3996568 ], [ 174.6666614, -36.4000141 ], [ 174.6676767, -36.3985981 ], [ 174.6668958, -36.3982372 ], [ 174.6661141, -36.3993373 ], [ 174.6659002, -36.3996568 ] ] ], [ [ [ 174.6653648, -36.3985719 ], [ 174.6649179, -36.3992007 ], [ 174.6656955, -36.399562 ], [ 174.6661428, -36.3989331 ], [ 174.6653648, -36.3985719 ] ] ], [ [ [ 174.6645964, -36.3975783 ], [ 174.6643662, -36.3975716 ], [ 174.6639133, -36.3977166 ], [ 174.6633958, -36.3981427 ], [ 174.6633278, -36.3982578 ], [ 174.6633125, -36.398353 ], [ 174.6638044, -36.4002358 ], [ 174.6639061, -36.4002445 ], [ 174.665632, -36.3978314 ], [ 174.6656498, -36.3977525 ], [ 174.665604, -36.3976811 ], [ 174.6655141, -36.3976477 ], [ 174.6645964, -36.3975783 ] ] ], [ [ [ 174.6666842, -36.3981707 ], [ 174.6666717, -36.3981332 ], [ 174.6659234, -36.3977858 ], [ 174.6654765, -36.3984146 ], [ 174.666225, -36.3987621 ], [ 174.6662714, -36.3987519 ], [ 174.6666842, -36.3981707 ] ] ], [ [ [ 174.5240217, -36.2958958 ], [ 174.5235865, -36.2958614 ], [ 174.5234759, -36.2958758 ], [ 174.5239314, -36.298192 ], [ 174.5246136, -36.2981042 ], [ 174.5241601, -36.2968891 ], [ 174.5241303, -36.2968963 ], [ 174.5240019, -36.2962417 ], [ 174.5240217, -36.2958958 ] ] ], [ [ [ 174.5226915, -36.2966814 ], [ 174.5229795, -36.2961305 ], [ 174.5227519, -36.2960525 ], [ 174.5221589, -36.2961997 ], [ 174.5221489, -36.2961735 ], [ 174.5216291, -36.2963026 ], [ 174.5198051, -36.2964395 ], [ 174.5204188, -36.2975713 ], [ 174.5207879, -36.2974402 ], [ 174.5208698, -36.2975912 ], [ 174.5208902, -36.297584 ], [ 174.5208284, -36.2974701 ], [ 174.5214328, -36.2972554 ], [ 174.5215004, -36.29738 ], [ 174.5218884, -36.2976168 ], [ 174.522743, -36.2966991 ], [ 174.5226915, -36.2966814 ] ] ], [ [ [ 174.5233413, -36.2963369 ], [ 174.523179, -36.2963372 ], [ 174.5229389, -36.2967908 ], [ 174.5227396, -36.2970049 ], [ 174.5232017, -36.2972375 ], [ 174.5235099, -36.2971983 ], [ 174.5233413, -36.2963369 ] ] ], [ [ [ 174.5250484, -36.2944613 ], [ 174.5250457, -36.2944226 ], [ 174.5249334, -36.2942596 ], [ 174.5237708, -36.2947849 ], [ 174.5234801, -36.2957379 ], [ 174.5239887, -36.2957829 ], [ 174.5240134, -36.2956232 ], [ 174.5240908, -36.2954193 ], [ 174.5245014, -36.2949549 ], [ 174.5250484, -36.2944613 ] ] ], [ [ [ 174.5226441, -36.2958619 ], [ 174.523293, -36.295598 ], [ 174.5240168, -36.293228 ], [ 174.523976, -36.2931731 ], [ 174.5232568, -36.2930286 ], [ 174.5229498, -36.2940303 ], [ 174.5230277, -36.2945245 ], [ 174.5230598, -36.2945311 ], [ 174.5229352, -36.2949491 ], [ 174.5228816, -36.2949374 ], [ 174.5227445, -36.2954009 ], [ 174.5226601, -36.295384 ], [ 174.5218812, -36.2955761 ], [ 174.5218229, -36.2960309 ], [ 174.5218397, -36.2960617 ], [ 174.5226441, -36.2958619 ] ] ], [ [ [ 174.5238854, -36.2945235 ], [ 174.5243235, -36.2943257 ], [ 174.524192, -36.294135 ], [ 174.5242707, -36.2938776 ], [ 174.5248631, -36.2936096 ], [ 174.5245705, -36.2931858 ], [ 174.5251894, -36.2929056 ], [ 174.5250685, -36.2927076 ], [ 174.5250247, -36.2923223 ], [ 174.5246198, -36.2923524 ], [ 174.5244723, -36.2924907 ], [ 174.5243538, -36.2928786 ], [ 174.524409, -36.292887 ], [ 174.5242771, -36.2933187 ], [ 174.5242116, -36.2933482 ], [ 174.5238571, -36.2945061 ], [ 174.5238854, -36.2945235 ] ] ], [ [ [ 174.5237552, -36.2929419 ], [ 174.5240186, -36.2929948 ], [ 174.5241008, -36.2929547 ], [ 174.5242489, -36.2924724 ], [ 174.5242353, -36.2923106 ], [ 174.5237201, -36.2923394 ], [ 174.5234245, -36.2921506 ], [ 174.5232024, -36.2928758 ], [ 174.5237421, -36.2929846 ], [ 174.5237552, -36.2929419 ] ] ], [ [ [ 174.7244145, -36.9026659 ], [ 174.7245025, -36.9025855 ], [ 174.7245152, -36.9025939 ], [ 174.7245561, -36.9025434 ], [ 174.7245659, -36.9025132 ], [ 174.7245415, -36.9024552 ], [ 174.7243916, -36.9023517 ], [ 174.7244231, -36.9023317 ], [ 174.7200198, -36.899898 ], [ 174.71994, -36.8999294 ], [ 174.7198466, -36.9011883 ], [ 174.7204509, -36.9014969 ], [ 174.7205528, -36.9014325 ], [ 174.7212437, -36.9018241 ], [ 174.7218643, -36.9021952 ], [ 174.7227146, -36.9026524 ], [ 174.7229457, -36.9025059 ], [ 174.7241679, -36.9031933 ], [ 174.7239924, -36.9030165 ], [ 174.7243348, -36.9027528 ], [ 174.7244269, -36.9026754 ], [ 174.7244145, -36.9026659 ] ], [ [ 174.7207632, -36.9012299 ], [ 174.7207755, -36.901292 ], [ 174.720759, -36.9013024 ], [ 174.7207396, -36.9012074 ], [ 174.7205328, -36.9008312 ], [ 174.7205189, -36.9008027 ], [ 174.720533, -36.9007939 ], [ 174.7207632, -36.9012299 ] ] ], [ [ [ 174.7196837, -36.9003136 ], [ 174.7180713, -36.8999128 ], [ 174.7178798, -36.9002791 ], [ 174.7196409, -36.900873 ], [ 174.7196837, -36.9003136 ] ] ], [ [ [ 174.7218418, -36.9002162 ], [ 174.7218911, -36.9001588 ], [ 174.7203232, -36.8992956 ], [ 174.7202672, -36.8993551 ], [ 174.7199732, -36.8989849 ], [ 174.7196974, -36.8991055 ], [ 174.7196678, -36.8991374 ], [ 174.7196603, -36.8991766 ], [ 174.7196764, -36.8992141 ], [ 174.7200784, -36.8997103 ], [ 174.7219982, -36.9007696 ], [ 174.7222698, -36.900453 ], [ 174.7218418, -36.9002162 ] ] ], [ [ [ 174.7145488, -36.8857042 ], [ 174.714734, -36.8855901 ], [ 174.7148133, -36.8856158 ], [ 174.7148998, -36.8855308 ], [ 174.7147518, -36.885483 ], [ 174.7143454, -36.8854051 ], [ 174.7142445, -36.8855041 ], [ 174.7145488, -36.8857042 ] ] ], [ [ [ 174.7148976, -36.8853589 ], [ 174.7149641, -36.8853803 ], [ 174.7151798, -36.8851686 ], [ 174.7151788, -36.885154 ], [ 174.7151125, -36.8851103 ], [ 174.715141, -36.885081 ], [ 174.715128, -36.8850724 ], [ 174.7153055, -36.884898 ], [ 174.7153185, -36.8849066 ], [ 174.7153292, -36.8848969 ], [ 174.7153789, -36.8849296 ], [ 174.7154309, -36.8848786 ], [ 174.7153674, -36.8848368 ], [ 174.715828, -36.8843807 ], [ 174.7155777, -36.8842112 ], [ 174.7155622, -36.8842124 ], [ 174.7143846, -36.8853637 ], [ 174.7147695, -36.8854383 ], [ 174.7148293, -36.8854259 ], [ 174.7148976, -36.8853589 ] ] ], [ [ [ 174.7158949, -36.884187 ], [ 174.7161446, -36.884356 ], [ 174.7161668, -36.8843338 ], [ 174.7162429, -36.8843843 ], [ 174.7165724, -36.8840644 ], [ 174.7162527, -36.8838472 ], [ 174.7158949, -36.884187 ] ] ], [ [ [ 174.7155168, -36.883539 ], [ 174.7153038, -36.8837795 ], [ 174.715546, -36.8839433 ], [ 174.7162587, -36.88356 ], [ 174.7165343, -36.8832993 ], [ 174.7162587, -36.8831243 ], [ 174.7161922, -36.8831405 ], [ 174.7155788, -36.8837237 ], [ 174.715449, -36.8836346 ], [ 174.7154985, -36.8835786 ], [ 174.7155867, -36.8836098 ], [ 174.715853, -36.8833566 ], [ 174.715829, -36.8833583 ], [ 174.7156907, -36.8832644 ], [ 174.7155168, -36.883539 ] ] ], [ [ [ 174.7164109, -36.8828418 ], [ 174.7163812, -36.8828212 ], [ 174.716208, -36.8829928 ], [ 174.7165894, -36.8832468 ], [ 174.7170923, -36.8827687 ], [ 174.7167411, -36.8825278 ], [ 174.7164109, -36.8828418 ] ] ], [ [ [ 174.7174072, -36.8818729 ], [ 174.7172256, -36.8820476 ], [ 174.717195, -36.882027 ], [ 174.7168482, -36.8823627 ], [ 174.7172365, -36.882629 ], [ 174.7177677, -36.8821159 ], [ 174.7174072, -36.8818729 ] ] ], [ [ [ 174.7106079, -36.8710656 ], [ 174.7106284, -36.871061 ], [ 174.7107802, -36.8709639 ], [ 174.7107524, -36.8709278 ], [ 174.7114179, -36.8705976 ], [ 174.7117064, -36.8705088 ], [ 174.7118529, -36.870436 ], [ 174.7116132, -36.8701242 ], [ 174.7099902, -36.8709003 ], [ 174.710013, -36.8711475 ], [ 174.7103181, -36.8711302 ], [ 174.7105261, -36.8710839 ], [ 174.7105956, -36.8710496 ], [ 174.7106079, -36.8710656 ] ] ], [ [ [ 174.7100586, -36.8702665 ], [ 174.7098632, -36.8703625 ], [ 174.7098493, -36.8703452 ], [ 174.7098791, -36.8704802 ], [ 174.7099356, -36.8705493 ], [ 174.7100158, -36.8705802 ], [ 174.7100864, -36.8705776 ], [ 174.7102404, -36.8705056 ], [ 174.7100586, -36.8702665 ] ] ], [ [ [ 174.7138664, -36.8690753 ], [ 174.7134928, -36.8692255 ], [ 174.7118072, -36.8700314 ], [ 174.7123578, -36.8707477 ], [ 174.7127656, -36.8705883 ], [ 174.7125098, -36.8702552 ], [ 174.7129021, -36.8700748 ], [ 174.7131502, -36.8703975 ], [ 174.7141792, -36.8698862 ], [ 174.7138664, -36.8690753 ] ] ], [ [ [ 174.7112569, -36.8700198 ], [ 174.7105671, -36.8691125 ], [ 174.7097503, -36.8695133 ], [ 174.7104343, -36.8704129 ], [ 174.7112569, -36.8700198 ] ] ], [ [ [ 174.7122736, -36.8695337 ], [ 174.711933, -36.8690857 ], [ 174.7111162, -36.8694866 ], [ 174.7114508, -36.8699271 ], [ 174.7122736, -36.8695337 ] ] ], [ [ [ 174.7140688, -36.8694138 ], [ 174.7142554, -36.8693755 ], [ 174.7141212, -36.8689974 ], [ 174.7139292, -36.8690535 ], [ 174.7140688, -36.8694138 ] ] ], [ [ [ 174.7122326, -36.8691318 ], [ 174.7124676, -36.8694409 ], [ 174.7133487, -36.8690196 ], [ 174.7130007, -36.8685616 ], [ 174.712519, -36.868798 ], [ 174.7126259, -36.8689386 ], [ 174.7122326, -36.8691318 ] ] ], [ [ [ 174.7217227, -36.7808592 ], [ 174.7213872, -36.7814816 ], [ 174.7215781, -36.7815486 ], [ 174.7218227, -36.7810949 ], [ 174.7221609, -36.781214 ], [ 174.7222587, -36.7810344 ], [ 174.7217435, -36.7808526 ], [ 174.7217227, -36.7808592 ] ] ], [ [ [ 174.7205724, -36.7811688 ], [ 174.720229, -36.7815295 ], [ 174.7207126, -36.7818274 ], [ 174.7208469, -36.7817993 ], [ 174.721293, -36.7809725 ], [ 174.7212414, -36.7809544 ], [ 174.7214778, -36.780516 ], [ 174.7210126, -36.7803536 ], [ 174.7205724, -36.7811688 ] ] ], [ [ [ 174.721029, -36.7803235 ], [ 174.7214832, -36.780482 ], [ 174.721573, -36.7804535 ], [ 174.7216274, -36.7803527 ], [ 174.7211106, -36.7801723 ], [ 174.721029, -36.7803235 ] ] ], [ [ [ 174.677313, -36.6182745 ], [ 174.6773643, -36.6183023 ], [ 174.6773761, -36.6183568 ], [ 174.6772697, -36.6183931 ], [ 174.6771939, -36.6180716 ], [ 174.6771771, -36.6180547 ], [ 174.677495, -36.6179962 ], [ 174.6775206, -36.6179633 ], [ 174.6774997, -36.6178895 ], [ 174.6774506, -36.6178647 ], [ 174.6768806, -36.6179696 ], [ 174.6768938, -36.6182616 ], [ 174.6769915, -36.6186775 ], [ 174.6771079, -36.6186597 ], [ 174.6772965, -36.6185359 ], [ 174.6781133, -36.6177915 ], [ 174.6780816, -36.6177485 ], [ 174.6775969, -36.6178378 ], [ 174.6775662, -36.6178773 ], [ 174.6776068, -36.6180207 ], [ 174.6773133, -36.6181075 ], [ 174.6772841, -36.6181566 ], [ 174.677313, -36.6182745 ] ] ], [ [ [ 174.6793599, -36.6166827 ], [ 174.6788404, -36.6167736 ], [ 174.678798, -36.6167307 ], [ 174.6790514, -36.6163463 ], [ 174.6788732, -36.6162403 ], [ 174.6786579, -36.6164615 ], [ 174.6769711, -36.6167498 ], [ 174.6768451, -36.6171838 ], [ 174.6768677, -36.6176842 ], [ 174.6769367, -36.6177268 ], [ 174.678386, -36.6174599 ], [ 174.6784679, -36.6173853 ], [ 174.6785147, -36.6174255 ], [ 174.6793599, -36.6166827 ] ] ], [ [ [ 174.6778482, -36.6153239 ], [ 174.6780275, -36.6153856 ], [ 174.6781641, -36.6153611 ], [ 174.6783361, -36.6152092 ], [ 174.6785712, -36.6148518 ], [ 174.6781129, -36.6144896 ], [ 174.6775948, -36.6150947 ], [ 174.6778482, -36.6153239 ] ] ], [ [ [ 174.6843393, -36.6130997 ], [ 174.6841004, -36.6130176 ], [ 174.6839151, -36.6129908 ], [ 174.6837624, -36.6130045 ], [ 174.6836216, -36.6130542 ], [ 174.683541, -36.6131054 ], [ 174.6834803, -36.613164 ], [ 174.6833567, -36.6133315 ], [ 174.6833595, -36.6133679 ], [ 174.6834287, -36.6134977 ], [ 174.6834413, -36.6135639 ], [ 174.6834623, -36.6135813 ], [ 174.6835095, -36.6135835 ], [ 174.6834998, -36.6137163 ], [ 174.6834053, -36.613784 ], [ 174.6832424, -36.6137754 ], [ 174.6832512, -36.6135585 ], [ 174.6832147, -36.6135006 ], [ 174.6831518, -36.6134691 ], [ 174.6830832, -36.6134607 ], [ 174.6828846, -36.6135074 ], [ 174.6827255, -36.6135234 ], [ 174.6819362, -36.6135207 ], [ 174.6814741, -36.6134709 ], [ 174.681018, -36.613458 ], [ 174.6794722, -36.6135248 ], [ 174.679333, -36.6136488 ], [ 174.6792793, -36.6139443 ], [ 174.6792178, -36.614178 ], [ 174.6791197, -36.6144608 ], [ 174.6789989, -36.6147344 ], [ 174.6787877, -36.6151102 ], [ 174.6784949, -36.6155133 ], [ 174.6784741, -36.6156531 ], [ 174.678497, -36.615726 ], [ 174.6785437, -36.6157911 ], [ 174.6787778, -36.6159251 ], [ 174.6789074, -36.6159646 ], [ 174.679413, -36.6160389 ], [ 174.6795308, -36.6160805 ], [ 174.6796405, -36.6161347 ], [ 174.679828, -36.6162764 ], [ 174.6802432, -36.616117 ], [ 174.6812937, -36.6156642 ], [ 174.682395, -36.6151026 ], [ 174.6832913, -36.6145514 ], [ 174.6835543, -36.6142095 ], [ 174.6841841, -36.6137824 ], [ 174.6844242, -36.6137859 ], [ 174.6847315, -36.613509 ], [ 174.6846966, -36.6132808 ], [ 174.6843393, -36.6130997 ] ] ], [ [ [ 174.6812406, -36.61254 ], [ 174.679807, -36.612531 ], [ 174.6796631, -36.612549 ], [ 174.6795536, -36.6125863 ], [ 174.6795266, -36.6126142 ], [ 174.6794671, -36.6127365 ], [ 174.6793993, -36.6129596 ], [ 174.6793684, -36.6132679 ], [ 174.6794743, -36.6133457 ], [ 174.6813003, -36.6132777 ], [ 174.6815922, -36.6132856 ], [ 174.6816466, -36.6132571 ], [ 174.6816641, -36.6132347 ], [ 174.68167, -36.6131889 ], [ 174.6815338, -36.6130105 ], [ 174.6815189, -36.612956 ], [ 174.6812406, -36.61254 ] ] ], [ [ [ 174.6831999, -36.6127093 ], [ 174.6827035, -36.6126143 ], [ 174.6821984, -36.6125592 ], [ 174.6816, -36.6125424 ], [ 174.6815901, -36.6125688 ], [ 174.6817843, -36.6128268 ], [ 174.6818013, -36.6128844 ], [ 174.6820473, -36.6132522 ], [ 174.6820975, -36.6132959 ], [ 174.6822407, -36.6133133 ], [ 174.6827636, -36.6133081 ], [ 174.6829002, -36.6132644 ], [ 174.683029, -36.6131629 ], [ 174.6830895, -36.6131339 ], [ 174.6831935, -36.6131214 ], [ 174.6832933, -36.6131481 ], [ 174.6834202, -36.6130094 ], [ 174.6835099, -36.6129492 ], [ 174.6836122, -36.6129038 ], [ 174.6837609, -36.6128691 ], [ 174.683443, -36.6127714 ], [ 174.6831999, -36.6127093 ] ] ], [ [ [ 174.6933106, -36.5892248 ], [ 174.6932845, -36.5892705 ], [ 174.6936579, -36.5900403 ], [ 174.6937164, -36.5900613 ], [ 174.694135, -36.5899345 ], [ 174.6937724, -36.5890951 ], [ 174.6933106, -36.5892248 ] ] ], [ [ [ 174.6933134, -36.5881596 ], [ 174.6928562, -36.5882881 ], [ 174.6928302, -36.5883338 ], [ 174.6931698, -36.589034 ], [ 174.6932286, -36.5890559 ], [ 174.6936495, -36.5889376 ], [ 174.6933134, -36.5881596 ] ] ], [ [ [ 174.6944836, -36.5887034 ], [ 174.6941472, -36.5879252 ], [ 174.6933134, -36.5881595 ], [ 174.6936495, -36.5889376 ], [ 174.6944836, -36.5887034 ] ] ], [ [ [ 174.6967199, -36.5877258 ], [ 174.6966763, -36.5877376 ], [ 174.6964777, -36.5872699 ], [ 174.6959278, -36.5874244 ], [ 174.6960962, -36.587814 ], [ 174.6944157, -36.5882861 ], [ 174.6945838, -36.5886752 ], [ 174.6962643, -36.5882031 ], [ 174.6962597, -36.5881922 ], [ 174.6968185, -36.5880349 ], [ 174.6968378, -36.5880033 ], [ 174.6967199, -36.5877258 ] ] ], [ [ [ 174.6928896, -36.5872144 ], [ 174.692402, -36.5873513 ], [ 174.6923759, -36.587397 ], [ 174.6927155, -36.5880974 ], [ 174.6927744, -36.5881193 ], [ 174.6932256, -36.5879925 ], [ 174.6939443, -36.5877906 ], [ 174.6936081, -36.5870123 ], [ 174.6928896, -36.5872144 ] ] ], [ [ [ 174.6964058, -36.5871042 ], [ 174.6962081, -36.5866313 ], [ 174.6962501, -36.5866189 ], [ 174.6961323, -36.5863413 ], [ 174.6960753, -36.5863189 ], [ 174.6956708, -36.5864325 ], [ 174.6960077, -36.5872106 ], [ 174.6964058, -36.5871042 ] ] ], [ [ [ 174.6924376, -36.585616 ], [ 174.6921098, -36.585706 ], [ 174.6921261, -36.5857416 ], [ 174.6916619, -36.5858794 ], [ 174.6922612, -36.5871605 ], [ 174.69232, -36.5871823 ], [ 174.6934923, -36.5868525 ], [ 174.6932563, -36.5863061 ], [ 174.6949656, -36.5858324 ], [ 174.6948195, -36.585488 ], [ 174.6947035, -36.58552 ], [ 174.694643, -36.5853776 ], [ 174.6943093, -36.5854696 ], [ 174.6941034, -36.585804 ], [ 174.693905, -36.5858585 ], [ 174.6936827, -36.5853322 ], [ 174.6935963, -36.5852979 ], [ 174.6928051, -36.5855151 ], [ 174.6927724, -36.5855343 ], [ 174.6927626, -36.5855848 ], [ 174.6929052, -36.5859025 ], [ 174.6929338, -36.585905 ], [ 174.6932471, -36.5858189 ], [ 174.6932752, -36.5857729 ], [ 174.6933236, -36.5857597 ], [ 174.6933745, -36.5858803 ], [ 174.6933262, -36.5858936 ], [ 174.6932691, -36.5858709 ], [ 174.6929504, -36.5859589 ], [ 174.6929327, -36.5859824 ], [ 174.6929464, -36.586031 ], [ 174.6929378, -36.5860751 ], [ 174.6929143, -36.5861056 ], [ 174.6928689, -36.5861314 ], [ 174.6927805, -36.5861339 ], [ 174.6927132, -36.5860906 ], [ 174.692524, -36.5856503 ], [ 174.6924781, -36.5856151 ], [ 174.6924376, -36.585616 ] ] ], [ [ [ 174.6959592, -36.586131 ], [ 174.6959803, -36.586096 ], [ 174.6957685, -36.5858097 ], [ 174.6954814, -36.5855369 ], [ 174.6950446, -36.5854586 ], [ 174.6951781, -36.5857734 ], [ 174.695137, -36.5857849 ], [ 174.6953593, -36.5862996 ], [ 174.6959592, -36.586131 ] ] ], [ [ [ 174.6933181, -36.5847903 ], [ 174.6927866, -36.5849364 ], [ 174.6927556, -36.5848683 ], [ 174.69181, -36.5851279 ], [ 174.6917306, -36.5849537 ], [ 174.691299, -36.5850838 ], [ 174.6915106, -36.5855466 ], [ 174.6915592, -36.5855876 ], [ 174.6916184, -36.5855982 ], [ 174.6933424, -36.5851284 ], [ 174.6933992, -36.5850934 ], [ 174.6934184, -36.5850379 ], [ 174.6933181, -36.5847903 ] ] ], [ [ [ 174.6939971, -36.5849486 ], [ 174.6941425, -36.5852917 ], [ 174.6946743, -36.5851451 ], [ 174.6945288, -36.584802 ], [ 174.6939971, -36.5849486 ] ] ], [ [ [ 174.6936963, -36.5850296 ], [ 174.6939971, -36.5849486 ], [ 174.6939143, -36.5847534 ], [ 174.6935276, -36.58486 ], [ 174.6935776, -36.5849769 ], [ 174.6936012, -36.5850043 ], [ 174.6936451, -36.5850259 ], [ 174.6936963, -36.5850296 ] ] ], [ [ [ 174.754479, -36.9097841 ], [ 174.7548513, -36.9102354 ], [ 174.754994, -36.9101596 ], [ 174.754612, -36.9096957 ], [ 174.7545501, -36.9096959 ], [ 174.754479, -36.9097841 ] ] ], [ [ [ 174.755989, -36.9100104 ], [ 174.7561528, -36.9099239 ], [ 174.756142, -36.9099107 ], [ 174.7567843, -36.9098604 ], [ 174.7567307, -36.9094094 ], [ 174.7560488, -36.909462 ], [ 174.7548145, -36.9096126 ], [ 174.7550781, -36.9099326 ], [ 174.7553348, -36.9097962 ], [ 174.7555536, -36.9099124 ], [ 174.7556547, -36.9098587 ], [ 174.7558946, -36.9098959 ], [ 174.755989, -36.9100104 ] ] ], [ [ [ 174.7571256, -36.9093791 ], [ 174.7567512, -36.9094078 ], [ 174.7568074, -36.9098808 ], [ 174.7567938, -36.9098819 ], [ 174.7568069, -36.9099683 ], [ 174.7568499, -36.9099572 ], [ 174.7570657, -36.9100039 ], [ 174.7570185, -36.9098699 ], [ 174.7571826, -36.9098573 ], [ 174.7571256, -36.9093791 ] ] ], [ [ [ 174.7543706, -36.909491 ], [ 174.7540992, -36.9094204 ], [ 174.7540204, -36.9096146 ], [ 174.7542886, -36.9096848 ], [ 174.7543969, -36.9095508 ], [ 174.7543706, -36.909491 ] ] ], [ [ [ 174.727341, -36.9047786 ], [ 174.7277971, -36.9042227 ], [ 174.7277746, -36.9041349 ], [ 174.7262751, -36.9033416 ], [ 174.7255329, -36.9037619 ], [ 174.727341, -36.9047786 ] ] ], [ [ [ 174.7243798, -36.9033124 ], [ 174.7245847, -36.9031817 ], [ 174.725429, -36.9036517 ], [ 174.7261218, -36.9032605 ], [ 174.7256991, -36.9030369 ], [ 174.7256868, -36.903044 ], [ 174.7253951, -36.9029355 ], [ 174.7253423, -36.9029063 ], [ 174.7253278, -36.9029149 ], [ 174.7249541, -36.9027138 ], [ 174.7245603, -36.9030869 ], [ 174.7245835, -36.9031039 ], [ 174.7245385, -36.9031434 ], [ 174.7244822, -36.903103 ], [ 174.724357, -36.9032143 ], [ 174.7242865, -36.9032599 ], [ 174.7243798, -36.9033124 ] ] ], [ [ [ 174.7284325, -36.9030243 ], [ 174.7280706, -36.9034494 ], [ 174.7269162, -36.9028388 ], [ 174.7270103, -36.902724 ], [ 174.7260973, -36.9019521 ], [ 174.7258034, -36.9018013 ], [ 174.7261255, -36.9014769 ], [ 174.726099, -36.9014595 ], [ 174.7257744, -36.9017864 ], [ 174.7253112, -36.9015489 ], [ 174.7248498, -36.9015996 ], [ 174.7249214, -36.9013079 ], [ 174.7249049, -36.9013039 ], [ 174.7247989, -36.901736 ], [ 174.7246058, -36.9016291 ], [ 174.7241924, -36.9013236 ], [ 174.7241606, -36.9013607 ], [ 174.7236519, -36.9010506 ], [ 174.7235331, -36.9011664 ], [ 174.7233263, -36.9014046 ], [ 174.7233089, -36.901442 ], [ 174.7233155, -36.9014818 ], [ 174.7233526, -36.9015191 ], [ 174.7257704, -36.9028572 ], [ 174.7280708, -36.9040739 ], [ 174.7281384, -36.9040819 ], [ 174.7281973, -36.9040539 ], [ 174.7288175, -36.9033256 ], [ 174.7288283, -36.9032708 ], [ 174.7288008, -36.9032284 ], [ 174.7284325, -36.9030243 ] ] ], [ [ [ 174.7231482, -36.9013532 ], [ 174.7231857, -36.9013267 ], [ 174.7233602, -36.9011238 ], [ 174.7229178, -36.9008015 ], [ 174.7228291, -36.9006433 ], [ 174.7227597, -36.9007242 ], [ 174.7222923, -36.9004654 ], [ 174.7220207, -36.9007821 ], [ 174.7230429, -36.9013478 ], [ 174.7230997, -36.9013623 ], [ 174.7231482, -36.9013532 ] ] ], [ [ [ 174.731218, -36.8817911 ], [ 174.7317617, -36.8824763 ], [ 174.7323127, -36.8819514 ], [ 174.7320567, -36.8817767 ], [ 174.7319425, -36.8816379 ], [ 174.7319138, -36.8816359 ], [ 174.7318651, -36.8815819 ], [ 174.7317935, -36.8816138 ], [ 174.7316639, -36.8814505 ], [ 174.731218, -36.8817911 ] ] ], [ [ [ 174.7320953, -36.881749 ], [ 174.7323457, -36.8819199 ], [ 174.7330943, -36.8812064 ], [ 174.734219, -36.8800083 ], [ 174.7341695, -36.8798024 ], [ 174.7338887, -36.8796759 ], [ 174.7333354, -36.8802654 ], [ 174.7332159, -36.8801932 ], [ 174.7326238, -36.880809 ], [ 174.7326677, -36.8808461 ], [ 174.7324036, -36.8810978 ], [ 174.7323128, -36.8812733 ], [ 174.7319593, -36.8815838 ], [ 174.7320953, -36.881749 ] ] ], [ [ [ 174.7592555, -36.8662826 ], [ 174.7593551, -36.866242 ], [ 174.7594109, -36.8663183 ], [ 174.759705, -36.8661893 ], [ 174.7595122, -36.8659334 ], [ 174.7593149, -36.8660098 ], [ 174.7589384, -36.8660332 ], [ 174.7589563, -36.8660571 ], [ 174.7589211, -36.8660724 ], [ 174.7588976, -36.8660982 ], [ 174.7588912, -36.8661296 ], [ 174.7590219, -36.8663186 ], [ 174.7592186, -36.8662314 ], [ 174.7592555, -36.8662826 ] ] ], [ [ [ 174.7600759, -36.8659639 ], [ 174.7602617, -36.8658584 ], [ 174.7604705, -36.8660633 ], [ 174.76099, -36.8657131 ], [ 174.7605411, -36.8652665 ], [ 174.7605124, -36.8652645 ], [ 174.7604448, -36.8653165 ], [ 174.7604638, -36.8653351 ], [ 174.7603807, -36.8653987 ], [ 174.7603619, -36.8653803 ], [ 174.7597989, -36.8658132 ], [ 174.759667, -36.8658737 ], [ 174.7598487, -36.8661143 ], [ 174.7600759, -36.8659639 ] ] ], [ [ [ 174.7601028, -36.8653283 ], [ 174.7596748, -36.8652393 ], [ 174.7596155, -36.8654103 ], [ 174.7590908, -36.8654924 ], [ 174.7586654, -36.865516 ], [ 174.7585421, -36.8658747 ], [ 174.7590805, -36.8658432 ], [ 174.7593051, -36.8658097 ], [ 174.7596361, -36.8656743 ], [ 174.7597118, -36.8656293 ], [ 174.7601028, -36.8653283 ] ] ], [ [ [ 174.7612947, -36.8656888 ], [ 174.7614953, -36.8655586 ], [ 174.7612892, -36.8653534 ], [ 174.7611904, -36.8653334 ], [ 174.7610323, -36.865186 ], [ 174.7611549, -36.8647954 ], [ 174.7611304, -36.8647902 ], [ 174.7611434, -36.8647486 ], [ 174.7608628, -36.8646922 ], [ 174.7608113, -36.8648587 ], [ 174.76085, -36.8648667 ], [ 174.7607973, -36.8650428 ], [ 174.7608313, -36.8651324 ], [ 174.7608813, -36.8652169 ], [ 174.7611683, -36.8655623 ], [ 174.7612947, -36.8656888 ] ] ], [ [ [ 174.7605244, -36.8649303 ], [ 174.7607675, -36.8641275 ], [ 174.7607532, -36.8641084 ], [ 174.7606912, -36.8640958 ], [ 174.7607749, -36.8638338 ], [ 174.7601724, -36.8637005 ], [ 174.7596889, -36.8651036 ], [ 174.760236, -36.8652266 ], [ 174.7604444, -36.8650675 ], [ 174.7605244, -36.8649303 ] ] ], [ [ [ 174.7611863, -36.864561 ], [ 174.7615929, -36.8646444 ], [ 174.7617001, -36.8642897 ], [ 174.7610509, -36.8641615 ], [ 174.761024, -36.8641755 ], [ 174.7608665, -36.8646798 ], [ 174.7611326, -36.8647357 ], [ 174.7611863, -36.864561 ] ] ], [ [ [ 174.7607096, -36.8627156 ], [ 174.7608497, -36.862747 ], [ 174.7605769, -36.863602 ], [ 174.7608288, -36.8636577 ], [ 174.7613709, -36.8619449 ], [ 174.7618184, -36.8611752 ], [ 174.7610887, -36.860896 ], [ 174.760315, -36.8622056 ], [ 174.7599539, -36.8634642 ], [ 174.7605159, -36.8635884 ], [ 174.7607508, -36.8628517 ], [ 174.760668, -36.8628333 ], [ 174.7607096, -36.8627156 ] ] ], [ [ [ 174.7477176, -36.8576643 ], [ 174.7479202, -36.8574167 ], [ 174.7473882, -36.8571277 ], [ 174.7472732, -36.8572666 ], [ 174.7471254, -36.8571857 ], [ 174.746871, -36.857488 ], [ 174.7468836, -36.8575999 ], [ 174.7472742, -36.8575714 ], [ 174.7473349, -36.857584 ], [ 174.7473971, -36.858135 ], [ 174.7478464, -36.8581023 ], [ 174.747799, -36.8576814 ], [ 174.7477176, -36.8576643 ] ] ], [ [ [ 174.7321451, -36.8556233 ], [ 174.7315514, -36.8558952 ], [ 174.7309945, -36.8551097 ], [ 174.7305246, -36.8553246 ], [ 174.7313856, -36.856546 ], [ 174.7345764, -36.8550892 ], [ 174.733957, -36.8542307 ], [ 174.7338085, -36.8542987 ], [ 174.7335548, -36.8539407 ], [ 174.7332579, -36.8540766 ], [ 174.733768, -36.8547966 ], [ 174.7331086, -36.8550994 ], [ 174.7332439, -36.8552268 ], [ 174.7321952, -36.8556941 ], [ 174.7321451, -36.8556233 ] ] ], [ [ [ 174.7267488, -36.8133726 ], [ 174.7261863, -36.8132494 ], [ 174.7261152, -36.8134587 ], [ 174.7266167, -36.8135465 ], [ 174.7267488, -36.8133726 ] ] ], [ [ [ 174.7267723, -36.8133435 ], [ 174.7269282, -36.8134504 ], [ 174.726983, -36.8133988 ], [ 174.7274248, -36.8137019 ], [ 174.7277573, -36.8133885 ], [ 174.7269649, -36.8128448 ], [ 174.7266832, -36.8131102 ], [ 174.7267723, -36.8133435 ] ] ], [ [ [ 174.7280202, -36.8133278 ], [ 174.7281366, -36.8132465 ], [ 174.727845, -36.8130475 ], [ 174.72777, -36.8131001 ], [ 174.7277705, -36.8131573 ], [ 174.7280202, -36.8133278 ] ] ], [ [ [ 174.7655705, -36.7733528 ], [ 174.7657174, -36.7733915 ], [ 174.7657217, -36.773381 ], [ 174.76615, -36.773494 ], [ 174.7663216, -36.7730726 ], [ 174.7641234, -36.7724932 ], [ 174.7640365, -36.7725603 ], [ 174.7641476, -36.7728757 ], [ 174.765279, -36.7731745 ], [ 174.7655197, -36.7732949 ], [ 174.7655075, -36.7733246 ], [ 174.7655748, -36.7733423 ], [ 174.7655705, -36.7733528 ] ] ], [ [ [ 174.7634124, -36.77272 ], [ 174.7638816, -36.7730456 ], [ 174.7639501, -36.7729816 ], [ 174.7637656, -36.772483 ], [ 174.7636115, -36.7725375 ], [ 174.7634124, -36.77272 ] ] ], [ [ [ 174.7661295, -36.7725687 ], [ 174.7660751, -36.7725809 ], [ 174.765388, -36.7724041 ], [ 174.7653538, -36.7724221 ], [ 174.7652787, -36.7726065 ], [ 174.766392, -36.7729003 ], [ 174.7664894, -36.7726613 ], [ 174.7661295, -36.7725687 ] ] ], [ [ [ 174.7627706, -36.7727045 ], [ 174.7625891, -36.7728677 ], [ 174.7627998, -36.7730138 ], [ 174.7633473, -36.7724969 ], [ 174.7633619, -36.7724655 ], [ 174.7633624, -36.7723991 ], [ 174.7633253, -36.7723397 ], [ 174.763295, -36.7723169 ], [ 174.762952, -36.7721962 ], [ 174.7627763, -36.7723483 ], [ 174.7625507, -36.7725522 ], [ 174.7627662, -36.7727014 ], [ 174.7630395, -36.7725323 ], [ 174.7627706, -36.7727045 ] ] ], [ [ [ 174.7652573, -36.7726008 ], [ 174.7656047, -36.7717481 ], [ 174.7652406, -36.7716522 ], [ 174.7651287, -36.7719266 ], [ 174.7648692, -36.771858 ], [ 174.7648266, -36.7719625 ], [ 174.7647189, -36.771934 ], [ 174.7645258, -36.7724081 ], [ 174.7652573, -36.7726008 ] ] ], [ [ [ 174.7642899, -36.7718195 ], [ 174.7639627, -36.7718012 ], [ 174.7638746, -36.7718891 ], [ 174.7638039, -36.7720072 ], [ 174.7637623, -36.7721109 ], [ 174.7638002, -36.7722165 ], [ 174.7644379, -36.7723848 ], [ 174.7645966, -36.7719952 ], [ 174.7644205, -36.7719685 ], [ 174.7641718, -36.7719966 ], [ 174.7639201, -36.7719302 ], [ 174.763941, -36.7718788 ], [ 174.7641114, -36.7719237 ], [ 174.7645235, -36.7718841 ], [ 174.764635, -36.7719009 ], [ 174.7646817, -36.7717861 ], [ 174.7646694, -36.7717842 ], [ 174.764637, -36.7717339 ], [ 174.764444, -36.7716121 ], [ 174.7643732, -36.7715977 ], [ 174.7643036, -36.7716123 ], [ 174.7641132, -36.7717094 ], [ 174.7643716, -36.7717398 ], [ 174.7642899, -36.7718195 ] ] ], [ [ [ 174.7663727, -36.7707979 ], [ 174.7662692, -36.7708723 ], [ 174.7662505, -36.770918 ], [ 174.766895, -36.7710871 ], [ 174.7662977, -36.7725528 ], [ 174.7665108, -36.7726091 ], [ 174.7671565, -36.7710241 ], [ 174.7671136, -36.7709558 ], [ 174.7664896, -36.7707914 ], [ 174.7663727, -36.7707979 ] ] ], [ [ [ 174.7393649, -36.7605231 ], [ 174.739331, -36.760547 ], [ 174.7395984, -36.7607923 ], [ 174.7399928, -36.760514 ], [ 174.7397254, -36.7602687 ], [ 174.7398776, -36.7601613 ], [ 174.7400269, -36.7599853 ], [ 174.7395193, -36.7598303 ], [ 174.7389835, -36.7602953 ], [ 174.7393649, -36.7605231 ] ] ], [ [ [ 174.7398529, -36.7587823 ], [ 174.7395705, -36.75868 ], [ 174.7390898, -36.7596991 ], [ 174.7404798, -36.7601235 ], [ 174.7406119, -36.7599254 ], [ 174.7409635, -36.7591806 ], [ 174.7409239, -36.7591098 ], [ 174.7398529, -36.7587823 ] ] ], [ [ [ 174.7483229, -36.7175784 ], [ 174.748348, -36.7173284 ], [ 174.7481805, -36.7170204 ], [ 174.7479455, -36.7168951 ], [ 174.745581, -36.7168736 ], [ 174.7455718, -36.7175033 ], [ 174.7456009, -36.7175048 ], [ 174.7456017, -36.7174465 ], [ 174.7460869, -36.7178441 ], [ 174.746274, -36.7179109 ], [ 174.7471451, -36.717812 ], [ 174.7471548, -36.7178632 ], [ 174.7475124, -36.7177982 ], [ 174.7476318, -36.7177619 ], [ 174.748089, -36.7176726 ], [ 174.7481283, -36.7176411 ], [ 174.7483229, -36.7175784 ] ] ], [ [ [ 174.7476043, -36.7167107 ], [ 174.7480682, -36.716715 ], [ 174.74808, -36.7158842 ], [ 174.7481278, -36.7158847 ], [ 174.7481302, -36.7157185 ], [ 174.7476185, -36.7157138 ], [ 174.7476043, -36.7167107 ] ] ], [ [ [ 174.7475162, -36.7157128 ], [ 174.7456265, -36.7156955 ], [ 174.74562, -36.7161535 ], [ 174.7466698, -36.7161631 ], [ 174.7466692, -36.7162036 ], [ 174.7460394, -36.7161979 ], [ 174.7460388, -36.7162384 ], [ 174.7456188, -36.7162346 ], [ 174.7456123, -36.7166925 ], [ 174.7475019, -36.7167097 ], [ 174.7475082, -36.7162524 ], [ 174.7470883, -36.7162486 ], [ 174.7470891, -36.7162075 ], [ 174.7468792, -36.7162055 ], [ 174.7468798, -36.7161643 ], [ 174.7475096, -36.7161701 ], [ 174.7475162, -36.7157128 ] ] ], [ [ [ 174.7475187, -36.7155314 ], [ 174.7475258, -36.7150329 ], [ 174.7471058, -36.7150291 ], [ 174.7470987, -36.7155276 ], [ 174.7475187, -36.7155314 ] ] ], [ [ [ 174.7480991, -36.7145397 ], [ 174.7472152, -36.7145315 ], [ 174.7472093, -36.7149476 ], [ 174.7475269, -36.7149505 ], [ 174.7475281, -36.7148668 ], [ 174.7476304, -36.7148677 ], [ 174.7476211, -36.7155233 ], [ 174.7480851, -36.7155276 ], [ 174.7480991, -36.7145397 ] ] ], [ [ [ 174.7430866, -36.7138118 ], [ 174.743111, -36.7142583 ], [ 174.7431791, -36.7143113 ], [ 174.7459397, -36.714337 ], [ 174.7459403, -36.7142976 ], [ 174.7470252, -36.7143075 ], [ 174.7470246, -36.714347 ], [ 174.7476891, -36.7143525 ], [ 174.7476936, -36.714027 ], [ 174.7477958, -36.7140279 ], [ 174.7477914, -36.7143534 ], [ 174.7481408, -36.7143566 ], [ 174.7482081, -36.7140316 ], [ 174.7482564, -36.714032 ], [ 174.7483142, -36.7137529 ], [ 174.7482671, -36.7137464 ], [ 174.7483533, -36.7133287 ], [ 174.7471919, -36.7136987 ], [ 174.7470342, -36.7136635 ], [ 174.747032, -36.7138285 ], [ 174.7466441, -36.713825 ], [ 174.7466541, -36.7137961 ], [ 174.7463322, -36.713724 ], [ 174.7464089, -36.7136163 ], [ 174.7437385, -36.7135918 ], [ 174.7437352, -36.7138183 ], [ 174.7430866, -36.7138118 ] ] ], [ [ [ 174.8035228, -36.9718468 ], [ 174.8029185, -36.9721828 ], [ 174.8028996, -36.9722043 ], [ 174.8028967, -36.972237 ], [ 174.8030943, -36.9724783 ], [ 174.8048043, -36.9717619 ], [ 174.8054944, -36.9712728 ], [ 174.8054309, -36.9711603 ], [ 174.8050773, -36.9709648 ], [ 174.8047846, -36.9709205 ], [ 174.8047318, -36.9710348 ], [ 174.8046396, -36.9711253 ], [ 174.8035228, -36.9718468 ] ] ], [ [ [ 174.7960621, -36.970394 ], [ 174.7961108, -36.9709975 ], [ 174.7961321, -36.9709919 ], [ 174.7961391, -36.971009 ], [ 174.7961124, -36.971016 ], [ 174.7961216, -36.9711002 ], [ 174.796163, -36.9712528 ], [ 174.7962363, -36.9713975 ], [ 174.7963395, -36.9715299 ], [ 174.7977913, -36.9730772 ], [ 174.7978637, -36.9731928 ], [ 174.7982199, -36.9731086 ], [ 174.7995205, -36.9725004 ], [ 174.7997039, -36.9712836 ], [ 174.7975854, -36.9710781 ], [ 174.7969955, -36.9702143 ], [ 174.7969364, -36.9701752 ], [ 174.7968691, -36.9701767 ], [ 174.7966934, -36.9702392 ], [ 174.7964776, -36.9702979 ], [ 174.7961044, -36.9703577 ], [ 174.7960621, -36.970394 ] ] ], [ [ [ 174.8027313, -36.9706343 ], [ 174.8027416, -36.9705571 ], [ 174.8022695, -36.9700874 ], [ 174.8022304, -36.9700726 ], [ 174.8018834, -36.9700452 ], [ 174.8018437, -36.9700771 ], [ 174.8018264, -36.9701782 ], [ 174.8018103, -36.9703603 ], [ 174.801814, -36.9705073 ], [ 174.8018575, -36.9707675 ], [ 174.8019471, -36.9710194 ], [ 174.8020372, -36.9711897 ], [ 174.8021683, -36.9713764 ], [ 174.8027036, -36.9720137 ], [ 174.8027279, -36.9720314 ], [ 174.8027679, -36.9720376 ], [ 174.80338, -36.9717063 ], [ 174.8036456, -36.9715348 ], [ 174.8036641, -36.9715056 ], [ 174.8036616, -36.9714794 ], [ 174.8031153, -36.9709293 ], [ 174.803019, -36.970921 ], [ 174.8027313, -36.9706343 ] ] ], [ [ [ 174.8602636, -36.9705546 ], [ 174.8601539, -36.9706203 ], [ 174.8596534, -36.9700821 ], [ 174.858592, -36.9707172 ], [ 174.858568, -36.9707437 ], [ 174.8585734, -36.9707886 ], [ 174.8588245, -36.9710605 ], [ 174.8588927, -36.9711654 ], [ 174.8589348, -36.9713077 ], [ 174.8589441, -36.9715155 ], [ 174.8589865, -36.9716237 ], [ 174.8594725, -36.9721566 ], [ 174.8595055, -36.9721758 ], [ 174.8595683, -36.9721678 ], [ 174.8616627, -36.9709156 ], [ 174.8616718, -36.9708656 ], [ 174.8605812, -36.9696901 ], [ 174.8606003, -36.9696786 ], [ 174.8605117, -36.9695832 ], [ 174.8604912, -36.9695808 ], [ 174.8601398, -36.969791 ], [ 174.8602519, -36.9699119 ], [ 174.8602673, -36.9699027 ], [ 174.8606124, -36.9702739 ], [ 174.8605575, -36.9703068 ], [ 174.8605436, -36.9702918 ], [ 174.8602068, -36.9704934 ], [ 174.8602636, -36.9705546 ] ] ], [ [ [ 174.8045166, -36.9707397 ], [ 174.8043337, -36.9705575 ], [ 174.8042614, -36.9705512 ], [ 174.8037931, -36.9700846 ], [ 174.8038009, -36.9700267 ], [ 174.8033451, -36.9695732 ], [ 174.8032999, -36.9695428 ], [ 174.8032322, -36.9695197 ], [ 174.8031735, -36.9695147 ], [ 174.8031012, -36.9695256 ], [ 174.8030371, -36.9695547 ], [ 174.802568, -36.9698625 ], [ 174.8025187, -36.9699476 ], [ 174.8025291, -36.970041 ], [ 174.8025654, -36.9700924 ], [ 174.8038258, -36.9713483 ], [ 174.8038597, -36.9713665 ], [ 174.8038924, -36.9713677 ], [ 174.8045041, -36.9709786 ], [ 174.8045602, -36.9708962 ], [ 174.8045657, -36.9708373 ], [ 174.8045528, -36.9707911 ], [ 174.8045166, -36.9707397 ] ] ], [ [ [ 174.8601665, -36.9704501 ], [ 174.8604583, -36.9702754 ], [ 174.8604697, -36.9702123 ], [ 174.8601, -36.9698149 ], [ 174.8597632, -36.9700165 ], [ 174.8601665, -36.9704501 ] ] ], [ [ [ 174.8004492, -36.9706176 ], [ 174.800874, -36.9706588 ], [ 174.8009685, -36.9700316 ], [ 174.8009006, -36.9700249 ], [ 174.8009333, -36.9698069 ], [ 174.8002878, -36.9697442 ], [ 174.8003493, -36.9693352 ], [ 174.8005869, -36.9693581 ], [ 174.8005459, -36.969631 ], [ 174.8011746, -36.9696919 ], [ 174.8010024, -36.9708372 ], [ 174.7981139, -36.9705575 ], [ 174.7982369, -36.9697394 ], [ 174.7983728, -36.9697526 ], [ 174.798422, -36.9694253 ], [ 174.7992715, -36.9695076 ], [ 174.7993668, -36.9688737 ], [ 174.7989759, -36.9687568 ], [ 174.7986354, -36.9686206 ], [ 174.7985791, -36.9686144 ], [ 174.7985147, -36.9686316 ], [ 174.7984744, -36.9686637 ], [ 174.7977507, -36.9695484 ], [ 174.7976275, -36.9696846 ], [ 174.7973988, -36.9698823 ], [ 174.7971228, -36.9700578 ], [ 174.7976945, -36.970895 ], [ 174.7984635, -36.9709697 ], [ 174.7984553, -36.9710242 ], [ 174.8015998, -36.9713293 ], [ 174.8018141, -36.9712348 ], [ 174.8017247, -36.9710582 ], [ 174.8016686, -36.9709125 ], [ 174.8016182, -36.9707263 ], [ 174.8015902, -36.9705371 ], [ 174.8015848, -36.9703465 ], [ 174.8015968, -36.9701943 ], [ 174.8017385, -36.9692519 ], [ 174.8017129, -36.9691836 ], [ 174.8016809, -36.9691581 ], [ 174.8016293, -36.9691401 ], [ 174.8006342, -36.9690433 ], [ 174.8006197, -36.9691402 ], [ 174.800042, -36.9690843 ], [ 174.8000297, -36.969166 ], [ 174.7995029, -36.969115 ], [ 174.7994783, -36.9692787 ], [ 174.7997671, -36.9693066 ], [ 174.7996954, -36.969784 ], [ 174.7990496, -36.9697213 ], [ 174.7990642, -36.9696259 ], [ 174.7985713, -36.9695782 ], [ 174.7985223, -36.9699054 ], [ 174.7984371, -36.9698971 ], [ 174.7983552, -36.9704424 ], [ 174.7988648, -36.9704917 ], [ 174.798912, -36.9701777 ], [ 174.7996426, -36.9702492 ], [ 174.7995995, -36.9705355 ], [ 174.8000244, -36.9705766 ], [ 174.8000327, -36.970522 ], [ 174.8004574, -36.9705631 ], [ 174.8004492, -36.9706176 ] ] ], [ [ [ 174.8042811, -36.9691233 ], [ 174.8038938, -36.9691926 ], [ 174.8035006, -36.9692354 ], [ 174.8033997, -36.9693797 ], [ 174.8035306, -36.9694685 ], [ 174.8046926, -36.9706261 ], [ 174.8047573, -36.9707132 ], [ 174.8047894, -36.9708112 ], [ 174.8052113, -36.9707716 ], [ 174.8042811, -36.9691233 ] ] ], [ [ [ 174.8584056, -36.9706028 ], [ 174.8598613, -36.9697319 ], [ 174.8598696, -36.9696859 ], [ 174.8594348, -36.9692173 ], [ 174.8592657, -36.969093 ], [ 174.8591244, -36.968941 ], [ 174.8576642, -36.9698506 ], [ 174.8583577, -36.9705972 ], [ 174.8584056, -36.9706028 ] ] ], [ [ [ 174.8024578, -36.9696964 ], [ 174.8029685, -36.9693751 ], [ 174.8029723, -36.9692507 ], [ 174.8025883, -36.969232 ], [ 174.8021141, -36.9691868 ], [ 174.8020495, -36.9691928 ], [ 174.8019937, -36.9692241 ], [ 174.801964, -36.9692719 ], [ 174.8019245, -36.9695277 ], [ 174.8019368, -36.9696485 ], [ 174.8019748, -36.9696874 ], [ 174.8020729, -36.9697154 ], [ 174.8022563, -36.969745 ], [ 174.8023459, -36.969741 ], [ 174.8024578, -36.9696964 ] ] ], [ [ [ 174.8596246, -36.9686293 ], [ 174.8592325, -36.9688735 ], [ 174.8593675, -36.9690188 ], [ 174.8595366, -36.9691431 ], [ 174.8599865, -36.9696158 ], [ 174.860044, -36.9696226 ], [ 174.86034, -36.9694455 ], [ 174.8603428, -36.9694316 ], [ 174.860229, -36.9693123 ], [ 174.8602482, -36.9693008 ], [ 174.8602091, -36.9692587 ], [ 174.860189, -36.9692708 ], [ 174.8600398, -36.9691125 ], [ 174.8600605, -36.9690987 ], [ 174.8599255, -36.9689532 ], [ 174.8599063, -36.9689648 ], [ 174.8597408, -36.9687865 ], [ 174.8597596, -36.9687748 ], [ 174.8596246, -36.9686293 ] ] ], [ [ [ 174.7974184, -36.9677199 ], [ 174.7959552, -36.9686522 ], [ 174.7953428, -36.9687128 ], [ 174.7954753, -36.9701754 ], [ 174.7955026, -36.9701997 ], [ 174.7955422, -36.9702072 ], [ 174.7961753, -36.9701657 ], [ 174.7964684, -36.9701109 ], [ 174.7967866, -36.9700067 ], [ 174.7969617, -36.9699258 ], [ 174.7971445, -36.9698195 ], [ 174.7973116, -36.9696975 ], [ 174.7974325, -36.9695898 ], [ 174.7974612, -36.9695058 ], [ 174.7974191, -36.96943 ], [ 174.7975703, -36.9692452 ], [ 174.7976602, -36.9692652 ], [ 174.7977411, -36.9692297 ], [ 174.7982678, -36.9685858 ], [ 174.7982706, -36.9684711 ], [ 174.7982243, -36.9683987 ], [ 174.7979581, -36.9682165 ], [ 174.797754, -36.9680494 ], [ 174.7974184, -36.9677199 ] ] ], [ [ [ 174.8604241, -36.9688411 ], [ 174.8603903, -36.9688048 ], [ 174.8605731, -36.9687143 ], [ 174.8605817, -36.9686778 ], [ 174.8603864, -36.9684679 ], [ 174.8600283, -36.9686455 ], [ 174.8600154, -36.9687002 ], [ 174.8602341, -36.9689354 ], [ 174.8604241, -36.9688411 ] ] ], [ [ [ 174.8586433, -36.9675872 ], [ 174.8585614, -36.9675752 ], [ 174.8581866, -36.9677642 ], [ 174.8583433, -36.9679307 ], [ 174.8582895, -36.9679633 ], [ 174.8581292, -36.9677932 ], [ 174.857731, -36.9679941 ], [ 174.8587915, -36.9691201 ], [ 174.8591618, -36.9688894 ], [ 174.8585891, -36.9682814 ], [ 174.8586436, -36.9682483 ], [ 174.8592222, -36.9688626 ], [ 174.8595955, -36.9686302 ], [ 174.8590204, -36.9680197 ], [ 174.8590395, -36.9680081 ], [ 174.8586433, -36.9675872 ] ] ], [ [ [ 174.7980656, -36.9678948 ], [ 174.7983049, -36.9680787 ], [ 174.7985663, -36.9682421 ], [ 174.7988954, -36.9684046 ], [ 174.799195, -36.9685181 ], [ 174.7992805, -36.9683514 ], [ 174.7982583, -36.9672995 ], [ 174.7983902, -36.9672155 ], [ 174.7974077, -36.9662299 ], [ 174.7972057, -36.9663979 ], [ 174.7971159, -36.9667449 ], [ 174.7975527, -36.9673916 ], [ 174.7980656, -36.9678948 ] ] ], [ [ [ 174.8584694, -36.9670886 ], [ 174.8586401, -36.9672505 ], [ 174.8588609, -36.9674852 ], [ 174.8591616, -36.9672145 ], [ 174.8589379, -36.9669911 ], [ 174.8589509, -36.9669798 ], [ 174.858606, -36.9666114 ], [ 174.8583156, -36.9668644 ], [ 174.8582987, -36.9668923 ], [ 174.8583071, -36.9669286 ], [ 174.8584534, -36.9670844 ], [ 174.8584694, -36.9670886 ] ] ], [ [ [ 174.8517985, -36.9004617 ], [ 174.8519546, -36.9002939 ], [ 174.8519116, -36.900228 ], [ 174.8522679, -36.8999032 ], [ 174.8516434, -36.8995915 ], [ 174.8516268, -36.8996055 ], [ 174.8514385, -36.8994894 ], [ 174.8513016, -36.8993723 ], [ 174.8513272, -36.8993576 ], [ 174.8513164, -36.8993638 ], [ 174.8512199, -36.8992897 ], [ 174.8509871, -36.8992556 ], [ 174.8504698, -36.899547 ], [ 174.8517985, -36.9004617 ] ] ], [ [ [ 174.8531806, -36.8997522 ], [ 174.8531922, -36.8997772 ], [ 174.8532624, -36.8995826 ], [ 174.8517157, -36.8992228 ], [ 174.851707, -36.8992362 ], [ 174.8519572, -36.8994171 ], [ 174.8522246, -36.8995779 ], [ 174.8522404, -36.8995336 ], [ 174.8531806, -36.8997522 ] ] ], [ [ [ 174.8504642, -36.8989718 ], [ 174.8503327, -36.8989485 ], [ 174.8493287, -36.8986853 ], [ 174.8500523, -36.8995602 ], [ 174.8507478, -36.8991628 ], [ 174.8507839, -36.8991078 ], [ 174.8507072, -36.8990441 ], [ 174.8504642, -36.8989718 ] ] ], [ [ [ 174.851795, -36.8989552 ], [ 174.8534123, -36.8993329 ], [ 174.8535178, -36.8990429 ], [ 174.8516793, -36.8986998 ], [ 174.851675, -36.8987144 ], [ 174.851795, -36.8989552 ] ] ], [ [ [ 174.8529729, -36.898603 ], [ 174.8530039, -36.8984959 ], [ 174.8534703, -36.898583 ], [ 174.8535395, -36.898344 ], [ 174.853013, -36.8982457 ], [ 174.8531427, -36.8978056 ], [ 174.8520804, -36.8975926 ], [ 174.8519981, -36.8976326 ], [ 174.8516952, -36.8986464 ], [ 174.8528269, -36.8988576 ], [ 174.8528347, -36.8988309 ], [ 174.8535595, -36.8989662 ], [ 174.8536334, -36.898746 ], [ 174.8529729, -36.898603 ] ] ], [ [ [ 174.8502066, -36.8974858 ], [ 174.8496453, -36.898012 ], [ 174.8493954, -36.8982308 ], [ 174.8505079, -36.8984848 ], [ 174.8509222, -36.8986702 ], [ 174.8510217, -36.8986958 ], [ 174.8510505, -36.8986049 ], [ 174.8504554, -36.8977787 ], [ 174.8502066, -36.8974858 ] ] ], [ [ [ 174.8514931, -36.8985451 ], [ 174.8517708, -36.8976163 ], [ 174.8517212, -36.8975509 ], [ 174.8506802, -36.8973474 ], [ 174.8506549, -36.8973709 ], [ 174.8506102, -36.8975308 ], [ 174.8506085, -36.8976309 ], [ 174.8512588, -36.898533 ], [ 174.8514462, -36.8985721 ], [ 174.8514931, -36.8985451 ] ] ], [ [ [ 174.848945, -36.8979411 ], [ 174.8490988, -36.8978011 ], [ 174.8491007, -36.8977786 ], [ 174.8490831, -36.8977622 ], [ 174.8490408, -36.8977498 ], [ 174.8485707, -36.8976366 ], [ 174.8485788, -36.8976144 ], [ 174.8482732, -36.8975417 ], [ 174.8481828, -36.8975995 ], [ 174.8481718, -36.897712 ], [ 174.8481273, -36.8978824 ], [ 174.8481308, -36.8979661 ], [ 174.8481512, -36.8980352 ], [ 174.8483347, -36.8980766 ], [ 174.8484722, -36.8980775 ], [ 174.8486852, -36.8981215 ], [ 174.8487168, -36.8981193 ], [ 174.848945, -36.8979411 ] ] ], [ [ [ 174.8491036, -36.8974566 ], [ 174.849195, -36.8973547 ], [ 174.8492336, -36.8972346 ], [ 174.8492278, -36.8971516 ], [ 174.849188, -36.8970571 ], [ 174.8489395, -36.8967114 ], [ 174.848895, -36.8967034 ], [ 174.8486784, -36.8967972 ], [ 174.8484173, -36.8968694 ], [ 174.8482893, -36.8969325 ], [ 174.8482259, -36.8969838 ], [ 174.8481781, -36.8970451 ], [ 174.8481137, -36.8972372 ], [ 174.8481268, -36.8973267 ], [ 174.8481628, -36.8973997 ], [ 174.8487067, -36.8975384 ], [ 174.8488413, -36.8975488 ], [ 174.8489722, -36.8975247 ], [ 174.8491036, -36.8974566 ] ] ], [ [ [ 174.8507984, -36.8971251 ], [ 174.8510399, -36.8971837 ], [ 174.8510445, -36.8971716 ], [ 174.8513039, -36.897235 ], [ 174.8517867, -36.8973313 ], [ 174.8518679, -36.8972918 ], [ 174.8519444, -36.8970365 ], [ 174.850794, -36.8968144 ], [ 174.8505109, -36.8971166 ], [ 174.8506117, -36.8971393 ], [ 174.8507984, -36.8971251 ] ] ], [ [ [ 174.8499201, -36.8970538 ], [ 174.8493939, -36.8963074 ], [ 174.8493196, -36.8963122 ], [ 174.8491899, -36.8964803 ], [ 174.8490479, -36.8966058 ], [ 174.8490426, -36.8966332 ], [ 174.8493085, -36.897003 ], [ 174.8493656, -36.8971416 ], [ 174.8493719, -36.8972329 ], [ 174.8493549, -36.8973233 ], [ 174.8493051, -36.8974254 ], [ 174.8492409, -36.8975009 ], [ 174.8492304, -36.8975373 ], [ 174.8493544, -36.8975685 ], [ 174.8499201, -36.8970538 ] ] ], [ [ [ 174.7995721, -36.8813257 ], [ 174.7996614, -36.881048 ], [ 174.799651, -36.8810188 ], [ 174.7996209, -36.8810005 ], [ 174.7977684, -36.8808328 ], [ 174.797737, -36.8810567 ], [ 174.7986152, -36.8811362 ], [ 174.7985731, -36.8811877 ], [ 174.7977294, -36.8811114 ], [ 174.7976977, -36.8813375 ], [ 174.7972769, -36.8819696 ], [ 174.7976786, -36.8822018 ], [ 174.7983909, -36.8813307 ], [ 174.7990179, -36.8813875 ], [ 174.799348, -36.8813054 ], [ 174.7995721, -36.8813257 ] ] ], [ [ [ 174.8003951, -36.8813488 ], [ 174.8004835, -36.8810336 ], [ 174.7999571, -36.8809856 ], [ 174.7999053, -36.8810143 ], [ 174.7998146, -36.8812964 ], [ 174.8003951, -36.8813488 ] ] ], [ [ [ 174.7966679, -36.881209 ], [ 174.7972884, -36.8815678 ], [ 174.7974783, -36.8812826 ], [ 174.7975445, -36.8808124 ], [ 174.7968598, -36.8807503 ], [ 174.7962888, -36.8806715 ], [ 174.7960857, -36.8810922 ], [ 174.7964545, -36.8811258 ], [ 174.7966892, -36.8811583 ], [ 174.7966679, -36.881209 ] ] ], [ [ [ 174.7958556, -36.8810716 ], [ 174.7960492, -36.8806309 ], [ 174.7949325, -36.8805299 ], [ 174.7947395, -36.8809705 ], [ 174.7958556, -36.8810716 ] ] ], [ [ [ 174.7987635, -36.8803897 ], [ 174.7983238, -36.8803629 ], [ 174.7982964, -36.8806527 ], [ 174.7989929, -36.8807158 ], [ 174.7990159, -36.880552 ], [ 174.7987441, -36.8805274 ], [ 174.7987635, -36.8803897 ] ] ], [ [ [ 174.798021, -36.8806274 ], [ 174.7980758, -36.8805911 ], [ 174.7981108, -36.8802211 ], [ 174.7975525, -36.8801699 ], [ 174.7974945, -36.8805792 ], [ 174.798021, -36.8806274 ] ] ], [ [ [ 174.7962461, -36.8802831 ], [ 174.7962154, -36.8804622 ], [ 174.7974606, -36.8805761 ], [ 174.7975079, -36.8802432 ], [ 174.7971003, -36.8802059 ], [ 174.7971073, -36.8801568 ], [ 174.796409, -36.8800929 ], [ 174.7962461, -36.8802831 ] ] ], [ [ [ 174.783107, -36.8581053 ], [ 174.7826826, -36.8580725 ], [ 174.7826344, -36.858456 ], [ 174.7829065, -36.8588062 ], [ 174.7829584, -36.8588392 ], [ 174.7830237, -36.8588474 ], [ 174.7830763, -36.8588337 ], [ 174.7834309, -36.8586668 ], [ 174.7831261, -36.8582662 ], [ 174.7831511, -36.8581518 ], [ 174.7831638, -36.8581459 ], [ 174.783107, -36.8581053 ] ] ], [ [ [ 174.766536, -36.7731292 ], [ 174.7663642, -36.7735508 ], [ 174.7669481, -36.7737047 ], [ 174.7670027, -36.7735703 ], [ 174.7675251, -36.773708 ], [ 174.767642, -36.7734209 ], [ 174.766536, -36.7731292 ] ] ], [ [ [ 174.7674499, -36.7731793 ], [ 174.7674929, -36.7731618 ], [ 174.7676539, -36.7727668 ], [ 174.7672646, -36.772664 ], [ 174.7674582, -36.772189 ], [ 174.7669714, -36.7720606 ], [ 174.7666281, -36.7729029 ], [ 174.766676, -36.7729752 ], [ 174.7674499, -36.7731793 ] ] ], [ [ [ 174.904142, -37.2029992 ], [ 174.9044549, -37.2030181 ], [ 174.9046549, -37.2030302 ], [ 174.9047377, -37.2021592 ], [ 174.9036596, -37.2020939 ], [ 174.9035796, -37.2029376 ], [ 174.9041447, -37.2029717 ], [ 174.904142, -37.2029992 ] ] ], [ [ [ 174.9055923, -37.2019019 ], [ 174.9056232, -37.2019237 ], [ 174.9060779, -37.2018478 ], [ 174.9062772, -37.2017991 ], [ 174.906288, -37.2018405 ], [ 174.9070474, -37.2017131 ], [ 174.9070343, -37.2016873 ], [ 174.9073535, -37.2016338 ], [ 174.9077522, -37.2013748 ], [ 174.9073142, -37.2009424 ], [ 174.9063223, -37.2008848 ], [ 174.906321, -37.200901 ], [ 174.9061683, -37.2008922 ], [ 174.9061676, -37.2008759 ], [ 174.9059416, -37.2008625 ], [ 174.9059401, -37.2008786 ], [ 174.9056895, -37.2008637 ], [ 174.9056568, -37.2012086 ], [ 174.9056231, -37.2012077 ], [ 174.9056151, -37.2012973 ], [ 174.905649, -37.2012994 ], [ 174.9056482, -37.2013084 ], [ 174.906125, -37.2013368 ], [ 174.9061142, -37.2014535 ], [ 174.9056372, -37.2014251 ], [ 174.9055923, -37.2019019 ] ] ], [ [ [ 174.9043058, -37.2012818 ], [ 174.9043117, -37.2012204 ], [ 174.9040501, -37.2012057 ], [ 174.904053, -37.2011541 ], [ 174.9045058, -37.2011924 ], [ 174.904826, -37.2011902 ], [ 174.9051864, -37.2012115 ], [ 174.9052033, -37.2008187 ], [ 174.9038223, -37.2007365 ], [ 174.9037855, -37.2007618 ], [ 174.9036769, -37.2019132 ], [ 174.9047546, -37.2019785 ], [ 174.9047572, -37.201951 ], [ 174.9049353, -37.2019618 ], [ 174.9049336, -37.2019798 ], [ 174.9052869, -37.2020011 ], [ 174.9053466, -37.2013723 ], [ 174.9053804, -37.2013743 ], [ 174.905389, -37.2012839 ], [ 174.9048241, -37.2012507 ], [ 174.9043482, -37.2012578 ], [ 174.9043058, -37.2012818 ] ] ], [ [ [ 174.9013039, -37.2005897 ], [ 174.9012088, -37.2016047 ], [ 174.9012392, -37.2016878 ], [ 174.9012971, -37.2017418 ], [ 174.9013955, -37.2017781 ], [ 174.9033826, -37.2018931 ], [ 174.9034291, -37.2018821 ], [ 174.903456, -37.2018426 ], [ 174.9035621, -37.2007204 ], [ 174.9031047, -37.2006937 ], [ 174.9031031, -37.2007105 ], [ 174.9024468, -37.2006723 ], [ 174.9024029, -37.2011404 ], [ 174.9023766, -37.2011995 ], [ 174.9019206, -37.2011729 ], [ 174.9019249, -37.2011126 ], [ 174.9023617, -37.2011381 ], [ 174.9024055, -37.2006698 ], [ 174.9015375, -37.2006195 ], [ 174.9015396, -37.2006033 ], [ 174.9013039, -37.2005897 ] ] ], [ [ [ 174.8998845, -37.2011448 ], [ 174.8998775, -37.201181 ], [ 174.9000899, -37.2013809 ], [ 174.9001974, -37.2014501 ], [ 174.900317, -37.2015047 ], [ 174.9004507, -37.201549 ], [ 174.9009322, -37.2016553 ], [ 174.900979, -37.2016289 ], [ 174.9010854, -37.2004968 ], [ 174.8998845, -37.2011448 ] ] ], [ [ [ 174.8996621, -37.2002509 ], [ 174.8996513, -37.2003221 ], [ 174.8996503, -37.200505 ], [ 174.8996716, -37.2006643 ], [ 174.8997116, -37.2008146 ], [ 174.8997704, -37.2009421 ], [ 174.8998155, -37.2009627 ], [ 174.9004062, -37.2006429 ], [ 174.8999447, -37.2000979 ], [ 174.8996621, -37.2002509 ] ] ], [ [ [ 174.9065947, -37.2000228 ], [ 174.9066172, -37.2002152 ], [ 174.9066934, -37.2002205 ], [ 174.9067743, -37.2002427 ], [ 174.9069517, -37.2003125 ], [ 174.9070661, -37.2003908 ], [ 174.9074286, -37.2007673 ], [ 174.9070179, -37.2003279 ], [ 174.9067561, -37.2000032 ], [ 174.9066363, -37.1998333 ], [ 174.9065947, -37.2000228 ] ] ], [ [ [ 174.9011608, -37.1992082 ], [ 174.9008742, -37.1991836 ], [ 174.900595, -37.1992014 ], [ 174.9003453, -37.1992975 ], [ 174.9001974, -37.1993868 ], [ 174.9000828, -37.1994678 ], [ 174.899982, -37.1995665 ], [ 174.8999254, -37.1996522 ], [ 174.8998675, -37.1996832 ], [ 174.9005621, -37.2005038 ], [ 174.9006407, -37.2005159 ], [ 174.900968, -37.2003379 ], [ 174.9007075, -37.2000294 ], [ 174.9007714, -37.2000331 ], [ 174.9006129, -37.1998456 ], [ 174.9011328, -37.1998696 ], [ 174.9011831, -37.1992315 ], [ 174.9011608, -37.1992082 ] ] ], [ [ [ 174.9030576, -37.1999476 ], [ 174.903223, -37.2000049 ], [ 174.9035863, -37.2000261 ], [ 174.9036417, -37.1993046 ], [ 174.9035848, -37.1992531 ], [ 174.9033644, -37.1992422 ], [ 174.903112, -37.1992627 ], [ 174.9030576, -37.1999476 ] ] ], [ [ [ 174.9047853, -37.1996116 ], [ 174.9048022, -37.1994308 ], [ 174.9054325, -37.1994683 ], [ 174.905314, -37.1991541 ], [ 174.9052705, -37.1991309 ], [ 174.9039423, -37.1992476 ], [ 174.9039106, -37.1996535 ], [ 174.9039443, -37.1996555 ], [ 174.9039245, -37.1999117 ], [ 174.9044063, -37.1999379 ], [ 174.9043966, -37.2000589 ], [ 174.9044568, -37.2001105 ], [ 174.9054571, -37.2001298 ], [ 174.9055044, -37.1996545 ], [ 174.9047853, -37.1996116 ] ] ], [ [ [ 174.9060344, -37.1990639 ], [ 174.9056008, -37.199102 ], [ 174.9055771, -37.1991308 ], [ 174.9057678, -37.1996366 ], [ 174.9057647, -37.1996699 ], [ 174.9057989, -37.1996719 ], [ 174.9057858, -37.1998078 ], [ 174.9057516, -37.1998057 ], [ 174.9057186, -37.2001517 ], [ 174.9063973, -37.2001915 ], [ 174.9063999, -37.2001637 ], [ 174.9065006, -37.2001697 ], [ 174.9065392, -37.2001449 ], [ 174.9065652, -37.1999272 ], [ 174.9065446, -37.1998059 ], [ 174.906396, -37.1997969 ], [ 174.9064016, -37.1997076 ], [ 174.9062469, -37.1994744 ], [ 174.9060344, -37.1990639 ] ] ], [ [ [ 174.9013965, -37.1994176 ], [ 174.9014307, -37.1994193 ], [ 174.9013957, -37.1998532 ], [ 174.9029511, -37.1999456 ], [ 174.9029865, -37.1999207 ], [ 174.903037, -37.1992901 ], [ 174.9026161, -37.1992693 ], [ 174.9026139, -37.1992968 ], [ 174.9025727, -37.1992947 ], [ 174.9019027, -37.1992615 ], [ 174.9019049, -37.1992341 ], [ 174.901413, -37.1992098 ], [ 174.9013965, -37.1994176 ] ] ], [ [ [ 174.9063104, -37.1994544 ], [ 174.9064513, -37.199667 ], [ 174.9065375, -37.1996861 ], [ 174.9063147, -37.1993338 ], [ 174.9061713, -37.1990518 ], [ 174.9061045, -37.1990577 ], [ 174.9063104, -37.1994544 ] ] ], [ [ [ 174.9709204, -37.1148775 ], [ 174.9710599, -37.1149263 ], [ 174.9714792, -37.1150417 ], [ 174.9718994, -37.1137899 ], [ 174.9711019, -37.1136178 ], [ 174.9706934, -37.1148254 ], [ 174.9709204, -37.1148775 ] ] ], [ [ [ 174.9273384, -37.0462887 ], [ 174.9269165, -37.0467078 ], [ 174.9270037, -37.0469548 ], [ 174.9271738, -37.047121 ], [ 174.9256612, -37.0475008 ], [ 174.9256491, -37.0475517 ], [ 174.9273851, -37.0486746 ], [ 174.9273394, -37.0487031 ], [ 174.9280701, -37.0491748 ], [ 174.9281255, -37.0492867 ], [ 174.9286204, -37.0496795 ], [ 174.9290714, -37.0499587 ], [ 174.9293049, -37.0499838 ], [ 174.9317779, -37.0492076 ], [ 174.9313664, -37.0489176 ], [ 174.9305872, -37.0483977 ], [ 174.9273384, -37.0462887 ] ] ], [ [ [ 174.9332484, -37.0484597 ], [ 174.9331327, -37.0483615 ], [ 174.9330206, -37.0482935 ], [ 174.9324529, -37.0480602 ], [ 174.9322189, -37.047945 ], [ 174.9319578, -37.0477741 ], [ 174.9317257, -37.0475783 ], [ 174.9316217, -37.0474719 ], [ 174.9313911, -37.0471714 ], [ 174.9312576, -37.0469213 ], [ 174.9312066, -37.0467924 ], [ 174.9311358, -37.0465283 ], [ 174.9311038, -37.0461416 ], [ 174.9284745, -37.0467944 ], [ 174.93073, -37.0482575 ], [ 174.9320196, -37.049132 ], [ 174.9334051, -37.0486985 ], [ 174.9333401, -37.0485731 ], [ 174.9332484, -37.0484597 ] ] ], [ [ [ 174.8645792, -36.974685 ], [ 174.8649056, -36.974299 ], [ 174.8646068, -36.9739779 ], [ 174.8644627, -36.9739806 ], [ 174.8640916, -36.9744193 ], [ 174.8645792, -36.974685 ] ] ], [ [ [ 174.8648985, -36.9736845 ], [ 174.8647547, -36.9737643 ], [ 174.8647486, -36.9737944 ], [ 174.8651497, -36.9742255 ], [ 174.8653114, -36.9741285 ], [ 174.8648985, -36.9736845 ] ] ], [ [ [ 174.8660071, -36.9736039 ], [ 174.865695, -36.9732423 ], [ 174.8649408, -36.9736611 ], [ 174.8652504, -36.973994 ], [ 174.8660071, -36.9736039 ] ] ], [ [ [ 174.8646145, -36.9736216 ], [ 174.8648877, -36.9734697 ], [ 174.8645552, -36.9731121 ], [ 174.8646101, -36.9730793 ], [ 174.8646862, -36.9729938 ], [ 174.8646857, -36.9729494 ], [ 174.8642702, -36.9725027 ], [ 174.8641985, -36.9724946 ], [ 174.8637704, -36.9727508 ], [ 174.864267, -36.9732845 ], [ 174.8642479, -36.9732959 ], [ 174.8644918, -36.9735584 ], [ 174.864511, -36.9735469 ], [ 174.8645757, -36.9736166 ], [ 174.8646145, -36.9736216 ] ] ], [ [ [ 174.8637315, -36.9727091 ], [ 174.8641787, -36.9724414 ], [ 174.8641843, -36.9724105 ], [ 174.863955, -36.9721641 ], [ 174.8640099, -36.9721312 ], [ 174.8636607, -36.9717553 ], [ 174.8636022, -36.9717886 ], [ 174.8635553, -36.9717625 ], [ 174.863314, -36.9715033 ], [ 174.8628899, -36.9717445 ], [ 174.8628802, -36.9717937 ], [ 174.8637315, -36.9727091 ] ] ], [ [ [ 174.8636027, -36.9717231 ], [ 174.8636607, -36.9717553 ], [ 174.8636891, -36.9717392 ], [ 174.8634157, -36.9714454 ], [ 174.863369, -36.971472 ], [ 174.8636027, -36.9717231 ] ] ], [ [ [ 174.8617695, -36.9713982 ], [ 174.8615615, -36.9711743 ], [ 174.861092, -36.971455 ], [ 174.8617236, -36.9721104 ], [ 174.8622758, -36.9715161 ], [ 174.8618272, -36.9710329 ], [ 174.8618026, -36.9710301 ], [ 174.8616164, -36.9711414 ], [ 174.8618244, -36.9713654 ], [ 174.8617695, -36.9713982 ] ] ], [ [ [ 174.8617444, -36.9705729 ], [ 174.8619453, -36.970789 ], [ 174.8619243, -36.9707987 ], [ 174.8620799, -36.9709661 ], [ 174.8621008, -36.9709563 ], [ 174.8627246, -36.9716265 ], [ 174.8627875, -36.9716345 ], [ 174.8628892, -36.9715766 ], [ 174.8625803, -36.9712428 ], [ 174.8628368, -36.9710897 ], [ 174.8626391, -36.9708243 ], [ 174.8625309, -36.97075 ], [ 174.8625887, -36.9707223 ], [ 174.8624535, -36.9705408 ], [ 174.8623961, -36.9705688 ], [ 174.8622126, -36.9703227 ], [ 174.8617515, -36.970544 ], [ 174.8617444, -36.9705729 ] ] ], [ [ [ 174.8611924, -36.969979 ], [ 174.8615584, -36.9703791 ], [ 174.8616155, -36.9703979 ], [ 174.8621241, -36.9701541 ], [ 174.8617832, -36.969696 ], [ 174.8632994, -36.9689654 ], [ 174.862987, -36.9685593 ], [ 174.8609022, -36.9695918 ], [ 174.8608875, -36.9696514 ], [ 174.8610688, -36.9698463 ], [ 174.8610911, -36.9698355 ], [ 174.8612175, -36.9699661 ], [ 174.8611924, -36.969979 ] ] ], [ [ [ 174.8604578, -36.9688774 ], [ 174.8602678, -36.9689717 ], [ 174.8607001, -36.9694501 ], [ 174.86074, -36.9694565 ], [ 174.8611999, -36.9692362 ], [ 174.8611134, -36.9691433 ], [ 174.8610795, -36.9691341 ], [ 174.8608146, -36.969261 ], [ 174.8604578, -36.9688774 ] ] ], [ [ [ 174.8605189, -36.9688056 ], [ 174.8605102, -36.9688421 ], [ 174.8608121, -36.9691665 ], [ 174.860862, -36.9691744 ], [ 174.861103, -36.9690589 ], [ 174.8611236, -36.9690811 ], [ 174.8611354, -36.9690754 ], [ 174.86126, -36.9692094 ], [ 174.8619791, -36.96885 ], [ 174.86178, -36.9685936 ], [ 174.8623966, -36.9682877 ], [ 174.8624328, -36.9683343 ], [ 174.8619035, -36.9685969 ], [ 174.8618925, -36.9686346 ], [ 174.8620372, -36.9688209 ], [ 174.8628975, -36.9683907 ], [ 174.863042, -36.9683693 ], [ 174.8623632, -36.9674867 ], [ 174.8615333, -36.9678992 ], [ 174.8618507, -36.9682401 ], [ 174.8607851, -36.9687682 ], [ 174.8609496, -36.9689282 ], [ 174.8609923, -36.968984 ], [ 174.8609529, -36.9690034 ], [ 174.8606957, -36.9687179 ], [ 174.8605189, -36.9688056 ] ] ], [ [ [ 174.8604681, -36.9684274 ], [ 174.8606846, -36.9686602 ], [ 174.8608211, -36.968686 ], [ 174.8616928, -36.9682538 ], [ 174.86171, -36.9681809 ], [ 174.8614748, -36.9679281 ], [ 174.8604681, -36.9684274 ] ] ], [ [ [ 174.8606901, -36.9674302 ], [ 174.8602053, -36.9668001 ], [ 174.8597312, -36.9684099 ], [ 174.8598031, -36.9684862 ], [ 174.8598427, -36.9684922 ], [ 174.8603014, -36.9682648 ], [ 174.8602833, -36.9682414 ], [ 174.861491, -36.9676423 ], [ 174.8614984, -36.9676181 ], [ 174.8611705, -36.967192 ], [ 174.8606901, -36.9674302 ] ] ], [ [ [ 174.8625979, -36.967339 ], [ 174.862375, -36.9674496 ], [ 174.8626716, -36.9678353 ], [ 174.863152, -36.967597 ], [ 174.8632174, -36.967682 ], [ 174.8635179, -36.967497 ], [ 174.8631939, -36.9670756 ], [ 174.8626155, -36.9673626 ], [ 174.8625979, -36.967339 ] ] ], [ [ [ 174.8617211, -36.9675282 ], [ 174.8633197, -36.9667356 ], [ 174.8630338, -36.9663643 ], [ 174.8627138, -36.9665357 ], [ 174.8614231, -36.9671757 ], [ 174.8616628, -36.967522 ], [ 174.8617211, -36.9675282 ] ] ], [ [ [ 174.8737882, -36.9609628 ], [ 174.8737657, -36.9609576 ], [ 174.8737609, -36.9609028 ], [ 174.8742504, -36.9608735 ], [ 174.8742694, -36.9608559 ], [ 174.8742676, -36.9608116 ], [ 174.8743077, -36.9608005 ], [ 174.8743177, -36.9609138 ], [ 174.8742879, -36.9610208 ], [ 174.8746061, -36.9610093 ], [ 174.8744263, -36.9605755 ], [ 174.8742863, -36.960374 ], [ 174.8740987, -36.9601788 ], [ 174.8738601, -36.9599856 ], [ 174.8736289, -36.9598402 ], [ 174.873602, -36.9598349 ], [ 174.8733702, -36.9600478 ], [ 174.8733717, -36.9600654 ], [ 174.8728323, -36.9600959 ], [ 174.8728804, -36.9606438 ], [ 174.8734198, -36.9606133 ], [ 174.8734733, -36.9607538 ], [ 174.8734926, -36.9609731 ], [ 174.8734243, -36.9609769 ], [ 174.8734651, -36.9614423 ], [ 174.8734993, -36.9614404 ], [ 174.8735185, -36.9616596 ], [ 174.8734279, -36.9618008 ], [ 174.8732572, -36.9618105 ], [ 174.8732357, -36.9615655 ], [ 174.8729924, -36.9615792 ], [ 174.8729828, -36.9614696 ], [ 174.8732944, -36.961452 ], [ 174.8732535, -36.9609862 ], [ 174.8731852, -36.9609901 ], [ 174.8731564, -36.9606612 ], [ 174.8728833, -36.9606767 ], [ 174.8729051, -36.9607305 ], [ 174.8728883, -36.9607337 ], [ 174.8729099, -36.9607853 ], [ 174.8728929, -36.9607863 ], [ 174.8729147, -36.9608401 ], [ 174.8728977, -36.9608411 ], [ 174.8729196, -36.9608949 ], [ 174.8729025, -36.9608959 ], [ 174.8729244, -36.9609497 ], [ 174.8729073, -36.9609507 ], [ 174.8729292, -36.9610045 ], [ 174.8729123, -36.9610077 ], [ 174.872934, -36.9610593 ], [ 174.8729172, -36.9610626 ], [ 174.8729388, -36.9611141 ], [ 174.872922, -36.9611174 ], [ 174.8729436, -36.961169 ], [ 174.8726875, -36.9611834 ], [ 174.8726931, -36.9612466 ], [ 174.8724677, -36.9612594 ], [ 174.8724463, -36.9610153 ], [ 174.8726853, -36.9610018 ], [ 174.8726068, -36.9601068 ], [ 174.8716794, -36.9604098 ], [ 174.8718602, -36.9624703 ], [ 174.8729681, -36.9624169 ], [ 174.8746801, -36.9623128 ], [ 174.8746794, -36.9615941 ], [ 174.8746336, -36.9610735 ], [ 174.8743524, -36.9610898 ], [ 174.8743027, -36.9611217 ], [ 174.8743065, -36.9612552 ], [ 174.8743192, -36.9612942 ], [ 174.8743533, -36.9613304 ], [ 174.8744718, -36.961413 ], [ 174.8744269, -36.9614545 ], [ 174.8742993, -36.9613661 ], [ 174.874246, -36.9613472 ], [ 174.8738359, -36.9613663 ], [ 174.8738022, -36.9609831 ], [ 174.8737882, -36.9609628 ] ] ], [ [ [ 174.8738946, -36.9612532 ], [ 174.8739677, -36.9613041 ], [ 174.8741725, -36.9612925 ], [ 174.874236, -36.9612338 ], [ 174.8742144, -36.9609873 ], [ 174.8741413, -36.9609364 ], [ 174.8739364, -36.960948 ], [ 174.8738729, -36.9610066 ], [ 174.8738946, -36.9612532 ] ] ] ] }, { "type": "LineString", "coordinates": [ [ 174.6928896, -36.5872144 ], [ 174.6932256, -36.5879925 ] ] } ] } },
{ "type": "Feature", "properties": { "category": "19.5m" }, "geometry": { "type": "GeometryCollection", "geometries": [ { "type": "MultiPolygon", "coordinates": [ [ [ [ 174.7812308, -36.8607596 ], [ 174.7811947, -36.8607387 ], [ 174.7811263, -36.8606682 ], [ 174.7810888, -36.8605865 ], [ 174.7810521, -36.8605405 ], [ 174.7810539, -36.860426 ], [ 174.7810354, -36.8603977 ], [ 174.7810344, -36.8603548 ], [ 174.7810107, -36.8602907 ], [ 174.7810276, -36.8602511 ], [ 174.7810091, -36.8602228 ], [ 174.7809413, -36.8601773 ], [ 174.7808786, -36.8601604 ], [ 174.7804237, -36.8603174 ], [ 174.7806034, -36.8607726 ], [ 174.7806522, -36.8607647 ], [ 174.7807242, -36.8607994 ], [ 174.7806631, -36.8608504 ], [ 174.7807884, -36.8608772 ], [ 174.7807938, -36.86092 ], [ 174.7808251, -36.8609267 ], [ 174.7808526, -36.8609585 ], [ 174.7808773, -36.8610654 ], [ 174.7809263, -36.8610683 ], [ 174.7809928, -36.861053 ], [ 174.7810029, -36.8611065 ], [ 174.781048, -36.8611308 ], [ 174.7810579, -36.8611736 ], [ 174.7810366, -36.8612169 ], [ 174.7810645, -36.8612665 ], [ 174.7811008, -36.8612982 ], [ 174.7811066, -36.8613553 ], [ 174.781199, -36.8613074 ], [ 174.7812289, -36.8612533 ], [ 174.7812827, -36.8608876 ], [ 174.7812676, -36.8608092 ], [ 174.7812308, -36.8607596 ] ] ], [ [ [ 174.7212942, -36.8106877 ], [ 174.7212716, -36.8103301 ], [ 174.7204993, -36.8103613 ], [ 174.7205091, -36.8105175 ], [ 174.7202884, -36.8105266 ], [ 174.7203082, -36.8108465 ], [ 174.7200842, -36.8108505 ], [ 174.7200923, -36.8109812 ], [ 174.7197513, -36.8109315 ], [ 174.7196919, -36.8111938 ], [ 174.7197469, -36.8112576 ], [ 174.7201066, -36.8112109 ], [ 174.720309, -36.8111648 ], [ 174.7212041, -36.8108064 ], [ 174.7212668, -36.8107396 ], [ 174.7212942, -36.8106877 ] ] ], [ [ [ 174.727121, -36.8093757 ], [ 174.7264824, -36.8094213 ], [ 174.7264508, -36.8089483 ], [ 174.7257692, -36.8089623 ], [ 174.7257401, -36.8089728 ], [ 174.7257293, -36.8089969 ], [ 174.7257639, -36.8095397 ], [ 174.7256722, -36.8098666 ], [ 174.7256748, -36.8099066 ], [ 174.7256957, -36.8099403 ], [ 174.7257504, -36.80998 ], [ 174.7258158, -36.8099932 ], [ 174.7263369, -36.8099753 ], [ 174.7271562, -36.8099168 ], [ 174.727121, -36.8093757 ] ] ], [ [ [ 174.7248856, -36.8097245 ], [ 174.7254253, -36.8097954 ], [ 174.7255353, -36.8095145 ], [ 174.7254777, -36.8085984 ], [ 174.7248039, -36.8086214 ], [ 174.7248478, -36.8093457 ], [ 174.724489, -36.8093566 ], [ 174.7245263, -36.8099301 ], [ 174.7245939, -36.8099584 ], [ 174.7249061, -36.8099801 ], [ 174.7248856, -36.8097245 ] ] ], [ [ [ 174.7473, -36.8017349 ], [ 174.7472516, -36.8017343 ], [ 174.7455792, -36.8030335 ], [ 174.7468143, -36.8033108 ], [ 174.7471752, -36.8029372 ], [ 174.7470975, -36.8029198 ], [ 174.7475707, -36.8025494 ], [ 174.7474472, -36.8024475 ], [ 174.7478145, -36.8021602 ], [ 174.7473, -36.8017349 ] ] ], [ [ [ 174.7458783, -36.8025485 ], [ 174.7453456, -36.8021075 ], [ 174.7443985, -36.8020217 ], [ 174.7443537, -36.8023412 ], [ 174.7445968, -36.8028125 ], [ 174.7452612, -36.8029616 ], [ 174.7453761, -36.8029383 ], [ 174.7458783, -36.8025485 ] ] ], [ [ [ 174.7429314, -36.8014072 ], [ 174.7429151, -36.8013424 ], [ 174.7429153, -36.8012624 ], [ 174.7431087, -36.7998818 ], [ 174.7431011, -36.7998501 ], [ 174.7430491, -36.7998217 ], [ 174.7420635, -36.7997323 ], [ 174.7420237, -36.7997386 ], [ 174.7419884, -36.7997809 ], [ 174.7416669, -36.8020772 ], [ 174.7416783, -36.8021249 ], [ 174.7417403, -36.8021649 ], [ 174.7438804, -36.8026476 ], [ 174.7440434, -36.8025321 ], [ 174.7441431, -36.8018206 ], [ 174.7441216, -36.8017606 ], [ 174.7440537, -36.8017304 ], [ 174.7433127, -36.8016632 ], [ 174.7432119, -36.8016446 ], [ 174.7431169, -36.8016066 ], [ 174.7430348, -36.8015509 ], [ 174.7429729, -36.8014844 ], [ 174.7429314, -36.8014072 ] ] ], [ [ [ 174.7481325, -36.8007987 ], [ 174.7481531, -36.8007634 ], [ 174.7481342, -36.800721 ], [ 174.7478314, -36.8004673 ], [ 174.74737, -36.8007605 ], [ 174.7472077, -36.8008864 ], [ 174.7475991, -36.8012125 ], [ 174.7481325, -36.8007987 ] ] ], [ [ [ 174.7443412, -36.8004066 ], [ 174.7443607, -36.8002674 ], [ 174.7444199, -36.7998444 ], [ 174.7433, -36.7997429 ], [ 174.7432408, -36.8001659 ], [ 174.743937, -36.8002293 ], [ 174.7439155, -36.8001331 ], [ 174.7439373, -36.8002293 ], [ 174.7439559, -36.8003114 ], [ 174.7443412, -36.8004066 ] ] ], [ [ [ 174.7478733, -36.8000396 ], [ 174.7478554, -36.8001196 ], [ 174.7478576, -36.8001867 ], [ 174.7479073, -36.8003141 ], [ 174.7479808, -36.8003954 ], [ 174.7482847, -36.8006396 ], [ 174.7483254, -36.8006402 ], [ 174.7483537, -36.800627 ], [ 174.7493687, -36.7998393 ], [ 174.749928, -36.7991309 ], [ 174.750032, -36.7990782 ], [ 174.7496433, -36.7987562 ], [ 174.7496086, -36.7987964 ], [ 174.7490172, -36.7985961 ], [ 174.7489077, -36.7987792 ], [ 174.7487988, -36.7989265 ], [ 174.7479339, -36.7999379 ], [ 174.7478733, -36.8000396 ] ] ], [ [ [ 174.7447609, -36.7998386 ], [ 174.7452452, -36.799878 ], [ 174.7453035, -36.7998427 ], [ 174.7453343, -36.7997895 ], [ 174.7454066, -36.7992779 ], [ 174.7448466, -36.7992272 ], [ 174.7447609, -36.7998386 ] ] ], [ [ [ 174.7477791, -36.7998778 ], [ 174.7486734, -36.79883 ], [ 174.7484495, -36.7987305 ], [ 174.7478257, -36.7985884 ], [ 174.7474286, -36.7995303 ], [ 174.7471, -36.8001009 ], [ 174.7471096, -36.8001243 ], [ 174.7476836, -36.8001365 ], [ 174.7477129, -36.7999917 ], [ 174.7477791, -36.7998778 ] ] ], [ [ [ 174.7432786, -36.7986681 ], [ 174.7421586, -36.7985666 ], [ 174.7420228, -36.7995356 ], [ 174.7420347, -36.799573 ], [ 174.7420824, -36.7995958 ], [ 174.7430844, -36.799685 ], [ 174.7431267, -36.7996668 ], [ 174.7431429, -36.7996372 ], [ 174.7432786, -36.7986681 ] ] ], [ [ [ 174.7447709, -36.7977373 ], [ 174.7447106, -36.7976766 ], [ 174.7440545, -36.7976196 ], [ 174.7439589, -36.7976261 ], [ 174.7438511, -36.7976521 ], [ 174.7437531, -36.7976966 ], [ 174.7436553, -36.7977712 ], [ 174.7435951, -36.7978474 ], [ 174.7435525, -36.7979501 ], [ 174.743303, -36.7997213 ], [ 174.7444229, -36.7998228 ], [ 174.7445261, -36.799086 ], [ 174.7445822, -36.7990911 ], [ 174.7447709, -36.7977373 ] ] ], [ [ [ 174.7485458, -36.7981342 ], [ 174.7485403, -36.7983904 ], [ 174.7485754, -36.7984795 ], [ 174.7483946, -36.7985868 ], [ 174.7485095, -36.7986129 ], [ 174.7487531, -36.7987213 ], [ 174.7488827, -36.7984981 ], [ 174.7489823, -36.7982526 ], [ 174.7485458, -36.7981342 ] ] ], [ [ [ 174.744943, -36.7985393 ], [ 174.745503, -36.7985897 ], [ 174.7455618, -36.7981665 ], [ 174.7450018, -36.7981162 ], [ 174.744943, -36.7985393 ] ] ], [ [ [ 174.7671836, -36.7907972 ], [ 174.7671833, -36.7907819 ], [ 174.7671822, -36.7907717 ], [ 174.7671836, -36.7907972 ] ] ], [ [ [ 174.7674079, -36.790663 ], [ 174.7675409, -36.7905669 ], [ 174.768962, -36.789825 ], [ 174.7686345, -36.7894193 ], [ 174.7685554, -36.7894605 ], [ 174.7684658, -36.7894418 ], [ 174.7683728, -36.7893266 ], [ 174.7681882, -36.7894229 ], [ 174.7684169, -36.7897063 ], [ 174.7672505, -36.7903152 ], [ 174.7671651, -36.7903719 ], [ 174.7670817, -36.7903918 ], [ 174.7671634, -36.7904485 ], [ 174.7671822, -36.7907715 ], [ 174.7674079, -36.790663 ] ] ], [ [ [ 174.7659185, -36.7904201 ], [ 174.7662287, -36.790212 ], [ 174.7668003, -36.7899306 ], [ 174.7665718, -36.7896472 ], [ 174.7670991, -36.7893723 ], [ 174.7668827, -36.7891039 ], [ 174.7666191, -36.7892414 ], [ 174.7665055, -36.7893328 ], [ 174.7664872, -36.7893102 ], [ 174.7660803, -36.7895223 ], [ 174.7659555, -36.7896197 ], [ 174.7655463, -36.7898491 ], [ 174.7653916, -36.7899923 ], [ 174.7659185, -36.7904201 ] ] ], [ [ [ 174.7680013, -36.7886333 ], [ 174.7680282, -36.7886192 ], [ 174.7679642, -36.7885399 ], [ 174.767146, -36.7889665 ], [ 174.7673628, -36.7892348 ], [ 174.7680219, -36.788891 ], [ 174.7682504, -36.7891745 ], [ 174.7684496, -36.7890706 ], [ 174.7682211, -36.7887871 ], [ 174.7681537, -36.7888223 ], [ 174.7680013, -36.7886333 ] ] ], [ [ [ 174.7651233, -36.7897625 ], [ 174.7674638, -36.7885443 ], [ 174.7680246, -36.7882403 ], [ 174.7680411, -36.7881778 ], [ 174.7675738, -36.7875986 ], [ 174.7644853, -36.7892213 ], [ 174.7651233, -36.7897625 ] ] ], [ [ [ 174.7657229, -36.7875772 ], [ 174.7661531, -36.7881288 ], [ 174.7674507, -36.7874468 ], [ 174.767024, -36.786921 ], [ 174.7657229, -36.7875772 ] ] ], [ [ [ 174.7687698, -36.7860191 ], [ 174.7672244, -36.7868365 ], [ 174.7682356, -36.7880858 ], [ 174.768313, -36.7880991 ], [ 174.7690528, -36.7877133 ], [ 174.7688059, -36.7874106 ], [ 174.7689712, -36.7873256 ], [ 174.7686821, -36.7869684 ], [ 174.7689788, -36.7868142 ], [ 174.7690079, -36.78675 ], [ 174.7689408, -36.7866701 ], [ 174.7691925, -36.7865414 ], [ 174.7687698, -36.7860191 ] ] ], [ [ [ 174.8475245, -36.9466312 ], [ 174.8470283, -36.9450563 ], [ 174.8461445, -36.9452328 ], [ 174.8464771, -36.9462921 ], [ 174.8466886, -36.9462505 ], [ 174.8468514, -36.9467677 ], [ 174.8475245, -36.9466312 ] ] ], [ [ [ 174.8394327, -36.9450664 ], [ 174.8390703, -36.9452371 ], [ 174.8396988, -36.946012 ], [ 174.8399609, -36.9463662 ], [ 174.8417165, -36.9455328 ], [ 174.8414555, -36.9451783 ], [ 174.8401183, -36.9458128 ], [ 174.8394327, -36.9450664 ] ] ], [ [ [ 174.8385347, -36.944577 ], [ 174.8390609, -36.9452257 ], [ 174.8399459, -36.9448085 ], [ 174.8393198, -36.9441666 ], [ 174.8385347, -36.944577 ] ] ], [ [ [ 174.8406012, -36.9438405 ], [ 174.8410471, -36.9436295 ], [ 174.8407394, -36.9432519 ], [ 174.8393982, -36.943953 ], [ 174.8399817, -36.9445527 ], [ 174.8400536, -36.9445628 ], [ 174.8408536, -36.9441842 ], [ 174.8406012, -36.9438405 ] ] ], [ [ [ 174.8465171, -36.9445033 ], [ 174.846656, -36.9449427 ], [ 174.8469717, -36.9448784 ], [ 174.8462748, -36.942678 ], [ 174.8453953, -36.9428555 ], [ 174.8459505, -36.9446139 ], [ 174.8465171, -36.9445033 ] ] ], [ [ [ 174.8446528, -36.9404821 ], [ 174.8449323, -36.941362 ], [ 174.8452591, -36.9424635 ], [ 174.8453186, -36.9424514 ], [ 174.84539, -36.9426696 ], [ 174.8462196, -36.9425037 ], [ 174.8455268, -36.9403012 ], [ 174.8446528, -36.9404821 ] ] ], [ [ [ 174.8419255, -36.939161 ], [ 174.842055, -36.9395594 ], [ 174.8423867, -36.9394916 ], [ 174.8422635, -36.9390964 ], [ 174.8419255, -36.939161 ] ] ], [ [ [ 174.8454519, -36.9401151 ], [ 174.8454636, -36.9400838 ], [ 174.8447751, -36.9379249 ], [ 174.8438961, -36.9380997 ], [ 174.8441857, -36.9389817 ], [ 174.8445944, -36.9403067 ], [ 174.8454201, -36.9401356 ], [ 174.8454519, -36.9401151 ] ] ], [ [ [ 174.8408815, -36.9391115 ], [ 174.8408006, -36.9389326 ], [ 174.8415617, -36.9387139 ], [ 174.8415936, -36.9389116 ], [ 174.8421551, -36.9387448 ], [ 174.8424101, -36.9386922 ], [ 174.8422761, -36.9382633 ], [ 174.8427581, -36.9381663 ], [ 174.8427245, -36.9380598 ], [ 174.8421766, -36.9381768 ], [ 174.8421169, -36.9379875 ], [ 174.8426338, -36.9378825 ], [ 174.8426172, -36.9378301 ], [ 174.8421057, -36.937934 ], [ 174.8420473, -36.9377488 ], [ 174.8394553, -36.938965 ], [ 174.8397605, -36.9392848 ], [ 174.8393661, -36.9395273 ], [ 174.839416, -36.9395797 ], [ 174.8398105, -36.9393372 ], [ 174.8401016, -36.9396423 ], [ 174.8403233, -36.9395676 ], [ 174.8403833, -36.9398004 ], [ 174.8404306, -36.9398884 ], [ 174.8407618, -36.9398238 ], [ 174.8407776, -36.9398687 ], [ 174.8410979, -36.9398045 ], [ 174.8410892, -36.9397595 ], [ 174.8417469, -36.9396224 ], [ 174.8416178, -36.9392188 ], [ 174.8409573, -36.9393515 ], [ 174.8408815, -36.9391115 ] ] ], [ [ [ 174.8504698, -36.899547 ], [ 174.8498243, -36.8999108 ], [ 174.8498205, -36.8999667 ], [ 174.8523018, -36.9017111 ], [ 174.8523735, -36.901705 ], [ 174.8527366, -36.9013676 ], [ 174.8526607, -36.9011548 ], [ 174.8525205, -36.9010601 ], [ 174.8525877, -36.9009986 ], [ 174.8504698, -36.899547 ] ] ], [ [ [ 174.8557041, -36.8977704 ], [ 174.8557772, -36.8977024 ], [ 174.8559753, -36.8975577 ], [ 174.8559915, -36.8975146 ], [ 174.8559745, -36.8974849 ], [ 174.8557334, -36.8972709 ], [ 174.8555901, -36.8972124 ], [ 174.8555594, -36.8971628 ], [ 174.8555649, -36.8971092 ], [ 174.8555877, -36.897078 ], [ 174.8556326, -36.8970511 ], [ 174.8556886, -36.8970425 ], [ 174.8557337, -36.8970507 ], [ 174.8557968, -36.8970979 ], [ 174.8558295, -36.8971895 ], [ 174.8558654, -36.8972237 ], [ 174.856028, -36.8969761 ], [ 174.8560283, -36.8967975 ], [ 174.8553405, -36.8966739 ], [ 174.8554561, -36.8962725 ], [ 174.8551086, -36.89621 ], [ 174.8550538, -36.896219 ], [ 174.855027, -36.8962513 ], [ 174.8545048, -36.8980631 ], [ 174.8550609, -36.8981664 ], [ 174.8552253, -36.8987226 ], [ 174.8557144, -36.8986294 ], [ 174.8555799, -36.8981626 ], [ 174.8555749, -36.8980635 ], [ 174.85559, -36.8979732 ], [ 174.8556347, -36.8978657 ], [ 174.8557041, -36.8977704 ] ] ], [ [ [ 174.8542972, -36.8978311 ], [ 174.8547069, -36.896411 ], [ 174.8524892, -36.8959924 ], [ 174.8520831, -36.8973495 ], [ 174.8521335, -36.8974162 ], [ 174.8531798, -36.8976261 ], [ 174.8542972, -36.8978311 ] ] ], [ [ [ 174.8530273, -36.8944055 ], [ 174.8529455, -36.8944448 ], [ 174.8525579, -36.8957631 ], [ 174.852608, -36.8958284 ], [ 174.8547018, -36.896224 ], [ 174.8547701, -36.8961903 ], [ 174.8551654, -36.8948734 ], [ 174.855115, -36.8948073 ], [ 174.8530273, -36.8944055 ] ] ], [ [ [ 174.8412801, -36.8913086 ], [ 174.8412433, -36.8913196 ], [ 174.8412012, -36.8912294 ], [ 174.841238, -36.8912183 ], [ 174.8412545, -36.8911893 ], [ 174.8411714, -36.8910113 ], [ 174.8411318, -36.8909968 ], [ 174.8407525, -36.891072 ], [ 174.8406393, -36.8910753 ], [ 174.8405272, -36.8910594 ], [ 174.8403736, -36.8910019 ], [ 174.8402874, -36.8909435 ], [ 174.8402176, -36.8908719 ], [ 174.8401508, -36.8907464 ], [ 174.8401255, -36.890665 ], [ 174.840072, -36.890639 ], [ 174.8392335, -36.8908038 ], [ 174.8391336, -36.8907982 ], [ 174.8390418, -36.8907684 ], [ 174.8389656, -36.8907171 ], [ 174.8389335, -36.8906812 ], [ 174.8389157, -36.8907194 ], [ 174.8386439, -36.8907738 ], [ 174.8386364, -36.8907497 ], [ 174.8384293, -36.8907911 ], [ 174.8379662, -36.8912715 ], [ 174.8379021, -36.891312 ], [ 174.8376443, -36.8913933 ], [ 174.8375438, -36.8913837 ], [ 174.8371395, -36.8911573 ], [ 174.8367356, -36.8916176 ], [ 174.8369268, -36.8917018 ], [ 174.8375723, -36.892149 ], [ 174.8377271, -36.8922295 ], [ 174.837818, -36.892211 ], [ 174.8379851, -36.8921335 ], [ 174.8382117, -36.8919759 ], [ 174.8383068, -36.8918886 ], [ 174.8384019, -36.8917761 ], [ 174.8384747, -36.89174 ], [ 174.83852, -36.8916359 ], [ 174.8388573, -36.8912211 ], [ 174.8391188, -36.8911128 ], [ 174.8392763, -36.891093 ], [ 174.8394061, -36.8911224 ], [ 174.839572, -36.8911972 ], [ 174.8399389, -36.8914426 ], [ 174.8402238, -36.8915982 ], [ 174.8407896, -36.8919383 ], [ 174.8408881, -36.8919717 ], [ 174.8410676, -36.8919593 ], [ 174.8411352, -36.8919345 ], [ 174.8413561, -36.8917282 ], [ 174.8416035, -36.8915804 ], [ 174.841476, -36.8913074 ], [ 174.84133, -36.8913513 ], [ 174.8413163, -36.8913218 ], [ 174.8412801, -36.8913086 ] ] ], [ [ [ 174.8384593, -36.889886 ], [ 174.8385381, -36.8900514 ], [ 174.8392269, -36.8899129 ], [ 174.8392568, -36.8898699 ], [ 174.8391512, -36.8896455 ], [ 174.8390174, -36.8894345 ], [ 174.8388558, -36.8892361 ], [ 174.8386865, -36.8890681 ], [ 174.8381249, -36.8894715 ], [ 174.8382625, -36.8896098 ], [ 174.8383584, -36.8897287 ], [ 174.8384593, -36.889886 ] ] ], [ [ [ 174.8358843, -36.8890453 ], [ 174.8361265, -36.8889811 ], [ 174.8363347, -36.8889469 ], [ 174.8365888, -36.8889294 ], [ 174.8368858, -36.8889419 ], [ 174.8371773, -36.8889894 ], [ 174.8374569, -36.889071 ], [ 174.8377658, -36.8885343 ], [ 174.8374157, -36.8884286 ], [ 174.8371111, -36.8883707 ], [ 174.8369561, -36.8883524 ], [ 174.8366436, -36.888337 ], [ 174.8365973, -36.8883732 ], [ 174.836382, -36.8883703 ], [ 174.8363387, -36.8883379 ], [ 174.8361091, -36.8883655 ], [ 174.8349751, -36.8885795 ], [ 174.8349361, -36.8886237 ], [ 174.834961, -36.8887764 ], [ 174.8350349, -36.8890786 ], [ 174.8351269, -36.8893374 ], [ 174.8353724, -36.8892862 ], [ 174.8356172, -36.8891505 ], [ 174.8358843, -36.8890453 ] ] ], [ [ [ 174.8464263, -36.8877892 ], [ 174.8464894, -36.8877838 ], [ 174.846708, -36.8875666 ], [ 174.8466997, -36.8875034 ], [ 174.8456524, -36.8868237 ], [ 174.8453706, -36.8871037 ], [ 174.8464263, -36.8877892 ] ] ], [ [ [ 174.8398673, -36.8828424 ], [ 174.8397685, -36.8826044 ], [ 174.8396885, -36.8824601 ], [ 174.8395312, -36.8824879 ], [ 174.8392241, -36.8825657 ], [ 174.8389306, -36.8826721 ], [ 174.838789, -36.8827362 ], [ 174.8388355, -36.8828367 ], [ 174.8388294, -36.8829595 ], [ 174.8388009, -36.8830212 ], [ 174.8387587, -36.8830743 ], [ 174.8386749, -36.8831399 ], [ 174.8389059, -36.8833553 ], [ 174.83903, -36.8832675 ], [ 174.8393479, -36.8830762 ], [ 174.8395158, -36.8829909 ], [ 174.8398673, -36.8828424 ] ] ], [ [ [ 174.853902, -36.8731971 ], [ 174.855885, -36.8744098 ], [ 174.8561956, -36.874082 ], [ 174.8540466, -36.8727678 ], [ 174.853902, -36.8731971 ] ] ], [ [ [ 174.8531062, -36.8724383 ], [ 174.8531054, -36.8724769 ], [ 174.8532452, -36.8727943 ], [ 174.85349, -36.8729439 ], [ 174.8538542, -36.8726502 ], [ 174.8534883, -36.8724269 ], [ 174.8534104, -36.872395 ], [ 174.853325, -36.8723801 ], [ 174.8532377, -36.872383 ], [ 174.8531384, -36.8724097 ], [ 174.8531062, -36.8724383 ] ] ], [ [ [ 174.8521269, -36.8721893 ], [ 174.8525172, -36.872597 ], [ 174.8529441, -36.8726547 ], [ 174.8526974, -36.8720979 ], [ 174.8525907, -36.8719386 ], [ 174.8521269, -36.8721893 ] ] ], [ [ [ 174.7816299, -36.863882 ], [ 174.7811394, -36.8635378 ], [ 174.7807832, -36.8638637 ], [ 174.7807008, -36.8638059 ], [ 174.7803335, -36.8641446 ], [ 174.7814035, -36.8648916 ], [ 174.7814302, -36.8649713 ], [ 174.7815937, -36.8648089 ], [ 174.7817623, -36.8645548 ], [ 174.7818627, -36.86422 ], [ 174.7818851, -36.8639206 ], [ 174.7816773, -36.8638394 ], [ 174.7816299, -36.863882 ] ] ], [ [ [ 174.7815242, -36.8631853 ], [ 174.7814013, -36.8630984 ], [ 174.7811648, -36.8633148 ], [ 174.7818926, -36.8638257 ], [ 174.7819195, -36.8634541 ], [ 174.7818253, -36.86321 ], [ 174.7816408, -36.8630786 ], [ 174.7815242, -36.8631853 ] ] ], [ [ [ 174.941693, -37.1102714 ], [ 174.9417869, -37.1101641 ], [ 174.9418108, -37.1100864 ], [ 174.9415655, -37.1099432 ], [ 174.9396357, -37.1105323 ], [ 174.9390406, -37.1109751 ], [ 174.9387931, -37.111037 ], [ 174.9390268, -37.1116403 ], [ 174.9392753, -37.1119712 ], [ 174.9396867, -37.1122816 ], [ 174.9405998, -37.112708 ], [ 174.9410216, -37.1128577 ], [ 174.9415395, -37.1132044 ], [ 174.9417011, -37.1132438 ], [ 174.9420316, -37.1131412 ], [ 174.9420868, -37.113067 ], [ 174.9421206, -37.112885 ], [ 174.9422366, -37.111364 ], [ 174.9422915, -37.1109011 ], [ 174.9423065, -37.1108671 ], [ 174.9416693, -37.1108457 ], [ 174.941675, -37.1108568 ], [ 174.9416642, -37.1108585 ], [ 174.9415459, -37.1108194 ], [ 174.941467, -37.1107504 ], [ 174.9414006, -37.1106532 ], [ 174.9413722, -37.1105699 ], [ 174.9413688, -37.1104907 ], [ 174.9413892, -37.1103724 ], [ 174.9414165, -37.1103446 ], [ 174.9414645, -37.1103227 ], [ 174.9416519, -37.1102881 ], [ 174.941693, -37.1102714 ] ] ], [ [ [ 174.9369356, -37.1128841 ], [ 174.9392141, -37.1121726 ], [ 174.9390984, -37.1120853 ], [ 174.9388199, -37.1117145 ], [ 174.938524, -37.1109505 ], [ 174.9380242, -37.1095886 ], [ 174.9358221, -37.1100617 ], [ 174.9363358, -37.1115952 ], [ 174.9358445, -37.1117136 ], [ 174.9360316, -37.1122127 ], [ 174.936153, -37.1121835 ], [ 174.936257, -37.1122253 ], [ 174.9365273, -37.1121672 ], [ 174.9366912, -37.1126571 ], [ 174.9368394, -37.1126285 ], [ 174.9369356, -37.1128841 ] ] ], [ [ [ 174.9070507, -36.9000693 ], [ 174.90696, -36.9001027 ], [ 174.9067698, -36.9004665 ], [ 174.9067608, -36.9005334 ], [ 174.9067698, -36.9005868 ], [ 174.9068008, -36.9006493 ], [ 174.9068398, -36.900693 ], [ 174.9069036, -36.9007366 ], [ 174.9073162, -36.9009496 ], [ 174.9074356, -36.901045 ], [ 174.9078317, -36.9009415 ], [ 174.9081675, -36.901039 ], [ 174.9081781, -36.9010145 ], [ 174.9085704, -36.9011258 ], [ 174.9087325, -36.9007525 ], [ 174.9087293, -36.9007103 ], [ 174.9086744, -36.9006185 ], [ 174.9086289, -36.9005839 ], [ 174.9073817, -36.9001531 ], [ 174.9070507, -36.9000693 ] ] ], [ [ [ 174.906754, -36.9000563 ], [ 174.9067187, -36.8999853 ], [ 174.9065258, -36.8999187 ], [ 174.9063269, -36.9002907 ], [ 174.9061491, -36.9002434 ], [ 174.9059821, -36.9007136 ], [ 174.9059394, -36.9007574 ], [ 174.9059051, -36.9008744 ], [ 174.906274, -36.9009724 ], [ 174.906467, -36.9008212 ], [ 174.9065195, -36.9007575 ], [ 174.9065505, -36.9006853 ], [ 174.9065502, -36.9005038 ], [ 174.9065748, -36.9003954 ], [ 174.906754, -36.9000563 ] ] ], [ [ [ 174.9099722, -36.9004088 ], [ 174.910002, -36.9002698 ], [ 174.910104, -36.9002839 ], [ 174.9101709, -36.8999713 ], [ 174.9092712, -36.8998471 ], [ 174.9091921, -36.8998919 ], [ 174.9090958, -36.9003518 ], [ 174.9091091, -36.9003944 ], [ 174.909212, -36.9005509 ], [ 174.9092584, -36.9005793 ], [ 174.9098339, -36.900778 ], [ 174.9099722, -36.9004088 ] ] ], [ [ [ 174.8566111, -36.900237 ], [ 174.8573163, -36.9006905 ], [ 174.8576304, -36.9007745 ], [ 174.8577279, -36.9005398 ], [ 174.8577287, -36.9005072 ], [ 174.8577064, -36.90048 ], [ 174.8562586, -36.8995257 ], [ 174.8559657, -36.8998123 ], [ 174.8565795, -36.9002167 ], [ 174.8566239, -36.9002246 ], [ 174.8566111, -36.900237 ] ] ], [ [ [ 174.9094094, -36.8988772 ], [ 174.9092477, -36.899632 ], [ 174.9093036, -36.8996955 ], [ 174.9102725, -36.8998292 ], [ 174.9103394, -36.8995166 ], [ 174.9102477, -36.899504 ], [ 174.9103793, -36.8991858 ], [ 174.9103009, -36.8991825 ], [ 174.9103216, -36.8988604 ], [ 174.9094893, -36.8988259 ], [ 174.9094094, -36.8988772 ] ] ], [ [ [ 174.8553812, -36.8992498 ], [ 174.8555035, -36.8994044 ], [ 174.8555988, -36.8995705 ], [ 174.8559393, -36.8997948 ], [ 174.8562321, -36.8995082 ], [ 174.8560608, -36.8993761 ], [ 174.8559106, -36.8991925 ], [ 174.8558325, -36.8990266 ], [ 174.8557208, -36.8986508 ], [ 174.8552317, -36.898744 ], [ 174.8553812, -36.8992498 ] ] ], [ [ [ 174.8578616, -36.899469 ], [ 174.8578137, -36.8994493 ], [ 174.8577804, -36.8994153 ], [ 174.8577681, -36.8993793 ], [ 174.857792, -36.8993109 ], [ 174.8578625, -36.8992724 ], [ 174.857947, -36.8992785 ], [ 174.8579965, -36.899311 ], [ 174.8580288, -36.8993673 ], [ 174.8580659, -36.8993991 ], [ 174.8584251, -36.8995974 ], [ 174.8584651, -36.8996032 ], [ 174.8584957, -36.8995939 ], [ 174.8597584, -36.8981257 ], [ 174.8597608, -36.8980932 ], [ 174.8597458, -36.8980699 ], [ 174.8590562, -36.8976894 ], [ 174.8589967, -36.8977073 ], [ 174.8585049, -36.8982722 ], [ 174.8584061, -36.8983289 ], [ 174.8583142, -36.8983393 ], [ 174.8582262, -36.8983198 ], [ 174.8577888, -36.8980768 ], [ 174.8575247, -36.8983809 ], [ 174.8575409, -36.8984234 ], [ 174.857522, -36.8988598 ], [ 174.8571594, -36.8989417 ], [ 174.8571622, -36.8989867 ], [ 174.8571409, -36.8990279 ], [ 174.8571017, -36.8990568 ], [ 174.8570307, -36.8990773 ], [ 174.8569881, -36.8991042 ], [ 174.8565928, -36.8994916 ], [ 174.8565824, -36.8995165 ], [ 174.8565912, -36.8995484 ], [ 174.8577761, -36.900334 ], [ 174.8578129, -36.9003462 ], [ 174.857852, -36.9003399 ], [ 174.8583578, -36.8997609 ], [ 174.8583698, -36.8997269 ], [ 174.8583403, -36.8996845 ], [ 174.857979, -36.8994849 ], [ 174.8578616, -36.899469 ] ] ], [ [ [ 174.8568823, -36.8990345 ], [ 174.8569069, -36.8989957 ], [ 174.8569218, -36.898928 ], [ 174.8569612, -36.8988882 ], [ 174.8570021, -36.8988718 ], [ 174.8570598, -36.8988692 ], [ 174.8571064, -36.898884 ], [ 174.8571416, -36.8989115 ], [ 174.8574779, -36.8988355 ], [ 174.8574919, -36.8986546 ], [ 174.857262, -36.8985258 ], [ 174.8570719, -36.8985018 ], [ 174.8564132, -36.8986274 ], [ 174.856378, -36.8985083 ], [ 174.8558853, -36.8985655 ], [ 174.8560112, -36.8989896 ], [ 174.8560761, -36.8991268 ], [ 174.8561351, -36.8992091 ], [ 174.8562257, -36.8993023 ], [ 174.8564172, -36.8994337 ], [ 174.8564579, -36.8994345 ], [ 174.8564862, -36.8994214 ], [ 174.8568823, -36.8990345 ] ] ], [ [ [ 174.8564992, -36.8973839 ], [ 174.8559058, -36.8978092 ], [ 174.8558164, -36.8979054 ], [ 174.855771, -36.8980035 ], [ 174.8557591, -36.898093 ], [ 174.8557675, -36.8981647 ], [ 174.8558315, -36.8983832 ], [ 174.8563037, -36.8982565 ], [ 174.8562297, -36.8980061 ], [ 174.8566245, -36.8979101 ], [ 174.8574433, -36.8983688 ], [ 174.8574909, -36.898362 ], [ 174.8577551, -36.8980579 ], [ 174.8565629, -36.8973901 ], [ 174.8564992, -36.8973839 ] ] ], [ [ [ 174.85582, -36.8816003 ], [ 174.8558618, -36.8816602 ], [ 174.8562679, -36.8822466 ], [ 174.8564623, -36.882604 ], [ 174.8564975, -36.8826146 ], [ 174.8565979, -36.8825826 ], [ 174.8566061, -36.8825994 ], [ 174.8568929, -36.8825081 ], [ 174.856712, -36.8821383 ], [ 174.8567327, -36.88176 ], [ 174.8568183, -36.8817332 ], [ 174.8568948, -36.8814458 ], [ 174.8564553, -36.8813703 ], [ 174.8560657, -36.8813033 ], [ 174.85582, -36.8816003 ] ] ], [ [ [ 174.8564127, -36.8799813 ], [ 174.856365, -36.8799871 ], [ 174.8563317, -36.8800231 ], [ 174.856085, -36.8809104 ], [ 174.8561435, -36.8810794 ], [ 174.8561916, -36.8811258 ], [ 174.8562476, -36.8811486 ], [ 174.8572463, -36.8813206 ], [ 174.858383, -36.881516 ], [ 174.8584903, -36.8811131 ], [ 174.8585321, -36.8811203 ], [ 174.8586372, -36.8807168 ], [ 174.8579001, -36.8805865 ], [ 174.8577471, -36.8805385 ], [ 174.8576007, -36.8804708 ], [ 174.8574713, -36.8803879 ], [ 174.8572632, -36.8802169 ], [ 174.8570638, -36.8801133 ], [ 174.8568669, -36.8800597 ], [ 174.8564127, -36.8799813 ] ] ], [ [ [ 174.8564507, -36.8798189 ], [ 174.8569418, -36.8799042 ], [ 174.8571568, -36.8799661 ], [ 174.8573686, -36.8800732 ], [ 174.8576305, -36.8802814 ], [ 174.8578052, -36.8803777 ], [ 174.8580057, -36.8804392 ], [ 174.8587481, -36.8805675 ], [ 174.8588557, -36.8801647 ], [ 174.8581703, -36.8800466 ], [ 174.8580309, -36.8799671 ], [ 174.8573786, -36.879595 ], [ 174.8569571, -36.8794573 ], [ 174.8565104, -36.8793803 ], [ 174.856407, -36.8797814 ], [ 174.8564507, -36.8798189 ] ] ], [ [ [ 174.8602896, -36.8793851 ], [ 174.8602267, -36.8792826 ], [ 174.8601896, -36.8791723 ], [ 174.860183, -36.8790147 ], [ 174.8602787, -36.8786407 ], [ 174.8602713, -36.8786021 ], [ 174.8602261, -36.8785754 ], [ 174.8597913, -36.8785004 ], [ 174.8596403, -36.8790467 ], [ 174.8596929, -36.879279 ], [ 174.8597846, -36.8794997 ], [ 174.8599372, -36.8796975 ], [ 174.8601423, -36.8798617 ], [ 174.8604596, -36.879538 ], [ 174.8603569, -36.8794589 ], [ 174.8602896, -36.8793851 ] ] ], [ [ [ 174.8594484, -36.8789047 ], [ 174.8595706, -36.8784623 ], [ 174.85816, -36.8782191 ], [ 174.8581085, -36.8786738 ], [ 174.8594484, -36.8789047 ] ] ], [ [ [ 174.8599069, -36.8772359 ], [ 174.8598664, -36.8772145 ], [ 174.8592637, -36.8771072 ], [ 174.8591507, -36.8770766 ], [ 174.8590667, -36.8770383 ], [ 174.8589745, -36.876975 ], [ 174.8589154, -36.8769146 ], [ 174.8588607, -36.8768299 ], [ 174.8584408, -36.8769503 ], [ 174.8585273, -36.8771636 ], [ 174.8585903, -36.8772052 ], [ 174.8584746, -36.8776385 ], [ 174.8582333, -36.8780183 ], [ 174.8596053, -36.8782512 ], [ 174.8596418, -36.8782371 ], [ 174.8596619, -36.8782088 ], [ 174.8599183, -36.8772801 ], [ 174.8599069, -36.8772359 ] ] ], [ [ [ 174.8574463, -36.8778826 ], [ 174.8577677, -36.8766918 ], [ 174.8572954, -36.8764971 ], [ 174.8569718, -36.8777248 ], [ 174.8570027, -36.8777825 ], [ 174.8570572, -36.8778141 ], [ 174.8574463, -36.8778826 ] ] ], [ [ [ 174.8584301, -36.8769242 ], [ 174.8588492, -36.8768041 ], [ 174.8588229, -36.8766917 ], [ 174.8588382, -36.8765564 ], [ 174.85887, -36.8764816 ], [ 174.8590263, -36.876226 ], [ 174.8590278, -36.8761934 ], [ 174.8589922, -36.8761585 ], [ 174.8585693, -36.8759904 ], [ 174.8583058, -36.8763282 ], [ 174.8583636, -36.8765002 ], [ 174.8583451, -36.8767145 ], [ 174.8584301, -36.8769242 ] ] ], [ [ [ 174.8585386, -36.8759782 ], [ 174.8584859, -36.8759677 ], [ 174.8584215, -36.8759732 ], [ 174.8583697, -36.8759632 ], [ 174.8583335, -36.8759422 ], [ 174.8583041, -36.875903 ], [ 174.858298, -36.8758667 ], [ 174.8579477, -36.8758535 ], [ 174.8579047, -36.8760079 ], [ 174.857451, -36.8759263 ], [ 174.857405, -36.8760914 ], [ 174.85786, -36.8761682 ], [ 174.8582744, -36.8763169 ], [ 174.8585386, -36.8759782 ] ] ], [ [ [ 174.8567819, -36.8756129 ], [ 174.8572559, -36.8757967 ], [ 174.8575847, -36.8746175 ], [ 174.8575778, -36.8745789 ], [ 174.8575407, -36.8745537 ], [ 174.8570833, -36.8744705 ], [ 174.8567836, -36.8743858 ], [ 174.8565038, -36.8742644 ], [ 174.8562174, -36.8740953 ], [ 174.8559068, -36.8744232 ], [ 174.8562215, -36.8746157 ], [ 174.8566236, -36.8747841 ], [ 174.8569946, -36.8748501 ], [ 174.8567819, -36.8756129 ] ] ] ] }, { "type": "MultiLineString", "coordinates": [ [ [ 174.8558618, -36.8816602 ], [ 174.8564003, -36.8816704 ] ], [ [ 174.8564553, -36.8813703 ], [ 174.8564542, -36.8814646 ] ], [ [ 174.8564004, -36.8816837 ], [ 174.8564004, -36.881677 ] ], [ [ 174.8564796, -36.8816835 ], [ 174.8564806, -36.8814632 ] ], [ [ 174.8573536, -36.8809178 ], [ 174.8572463, -36.8813206 ] ], [ [ 174.8572379, -36.8808979 ], [ 174.8576007, -36.8804708 ] ] ] } ] } },
{ "type": "Feature", "properties": { "category": "21m" }, "geometry": { "type": "MultiPolygon", "coordinates": [ [ [ [ 174.6985828, -36.8992671 ], [ 174.6986204, -36.8992619 ], [ 174.6988667, -36.8991012 ], [ 174.6988543, -36.8990982 ], [ 174.6990704, -36.8986664 ], [ 174.6990034, -36.8986673 ], [ 174.6976341, -36.8986572 ], [ 174.6975869, -36.8992222 ], [ 174.6977648, -36.8991891 ], [ 174.6977651, -36.899181 ], [ 174.6980725, -36.8991957 ], [ 174.6980711, -36.8992055 ], [ 174.6981028, -36.8992057 ], [ 174.6982581, -36.8991727 ], [ 174.6984597, -36.8991549 ], [ 174.6985269, -36.8992122 ], [ 174.6985482, -36.899255 ], [ 174.6985828, -36.8992671 ] ] ], [ [ [ 174.6982075, -36.8966587 ], [ 174.6981373, -36.8984791 ], [ 174.6990022, -36.898485 ], [ 174.6988895, -36.8966694 ], [ 174.6982075, -36.8966587 ] ] ], [ [ [ 174.6943616, -36.8963964 ], [ 174.6962931, -36.895583 ], [ 174.6961442, -36.8953281 ], [ 174.6960909, -36.8952742 ], [ 174.6961107, -36.8952658 ], [ 174.6959466, -36.8949047 ], [ 174.6957097, -36.8950094 ], [ 174.6955324, -36.8947402 ], [ 174.6933717, -36.8956943 ], [ 174.6931637, -36.8957751 ], [ 174.693411, -36.8958735 ], [ 174.6937511, -36.8960627 ], [ 174.6941869, -36.896486 ], [ 174.6943616, -36.8963964 ] ] ], [ [ [ 174.6982525, -36.8951131 ], [ 174.697889, -36.8951111 ], [ 174.6979077, -36.8954105 ], [ 174.6983113, -36.8954152 ], [ 174.6983086, -36.8955929 ], [ 174.6988313, -36.895598 ], [ 174.6987764, -36.8946686 ], [ 174.6982329, -36.8946603 ], [ 174.6982525, -36.8951131 ] ] ], [ [ [ 174.6990236, -36.8950604 ], [ 174.699541, -36.8946779 ], [ 174.6994979, -36.8945887 ], [ 174.6992263, -36.8946734 ], [ 174.6990024, -36.8946705 ], [ 174.6990236, -36.8950604 ] ] ], [ [ [ 174.6975429, -36.8944675 ], [ 174.699124, -36.8944912 ], [ 174.6991342, -36.8940398 ], [ 174.6989059, -36.8940268 ], [ 174.6975528, -36.8940167 ], [ 174.6975429, -36.8944675 ] ] ], [ [ [ 174.6962468, -36.8931734 ], [ 174.6963669, -36.8935586 ], [ 174.6971872, -36.8935282 ], [ 174.6970712, -36.8931415 ], [ 174.6962468, -36.8931734 ] ] ], [ [ [ 174.6950305, -36.8931812 ], [ 174.6950612, -36.8932808 ], [ 174.6941299, -36.8934667 ], [ 174.6942795, -36.8939508 ], [ 174.6961336, -36.8935814 ], [ 174.6959837, -36.8930976 ], [ 174.6959455, -36.8931051 ], [ 174.6958227, -36.8927093 ], [ 174.6954285, -36.8927879 ], [ 174.6950305, -36.8931812 ] ] ], [ [ [ 174.6959118, -36.892101 ], [ 174.6961849, -36.8929944 ], [ 174.6971444, -36.8929575 ], [ 174.697118, -36.8925004 ], [ 174.6970884, -36.8924651 ], [ 174.6970643, -36.8920547 ], [ 174.696811, -36.8920639 ], [ 174.6968066, -36.8918312 ], [ 174.6965018, -36.8918167 ], [ 174.6966196, -36.8911588 ], [ 174.6963702, -36.891168 ], [ 174.6959465, -36.8918664 ], [ 174.6959103, -36.8920323 ], [ 174.6959118, -36.892101 ] ] ], [ [ [ 174.7350475, -36.8834956 ], [ 174.7348145, -36.8837175 ], [ 174.7346573, -36.8842069 ], [ 174.7346916, -36.8842538 ], [ 174.7347786, -36.8842728 ], [ 174.7351083, -36.8843271 ], [ 174.7352473, -36.8843217 ], [ 174.7353364, -36.8842318 ], [ 174.7354307, -36.8840035 ], [ 174.7355397, -36.8836789 ], [ 174.7355018, -36.883628 ], [ 174.7353648, -36.8835351 ], [ 174.735105, -36.8834809 ], [ 174.7350475, -36.8834956 ] ] ], [ [ [ 174.7505457, -36.8709844 ], [ 174.7523643, -36.8713911 ], [ 174.7525478, -36.8708622 ], [ 174.7508101, -36.8704722 ], [ 174.7506479, -36.8706905 ], [ 174.7505457, -36.8709844 ] ] ], [ [ [ 174.750181, -36.8697888 ], [ 174.7505338, -36.8696806 ], [ 174.7504224, -36.8691006 ], [ 174.7501507, -36.8691751 ], [ 174.7499574, -36.8692525 ], [ 174.7495274, -36.8694794 ], [ 174.748937, -36.8698803 ], [ 174.7479135, -36.8711272 ], [ 174.7482303, -36.871431 ], [ 174.748802, -36.870925 ], [ 174.7487778, -36.8709032 ], [ 174.749147, -36.8705608 ], [ 174.7497144, -36.8700665 ], [ 174.7498553, -36.8699602 ], [ 174.7500911, -36.8698289 ], [ 174.750181, -36.8697888 ] ] ], [ [ [ 174.7118965, -36.8704928 ], [ 174.7117433, -36.8705688 ], [ 174.7114549, -36.8706576 ], [ 174.7109077, -36.8709252 ], [ 174.7109251, -36.8709479 ], [ 174.7106681, -36.8711125 ], [ 174.7106941, -36.8711462 ], [ 174.7111814, -36.8710407 ], [ 174.712065, -36.8708323 ], [ 174.7121378, -36.8708067 ], [ 174.7118965, -36.8704928 ] ] ], [ [ [ 174.7527332, -36.8698053 ], [ 174.7524734, -36.8697476 ], [ 174.7525427, -36.8695461 ], [ 174.7523341, -36.8695791 ], [ 174.7519993, -36.8705675 ], [ 174.7520247, -36.8706017 ], [ 174.7525115, -36.8707114 ], [ 174.7525957, -36.8706732 ], [ 174.7527121, -36.8702766 ], [ 174.7527223, -36.8701449 ], [ 174.7527009, -36.8699121 ], [ 174.7527332, -36.8698053 ] ] ], [ [ [ 174.7508876, -36.8703465 ], [ 174.7511362, -36.8704024 ], [ 174.7511418, -36.8703809 ], [ 174.7512735, -36.8704104 ], [ 174.7512679, -36.8704323 ], [ 174.7517813, -36.8705475 ], [ 174.7518237, -36.8705284 ], [ 174.7521454, -36.8696084 ], [ 174.7512297, -36.8697522 ], [ 174.7512089, -36.8697461 ], [ 174.7507872, -36.8698238 ], [ 174.7508876, -36.8703465 ] ] ], [ [ [ 174.7528499, -36.869212 ], [ 174.7526684, -36.8692046 ], [ 174.7524928, -36.869167 ], [ 174.7523242, -36.869097 ], [ 174.7522999, -36.8691698 ], [ 174.7518521, -36.8690682 ], [ 174.7518794, -36.8689468 ], [ 174.7516802, -36.8689178 ], [ 174.7517216, -36.8687464 ], [ 174.7506396, -36.8690426 ], [ 174.750753, -36.8696331 ], [ 174.7509634, -36.8696111 ], [ 174.7530129, -36.8692829 ], [ 174.7530466, -36.869185 ], [ 174.7528499, -36.869212 ] ] ], [ [ [ 174.7494353, -36.8693068 ], [ 174.7499553, -36.8690388 ], [ 174.7510366, -36.8687455 ], [ 174.7510788, -36.8687111 ], [ 174.7508582, -36.8682113 ], [ 174.7496553, -36.8685404 ], [ 174.7490284, -36.8688639 ], [ 174.7487742, -36.8690361 ], [ 174.7492299, -36.8694459 ], [ 174.7494353, -36.8693068 ] ] ], [ [ [ 174.7533738, -36.867787 ], [ 174.7534618, -36.867655 ], [ 174.7534296, -36.8675785 ], [ 174.7524679, -36.8677698 ], [ 174.7510758, -36.8681517 ], [ 174.7512967, -36.8686719 ], [ 174.7518142, -36.86853 ], [ 174.7518054, -36.8685092 ], [ 174.7521893, -36.8683121 ], [ 174.7529535, -36.8680577 ], [ 174.7531334, -36.8679783 ], [ 174.753272, -36.867887 ], [ 174.7533738, -36.867787 ] ] ], [ [ [ 174.7315514, -36.8558952 ], [ 174.7321451, -36.8556233 ], [ 174.7317077, -36.8550061 ], [ 174.732806, -36.8545313 ], [ 174.7329829, -36.8547726 ], [ 174.7332574, -36.8550314 ], [ 174.733768, -36.8547966 ], [ 174.7332579, -36.8540766 ], [ 174.7309945, -36.8551097 ], [ 174.7315514, -36.8558952 ] ] ], [ [ [ 174.7238983, -36.8123262 ], [ 174.7238792, -36.8124259 ], [ 174.7237928, -36.8124152 ], [ 174.7238683, -36.8120194 ], [ 174.7234692, -36.8119701 ], [ 174.7234133, -36.8122633 ], [ 174.7236435, -36.8122917 ], [ 174.7234699, -36.8132058 ], [ 174.7238259, -36.8132499 ], [ 174.723868, -36.8130281 ], [ 174.7241355, -36.813061 ], [ 174.7242244, -36.8125955 ], [ 174.7244608, -36.8126247 ], [ 174.7244879, -36.8124827 ], [ 174.724669, -36.8125334 ], [ 174.7251181, -36.8126957 ], [ 174.7251232, -36.8126682 ], [ 174.7246817, -36.8125077 ], [ 174.7244605, -36.8124458 ], [ 174.7244324, -36.8125935 ], [ 174.7242298, -36.8125685 ], [ 174.7242636, -36.8123907 ], [ 174.7238983, -36.8123262 ] ] ], [ [ [ 174.7278772, -36.8127844 ], [ 174.7281345, -36.8126038 ], [ 174.728141, -36.8125263 ], [ 174.7279862, -36.8123837 ], [ 174.7281149, -36.8122934 ], [ 174.7282697, -36.812436 ], [ 174.7283661, -36.8124413 ], [ 174.7284176, -36.8124052 ], [ 174.7282178, -36.8122211 ], [ 174.7285542, -36.8119851 ], [ 174.7281656, -36.8116269 ], [ 174.7276115, -36.8120157 ], [ 174.7274704, -36.8119965 ], [ 174.7274242, -36.8119634 ], [ 174.7273716, -36.8119484 ], [ 174.7268196, -36.8123345 ], [ 174.7266527, -36.8122201 ], [ 174.726529, -36.812307 ], [ 174.7275163, -36.8129837 ], [ 174.7275939, -36.8129832 ], [ 174.7276714, -36.8129289 ], [ 174.7274371, -36.8127689 ], [ 174.7276774, -36.8126003 ], [ 174.7278772, -36.8127844 ] ] ], [ [ [ 174.7252101, -36.8122125 ], [ 174.7239496, -36.8120572 ], [ 174.7239086, -36.8122718 ], [ 174.724274, -36.8123363 ], [ 174.7244711, -36.8123905 ], [ 174.7247071, -36.8124566 ], [ 174.7251339, -36.8126119 ], [ 174.7252101, -36.8122125 ] ] ], [ [ [ 174.723251, -36.8119431 ], [ 174.7231971, -36.8122184 ], [ 174.7233796, -36.8122409 ], [ 174.7234321, -36.8119655 ], [ 174.723251, -36.8119431 ] ] ], [ [ [ 174.7232341, -36.811941 ], [ 174.7226522, -36.8118692 ], [ 174.72258, -36.8122475 ], [ 174.7229718, -36.8122863 ], [ 174.7229785, -36.8122514 ], [ 174.7231856, -36.812277 ], [ 174.7231722, -36.812257 ], [ 174.7232341, -36.811941 ] ] ], [ [ [ 174.7266466, -36.8113687 ], [ 174.7265942, -36.8112382 ], [ 174.7265061, -36.811261 ], [ 174.7264474, -36.8111321 ], [ 174.7266084, -36.8110902 ], [ 174.7265019, -36.8108553 ], [ 174.7270892, -36.8108151 ], [ 174.7270164, -36.8101087 ], [ 174.7257771, -36.8101971 ], [ 174.7256863, -36.810308 ], [ 174.7258771, -36.8107669 ], [ 174.7259122, -36.8107645 ], [ 174.7260468, -36.8110873 ], [ 174.7260144, -36.8110961 ], [ 174.7264953, -36.8122528 ], [ 174.7265422, -36.8122399 ], [ 174.7266489, -36.8121582 ], [ 174.7265434, -36.8119093 ], [ 174.7265922, -36.8118959 ], [ 174.7265729, -36.8118493 ], [ 174.7268974, -36.8117609 ], [ 174.7267256, -36.8113482 ], [ 174.7266466, -36.8113687 ] ] ], [ [ [ 174.7369363, -36.8096145 ], [ 174.7358462, -36.8096731 ], [ 174.7358769, -36.8103004 ], [ 174.7369978, -36.8103565 ], [ 174.7369363, -36.8096145 ] ] ], [ [ [ 174.7522967, -36.8686126 ], [ 174.7522026, -36.8688874 ], [ 174.7523568, -36.8689993 ], [ 174.7525037, -36.8685705 ], [ 174.7524899, -36.8685597 ], [ 174.7522967, -36.8686126 ] ] ], [ [ [ 174.7526196, -36.8691099 ], [ 174.7527601, -36.8691339 ], [ 174.7529034, -36.8691259 ], [ 174.7530312, -36.8690895 ], [ 174.7531241, -36.8688237 ], [ 174.753327, -36.868324 ], [ 174.7527121, -36.8684768 ], [ 174.7525075, -36.869064 ], [ 174.7526196, -36.8691099 ] ] ], [ [ [ 174.7605822, -36.8686647 ], [ 174.7607266, -36.868383 ], [ 174.7601023, -36.8682749 ], [ 174.7601099, -36.8682401 ], [ 174.7586115, -36.8680651 ], [ 174.7586074, -36.8681152 ], [ 174.7582878, -36.8680736 ], [ 174.7576544, -36.8680646 ], [ 174.7575732, -36.8680772 ], [ 174.7577087, -36.8683393 ], [ 174.7577951, -36.8682997 ], [ 174.7577763, -36.8685262 ], [ 174.7598501, -36.8686376 ], [ 174.7603954, -36.8685716 ], [ 174.7605822, -36.8686647 ] ] ], [ [ [ 174.7620909, -36.8682609 ], [ 174.7629535, -36.8678971 ], [ 174.7635379, -36.8675932 ], [ 174.7635355, -36.8675031 ], [ 174.7634997, -36.867396 ], [ 174.7634403, -36.8673554 ], [ 174.7632628, -36.8672931 ], [ 174.7618289, -36.8672842 ], [ 174.7617654, -36.8673506 ], [ 174.7617894, -36.8673572 ], [ 174.7616965, -36.8674542 ], [ 174.762596, -36.8677232 ], [ 174.762565, -36.8677843 ], [ 174.7616443, -36.8675089 ], [ 174.7614347, -36.8677278 ], [ 174.7614111, -36.8677207 ], [ 174.7613429, -36.8677933 ], [ 174.7613814, -36.8678047 ], [ 174.7612316, -36.8679708 ], [ 174.7611892, -36.8679569 ], [ 174.7610635, -36.868202 ], [ 174.7614804, -36.8683393 ], [ 174.7617321, -36.8683308 ], [ 174.7620909, -36.8682609 ] ] ], [ [ [ 174.7568084, -36.8670409 ], [ 174.7565693, -36.8672176 ], [ 174.7557939, -36.8677169 ], [ 174.7561385, -36.8682593 ], [ 174.7573207, -36.8677667 ], [ 174.7568084, -36.8670409 ] ] ], [ [ [ 174.7605552, -36.8681858 ], [ 174.7607484, -36.8682458 ], [ 174.7608703, -36.8680066 ], [ 174.7609729, -36.8678498 ], [ 174.7612705, -36.8675302 ], [ 174.7612946, -36.8675451 ], [ 174.7616053, -36.8672231 ], [ 174.761673, -36.8669055 ], [ 174.76152, -36.8665278 ], [ 174.7612392, -36.8666573 ], [ 174.7612757, -36.8667044 ], [ 174.7612564, -36.8667189 ], [ 174.7594033, -36.8675606 ], [ 174.7593374, -36.8679036 ], [ 174.7599427, -36.8679841 ], [ 174.7601504, -36.8680328 ], [ 174.7603571, -36.8681012 ], [ 174.7605552, -36.8681858 ] ] ], [ [ [ 174.754923, -36.8674615 ], [ 174.7543625, -36.8669675 ], [ 174.7543127, -36.867004 ], [ 174.7541928, -36.8673501 ], [ 174.754221, -36.8673593 ], [ 174.7543156, -36.8672909 ], [ 174.7543561, -36.8672804 ], [ 174.7547019, -36.8675892 ], [ 174.7547496, -36.8675886 ], [ 174.754923, -36.8674615 ] ] ], [ [ [ 174.7588, -36.8673719 ], [ 174.7593673, -36.8674195 ], [ 174.7603109, -36.8669972 ], [ 174.7599681, -36.8665389 ], [ 174.7586247, -36.8671236 ], [ 174.7588, -36.8673719 ] ] ], [ [ [ 174.7578079, -36.8663018 ], [ 174.7576197, -36.8664269 ], [ 174.7570027, -36.866895 ], [ 174.7570114, -36.8669615 ], [ 174.757524, -36.8676872 ], [ 174.7579088, -36.8675781 ], [ 174.7583041, -36.8675168 ], [ 174.7586926, -36.8674985 ], [ 174.7579344, -36.8664243 ], [ 174.7578079, -36.8663018 ] ] ], [ [ [ 174.7564387, -36.8670051 ], [ 174.756444, -36.8669679 ], [ 174.7553386, -36.8658418 ], [ 174.7547448, -36.8662327 ], [ 174.7545348, -36.8668692 ], [ 174.7545355, -36.8669288 ], [ 174.7545708, -36.8669811 ], [ 174.7550718, -36.8674241 ], [ 174.754923, -36.8674615 ], [ 174.7550285, -36.8675439 ], [ 174.7551296, -36.8675153 ], [ 174.7552377, -36.8675688 ], [ 174.7556365, -36.8674742 ], [ 174.7558093, -36.8674114 ], [ 174.7564387, -36.8670051 ] ] ], [ [ [ 174.7585403, -36.8670054 ], [ 174.7591328, -36.8667463 ], [ 174.7586225, -36.8660519 ], [ 174.7583835, -36.8660653 ], [ 174.7579772, -36.8662068 ], [ 174.7585403, -36.8670054 ] ] ], [ [ [ 174.7593551, -36.866242 ], [ 174.7592555, -36.8662826 ], [ 174.7592186, -36.8662314 ], [ 174.7590219, -36.8663186 ], [ 174.7592858, -36.8666801 ], [ 174.7598809, -36.8664216 ], [ 174.759705, -36.8661893 ], [ 174.7594109, -36.8663183 ], [ 174.7593551, -36.866242 ] ] ], [ [ [ 174.7613003, -36.866038 ], [ 174.7611024, -36.8658305 ], [ 174.7610838, -36.8658291 ], [ 174.7601172, -36.8664794 ], [ 174.7604589, -36.8669283 ], [ 174.7611884, -36.8665919 ], [ 174.7612249, -36.8666389 ], [ 174.7615117, -36.8665067 ], [ 174.7613604, -36.8661348 ], [ 174.7613003, -36.866038 ] ] ], [ [ [ 174.7600321, -36.8663572 ], [ 174.7604705, -36.8660633 ], [ 174.7602617, -36.8658584 ], [ 174.7600759, -36.8659639 ], [ 174.7598487, -36.8661143 ], [ 174.7600321, -36.8663572 ] ] ], [ [ [ 174.7565452, -36.8669215 ], [ 174.7567365, -36.8668156 ], [ 174.7570706, -36.866563 ], [ 174.7558975, -36.8653669 ], [ 174.7553533, -36.8657101 ], [ 174.7565452, -36.8669215 ] ] ], [ [ [ 174.7639475, -36.8647419 ], [ 174.7627137, -36.8644927 ], [ 174.7619208, -36.8669784 ], [ 174.7619213, -36.8670303 ], [ 174.7619616, -36.867081 ], [ 174.7620307, -36.8671044 ], [ 174.7632521, -36.8671272 ], [ 174.7633803, -36.8667315 ], [ 174.7633538, -36.866726 ], [ 174.7639812, -36.8647805 ], [ 174.7639475, -36.8647419 ] ] ], [ [ [ 174.7611904, -36.8653334 ], [ 174.7612892, -36.8653534 ], [ 174.7614953, -36.8655586 ], [ 174.7612947, -36.8656888 ], [ 174.7615573, -36.8659459 ], [ 174.761819, -36.8665925 ], [ 174.7618444, -36.8665924 ], [ 174.762528, -36.8644555 ], [ 174.7617001, -36.8642897 ], [ 174.7615929, -36.8646444 ], [ 174.7611863, -36.864561 ], [ 174.7611326, -36.8647357 ], [ 174.7608665, -36.8646798 ], [ 174.7608628, -36.8646922 ], [ 174.7611434, -36.8647486 ], [ 174.7611304, -36.8647902 ], [ 174.7611549, -36.8647954 ], [ 174.7610323, -36.865186 ], [ 174.7611904, -36.8653334 ] ] ], [ [ [ 174.758162, -36.8651084 ], [ 174.7581284, -36.8652094 ], [ 174.7578791, -36.8651507 ], [ 174.7576532, -36.864748 ], [ 174.757545, -36.864787 ], [ 174.7573397, -36.8647703 ], [ 174.7572986, -36.8650982 ], [ 174.7573024, -36.8651714 ], [ 174.7578326, -36.8660635 ], [ 174.7581772, -36.8659312 ], [ 174.7581482, -36.8658824 ], [ 174.7583529, -36.8658038 ], [ 174.7583898, -36.8657797 ], [ 174.7585931, -36.865209 ], [ 174.758162, -36.8651084 ] ] ], [ [ [ 174.7588231, -36.8650566 ], [ 174.7586654, -36.865516 ], [ 174.7590908, -36.8654924 ], [ 174.7596155, -36.8654103 ], [ 174.7596748, -36.8652393 ], [ 174.7588231, -36.8650566 ] ] ], [ [ [ 174.7570938, -36.866409 ], [ 174.7571342, -36.8664426 ], [ 174.7571821, -36.8664436 ], [ 174.7575904, -36.8661364 ], [ 174.7576005, -36.8660935 ], [ 174.7571581, -36.8653493 ], [ 174.7569484, -36.8654296 ], [ 174.7562735, -36.8647952 ], [ 174.7564096, -36.8647089 ], [ 174.7563816, -36.8646812 ], [ 174.7564936, -36.8646101 ], [ 174.7564311, -36.8645482 ], [ 174.7567468, -36.8643528 ], [ 174.756152, -36.8640619 ], [ 174.7556021, -36.8644599 ], [ 174.7560706, -36.8649236 ], [ 174.7558036, -36.8650936 ], [ 174.7570938, -36.866409 ] ] ], [ [ [ 174.7567941, -36.8650055 ], [ 174.7570074, -36.8652059 ], [ 174.7570609, -36.8651853 ], [ 174.7570929, -36.8649303 ], [ 174.7569235, -36.8649166 ], [ 174.7567941, -36.8650055 ] ] ], [ [ [ 174.7600078, -36.8636639 ], [ 174.7593463, -36.8635165 ], [ 174.7588774, -36.8648976 ], [ 174.7589014, -36.8649313 ], [ 174.7595242, -36.8650671 ], [ 174.7600078, -36.8636639 ] ] ], [ [ [ 174.7586769, -36.8639444 ], [ 174.7586275, -36.8640274 ], [ 174.7584772, -36.8639859 ], [ 174.7584741, -36.8639929 ], [ 174.7578277, -36.8638473 ], [ 174.7577353, -36.8641147 ], [ 174.7588754, -36.8643617 ], [ 174.7591769, -36.8634939 ], [ 174.7591711, -36.8634837 ], [ 174.758022, -36.8632258 ], [ 174.7578563, -36.8637596 ], [ 174.7586769, -36.8639444 ] ] ], [ [ [ 174.7578044, -36.8631773 ], [ 174.7569709, -36.8629929 ], [ 174.7567963, -36.8635219 ], [ 174.7576294, -36.8637082 ], [ 174.7576969, -36.8636766 ], [ 174.7578272, -36.8632571 ], [ 174.7578044, -36.8631773 ] ] ], [ [ [ 174.7640226, -36.8632124 ], [ 174.7638032, -36.8628702 ], [ 174.7638286, -36.8627129 ], [ 174.7637566, -36.86263 ], [ 174.7634698, -36.862577 ], [ 174.7631647, -36.8622507 ], [ 174.7628024, -36.8617485 ], [ 174.7626285, -36.8620514 ], [ 174.7622521, -36.861975 ], [ 174.7620404, -36.8626495 ], [ 174.7623454, -36.8630015 ], [ 174.762484, -36.8632416 ], [ 174.761892, -36.8631222 ], [ 174.7617695, -36.8634842 ], [ 174.7618388, -36.8634961 ], [ 174.7616585, -36.8640747 ], [ 174.7630732, -36.8643566 ], [ 174.7630665, -36.864377 ], [ 174.7635424, -36.8644725 ], [ 174.7637093, -36.8639388 ], [ 174.7629876, -36.863794 ], [ 174.7630003, -36.8637528 ], [ 174.7630636, -36.8637357 ], [ 174.7637305, -36.8638662 ], [ 174.7638383, -36.8635139 ], [ 174.7638151, -36.8635092 ], [ 174.7638541, -36.8633795 ], [ 174.7642118, -36.8634487 ], [ 174.7642244, -36.8634067 ], [ 174.7641863, -36.8633993 ], [ 174.7640226, -36.8632124 ] ] ], [ [ [ 174.7624246, -36.8614172 ], [ 174.7623358, -36.861389 ], [ 174.7621227, -36.8617619 ], [ 174.7624803, -36.8618344 ], [ 174.7625116, -36.8618224 ], [ 174.7626921, -36.8615077 ], [ 174.7624286, -36.8614101 ], [ 174.7624246, -36.8614172 ] ] ], [ [ [ 174.784847, -36.9266442 ], [ 174.785023, -36.92798 ], [ 174.7854889, -36.928142 ], [ 174.7856502, -36.9282303 ], [ 174.7859931, -36.9285542 ], [ 174.7862315, -36.92847 ], [ 174.7859621, -36.9281316 ], [ 174.7857465, -36.9265679 ], [ 174.784847, -36.9266442 ] ] ], [ [ [ 174.7862543, -36.9265662 ], [ 174.7860737, -36.926563 ], [ 174.7859835, -36.9266335 ], [ 174.786179, -36.9280502 ], [ 174.7861935, -36.9280835 ], [ 174.7864367, -36.928391 ], [ 174.7872388, -36.9283191 ], [ 174.7870946, -36.9280862 ], [ 174.7870332, -36.9280477 ], [ 174.7869487, -36.9277994 ], [ 174.7872398, -36.9277694 ], [ 174.7867016, -36.9266164 ], [ 174.7862543, -36.9265662 ] ] ], [ [ [ 174.7829748, -36.9268393 ], [ 174.7828009, -36.9269105 ], [ 174.7826598, -36.9270187 ], [ 174.782834, -36.9270764 ], [ 174.7830159, -36.927065 ], [ 174.7831428, -36.9281096 ], [ 174.7836589, -36.9280633 ], [ 174.7834994, -36.926783 ], [ 174.7829748, -36.9268393 ] ] ], [ [ [ 174.7842887, -36.927641 ], [ 174.7842845, -36.9276069 ], [ 174.784742, -36.9275683 ], [ 174.7846259, -36.9266854 ], [ 174.7844002, -36.9267044 ], [ 174.7841738, -36.9267234 ], [ 174.7839483, -36.9267423 ], [ 174.7837238, -36.926762 ], [ 174.7838381, -36.9276777 ], [ 174.7842887, -36.927641 ] ] ], [ [ [ 174.7841728, -36.926702 ], [ 174.7841711, -36.9267022 ], [ 174.7841738, -36.9267234 ], [ 174.7841728, -36.926702 ] ] ], [ [ [ 174.7812267, -36.9267371 ], [ 174.7810656, -36.9255966 ], [ 174.7795878, -36.9257223 ], [ 174.7797679, -36.9268944 ], [ 174.7811909, -36.926773 ], [ 174.7812267, -36.9267371 ] ] ], [ [ [ 174.782457, -36.9266323 ], [ 174.7823097, -36.9255239 ], [ 174.782265, -36.9254949 ], [ 174.7813304, -36.9255742 ], [ 174.7812946, -36.92561 ], [ 174.7814512, -36.9267181 ], [ 174.7814962, -36.926747 ], [ 174.7824208, -36.9266682 ], [ 174.782457, -36.9266323 ] ] ], [ [ [ 174.7827409, -36.926639 ], [ 174.7828598, -36.926625 ], [ 174.783024, -36.9265827 ], [ 174.7834688, -36.9265355 ], [ 174.7833192, -36.9254036 ], [ 174.78253, -36.9254726 ], [ 174.7826796, -36.9265993 ], [ 174.7827409, -36.926639 ] ] ], [ [ [ 174.7824511, -36.9242303 ], [ 174.7824366, -36.9242305 ], [ 174.7823888, -36.9238839 ], [ 174.7823516, -36.9238598 ], [ 174.781078, -36.9239695 ], [ 174.7812637, -36.9253851 ], [ 174.7812808, -36.9253959 ], [ 174.78258, -36.9252841 ], [ 174.7825007, -36.9247087 ], [ 174.7824902, -36.9245363 ], [ 174.782477, -36.9245372 ], [ 174.7824563, -36.924377 ], [ 174.7824674, -36.9243753 ], [ 174.7824511, -36.9242303 ] ] ], [ [ [ 174.7824908, -36.9238496 ], [ 174.7825203, -36.9240677 ], [ 174.7825318, -36.9240671 ], [ 174.7826876, -36.9252749 ], [ 174.7832945, -36.9252235 ], [ 174.7831033, -36.9237999 ], [ 174.7824908, -36.9238496 ] ] ], [ [ [ 174.7880294, -36.924824 ], [ 174.7890256, -36.9247438 ], [ 174.7888702, -36.9235221 ], [ 174.7878607, -36.9236141 ], [ 174.7880151, -36.9248147 ], [ 174.7880294, -36.924824 ] ] ], [ [ [ 174.7830306, -36.9232094 ], [ 174.7810015, -36.9233852 ], [ 174.7810589, -36.9238212 ], [ 174.7830848, -36.92365 ], [ 174.7830306, -36.9232094 ] ] ], [ [ [ 174.7636285, -36.8644901 ], [ 174.7639362, -36.8645516 ], [ 174.7640529, -36.8644903 ], [ 174.7643318, -36.8635851 ], [ 174.7639323, -36.8635077 ], [ 174.7636285, -36.8644901 ] ] ], [ [ [ 174.7845877, -36.8518078 ], [ 174.7826584, -36.8520809 ], [ 174.7826289, -36.8524052 ], [ 174.7826356, -36.8525527 ], [ 174.7827636, -36.8533388 ], [ 174.7828747, -36.853327 ], [ 174.7829741, -36.853757 ], [ 174.7833581, -36.853751 ], [ 174.7834127, -36.8538052 ], [ 174.7835388, -36.8538032 ], [ 174.7838292, -36.8542252 ], [ 174.7840428, -36.8546619 ], [ 174.7847051, -36.8546972 ], [ 174.7844832, -36.8533998 ], [ 174.7844145, -36.8529652 ], [ 174.7843425, -36.8523808 ], [ 174.784322, -36.8523552 ], [ 174.7842981, -36.8521783 ], [ 174.7846487, -36.852136 ], [ 174.7845877, -36.8518078 ] ] ], [ [ [ 174.7813343, -36.8525513 ], [ 174.7813892, -36.8527461 ], [ 174.7815041, -36.8527265 ], [ 174.7814582, -36.8525361 ], [ 174.7817685, -36.8524859 ], [ 174.7817849, -36.8527063 ], [ 174.7819417, -36.8526797 ], [ 174.7819773, -36.8531224 ], [ 174.7820342, -36.8534696 ], [ 174.7822074, -36.8534227 ], [ 174.782508, -36.8533791 ], [ 174.7825357, -36.8533476 ], [ 174.7824553, -36.8527658 ], [ 174.7824456, -36.8525882 ], [ 174.7824556, -36.8522562 ], [ 174.7824374, -36.8521752 ], [ 174.7824242, -36.8521773 ], [ 174.7824098, -36.8520959 ], [ 174.7808462, -36.8523597 ], [ 174.7809766, -36.8526086 ], [ 174.7812186, -36.8525502 ], [ 174.7811997, -36.8524804 ], [ 174.7812358, -36.8524791 ], [ 174.7812764, -36.8524959 ], [ 174.781291, -36.8525574 ], [ 174.7813343, -36.8525513 ] ] ], [ [ [ 174.7818204, -36.8516919 ], [ 174.7808984, -36.8518456 ], [ 174.7810017, -36.8522407 ], [ 174.7824513, -36.8519958 ], [ 174.7824621, -36.8517142 ], [ 174.7824438, -36.8515679 ], [ 174.7818204, -36.8516919 ] ] ], [ [ [ 174.7798725, -36.8515673 ], [ 174.7797555, -36.851381 ], [ 174.7791221, -36.8516396 ], [ 174.7792898, -36.8519068 ], [ 174.7796003, -36.851785 ], [ 174.7795379, -36.8516854 ], [ 174.7798725, -36.8515673 ] ] ], [ [ [ 174.778937, -36.8515442 ], [ 174.7787371, -36.8512248 ], [ 174.7781442, -36.8515182 ], [ 174.778317, -36.8517932 ], [ 174.778937, -36.8515442 ] ] ], [ [ [ 174.7811716, -36.8516878 ], [ 174.7817901, -36.8515846 ], [ 174.7824266, -36.851458 ], [ 174.7824106, -36.8513599 ], [ 174.7821476, -36.8507408 ], [ 174.7810582, -36.8510544 ], [ 174.7811581, -36.8511728 ], [ 174.7810471, -36.851202 ], [ 174.7811716, -36.8516878 ] ] ], [ [ [ 174.7788213, -36.8511576 ], [ 174.7790713, -36.8515572 ], [ 174.7797048, -36.8513001 ], [ 174.7796208, -36.8511657 ], [ 174.7795983, -36.8511597 ], [ 174.7794705, -36.8509555 ], [ 174.7794104, -36.8509399 ], [ 174.7791358, -36.8510542 ], [ 174.7791228, -36.8510332 ], [ 174.7788213, -36.8511576 ] ] ], [ [ [ 174.7837195, -36.8513282 ], [ 174.7839217, -36.8513002 ], [ 174.7838469, -36.8510073 ], [ 174.7838537, -36.8508674 ], [ 174.783799, -36.8508673 ], [ 174.7837985, -36.8504899 ], [ 174.7840802, -36.8504899 ], [ 174.7840756, -36.8500347 ], [ 174.783798, -36.850035 ], [ 174.7837982, -36.8502164 ], [ 174.7834617, -36.8502265 ], [ 174.7834981, -36.8510159 ], [ 174.782586, -36.8512075 ], [ 174.7826332, -36.8513201 ], [ 174.7827083, -36.8519326 ], [ 174.7837127, -36.8517908 ], [ 174.7837039, -36.8517508 ], [ 174.7838088, -36.851736 ], [ 174.7837195, -36.8513282 ] ] ], [ [ [ 174.7825137, -36.8510353 ], [ 174.7832659, -36.8508755 ], [ 174.7832385, -36.8502817 ], [ 174.7823036, -36.8505358 ], [ 174.7825137, -36.8510353 ] ] ], [ [ [ 174.778103, -36.8506463 ], [ 174.7778521, -36.8502399 ], [ 174.7774711, -36.8504412 ], [ 174.7777209, -36.8508473 ], [ 174.778103, -36.8506463 ] ] ], [ [ [ 174.7795922, -36.8506234 ], [ 174.7797276, -36.8505673 ], [ 174.7796735, -36.8504151 ], [ 174.7794398, -36.8498773 ], [ 174.7792522, -36.8499439 ], [ 174.7791412, -36.8496845 ], [ 174.7784949, -36.8499018 ], [ 174.7784227, -36.8499396 ], [ 174.7789464, -36.850772 ], [ 174.7788487, -36.8508102 ], [ 174.7786367, -36.8504785 ], [ 174.7782611, -36.850676 ], [ 174.7784749, -36.8509997 ], [ 174.7783687, -36.8510424 ], [ 174.7781598, -36.8507274 ], [ 174.7777715, -36.8509272 ], [ 174.7780313, -36.8513425 ], [ 174.7780588, -36.8513657 ], [ 174.7781211, -36.8513677 ], [ 174.7782656, -36.8512967 ], [ 174.7782799, -36.8513171 ], [ 174.7784818, -36.8512172 ], [ 174.7784682, -36.8511964 ], [ 174.7785651, -36.8511484 ], [ 174.7785788, -36.8511691 ], [ 174.7786729, -36.8511226 ], [ 174.7786595, -36.8511017 ], [ 174.7787528, -36.8510555 ], [ 174.7787666, -36.8510768 ], [ 174.7795441, -36.8507564 ], [ 174.7795302, -36.8507353 ], [ 174.7796365, -36.8506913 ], [ 174.7795922, -36.8506234 ] ] ], [ [ [ 174.7785813, -36.850392 ], [ 174.7783276, -36.8499893 ], [ 174.7779488, -36.8501872 ], [ 174.7782088, -36.8505934 ], [ 174.7785813, -36.850392 ] ] ], [ [ [ 174.783341, -36.849799 ], [ 174.7821318, -36.8501274 ], [ 174.7822314, -36.8503641 ], [ 174.7833976, -36.8500471 ], [ 174.7836081, -36.8500407 ], [ 174.7836081, -36.8497215 ], [ 174.7835319, -36.8497216 ], [ 174.7835777, -36.8494769 ], [ 174.7834654, -36.8495814 ], [ 174.7833375, -36.8496751 ], [ 174.7831369, -36.8497224 ], [ 174.783341, -36.8497223 ], [ 174.783341, -36.849799 ] ] ], [ [ [ 174.8448851, -36.9460605 ], [ 174.8447364, -36.9459063 ], [ 174.844488, -36.9460586 ], [ 174.8445885, -36.946164 ], [ 174.8449116, -36.9471958 ], [ 174.8455557, -36.9470659 ], [ 174.8452458, -36.9460813 ], [ 174.8449116, -36.946145 ], [ 174.8448851, -36.9460605 ] ] ], [ [ [ 174.8459843, -36.9475983 ], [ 174.8474986, -36.9473036 ], [ 174.8476655, -36.9470794 ], [ 174.8475245, -36.9466312 ], [ 174.8468514, -36.9467677 ], [ 174.8466886, -36.9462505 ], [ 174.8464771, -36.9462921 ], [ 174.8461445, -36.9452328 ], [ 174.8453184, -36.9453977 ], [ 174.8456827, -36.9465437 ], [ 174.8456272, -36.9465547 ], [ 174.8456592, -36.9466621 ], [ 174.8456918, -36.9466554 ], [ 174.845821, -36.9470582 ], [ 174.8457883, -36.9470647 ], [ 174.8459843, -36.9475983 ] ] ], [ [ [ 174.8389005, -36.943737 ], [ 174.838165, -36.9441215 ], [ 174.8385347, -36.944577 ], [ 174.8393198, -36.9441666 ], [ 174.8389005, -36.943737 ] ] ], [ [ [ 174.8445357, -36.9430855 ], [ 174.8445668, -36.943184 ], [ 174.8446, -36.9431772 ], [ 174.8446454, -36.943321 ], [ 174.8446122, -36.9433278 ], [ 174.8450752, -36.9447906 ], [ 174.8459505, -36.9446139 ], [ 174.8453953, -36.9428555 ], [ 174.8445853, -36.9430188 ], [ 174.8445357, -36.9430855 ] ] ], [ [ [ 174.8371754, -36.9417403 ], [ 174.837109, -36.9417129 ], [ 174.837062, -36.9417209 ], [ 174.8361335, -36.9422024 ], [ 174.8356848, -36.9428271 ], [ 174.8361177, -36.94385 ], [ 174.8367565, -36.9446416 ], [ 174.8386984, -36.9436265 ], [ 174.8371754, -36.9417403 ] ] ], [ [ [ 174.8404036, -36.9427352 ], [ 174.8400953, -36.9423556 ], [ 174.8399015, -36.9424562 ], [ 174.8402082, -36.9428377 ], [ 174.8404036, -36.9427352 ] ] ], [ [ [ 174.8389258, -36.9435077 ], [ 174.8396832, -36.9431118 ], [ 174.839374, -36.9427324 ], [ 174.8389956, -36.9429298 ], [ 174.8386867, -36.9425504 ], [ 174.8389285, -36.9424238 ], [ 174.8384225, -36.9418209 ], [ 174.8393899, -36.9413193 ], [ 174.8389325, -36.9407514 ], [ 174.8373897, -36.941551 ], [ 174.8373532, -36.9415959 ], [ 174.8373654, -36.9416422 ], [ 174.8388632, -36.9434971 ], [ 174.8389258, -36.9435077 ] ] ], [ [ [ 174.8439162, -36.9411037 ], [ 174.8444495, -36.9428231 ], [ 174.8445026, -36.9428487 ], [ 174.84539, -36.9426696 ], [ 174.8453186, -36.9424514 ], [ 174.8452591, -36.9424635 ], [ 174.8452009, -36.9422413 ], [ 174.8446528, -36.9404821 ], [ 174.8438329, -36.9406528 ], [ 174.8438159, -36.9406759 ], [ 174.8439492, -36.9410968 ], [ 174.8439162, -36.9411037 ] ] ], [ [ [ 174.8400409, -36.9401576 ], [ 174.8400077, -36.9401858 ], [ 174.8400162, -36.9402147 ], [ 174.8404115, -36.9406292 ], [ 174.840471, -36.9406168 ], [ 174.8408491, -36.9410138 ], [ 174.840957, -36.9410438 ], [ 174.8434652, -36.9405308 ], [ 174.8434899, -36.9404974 ], [ 174.843174, -36.9395181 ], [ 174.8400409, -36.9401576 ] ] ], [ [ [ 174.8378678, -36.9397174 ], [ 174.8381028, -36.9400387 ], [ 174.8381635, -36.9400103 ], [ 174.8386902, -36.9406611 ], [ 174.8391974, -36.9403982 ], [ 174.8396084, -36.9401476 ], [ 174.839617, -36.9400968 ], [ 174.8388271, -36.9392674 ], [ 174.8378678, -36.9397174 ] ] ], [ [ [ 174.839416, -36.9395797 ], [ 174.8398697, -36.9400545 ], [ 174.8404495, -36.9399342 ], [ 174.8403833, -36.9398004 ], [ 174.8403233, -36.9395676 ], [ 174.8401016, -36.9396423 ], [ 174.8398105, -36.9393372 ], [ 174.839416, -36.9395797 ] ] ], [ [ [ 174.8441857, -36.9389817 ], [ 174.8438961, -36.9380997 ], [ 174.8430265, -36.9382802 ], [ 174.8435801, -36.9400445 ], [ 174.8437553, -36.9400113 ], [ 174.8439098, -36.9404489 ], [ 174.8445944, -36.9403067 ], [ 174.8441857, -36.9389817 ] ] ], [ [ [ 174.8394553, -36.938965 ], [ 174.8390231, -36.939168 ], [ 174.8393661, -36.9395273 ], [ 174.8397605, -36.9392848 ], [ 174.8394553, -36.938965 ] ] ], [ [ [ 174.8422761, -36.9382633 ], [ 174.8424101, -36.9386922 ], [ 174.8421551, -36.9387448 ], [ 174.8423867, -36.9394916 ], [ 174.8427515, -36.9394171 ], [ 174.8427654, -36.939461 ], [ 174.8431388, -36.9393847 ], [ 174.8427581, -36.9381663 ], [ 174.8422761, -36.9382633 ] ] ], [ [ [ 174.8426338, -36.9378825 ], [ 174.8421169, -36.9379875 ], [ 174.8421766, -36.9381768 ], [ 174.8426918, -36.9380664 ], [ 174.8426338, -36.9378825 ] ] ], [ [ [ 174.8425214, -36.9375264 ], [ 174.8420473, -36.9377488 ], [ 174.8421057, -36.937934 ], [ 174.8426172, -36.9378301 ], [ 174.8425214, -36.9375264 ] ] ], [ [ [ 174.790042, -36.9246549 ], [ 174.7899814, -36.924188 ], [ 174.7898071, -36.9242067 ], [ 174.7897791, -36.9239938 ], [ 174.7891703, -36.9240572 ], [ 174.7892502, -36.9247241 ], [ 174.790042, -36.9246549 ] ] ], [ [ [ 174.837319, -36.9080433 ], [ 174.8372255, -36.9080685 ], [ 174.8369999, -36.9084151 ], [ 174.8369072, -36.9086343 ], [ 174.8368129, -36.9090536 ], [ 174.8366979, -36.9098059 ], [ 174.8376801, -36.9099028 ], [ 174.838527, -36.908589 ], [ 174.8384935, -36.9085105 ], [ 174.8381266, -36.9083708 ], [ 174.8380215, -36.9083108 ], [ 174.837319, -36.9080433 ] ] ], [ [ [ 174.8573798, -36.8867667 ], [ 174.8574482, -36.8863293 ], [ 174.8573563, -36.8853448 ], [ 174.8570507, -36.8844738 ], [ 174.8570919, -36.8844607 ], [ 174.857017, -36.8843078 ], [ 174.8569726, -36.8843218 ], [ 174.8566607, -36.8837346 ], [ 174.8557324, -36.8839388 ], [ 174.8557647, -36.8845804 ], [ 174.8557112, -36.885736 ], [ 174.8556392, -36.8865022 ], [ 174.8555041, -36.8875508 ], [ 174.8560748, -36.8876342 ], [ 174.856724, -36.8876886 ], [ 174.8572739, -36.8877897 ], [ 174.857556, -36.8867991 ], [ 174.8573798, -36.8867667 ] ] ], [ [ [ 174.8504919, -36.880111 ], [ 174.8512146, -36.8802353 ], [ 174.8512881, -36.8801922 ], [ 174.8515289, -36.8782524 ], [ 174.8505263, -36.878257 ], [ 174.8504919, -36.880111 ] ] ], [ [ [ 174.8522365, -36.8804111 ], [ 174.8527773, -36.8805249 ], [ 174.8547302, -36.8808633 ], [ 174.8545329, -36.8802055 ], [ 174.8540905, -36.8791782 ], [ 174.8538316, -36.8781777 ], [ 174.8535181, -36.8781844 ], [ 174.8536612, -36.8776603 ], [ 174.8535163, -36.8770836 ], [ 174.8525816, -36.8769239 ], [ 174.8523519, -36.8761279 ], [ 174.8515294, -36.876304 ], [ 174.8516344, -36.8766425 ], [ 174.8517206, -36.8770355 ], [ 174.8517705, -36.8774375 ], [ 174.8517831, -36.8777839 ], [ 174.8517566, -36.8782436 ], [ 174.8515104, -36.8802304 ], [ 174.8515705, -36.8802966 ], [ 174.8522365, -36.8804111 ] ] ], [ [ [ 174.8515428, -36.8781156 ], [ 174.8515573, -36.8777285 ], [ 174.851533, -36.8773169 ], [ 174.8502363, -36.8774277 ], [ 174.8498053, -36.8774908 ], [ 174.8497042, -36.8775208 ], [ 174.8495929, -36.8775985 ], [ 174.8495629, -36.8781622 ], [ 174.8505287, -36.8781201 ], [ 174.8515428, -36.8781156 ] ] ], [ [ [ 174.8514065, -36.8766538 ], [ 174.8505539, -36.876775 ], [ 174.8505457, -36.8772179 ], [ 174.8515094, -36.8771365 ], [ 174.8514065, -36.8766538 ] ] ] ] } },
{ "type": "Feature", "properties": { "category": "22.5m" }, "geometry": { "type": "MultiPolygon", "coordinates": [ [ [ [ 174.6512407, -36.9142547 ], [ 174.6520434, -36.914414 ], [ 174.6521259, -36.9137509 ], [ 174.6514345, -36.9136155 ], [ 174.6512407, -36.9142547 ] ] ], [ [ [ 174.651925, -36.9119977 ], [ 174.6514098, -36.9118383 ], [ 174.6510911, -36.9125031 ], [ 174.6517342, -36.9126282 ], [ 174.651444, -36.9135836 ], [ 174.6521299, -36.9137179 ], [ 174.6521467, -36.9135821 ], [ 174.6525712, -36.9121665 ], [ 174.6525335, -36.9121167 ], [ 174.651925, -36.9119977 ] ] ], [ [ [ 174.6582061, -36.9132227 ], [ 174.6582208, -36.9131904 ], [ 174.6574812, -36.9127613 ], [ 174.6555246, -36.9117842 ], [ 174.6554162, -36.9119242 ], [ 174.6552315, -36.911832 ], [ 174.6552838, -36.911664 ], [ 174.6552337, -36.911639 ], [ 174.6551778, -36.9118191 ], [ 174.6550095, -36.9117861 ], [ 174.6549821, -36.9118763 ], [ 174.6545435, -36.9117904 ], [ 174.6543742, -36.9123491 ], [ 174.6528045, -36.9121625 ], [ 174.6525242, -36.9130864 ], [ 174.6548755, -36.9135467 ], [ 174.6549419, -36.9135145 ], [ 174.6550336, -36.913219 ], [ 174.6561893, -36.9134467 ], [ 174.656355, -36.9129176 ], [ 174.655849, -36.912665 ], [ 174.6558935, -36.9126225 ], [ 174.6573989, -36.9133742 ], [ 174.6573378, -36.9135707 ], [ 174.6575564, -36.9136161 ], [ 174.6575514, -36.9136321 ], [ 174.6581561, -36.9137574 ], [ 174.6582061, -36.9132227 ] ] ], [ [ [ 174.6814318, -36.913102 ], [ 174.6821584, -36.9116991 ], [ 174.6821282, -36.9116402 ], [ 174.6810193, -36.9112698 ], [ 174.6807866, -36.9117191 ], [ 174.6803178, -36.9115625 ], [ 174.6802317, -36.9117287 ], [ 174.679869, -36.9116076 ], [ 174.6799668, -36.9114188 ], [ 174.6791527, -36.9112474 ], [ 174.6790698, -36.9113019 ], [ 174.6789886, -36.9115559 ], [ 174.6789781, -36.9116126 ], [ 174.6790026, -36.9116177 ], [ 174.6789822, -36.9117866 ], [ 174.678992, -36.9118797 ], [ 174.6789814, -36.9119406 ], [ 174.6788005, -36.9122719 ], [ 174.6786155, -36.9126595 ], [ 174.6795429, -36.9129267 ], [ 174.6795752, -36.9130701 ], [ 174.6797019, -36.9131066 ], [ 174.6799136, -36.9126328 ], [ 174.6814318, -36.913102 ] ] ], [ [ [ 174.6559796, -36.9117965 ], [ 174.6576507, -36.9126339 ], [ 174.6576658, -36.9126136 ], [ 174.657938, -36.9127735 ], [ 174.6582084, -36.9129081 ], [ 174.6581901, -36.9129465 ], [ 174.6583429, -36.9130023 ], [ 174.6588854, -36.9120237 ], [ 174.6586344, -36.9120157 ], [ 174.6581999, -36.9118148 ], [ 174.6575134, -36.9115457 ], [ 174.656372, -36.9114313 ], [ 174.6562808, -36.9114074 ], [ 174.6559796, -36.9117965 ] ] ], [ [ [ 174.6494642, -36.9115672 ], [ 174.6498672, -36.9113612 ], [ 174.649462, -36.9112359 ], [ 174.6494048, -36.9112446 ], [ 174.6491127, -36.9114585 ], [ 174.6494642, -36.9115672 ] ] ], [ [ [ 174.6731353, -36.910358 ], [ 174.6729164, -36.9107213 ], [ 174.6728031, -36.9107437 ], [ 174.6727841, -36.9108282 ], [ 174.6725837, -36.9108638 ], [ 174.6725919, -36.9112549 ], [ 174.6745287, -36.9112409 ], [ 174.6750968, -36.9112165 ], [ 174.6751322, -36.9110822 ], [ 174.6752111, -36.9110901 ], [ 174.6757898, -36.9109345 ], [ 174.6758409, -36.9109917 ], [ 174.676211, -36.9104324 ], [ 174.6761829, -36.9103592 ], [ 174.6757251, -36.9101639 ], [ 174.6731353, -36.910358 ] ] ], [ [ [ 174.6562386, -36.9107371 ], [ 174.6554544, -36.9103036 ], [ 174.6550033, -36.9108294 ], [ 174.6555644, -36.9110117 ], [ 174.6561022, -36.9111137 ], [ 174.6562386, -36.9107371 ] ] ], [ [ [ 174.6551517, -36.9103362 ], [ 174.6550584, -36.9102847 ], [ 174.6539291, -36.9102834 ], [ 174.6539296, -36.9098307 ], [ 174.652985, -36.9098296 ], [ 174.6528152, -36.9097708 ], [ 174.6526858, -36.9100121 ], [ 174.653277, -36.910225 ], [ 174.6532718, -36.9102361 ], [ 174.6547897, -36.9107588 ], [ 174.6551517, -36.9103362 ] ] ], [ [ [ 174.6757713, -36.9099786 ], [ 174.6763676, -36.9102327 ], [ 174.6764139, -36.9102213 ], [ 174.6766522, -36.9098614 ], [ 174.6766874, -36.9097526 ], [ 174.6769753, -36.9093178 ], [ 174.6767382, -36.9092443 ], [ 174.6767465, -36.9090816 ], [ 174.6763348, -36.9090817 ], [ 174.6760747, -36.9090456 ], [ 174.6738237, -36.9092142 ], [ 174.6732501, -36.9101674 ], [ 174.6757713, -36.9099786 ] ] ], [ [ [ 174.6477809, -36.9099643 ], [ 174.6473449, -36.909854 ], [ 174.647399, -36.9096733 ], [ 174.6471906, -36.9095963 ], [ 174.6473747, -36.9091386 ], [ 174.6471199, -36.9091125 ], [ 174.6468283, -36.9089047 ], [ 174.6461998, -36.9098041 ], [ 174.6472148, -36.9102892 ], [ 174.6472079, -36.9103121 ], [ 174.6477595, -36.9104338 ], [ 174.6479972, -36.9105788 ], [ 174.6484336, -36.9105963 ], [ 174.6486303, -36.9104523 ], [ 174.6492345, -36.910657 ], [ 174.6492557, -36.9106145 ], [ 174.6485697, -36.9104024 ], [ 174.6488466, -36.9098585 ], [ 174.6487905, -36.9098389 ], [ 174.6481256, -36.9097225 ], [ 174.6482483, -36.9092785 ], [ 174.6480949, -36.9092517 ], [ 174.6479721, -36.9096958 ], [ 174.6477809, -36.9099643 ] ] ], [ [ [ 174.6759699, -36.9085718 ], [ 174.6753093, -36.908427 ], [ 174.6752941, -36.9084568 ], [ 174.6746232, -36.9085069 ], [ 174.6746744, -36.9089501 ], [ 174.6746989, -36.9089665 ], [ 174.6758654, -36.9088792 ], [ 174.6759699, -36.9085718 ] ] ], [ [ [ 174.6771577, -36.9087196 ], [ 174.6772826, -36.9086834 ], [ 174.6773871, -36.9086161 ], [ 174.6774383, -36.9086344 ], [ 174.6784298, -36.9068452 ], [ 174.6784119, -36.9068099 ], [ 174.6770244, -36.9063639 ], [ 174.6767894, -36.9068361 ], [ 174.676996, -36.9069024 ], [ 174.6764162, -36.9079483 ], [ 174.6761258, -36.9088017 ], [ 174.6761513, -36.9088097 ], [ 174.6766175, -36.90873 ], [ 174.6770331, -36.9087343 ], [ 174.6771577, -36.9087196 ] ] ], [ [ [ 174.680284, -36.9060516 ], [ 174.6802222, -36.9060782 ], [ 174.6801168, -36.9060866 ], [ 174.6799833, -36.9060613 ], [ 174.679334, -36.9058529 ], [ 174.6792741, -36.9058725 ], [ 174.6786035, -36.907102 ], [ 174.6793119, -36.907345 ], [ 174.6793616, -36.9073254 ], [ 174.67941, -36.907323 ], [ 174.6794568, -36.9073344 ], [ 174.6795009, -36.907363 ], [ 174.6795292, -36.9074123 ], [ 174.6795273, -36.9074593 ], [ 174.6794074, -36.9076798 ], [ 174.6802996, -36.9079655 ], [ 174.6803375, -36.9078921 ], [ 174.6804419, -36.9077857 ], [ 174.6805579, -36.9077309 ], [ 174.6805837, -36.9077058 ], [ 174.6806192, -36.9076148 ], [ 174.6806134, -36.9075557 ], [ 174.6805788, -36.9074536 ], [ 174.6805949, -36.9073917 ], [ 174.6805809, -36.9072243 ], [ 174.6806131, -36.9071452 ], [ 174.6806701, -36.9070745 ], [ 174.6807003, -36.9070098 ], [ 174.6806988, -36.9069037 ], [ 174.6806522, -36.906854 ], [ 174.6805526, -36.9068215 ], [ 174.6804924, -36.9068299 ], [ 174.6804634, -36.9069034 ], [ 174.6802192, -36.9068252 ], [ 174.6801904, -36.9066179 ], [ 174.6801951, -36.906425 ], [ 174.6802916, -36.9063699 ], [ 174.6804352, -36.9062207 ], [ 174.680284, -36.9060516 ] ] ], [ [ [ 174.6801265, -36.9055883 ], [ 174.6799955, -36.9055463 ], [ 174.6800706, -36.90541 ], [ 174.6796095, -36.9052616 ], [ 174.6793669, -36.9057034 ], [ 174.6793905, -36.9057498 ], [ 174.6800091, -36.9059483 ], [ 174.6801385, -36.9059543 ], [ 174.6801139, -36.9058412 ], [ 174.6800306, -36.9058145 ], [ 174.6801287, -36.9057297 ], [ 174.6801766, -36.9056335 ], [ 174.6801265, -36.9055883 ] ] ], [ [ [ 174.6789551, -36.9045494 ], [ 174.6788863, -36.9046751 ], [ 174.6788067, -36.9046468 ], [ 174.6787591, -36.9047801 ], [ 174.6788438, -36.9048102 ], [ 174.6787836, -36.9049388 ], [ 174.678681, -36.9049024 ], [ 174.6786511, -36.905078 ], [ 174.6786668, -36.9051296 ], [ 174.6786559, -36.9051272 ], [ 174.6786586, -36.9051567 ], [ 174.6786945, -36.9052915 ], [ 174.6786879, -36.9053131 ], [ 174.6787007, -36.905318 ], [ 174.6786696, -36.9053776 ], [ 174.6785938, -36.9054074 ], [ 174.678503, -36.9055027 ], [ 174.6783948, -36.9056625 ], [ 174.6785179, -36.9057061 ], [ 174.6784268, -36.905872 ], [ 174.6782889, -36.9058232 ], [ 174.6781903, -36.9058618 ], [ 174.6780563, -36.9060881 ], [ 174.6778244, -36.9059989 ], [ 174.6777972, -36.9060185 ], [ 174.6774073, -36.9058687 ], [ 174.6772256, -36.9062331 ], [ 174.6785034, -36.9066434 ], [ 174.6785492, -36.9066284 ], [ 174.6796212, -36.9046811 ], [ 174.6796, -36.9046284 ], [ 174.6789029, -36.9043808 ], [ 174.6788731, -36.9045202 ], [ 174.6789551, -36.9045494 ] ] ], [ [ [ 174.6341401, -36.8862299 ], [ 174.6341234, -36.8863139 ], [ 174.6342981, -36.8864118 ], [ 174.6341058, -36.8868378 ], [ 174.6344886, -36.8870525 ], [ 174.6346811, -36.8866265 ], [ 174.6349323, -36.8858009 ], [ 174.6353166, -36.8849487 ], [ 174.6347868, -36.8847946 ], [ 174.6341401, -36.8862299 ] ] ], [ [ [ 174.6360933, -36.8836152 ], [ 174.6356764, -36.8833423 ], [ 174.6353314, -36.883682 ], [ 174.6352967, -36.883663 ], [ 174.6347925, -36.8847818 ], [ 174.6353224, -36.884936 ], [ 174.635778, -36.8839262 ], [ 174.6360933, -36.8836152 ] ] ], [ [ [ 174.6358417, -36.8831797 ], [ 174.6362584, -36.8834524 ], [ 174.63858, -36.8811634 ], [ 174.6385695, -36.8811024 ], [ 174.6381757, -36.8808814 ], [ 174.6358417, -36.8831797 ] ] ], [ [ [ 174.6285548, -36.8804593 ], [ 174.6289373, -36.880474 ], [ 174.6289895, -36.8804575 ], [ 174.6290088, -36.8804217 ], [ 174.6290347, -36.8799863 ], [ 174.6285839, -36.8799691 ], [ 174.6285548, -36.8804593 ] ] ], [ [ [ 174.6354755, -36.8795847 ], [ 174.6358911, -36.8796692 ], [ 174.6358643, -36.8797103 ], [ 174.6369498, -36.8800579 ], [ 174.6369875, -36.880022 ], [ 174.6370209, -36.8800325 ], [ 174.6369834, -36.8800684 ], [ 174.6372992, -36.8801682 ], [ 174.6379935, -36.8805577 ], [ 174.6380234, -36.8805208 ], [ 174.6382084, -36.8806242 ], [ 174.6381783, -36.8806616 ], [ 174.6385489, -36.8808697 ], [ 174.6391949, -36.8799822 ], [ 174.6390436, -36.879961 ], [ 174.6389254, -36.8799134 ], [ 174.6384695, -36.8795861 ], [ 174.6383479, -36.8794626 ], [ 174.6382869, -36.879332 ], [ 174.6381279, -36.8791788 ], [ 174.6379414, -36.8791245 ], [ 174.6367486, -36.8785121 ], [ 174.6356536, -36.8779011 ], [ 174.6355637, -36.877949 ], [ 174.6354605, -36.8780562 ], [ 174.6353851, -36.8782317 ], [ 174.6354176, -36.8789291 ], [ 174.6353956, -36.879137 ], [ 174.6354204, -36.8791399 ], [ 174.6354335, -36.8795445 ], [ 174.6354755, -36.8795847 ] ], [ [ 174.6369388, -36.8791734 ], [ 174.6369862, -36.8791747 ], [ 174.6371104, -36.8792265 ], [ 174.6372229, -36.8792483 ], [ 174.6373278, -36.8792876 ], [ 174.6374879, -36.8793193 ], [ 174.6374776, -36.8793291 ], [ 174.6373018, -36.8793019 ], [ 174.6371204, -36.8792477 ], [ 174.6370017, -36.8791986 ], [ 174.6369086, -36.8791891 ], [ 174.6368724, -36.8791734 ], [ 174.6368454, -36.8791327 ], [ 174.6368022, -36.8790023 ], [ 174.6367501, -36.8789135 ], [ 174.6366842, -36.878852 ], [ 174.6365389, -36.8787481 ], [ 174.6365465, -36.8787365 ], [ 174.6367326, -36.8788454 ], [ 174.6368033, -36.8789172 ], [ 174.6368567, -36.8790023 ], [ 174.6368706, -36.8791217 ], [ 174.6368898, -36.8791562 ], [ 174.6369388, -36.8791734 ] ] ], [ [ [ 174.6312884, -36.8745135 ], [ 174.631249, -36.87448 ], [ 174.6313957, -36.8743684 ], [ 174.6312562, -36.8743438 ], [ 174.630142, -36.8733984 ], [ 174.6294869, -36.873897 ], [ 174.6307183, -36.8749471 ], [ 174.6312884, -36.8745135 ] ] ], [ [ [ 174.628391, -36.8735499 ], [ 174.6282499, -36.873519 ], [ 174.6279595, -36.8734933 ], [ 174.6279496, -36.8734997 ], [ 174.6277716, -36.8748023 ], [ 174.627901, -36.874854 ], [ 174.6289993, -36.8740184 ], [ 174.6284888, -36.8735852 ], [ 174.628391, -36.8735499 ] ] ], [ [ [ 174.6816929, -36.9107521 ], [ 174.6815823, -36.9105948 ], [ 174.6830703, -36.9101082 ], [ 174.683139, -36.9100225 ], [ 174.6816304, -36.9105157 ], [ 174.68151, -36.9102798 ], [ 174.6805762, -36.9105887 ], [ 174.6794551, -36.9108571 ], [ 174.6789827, -36.9108087 ], [ 174.6789125, -36.9111829 ], [ 174.6790484, -36.9112116 ], [ 174.6790692, -36.9111479 ], [ 174.6791475, -36.9111644 ], [ 174.6791818, -36.9111483 ], [ 174.6793283, -36.9111791 ], [ 174.6793483, -36.9112067 ], [ 174.680005, -36.9113449 ], [ 174.6800594, -36.9112398 ], [ 174.6801674, -36.9109314 ], [ 174.6804566, -36.9109627 ], [ 174.6805397, -36.9109355 ], [ 174.6805113, -36.9108248 ], [ 174.6806262, -36.9107935 ], [ 174.6806441, -36.910836 ], [ 174.6807509, -36.9108079 ], [ 174.6807776, -36.9108578 ], [ 174.6807196, -36.9108767 ], [ 174.6807764, -36.9110428 ], [ 174.680904, -36.9110501 ], [ 174.6810276, -36.9110766 ], [ 174.6817487, -36.911317 ], [ 174.682003, -36.9108261 ], [ 174.6816929, -36.9107521 ] ] ], [ [ [ 174.6808908, -36.9065699 ], [ 174.6827038, -36.9071543 ], [ 174.6827331, -36.9071442 ], [ 174.6832002, -36.9062088 ], [ 174.6831876, -36.9061852 ], [ 174.6825605, -36.9059833 ], [ 174.6815847, -36.9046411 ], [ 174.6815377, -36.9042616 ], [ 174.6815797, -36.9040532 ], [ 174.6816177, -36.9040024 ], [ 174.6816878, -36.9036548 ], [ 174.681534, -36.9034167 ], [ 174.6814357, -36.9033426 ], [ 174.6813449, -36.9033451 ], [ 174.680824, -36.9037655 ], [ 174.680704, -36.903938 ], [ 174.6806719, -36.9043537 ], [ 174.6807024, -36.9043876 ], [ 174.6809842, -36.9044362 ], [ 174.6810128, -36.9045474 ], [ 174.6810799, -36.9046552 ], [ 174.6810732, -36.9047426 ], [ 174.6811251, -36.9049047 ], [ 174.6811648, -36.9049188 ], [ 174.6811928, -36.9049447 ], [ 174.681276, -36.9050691 ], [ 174.681305, -36.9051747 ], [ 174.6812368, -36.9052302 ], [ 174.6815384, -36.905321 ], [ 174.6814593, -36.9053581 ], [ 174.6816938, -36.9055106 ], [ 174.6817915, -36.9056189 ], [ 174.6818242, -36.9056304 ], [ 174.6818661, -36.9056159 ], [ 174.6818304, -36.9056598 ], [ 174.6818341, -36.9056884 ], [ 174.6818575, -36.9057257 ], [ 174.6818844, -36.9057361 ], [ 174.6818607, -36.9058034 ], [ 174.6818663, -36.9058398 ], [ 174.681764, -36.9059456 ], [ 174.6817479, -36.9060221 ], [ 174.6817522, -36.9061094 ], [ 174.6817143, -36.9062435 ], [ 174.6816246, -36.9062523 ], [ 174.6815612, -36.9062429 ], [ 174.6812422, -36.9062668 ], [ 174.6811191, -36.9062856 ], [ 174.681042, -36.9063092 ], [ 174.6809554, -36.9063648 ], [ 174.6809199, -36.9064136 ], [ 174.6808908, -36.9065699 ] ] ], [ [ [ 174.6844553, -36.9036947 ], [ 174.6844638, -36.9036149 ], [ 174.6844396, -36.9035683 ], [ 174.684406, -36.9035381 ], [ 174.6843629, -36.9035171 ], [ 174.6843015, -36.9035064 ], [ 174.6832329, -36.9036078 ], [ 174.6823439, -36.9026527 ], [ 174.6821476, -36.9026828 ], [ 174.6815906, -36.9031344 ], [ 174.6816329, -36.9032717 ], [ 174.6818657, -36.9036318 ], [ 174.6817866, -36.9040244 ], [ 174.6818027, -36.9040821 ], [ 174.6817654, -36.9042671 ], [ 174.6818046, -36.9045839 ], [ 174.6827164, -36.9058382 ], [ 174.6832717, -36.906017 ], [ 174.683301, -36.9060069 ], [ 174.6844553, -36.9036947 ] ] ], [ [ [ 174.6966394, -36.9019935 ], [ 174.6967441, -36.9006101 ], [ 174.6963329, -36.9005893 ], [ 174.69618, -36.9005954 ], [ 174.6956019, -36.9007676 ], [ 174.6955102, -36.9019423 ], [ 174.6966394, -36.9019935 ] ] ], [ [ [ 174.6969071, -36.9014303 ], [ 174.6982154, -36.9015585 ], [ 174.6984002, -36.9006145 ], [ 174.6969815, -36.9004612 ], [ 174.6969071, -36.9014303 ] ] ], [ [ [ 174.6986239, -36.9006387 ], [ 174.6985082, -36.9012298 ], [ 174.6988972, -36.9012718 ], [ 174.6989966, -36.9006789 ], [ 174.6986239, -36.9006387 ] ] ], [ [ [ 174.6950077, -36.9012608 ], [ 174.6950474, -36.9007961 ], [ 174.6952094, -36.9007477 ], [ 174.6948578, -36.9005059 ], [ 174.6944519, -36.9008867 ], [ 174.6946134, -36.9012395 ], [ 174.6950077, -36.9012608 ] ] ], [ [ [ 174.6937074, -36.8999582 ], [ 174.6938138, -36.9001186 ], [ 174.6935262, -36.9002221 ], [ 174.6937532, -36.9006289 ], [ 174.6934763, -36.9007733 ], [ 174.693832, -36.9011541 ], [ 174.6939131, -36.9011047 ], [ 174.6944416, -36.9006157 ], [ 174.6939681, -36.8998644 ], [ 174.6937074, -36.8999582 ] ] ], [ [ [ 174.6963756, -36.8998124 ], [ 174.6964912, -36.8998919 ], [ 174.6957513, -36.9005876 ], [ 174.6957824, -36.9006552 ], [ 174.6961657, -36.9005409 ], [ 174.6963332, -36.9005342 ], [ 174.6967482, -36.9005553 ], [ 174.696814, -36.8997023 ], [ 174.6965071, -36.8996891 ], [ 174.6963756, -36.8998124 ] ] ], [ [ [ 174.698889, -36.8998555 ], [ 174.6986685, -36.9004606 ], [ 174.6990906, -36.9005062 ], [ 174.6990257, -36.8995206 ], [ 174.698889, -36.8998555 ] ] ], [ [ [ 174.6988573, -36.8993281 ], [ 174.6989116, -36.899112 ], [ 174.6988884, -36.8991064 ], [ 174.6988528, -36.8991283 ], [ 174.6987937, -36.8992051 ], [ 174.6987111, -36.899254 ], [ 174.6985898, -36.8992872 ], [ 174.6985508, -36.8992763 ], [ 174.6984492, -36.8991615 ], [ 174.6983123, -36.8991732 ], [ 174.6981545, -36.8992119 ], [ 174.6980673, -36.8992222 ], [ 174.6980657, -36.8992339 ], [ 174.6977654, -36.8992053 ], [ 174.6977661, -36.8991939 ], [ 174.6977069, -36.8991989 ], [ 174.6975338, -36.8992545 ], [ 174.6973925, -36.8993244 ], [ 174.6972267, -36.8994617 ], [ 174.6970485, -36.8997039 ], [ 174.6985859, -36.8996167 ], [ 174.6985731, -36.8997992 ], [ 174.6970282, -36.8998879 ], [ 174.6970088, -36.900282 ], [ 174.6984434, -36.9004361 ], [ 174.6988573, -36.8993281 ] ] ], [ [ [ 174.6939885, -36.8994954 ], [ 174.6946016, -36.9004678 ], [ 174.6958121, -36.8993257 ], [ 174.6955146, -36.89891 ], [ 174.6940074, -36.8994525 ], [ 174.6939885, -36.8994954 ] ] ], [ [ [ 174.699517, -36.8986714 ], [ 174.6992888, -36.8986697 ], [ 174.6992232, -36.8989848 ], [ 174.6992531, -36.8995389 ], [ 174.6993183, -36.9005307 ], [ 174.7000541, -36.9006101 ], [ 174.6999806, -36.8993255 ], [ 174.6999416, -36.8986389 ], [ 174.6996085, -36.8984388 ], [ 174.6995595, -36.8984548 ], [ 174.699517, -36.8986714 ] ] ], [ [ [ 174.692105, -36.899939 ], [ 174.6932107, -36.8995412 ], [ 174.6930407, -36.899237 ], [ 174.6926828, -36.8993886 ], [ 174.6919485, -36.8996589 ], [ 174.692105, -36.899939 ] ] ], [ [ [ 174.6970401, -36.8997044 ], [ 174.6971371, -36.8995648 ], [ 174.697239, -36.8994404 ], [ 174.6973838, -36.8993194 ], [ 174.6975537, -36.8992361 ], [ 174.6970785, -36.899204 ], [ 174.6970401, -36.8997044 ] ] ], [ [ [ 174.7004271, -36.8981384 ], [ 174.7006075, -36.8976636 ], [ 174.7005501, -36.8974706 ], [ 174.7004471, -36.8973143 ], [ 174.6996083, -36.8982123 ], [ 174.7001615, -36.8985456 ], [ 174.7001817, -36.8989 ], [ 174.7005802, -36.8988845 ], [ 174.7005605, -36.8985663 ], [ 174.7006421, -36.898563 ], [ 174.7006231, -36.898257 ], [ 174.7004271, -36.8981384 ] ] ], [ [ [ 174.6993552, -36.8966742 ], [ 174.6994454, -36.8980845 ], [ 174.7007198, -36.8967203 ], [ 174.7006993, -36.8966868 ], [ 174.6993552, -36.8966742 ] ] ], [ [ [ 174.6995379, -36.8960396 ], [ 174.6992843, -36.8960372 ], [ 174.699257, -36.8961679 ], [ 174.6992563, -36.8964207 ], [ 174.6992988, -36.8964923 ], [ 174.7009127, -36.8965076 ], [ 174.700927, -36.8964957 ], [ 174.7008297, -36.8948378 ], [ 174.7001234, -36.8952142 ], [ 174.6999953, -36.8953098 ], [ 174.6998601, -36.8954365 ], [ 174.699747, -36.8955775 ], [ 174.6996411, -36.8957482 ], [ 174.6995711, -36.8959126 ], [ 174.6995379, -36.8960396 ] ] ], [ [ [ 174.693622, -36.8939974 ], [ 174.6933488, -36.89388 ], [ 174.6930154, -36.8937758 ], [ 174.6929164, -36.8937607 ], [ 174.6927959, -36.8937682 ], [ 174.6924142, -36.8938822 ], [ 174.6932728, -36.89555 ], [ 174.695311, -36.8946499 ], [ 174.6953027, -36.8946225 ], [ 174.6947435, -36.8946157 ], [ 174.693622, -36.8939974 ] ] ], [ [ [ 174.7646703, -36.8615768 ], [ 174.7647632, -36.8616864 ], [ 174.7649044, -36.8617719 ], [ 174.7648579, -36.8618211 ], [ 174.764622, -36.862152 ], [ 174.7648481, -36.8624098 ], [ 174.7657168, -36.8614935 ], [ 174.7651045, -36.8611226 ], [ 174.7646703, -36.8615768 ] ] ], [ [ [ 174.7658718, -36.8606422 ], [ 174.7658991, -36.8606588 ], [ 174.7657986, -36.8607659 ], [ 174.7657717, -36.8607496 ], [ 174.7656434, -36.8608412 ], [ 174.7654068, -36.8610786 ], [ 174.765851, -36.861348 ], [ 174.7664863, -36.8606706 ], [ 174.7660785, -36.8604208 ], [ 174.7658718, -36.8606422 ] ] ], [ [ [ 174.7554071, -36.8556454 ], [ 174.7555787, -36.8557258 ], [ 174.7556856, -36.8555784 ], [ 174.7554198, -36.855454 ], [ 174.7553127, -36.8556002 ], [ 174.7545875, -36.8552612 ], [ 174.754535, -36.8552672 ], [ 174.7545145, -36.8553002 ], [ 174.754829, -36.8572014 ], [ 174.7549004, -36.8572303 ], [ 174.7550612, -36.857159 ], [ 174.7553702, -36.8569551 ], [ 174.755295, -36.8566889 ], [ 174.7552349, -36.8563355 ], [ 174.75531, -36.8557904 ], [ 174.7554071, -36.8556454 ] ] ], [ [ [ 174.7551064, -36.8538047 ], [ 174.7550458, -36.8539333 ], [ 174.7542953, -36.853738 ], [ 174.7542636, -36.8537559 ], [ 174.7544622, -36.8549604 ], [ 174.7544977, -36.8549917 ], [ 174.7556345, -36.855524 ], [ 174.7560423, -36.8545376 ], [ 174.7560291, -36.8545337 ], [ 174.7561248, -36.8543094 ], [ 174.7556372, -36.8536684 ], [ 174.755304, -36.8533001 ], [ 174.7551444, -36.8531052 ], [ 174.7549522, -36.8531087 ], [ 174.7547469, -36.8530955 ], [ 174.7547271, -36.8531482 ], [ 174.7542178, -36.8530183 ], [ 174.7541519, -36.8530623 ], [ 174.754235, -36.8535779 ], [ 174.7551064, -36.8538047 ] ] ], [ [ [ 174.8364513, -36.9120182 ], [ 174.8364979, -36.9126152 ], [ 174.8366732, -36.9126064 ], [ 174.8366265, -36.9120094 ], [ 174.8364513, -36.9120182 ] ] ], [ [ [ 174.7803063, -36.8710447 ], [ 174.7806633, -36.8713547 ], [ 174.7809946, -36.8711086 ], [ 174.7806378, -36.8707984 ], [ 174.7803063, -36.8710447 ] ] ], [ [ [ 174.7802832, -36.8710244 ], [ 174.7806145, -36.8707783 ], [ 174.7802093, -36.8704262 ], [ 174.7794908, -36.8709574 ], [ 174.7797701, -36.8711987 ], [ 174.7801556, -36.8709136 ], [ 174.7802832, -36.8710244 ] ] ], [ [ [ 174.7806368, -36.8701101 ], [ 174.7803752, -36.8703034 ], [ 174.7808069, -36.8706785 ], [ 174.7810692, -36.8704846 ], [ 174.7806368, -36.8701101 ] ] ], [ [ [ 174.7803564, -36.866978 ], [ 174.7803623, -36.8669348 ], [ 174.7803453, -36.8668935 ], [ 174.7803086, -36.8668617 ], [ 174.7803776, -36.8668034 ], [ 174.7804691, -36.8668281 ], [ 174.7806233, -36.8666753 ], [ 174.7805878, -36.8666163 ], [ 174.7806049, -36.8665575 ], [ 174.7806782, -36.8665037 ], [ 174.780782, -36.8664739 ], [ 174.7805316, -36.8662905 ], [ 174.7803457, -36.8663862 ], [ 174.7799043, -36.8671037 ], [ 174.7796341, -36.8676629 ], [ 174.7795131, -36.8678038 ], [ 174.7788544, -36.8702903 ], [ 174.7788062, -36.8705088 ], [ 174.7787822, -36.87073 ], [ 174.7791152, -36.8704819 ], [ 174.779429, -36.8707561 ], [ 174.7807087, -36.8698103 ], [ 174.7807137, -36.8697223 ], [ 174.7806278, -36.869657 ], [ 174.7805925, -36.8696155 ], [ 174.7803965, -36.8694705 ], [ 174.7801045, -36.8692942 ], [ 174.7798901, -36.8690946 ], [ 174.7798779, -36.8690938 ], [ 174.7796482, -36.8692817 ], [ 174.7795569, -36.8693323 ], [ 174.7794532, -36.8693238 ], [ 174.779305, -36.8692704 ], [ 174.7792909, -36.8692379 ], [ 174.7794089, -36.8692691 ], [ 174.7794362, -36.8692866 ], [ 174.779489, -36.8692888 ], [ 174.7795867, -36.8692665 ], [ 174.7796662, -36.8692303 ], [ 174.7798675, -36.8690656 ], [ 174.7798144, -36.8689775 ], [ 174.7797739, -36.8688717 ], [ 174.7797558, -36.8686807 ], [ 174.7798129, -36.8684197 ], [ 174.7799049, -36.8681088 ], [ 174.7799913, -36.8678853 ], [ 174.7801444, -36.8676711 ], [ 174.7801836, -36.8675648 ], [ 174.7802092, -36.8675328 ], [ 174.7802905, -36.8674831 ], [ 174.7802998, -36.8674591 ], [ 174.7802933, -36.8671381 ], [ 174.7803564, -36.866978 ] ] ], [ [ [ 174.7820475, -36.8685635 ], [ 174.7819654, -36.8684678 ], [ 174.781914, -36.8683483 ], [ 174.7819413, -36.8681943 ], [ 174.7818593, -36.8680511 ], [ 174.7817005, -36.8679978 ], [ 174.7816718, -36.8679152 ], [ 174.7817458, -36.8677651 ], [ 174.781644, -36.8675553 ], [ 174.7817504, -36.8673966 ], [ 174.7817257, -36.8672266 ], [ 174.7817287, -36.8671543 ], [ 174.7814589, -36.8671259 ], [ 174.7812431, -36.8672955 ], [ 174.781294, -36.8676072 ], [ 174.7807885, -36.8678404 ], [ 174.7806925, -36.8676381 ], [ 174.7804004, -36.8677156 ], [ 174.78021, -36.8677895 ], [ 174.7801123, -36.8679337 ], [ 174.7799995, -36.8682489 ], [ 174.7798956, -36.8686436 ], [ 174.7798913, -36.8687758 ], [ 174.7799216, -36.8688978 ], [ 174.7799973, -36.8690294 ], [ 174.7800932, -36.8691271 ], [ 174.7805429, -36.8694282 ], [ 174.7808132, -36.8696495 ], [ 174.7808955, -36.8696732 ], [ 174.7822001, -36.8687174 ], [ 174.7822726, -36.868706 ], [ 174.7821518, -36.8685736 ], [ 174.7820475, -36.8685635 ] ] ], [ [ [ 174.7811508, -36.8649555 ], [ 174.7800045, -36.8641551 ], [ 174.7797804, -36.8643625 ], [ 174.7799869, -36.8645065 ], [ 174.7798648, -36.8646194 ], [ 174.7807203, -36.8652163 ], [ 174.7807831, -36.8654248 ], [ 174.7811508, -36.8649555 ] ] ], [ [ [ 174.7661492, -36.8622318 ], [ 174.766436, -36.8619248 ], [ 174.7659732, -36.8616424 ], [ 174.7656845, -36.8619516 ], [ 174.7661492, -36.8622318 ] ] ], [ [ [ 174.767822, -36.8600656 ], [ 174.7678929, -36.8599903 ], [ 174.767651, -36.8598442 ], [ 174.7671309, -36.8604068 ], [ 174.767134, -36.8604248 ], [ 174.7671651, -36.8604519 ], [ 174.767729, -36.8605807 ], [ 174.767889, -36.8601295 ], [ 174.7678265, -36.8600916 ], [ 174.767822, -36.8600656 ] ] ], [ [ [ 174.7743375, -36.7925902 ], [ 174.7735818, -36.7929858 ], [ 174.7739382, -36.7934269 ], [ 174.7747342, -36.7930813 ], [ 174.7743375, -36.7925902 ] ] ], [ [ [ 174.7683339, -36.7931523 ], [ 174.7684748, -36.7931502 ], [ 174.7685784, -36.7931794 ], [ 174.7686375, -36.7932098 ], [ 174.7687866, -36.7932321 ], [ 174.7689006, -36.7932708 ], [ 174.77103, -36.7921582 ], [ 174.7705275, -36.791536 ], [ 174.7678584, -36.7929301 ], [ 174.7680911, -36.7930132 ], [ 174.768263, -36.7931391 ], [ 174.7683339, -36.7931523 ] ] ], [ [ [ 174.7672516, -36.792088 ], [ 174.7672267, -36.7921853 ], [ 174.7672748, -36.7923749 ], [ 174.7673172, -36.792478 ], [ 174.7674021, -36.7924336 ], [ 174.7677363, -36.7927777 ], [ 174.7688919, -36.792174 ], [ 174.7685994, -36.7917595 ], [ 174.7683485, -36.7915034 ], [ 174.7683205, -36.7915582 ], [ 174.7684058, -36.7916963 ], [ 174.7684731, -36.7917577 ], [ 174.768471, -36.7917794 ], [ 174.7684509, -36.7917936 ], [ 174.7682852, -36.7917625 ], [ 174.7680173, -36.7917645 ], [ 174.7678263, -36.7917475 ], [ 174.7677452, -36.7917495 ], [ 174.7675872, -36.7917741 ], [ 174.7675123, -36.7917873 ], [ 174.7674532, -36.7918128 ], [ 174.7673629, -36.7918875 ], [ 174.7672516, -36.792088 ] ] ], [ [ [ 174.7732322, -36.7912222 ], [ 174.7724759, -36.791618 ], [ 174.7734588, -36.7928338 ], [ 174.7742148, -36.7924384 ], [ 174.7732322, -36.7912222 ] ] ], [ [ [ 174.7725028, -36.791387 ], [ 174.7719974, -36.7907674 ], [ 174.7707541, -36.7914176 ], [ 174.770741, -36.7914675 ], [ 174.771219, -36.7920593 ], [ 174.7725028, -36.791387 ] ] ], [ [ [ 174.7687518, -36.7910496 ], [ 174.768708, -36.7911176 ], [ 174.7686296, -36.7911853 ], [ 174.7689317, -36.7915584 ], [ 174.7686273, -36.7917176 ], [ 174.7687653, -36.7919243 ], [ 174.7689452, -36.7921462 ], [ 174.7704046, -36.7913841 ], [ 174.7700904, -36.7909956 ], [ 174.7697927, -36.7905743 ], [ 174.7687518, -36.7910496 ] ] ], [ [ [ 174.7691529, -36.7906577 ], [ 174.7687468, -36.790154 ], [ 174.7681738, -36.7904529 ], [ 174.7672852, -36.7909166 ], [ 174.7674099, -36.7910462 ], [ 174.7675387, -36.7911379 ], [ 174.7677806, -36.7911432 ], [ 174.7684033, -36.7908763 ], [ 174.7685137, -36.7908745 ], [ 174.7686155, -36.7909034 ], [ 174.7691529, -36.7906577 ] ] ], [ [ [ 174.768791, -36.7891085 ], [ 174.7683728, -36.7893266 ], [ 174.7684658, -36.7894418 ], [ 174.7685554, -36.7894605 ], [ 174.7686345, -36.7894193 ], [ 174.768962, -36.789825 ], [ 174.769252, -36.7896768 ], [ 174.768791, -36.7891085 ] ] ], [ [ [ 174.7684787, -36.788787 ], [ 174.7685164, -36.7887674 ], [ 174.7683639, -36.7885783 ], [ 174.7683265, -36.7885979 ], [ 174.7682838, -36.788545 ], [ 174.7681387, -36.788481 ], [ 174.7680452, -36.7884976 ], [ 174.7679642, -36.7885399 ], [ 174.7680282, -36.7886192 ], [ 174.7680013, -36.7886333 ], [ 174.7681537, -36.7888223 ], [ 174.7682211, -36.7887871 ], [ 174.7684496, -36.7890706 ], [ 174.768631, -36.788976 ], [ 174.7684787, -36.788787 ] ] ], [ [ [ 174.7693884, -36.7875599 ], [ 174.769132, -36.7872419 ], [ 174.7696603, -36.7869663 ], [ 174.7696773, -36.7869578 ], [ 174.7699343, -36.7872752 ], [ 174.7703869, -36.7870393 ], [ 174.7698423, -36.7863674 ], [ 174.7690366, -36.7867859 ], [ 174.7690079, -36.78675 ], [ 174.7689788, -36.7868142 ], [ 174.7686821, -36.7869684 ], [ 174.7689712, -36.7873256 ], [ 174.7688059, -36.7874106 ], [ 174.7690528, -36.7877133 ], [ 174.7693479, -36.7875594 ], [ 174.7693601, -36.7875746 ], [ 174.7693884, -36.7875599 ] ] ], [ [ [ 174.769749, -36.7862524 ], [ 174.769323, -36.7857269 ], [ 174.7687698, -36.7860191 ], [ 174.7691925, -36.7865414 ], [ 174.769749, -36.7862524 ] ] ], [ [ [ 174.7712071, -36.7862215 ], [ 174.7711477, -36.7861477 ], [ 174.7713278, -36.786052 ], [ 174.7716044, -36.7863959 ], [ 174.7716731, -36.7863598 ], [ 174.7714019, -36.7860227 ], [ 174.7722702, -36.7855719 ], [ 174.7713597, -36.7850644 ], [ 174.7709814, -36.785263 ], [ 174.7706432, -36.7854596 ], [ 174.7706058, -36.7854741 ], [ 174.7705583, -36.7854144 ], [ 174.7703983, -36.7854973 ], [ 174.7704049, -36.7855056 ], [ 174.7703483, -36.7855349 ], [ 174.7703126, -36.7856178 ], [ 174.7701802, -36.7856867 ], [ 174.7701209, -36.785613 ], [ 174.7696852, -36.7858416 ], [ 174.7702984, -36.786598 ], [ 174.7707297, -36.7863711 ], [ 174.7704535, -36.7860286 ], [ 174.7706609, -36.7859213 ], [ 174.7712105, -36.7866052 ], [ 174.7712447, -36.7865871 ], [ 174.7710276, -36.786317 ], [ 174.7712071, -36.7862215 ] ] ], [ [ [ 174.7721102, -36.784713 ], [ 174.7718466, -36.784719 ], [ 174.7716161, -36.7849866 ], [ 174.7724352, -36.7854433 ], [ 174.7724657, -36.785481 ], [ 174.7728018, -36.785091 ], [ 174.7722519, -36.7845719 ], [ 174.7721311, -36.7847121 ], [ 174.77212, -36.7847016 ], [ 174.7721102, -36.784713 ] ] ], [ [ [ 174.9582373, -37.1101897 ], [ 174.9587638, -37.1122736 ], [ 174.9589694, -37.1128264 ], [ 174.9594101, -37.1131133 ], [ 174.9631052, -37.1149987 ], [ 174.9635224, -37.1137751 ], [ 174.9637347, -37.1131962 ], [ 174.9637321, -37.11316 ], [ 174.9658135, -37.1070549 ], [ 174.9657737, -37.1069724 ], [ 174.9605134, -37.1042871 ], [ 174.9590198, -37.1041679 ], [ 174.9589464, -37.1042163 ], [ 174.9583607, -37.1092305 ], [ 174.9582373, -37.1101897 ] ] ], [ [ [ 174.9612494, -37.0974141 ], [ 174.9611664, -37.0973794 ], [ 174.9609912, -37.0973675 ], [ 174.960894, -37.0973788 ], [ 174.9608064, -37.0973575 ], [ 174.9606774, -37.0973073 ], [ 174.960583, -37.0972577 ], [ 174.9605329, -37.0972127 ], [ 174.9605294, -37.0971734 ], [ 174.9546226, -37.0967714 ], [ 174.9545221, -37.0982957 ], [ 174.954532, -37.0983453 ], [ 174.9544433, -37.0998823 ], [ 174.9542476, -37.1008691 ], [ 174.9537073, -37.10229 ], [ 174.9535829, -37.1025307 ], [ 174.9530107, -37.1035294 ], [ 174.9572059, -37.1038481 ], [ 174.9572575, -37.1038359 ], [ 174.9582523, -37.1038988 ], [ 174.9592141, -37.1039787 ], [ 174.9594866, -37.1040235 ], [ 174.9605575, -37.104109 ], [ 174.962315, -37.0981567 ], [ 174.9621963, -37.0980614 ], [ 174.9616209, -37.0978401 ], [ 174.961539, -37.0977942 ], [ 174.9614816, -37.0977374 ], [ 174.9614546, -37.0976814 ], [ 174.9614496, -37.0976084 ], [ 174.9614056, -37.097545 ], [ 174.9613006, -37.0974411 ], [ 174.9612494, -37.0974141 ] ] ], [ [ [ 174.9088505, -36.9364814 ], [ 174.9088128, -36.9365899 ], [ 174.9088173, -36.936649 ], [ 174.9087588, -36.9367245 ], [ 174.909001, -36.9367821 ], [ 174.9093816, -36.9368336 ], [ 174.9095046, -36.9368916 ], [ 174.9095157, -36.9367894 ], [ 174.9094627, -36.9367124 ], [ 174.9094471, -36.9366644 ], [ 174.9094916, -36.9364094 ], [ 174.9094363, -36.9363471 ], [ 174.9089603, -36.936283 ], [ 174.9088827, -36.9363273 ], [ 174.9088505, -36.9364814 ] ] ], [ [ [ 174.9122165, -36.9359969 ], [ 174.9121016, -36.9358551 ], [ 174.9119496, -36.935738 ], [ 174.9117587, -36.9356482 ], [ 174.9116546, -36.9356178 ], [ 174.9110439, -36.935519 ], [ 174.9108033, -36.9355329 ], [ 174.9107403, -36.9355157 ], [ 174.9106958, -36.9354855 ], [ 174.9106667, -36.9354448 ], [ 174.9104145, -36.9354193 ], [ 174.9103363, -36.935466 ], [ 174.9102753, -36.9357575 ], [ 174.9106219, -36.9358042 ], [ 174.9106398, -36.9357166 ], [ 174.9111304, -36.9357886 ], [ 174.9114977, -36.9359057 ], [ 174.9118432, -36.9362181 ], [ 174.9120013, -36.9361317 ], [ 174.9121761, -36.9360726 ], [ 174.9122165, -36.9359969 ] ] ], [ [ [ 174.9123829, -36.9358969 ], [ 174.9125973, -36.9360334 ], [ 174.9128787, -36.9361151 ], [ 174.913079, -36.9362176 ], [ 174.9133425, -36.9359035 ], [ 174.9134939, -36.9355155 ], [ 174.9103323, -36.9349377 ], [ 174.9102648, -36.9352643 ], [ 174.9106999, -36.9353084 ], [ 174.9107433, -36.9352807 ], [ 174.9107955, -36.9352659 ], [ 174.9108644, -36.9352676 ], [ 174.9110517, -36.935345 ], [ 174.9112118, -36.935384 ], [ 174.9116597, -36.935451 ], [ 174.9118486, -36.9355029 ], [ 174.9120201, -36.9355792 ], [ 174.9121144, -36.9356363 ], [ 174.9122388, -36.9357344 ], [ 174.9123829, -36.9358969 ] ] ], [ [ [ 174.9095411, -36.9361731 ], [ 174.9097844, -36.9350089 ], [ 174.9098619, -36.9350194 ], [ 174.9099044, -36.9349794 ], [ 174.9099442, -36.9347891 ], [ 174.9098771, -36.9345113 ], [ 174.9098611, -36.9344986 ], [ 174.9097352, -36.9344919 ], [ 174.9097364, -36.9344848 ], [ 174.9096243, -36.9344724 ], [ 174.9092555, -36.9345149 ], [ 174.9091984, -36.934548 ], [ 174.9091646, -36.9346024 ], [ 174.9090971, -36.9348689 ], [ 174.9090873, -36.9350158 ], [ 174.9090942, -36.9352356 ], [ 174.9090808, -36.9353801 ], [ 174.9089321, -36.9360909 ], [ 174.9089876, -36.9361534 ], [ 174.9094637, -36.9362173 ], [ 174.9095411, -36.9361731 ] ] ], [ [ [ 174.9097547, -36.9338002 ], [ 174.9095859, -36.9337866 ], [ 174.9092909, -36.9338135 ], [ 174.9092516, -36.9338353 ], [ 174.9091608, -36.9342689 ], [ 174.909228, -36.9343241 ], [ 174.910062, -36.9342279 ], [ 174.9101713, -36.9337062 ], [ 174.9100703, -36.9336848 ], [ 174.9100093, -36.9337178 ], [ 174.9099897, -36.9337618 ], [ 174.9099322, -36.9337945 ], [ 174.9098527, -36.9338207 ], [ 174.9097547, -36.9338002 ] ] ], [ [ [ 174.9093993, -36.9337224 ], [ 174.909514, -36.9337104 ], [ 174.9096751, -36.9337121 ], [ 174.9096813, -36.9336899 ], [ 174.9097592, -36.933706 ], [ 174.9098275, -36.9337033 ], [ 174.9098873, -36.9336768 ], [ 174.9100517, -36.9335432 ], [ 174.9100842, -36.9334736 ], [ 174.9102151, -36.932948 ], [ 174.910202, -36.9329291 ], [ 174.9096362, -36.9327856 ], [ 174.9096058, -36.9327971 ], [ 174.909529, -36.9329495 ], [ 174.9095602, -36.9330545 ], [ 174.9095489, -36.9331177 ], [ 174.9092661, -36.9336791 ], [ 174.9093993, -36.9337224 ] ] ], [ [ [ 174.9088489, -36.932586 ], [ 174.908791, -36.9326174 ], [ 174.9087578, -36.9328683 ], [ 174.9086952, -36.9329573 ], [ 174.9083719, -36.9333344 ], [ 174.9083779, -36.9333602 ], [ 174.9088838, -36.9336396 ], [ 174.908935, -36.9336272 ], [ 174.9092419, -36.9330181 ], [ 174.909287, -36.9329675 ], [ 174.909402, -36.9329083 ], [ 174.9094709, -36.9327715 ], [ 174.9094517, -36.9327388 ], [ 174.9088489, -36.932586 ] ] ], [ [ [ 174.9083367, -36.9323584 ], [ 174.9080287, -36.9326063 ], [ 174.907717, -36.9329701 ], [ 174.9077219, -36.9329881 ], [ 174.9079993, -36.9331413 ], [ 174.9079936, -36.933148 ], [ 174.9081961, -36.9332598 ], [ 174.908221, -36.9332561 ], [ 174.9085934, -36.9328217 ], [ 174.908617, -36.9325736 ], [ 174.9085911, -36.9325221 ], [ 174.9083611, -36.9323579 ], [ 174.9083367, -36.9323584 ] ] ], [ [ [ 174.9078457, -36.9288412 ], [ 174.907817, -36.928774 ], [ 174.9078845, -36.9286681 ], [ 174.9079568, -36.9286311 ], [ 174.9084567, -36.9287234 ], [ 174.9085119, -36.9286956 ], [ 174.9086093, -36.9283553 ], [ 174.9085743, -36.9283105 ], [ 174.9079065, -36.9281872 ], [ 174.9078678, -36.9281935 ], [ 174.9074893, -36.9284205 ], [ 174.9074423, -36.9285019 ], [ 174.9074393, -36.9285471 ], [ 174.9076352, -36.9290233 ], [ 174.9076486, -36.9290939 ], [ 174.9075307, -36.9293934 ], [ 174.9079531, -36.9293964 ], [ 174.9083178, -36.9293727 ], [ 174.9083111, -36.9293292 ], [ 174.9082712, -36.9292807 ], [ 174.9082638, -36.9292363 ], [ 174.9082929, -36.9291738 ], [ 174.9083348, -36.9291441 ], [ 174.9083877, -36.9291296 ], [ 174.9084536, -36.9288994 ], [ 174.908419, -36.9288551 ], [ 174.9082451, -36.928823 ], [ 174.90822, -36.9289104 ], [ 174.9078457, -36.9288412 ] ] ], [ [ [ 174.909682, -36.9290524 ], [ 174.9096307, -36.9288359 ], [ 174.9096364, -36.9287476 ], [ 174.9096775, -36.9286622 ], [ 174.9097116, -36.9286239 ], [ 174.9098258, -36.9285535 ], [ 174.9098654, -36.9284999 ], [ 174.909911, -36.9279562 ], [ 174.9098808, -36.9279506 ], [ 174.9095572, -36.927974 ], [ 174.9091453, -36.9280717 ], [ 174.9089578, -36.9281039 ], [ 174.9088921, -36.9280918 ], [ 174.9086941, -36.9287832 ], [ 174.90873, -36.9288292 ], [ 174.9090199, -36.9288827 ], [ 174.9091628, -36.9292209 ], [ 174.9094398, -36.9291394 ], [ 174.909682, -36.9290524 ] ] ], [ [ [ 174.9102018, -36.9286983 ], [ 174.9101887, -36.928853 ], [ 174.9103862, -36.9287761 ], [ 174.9107283, -36.9286644 ], [ 174.9109604, -36.928607 ], [ 174.9112429, -36.9285615 ], [ 174.9112948, -36.9285304 ], [ 174.9115349, -36.9276918 ], [ 174.9104267, -36.9274872 ], [ 174.910356, -36.9277339 ], [ 174.9103847, -36.9277707 ], [ 174.9106209, -36.9278143 ], [ 174.9105832, -36.9279461 ], [ 174.9101393, -36.9278712 ], [ 174.9100928, -36.9278868 ], [ 174.9100272, -36.9285533 ], [ 174.9099931, -36.9286147 ], [ 174.9099124, -36.9286825 ], [ 174.9102018, -36.9286983 ] ] ], [ [ [ 174.9082584, -36.9275329 ], [ 174.9082086, -36.9275645 ], [ 174.9081816, -36.9275991 ], [ 174.9080009, -36.9280225 ], [ 174.9080353, -36.9280723 ], [ 174.9086121, -36.9281788 ], [ 174.9086679, -36.9281507 ], [ 174.9088138, -36.9276415 ], [ 174.9087765, -36.9276026 ], [ 174.9084119, -36.9275291 ], [ 174.9083336, -36.927518 ], [ 174.9082584, -36.9275329 ] ] ], [ [ [ 174.8380544, -36.9150063 ], [ 174.8376986, -36.9136866 ], [ 174.837034, -36.9138016 ], [ 174.8354184, -36.9139619 ], [ 174.8353694, -36.9140124 ], [ 174.8355535, -36.9152086 ], [ 174.8356164, -36.915248 ], [ 174.8380544, -36.9150063 ] ] ], [ [ [ 174.8408077, -36.9119772 ], [ 174.8407913, -36.9119727 ], [ 174.8399498, -36.9121249 ], [ 174.839841, -36.9121328 ], [ 174.8397328, -36.9121195 ], [ 174.8396158, -36.912078 ], [ 174.8395326, -36.9120244 ], [ 174.8394568, -36.9119416 ], [ 174.8394238, -36.9118783 ], [ 174.8389451, -36.9119611 ], [ 174.8388086, -36.9119098 ], [ 174.8382398, -36.9120085 ], [ 174.8384477, -36.9127823 ], [ 174.8385027, -36.9127726 ], [ 174.8386655, -36.9133771 ], [ 174.8387545, -36.9134088 ], [ 174.8390188, -36.9133664 ], [ 174.8388427, -36.9127135 ], [ 174.84089, -36.9123536 ], [ 174.8408319, -36.9120047 ], [ 174.8408077, -36.9119772 ] ] ], [ [ [ 174.836712, -36.9120051 ], [ 174.8367589, -36.9126022 ], [ 174.8372849, -36.9125757 ], [ 174.837238, -36.9119786 ], [ 174.836712, -36.9120051 ] ] ], [ [ [ 174.839508, -36.9103489 ], [ 174.8394917, -36.9103792 ], [ 174.8393874, -36.9110964 ], [ 174.839601, -36.9118663 ], [ 174.8396448, -36.9119196 ], [ 174.8397074, -36.9119621 ], [ 174.8397812, -36.9119878 ], [ 174.8398761, -36.911995 ], [ 174.8406806, -36.911852 ], [ 174.84076, -36.9118066 ], [ 174.840808, -36.9117538 ], [ 174.8408378, -36.9116792 ], [ 174.840837, -36.9116138 ], [ 174.8404983, -36.9103995 ], [ 174.8404322, -36.910371 ], [ 174.8395506, -36.9103292 ], [ 174.839508, -36.9103489 ] ] ], [ [ [ 174.836547, -36.9114122 ], [ 174.8361931, -36.911718 ], [ 174.8363212, -36.9118133 ], [ 174.83641, -36.9118388 ], [ 174.8372909, -36.9117943 ], [ 174.8372175, -36.9113164 ], [ 174.8371526, -36.9113196 ], [ 174.8369989, -36.9107493 ], [ 174.8363188, -36.9105494 ], [ 174.836547, -36.9114122 ] ] ], [ [ [ 174.8382527, -36.9097571 ], [ 174.8381977, -36.9097496 ], [ 174.8381543, -36.9097778 ], [ 174.8378543, -36.9102571 ], [ 174.83783, -36.9103579 ], [ 174.8378293, -36.9104871 ], [ 174.8382305, -36.9119766 ], [ 174.8388129, -36.9118756 ], [ 174.8389501, -36.9119268 ], [ 174.8394135, -36.9118467 ], [ 174.8392142, -36.9111032 ], [ 174.8393176, -36.9103932 ], [ 174.839312, -36.9103531 ], [ 174.839285, -36.9103191 ], [ 174.8382527, -36.9097571 ] ] ], [ [ [ 174.8418373, -36.9121868 ], [ 174.8413763, -36.9105017 ], [ 174.8413481, -36.9099641 ], [ 174.8413487, -36.9096291 ], [ 174.8413785, -36.9092771 ], [ 174.8408661, -36.9092518 ], [ 174.8408297, -36.9097295 ], [ 174.840659, -36.9097211 ], [ 174.8406226, -36.9101988 ], [ 174.8406838, -36.9102018 ], [ 174.8410546, -36.9115624 ], [ 174.8410619, -36.9116812 ], [ 174.8410353, -36.9117685 ], [ 174.8409925, -36.9118364 ], [ 174.8410006, -36.9119212 ], [ 174.8410731, -36.9122171 ], [ 174.8410997, -36.9122723 ], [ 174.8411538, -36.9123072 ], [ 174.8418373, -36.9121868 ] ] ], [ [ [ 174.8386109, -36.9091409 ], [ 174.8385292, -36.9091787 ], [ 174.8383109, -36.9095352 ], [ 174.8383153, -36.9095609 ], [ 174.8383403, -36.909586 ], [ 174.8393548, -36.9101364 ], [ 174.8404109, -36.9101884 ], [ 174.8404837, -36.909233 ], [ 174.8386109, -36.9091409 ] ] ] ] } },
{ "type": "Feature", "properties": { "category": "22m" }, "geometry": { "type": "MultiPolygon", "coordinates": [ [ [ [ 174.8599006, -36.8620603 ], [ 174.8595815, -36.8617549 ], [ 174.8598049, -36.8613963 ], [ 174.8596027, -36.861316 ], [ 174.8593573, -36.8617088 ], [ 174.8591404, -36.8617732 ], [ 174.859185, -36.8618507 ], [ 174.8596055, -36.8622519 ], [ 174.8599006, -36.8620603 ] ] ], [ [ [ 174.7154351, -36.7161853 ], [ 174.7153638, -36.7162011 ], [ 174.7156654, -36.7164445 ], [ 174.7157529, -36.7163755 ], [ 174.7158231, -36.7162727 ], [ 174.7157192, -36.7161422 ], [ 174.7156261, -36.7160733 ], [ 174.7155423, -36.716111 ], [ 174.7154351, -36.7161853 ] ] ], [ [ [ 174.7155467, -36.7160737 ], [ 174.7155853, -36.7160641 ], [ 174.7146247, -36.7154434 ], [ 174.7145424, -36.7154354 ], [ 174.714468, -36.7154648 ], [ 174.7144291, -36.7155128 ], [ 174.71447, -36.7157577 ], [ 174.7145325, -36.715851 ], [ 174.7143277, -36.7163437 ], [ 174.714023, -36.7166568 ], [ 174.714103, -36.7167776 ], [ 174.7141482, -36.7167871 ], [ 174.7141917, -36.7168149 ], [ 174.7142271, -36.7168225 ], [ 174.7142471, -36.7168161 ], [ 174.7143286, -36.7167439 ], [ 174.7143697, -36.7166703 ], [ 174.7144462, -36.7166003 ], [ 174.7144739, -36.7165978 ], [ 174.7145329, -36.7166436 ], [ 174.7145784, -36.7166531 ], [ 174.7146362, -36.7166482 ], [ 174.7146586, -36.7166357 ], [ 174.7147026, -36.7165762 ], [ 174.714731, -36.7164967 ], [ 174.7147699, -36.7164353 ], [ 174.7147207, -36.7162617 ], [ 174.7147426, -36.7162289 ], [ 174.7148003, -36.7162199 ], [ 174.7149099, -36.7162751 ], [ 174.7149605, -36.7162845 ], [ 174.7149856, -36.7162821 ], [ 174.7150451, -36.7162407 ], [ 174.7151502, -36.7162087 ], [ 174.7152815, -36.7162251 ], [ 174.715426, -36.716154 ], [ 174.7155467, -36.7160737 ] ] ], [ [ [ 174.7152685, -36.7133177 ], [ 174.7153388, -36.7137594 ], [ 174.7146597, -36.7148509 ], [ 174.7146199, -36.7149638 ], [ 174.714602, -36.715083 ], [ 174.714615, -36.7151213 ], [ 174.7146599, -36.7151606 ], [ 174.7147214, -36.7152766 ], [ 174.7147854, -36.7153446 ], [ 174.7149846, -36.7154762 ], [ 174.7149916, -36.7154692 ], [ 174.7151692, -36.7155737 ], [ 174.7154245, -36.7157024 ], [ 174.7158228, -36.7159691 ], [ 174.7158719, -36.7159702 ], [ 174.7160504, -36.7158103 ], [ 174.7161461, -36.7156993 ], [ 174.7162734, -36.715515 ], [ 174.7165693, -36.7156918 ], [ 174.7168577, -36.7153788 ], [ 174.7171452, -36.7151284 ], [ 174.7172075, -36.7150423 ], [ 174.7172985, -36.7149949 ], [ 174.7178448, -36.7145191 ], [ 174.7178808, -36.714419 ], [ 174.7182486, -36.7142635 ], [ 174.7180555, -36.7140458 ], [ 174.7179355, -36.7135905 ], [ 174.7178186, -36.713256 ], [ 174.7177573, -36.7128562 ], [ 174.7169047, -36.7125776 ], [ 174.7164956, -36.7134927 ], [ 174.7152685, -36.7133177 ] ] ] ] } },
{ "type": "Feature", "properties": { "category": "24m" }, "geometry": { "type": "MultiPolygon", "coordinates": [ [ [ [ 174.7977557, -36.9496481 ], [ 174.7975715, -36.9497086 ], [ 174.7975017, -36.9497486 ], [ 174.7974558, -36.9498015 ], [ 174.7984715, -36.952321 ], [ 174.7987006, -36.9528547 ], [ 174.7999201, -36.9525586 ], [ 174.7998908, -36.9524768 ], [ 174.8008255, -36.9522498 ], [ 174.8008561, -36.9523315 ], [ 174.8023047, -36.9519798 ], [ 174.8030712, -36.9515907 ], [ 174.8019276, -36.9486967 ], [ 174.801673, -36.9487534 ], [ 174.8009203, -36.9492627 ], [ 174.8008163, -36.9490001 ], [ 174.8007938, -36.9490805 ], [ 174.8007629, -36.9491145 ], [ 174.8006111, -36.9491303 ], [ 174.8001232, -36.9490289 ], [ 174.7997671, -36.9489816 ], [ 174.7997222, -36.9490094 ], [ 174.7996685, -36.9490224 ], [ 174.7996302, -36.9490205 ], [ 174.7995823, -36.9490415 ], [ 174.7993659, -36.9490732 ], [ 174.7992572, -36.9491039 ], [ 174.799119, -36.9491248 ], [ 174.7988361, -36.9491452 ], [ 174.7987787, -36.9491691 ], [ 174.7987304, -36.949211 ], [ 174.7986402, -36.9492499 ], [ 174.7985751, -36.949335 ], [ 174.7984715, -36.9494015 ], [ 174.7982892, -36.9494403 ], [ 174.7981964, -36.9494814 ], [ 174.7979847, -36.9494774 ], [ 174.7978975, -36.949517 ], [ 174.79782, -36.9496044 ], [ 174.7977557, -36.9496481 ] ] ], [ [ [ 174.9923201, -36.8976076 ], [ 174.9924719, -36.8977922 ], [ 174.9926623, -36.8979558 ], [ 174.9934497, -36.8973797 ], [ 174.9934399, -36.8959644 ], [ 174.9922491, -36.8953919 ], [ 174.9922514, -36.8964003 ], [ 174.9922416, -36.896498 ], [ 174.992264, -36.8974461 ], [ 174.9923201, -36.8976076 ] ] ], [ [ [ 174.7940929, -36.8903018 ], [ 174.7942239, -36.8903494 ], [ 174.7943135, -36.8903516 ], [ 174.7944154, -36.890328 ], [ 174.7945097, -36.8902832 ], [ 174.7951473, -36.8898704 ], [ 174.7951837, -36.889776 ], [ 174.7949491, -36.8895192 ], [ 174.792734, -36.8878949 ], [ 174.7918974, -36.8887223 ], [ 174.7933989, -36.8898233 ], [ 174.7940929, -36.8903018 ] ] ], [ [ [ 174.7953997, -36.8897052 ], [ 174.7959906, -36.8893218 ], [ 174.7960299, -36.8893532 ], [ 174.7963501, -36.889156 ], [ 174.7962253, -36.8890785 ], [ 174.7962381, -36.8890485 ], [ 174.794425, -36.8879538 ], [ 174.7940824, -36.8877682 ], [ 174.7930759, -36.8872692 ], [ 174.7930547, -36.8872902 ], [ 174.7932443, -36.8873904 ], [ 174.7928765, -36.8877542 ], [ 174.7951178, -36.8893973 ], [ 174.7953997, -36.8897052 ] ] ], [ [ [ 174.7102987, -36.8884435 ], [ 174.7103703, -36.8889141 ], [ 174.7104556, -36.8889339 ], [ 174.7120798, -36.88734 ], [ 174.7134873, -36.8859585 ], [ 174.7131488, -36.885736 ], [ 174.7127961, -36.8860364 ], [ 174.712845, -36.8860686 ], [ 174.7121954, -36.8867061 ], [ 174.7121802, -36.8866961 ], [ 174.7117326, -36.8871117 ], [ 174.7117326, -36.8871117 ], [ 174.7102987, -36.8884435 ] ] ], [ [ [ 174.7139357, -36.8851367 ], [ 174.7132015, -36.8857242 ], [ 174.7135061, -36.8859401 ], [ 174.7141444, -36.8853135 ], [ 174.7141275, -36.8852519 ], [ 174.7139357, -36.8851367 ] ] ], [ [ [ 174.7141708, -36.8852094 ], [ 174.715157, -36.8842412 ], [ 174.7151829, -36.8842583 ], [ 174.7153712, -36.8840734 ], [ 174.7153681, -36.8840601 ], [ 174.7151289, -36.8838983 ], [ 174.7147512, -36.8842939 ], [ 174.7148042, -36.8843287 ], [ 174.7140536, -36.8851044 ], [ 174.7140601, -36.8851429 ], [ 174.7141708, -36.8852094 ] ] ] ] } },
{ "type": "Feature", "properties": { "category": "25m" }, "geometry": { "type": "MultiPolygon", "coordinates": [ [ [ [ 174.7783066, -36.8953966 ], [ 174.7783271, -36.8948933 ], [ 174.7778258, -36.8948888 ], [ 174.7778176, -36.8950768 ], [ 174.7777997, -36.8951319 ], [ 174.7781731, -36.8953806 ], [ 174.7782909, -36.8954366 ], [ 174.7783066, -36.8953966 ] ] ], [ [ [ 174.7784166, -36.895936 ], [ 174.7802528, -36.8966646 ], [ 174.7822424, -36.8931348 ], [ 174.7783592, -36.8932908 ], [ 174.7783095, -36.8937326 ], [ 174.7780235, -36.8937198 ], [ 174.77786, -36.8940237 ], [ 174.7778573, -36.8940913 ], [ 174.7781602, -36.8940989 ], [ 174.7781604, -36.8938786 ], [ 174.7785557, -36.8938695 ], [ 174.778546, -36.8937204 ], [ 174.780467, -36.8936388 ], [ 174.7804678, -36.8936732 ], [ 174.7805011, -36.8936746 ], [ 174.7805095, -36.8938328 ], [ 174.7804478, -36.8938356 ], [ 174.7804418, -36.8938815 ], [ 174.7810373, -36.8938535 ], [ 174.7810687, -36.8943872 ], [ 174.7795019, -36.8944526 ], [ 174.7795493, -36.8953332 ], [ 174.7801946, -36.8955796 ], [ 174.7799106, -36.8960861 ], [ 174.7784747, -36.8955193 ], [ 174.7784145, -36.8956202 ], [ 174.7784005, -36.8956764 ], [ 174.7784271, -36.895769 ], [ 174.778485, -36.8958248 ], [ 174.7784166, -36.895936 ] ] ], [ [ [ 174.7573865, -36.7825466 ], [ 174.7576974, -36.7828049 ], [ 174.7582366, -36.7823849 ], [ 174.7582912, -36.7819513 ], [ 174.7557459, -36.7816604 ], [ 174.7559521, -36.7803313 ], [ 174.7554482, -36.7802708 ], [ 174.7552393, -36.7804706 ], [ 174.7551308, -36.7811734 ], [ 174.7545975, -36.7816413 ], [ 174.7548516, -36.7817343 ], [ 174.7550723, -36.7817708 ], [ 174.754728, -36.7822541 ], [ 174.7545623, -36.7824023 ], [ 174.7545394, -36.7825516 ], [ 174.7547725, -36.7827453 ], [ 174.7540004, -36.7833464 ], [ 174.7548712, -36.7840696 ], [ 174.7550905, -36.7842037 ], [ 174.7551528, -36.7842555 ], [ 174.755169, -36.7843169 ], [ 174.7554165, -36.7845224 ], [ 174.7554818, -36.7845305 ], [ 174.7571949, -36.7831963 ], [ 174.756803, -36.7828707 ], [ 174.7571269, -36.7826185 ], [ 174.7573865, -36.7825466 ] ] ], [ [ [ 174.7576234, -36.7800918 ], [ 174.7575867, -36.7801259 ], [ 174.756849, -36.779614 ], [ 174.7562266, -36.7801869 ], [ 174.757568, -36.7803347 ], [ 174.757543, -36.780513 ], [ 174.7585062, -36.7806252 ], [ 174.7585043, -36.7806374 ], [ 174.7585333, -36.7805209 ], [ 174.7582022, -36.7804934 ], [ 174.7576234, -36.7800918 ] ] ] ] } },
{ "type": "Feature", "properties": { "category": "27m" }, "geometry": { "type": "GeometryCollection", "geometries": [ { "type": "MultiPolygon", "coordinates": [ [ [ [ 174.6554162, -36.9119242 ], [ 174.6555246, -36.9117842 ], [ 174.6552838, -36.911664 ], [ 174.6552315, -36.911832 ], [ 174.6554162, -36.9119242 ] ] ], [ [ [ 174.6546344, -36.9114912 ], [ 174.6545435, -36.9117904 ], [ 174.6549821, -36.9118763 ], [ 174.6550095, -36.9117861 ], [ 174.6551778, -36.9118191 ], [ 174.6552337, -36.911639 ], [ 174.6548173, -36.9114312 ], [ 174.6546344, -36.9114912 ] ] ], [ [ [ 174.6544248, -36.9112354 ], [ 174.6533834, -36.9107155 ], [ 174.6532507, -36.9106912 ], [ 174.6528582, -36.9119857 ], [ 174.6538685, -36.912106 ], [ 174.6539857, -36.912098 ], [ 174.6540741, -36.9120741 ], [ 174.6541634, -36.912029 ], [ 174.6542337, -36.9119659 ], [ 174.6542811, -36.9118903 ], [ 174.6544592, -36.9113029 ], [ 174.6544248, -36.9112354 ] ] ], [ [ [ 174.6498775, -36.9108983 ], [ 174.6496798, -36.911043 ], [ 174.6496964, -36.9111139 ], [ 174.6519927, -36.911824 ], [ 174.6526368, -36.9119502 ], [ 174.6528828, -36.91114 ], [ 174.6522249, -36.9110111 ], [ 174.6521882, -36.9111314 ], [ 174.6502612, -36.9105332 ], [ 174.6498775, -36.9108983 ] ] ], [ [ [ 174.6562808, -36.9114074 ], [ 174.6557411, -36.9112639 ], [ 174.6551537, -36.9110735 ], [ 174.6531934, -36.9104062 ], [ 174.6559796, -36.9117965 ], [ 174.6562808, -36.9114074 ] ] ], [ [ [ 174.6507603, -36.9103856 ], [ 174.651918, -36.9107453 ], [ 174.6525052, -36.9108528 ], [ 174.6524765, -36.9109475 ], [ 174.6528886, -36.9110282 ], [ 174.6529895, -36.9106949 ], [ 174.6529642, -36.9106621 ], [ 174.6525844, -36.9105908 ], [ 174.6525908, -36.9105698 ], [ 174.6519095, -36.9104451 ], [ 174.6507659, -36.9100532 ], [ 174.6504528, -36.9103511 ], [ 174.6507258, -36.9104466 ], [ 174.6507603, -36.9103856 ] ] ], [ [ [ 174.6485697, -36.9104024 ], [ 174.6492557, -36.9106145 ], [ 174.6492345, -36.910657 ], [ 174.6486303, -36.9104523 ], [ 174.6484336, -36.9105963 ], [ 174.648295, -36.9105909 ], [ 174.6479072, -36.9108744 ], [ 174.6482688, -36.9109972 ], [ 174.6481808, -36.9111196 ], [ 174.6479172, -36.91103 ], [ 174.6478499, -36.9111586 ], [ 174.6487629, -36.9114689 ], [ 174.6497147, -36.9107721 ], [ 174.6505072, -36.9100185 ], [ 174.6505083, -36.9099906 ], [ 174.6501169, -36.9098538 ], [ 174.6501285, -36.9098323 ], [ 174.6488494, -36.9093844 ], [ 174.6482483, -36.9092785 ], [ 174.6481256, -36.9097225 ], [ 174.6487905, -36.9098389 ], [ 174.6488466, -36.9098585 ], [ 174.6485697, -36.9104024 ] ] ], [ [ [ 174.6520835, -36.9101296 ], [ 174.6521283, -36.9100529 ], [ 174.6521314, -36.9100092 ], [ 174.6520802, -36.9099912 ], [ 174.6520964, -36.9099641 ], [ 174.6512602, -36.9097396 ], [ 174.6510134, -36.9096554 ], [ 174.6508852, -36.9098974 ], [ 174.6518112, -36.9102134 ], [ 174.6519163, -36.9102258 ], [ 174.6520155, -36.9101953 ], [ 174.6520835, -36.9101296 ] ] ], [ [ [ 174.6524017, -36.9096277 ], [ 174.6523652, -36.9096533 ], [ 174.6524628, -36.9099321 ], [ 174.6526858, -36.9100121 ], [ 174.6528152, -36.9097708 ], [ 174.6524017, -36.9096277 ] ] ], [ [ [ 174.6473747, -36.9091386 ], [ 174.6471906, -36.9095963 ], [ 174.647399, -36.9096733 ], [ 174.6473449, -36.909854 ], [ 174.6477809, -36.9099643 ], [ 174.6479721, -36.9096958 ], [ 174.6480949, -36.9092517 ], [ 174.6475534, -36.9091568 ], [ 174.6473747, -36.9091386 ] ] ], [ [ [ 174.6522075, -36.9098748 ], [ 174.6520813, -36.9095169 ], [ 174.650819, -36.9090802 ], [ 174.6507182, -36.9092681 ], [ 174.6507903, -36.9092931 ], [ 174.6508309, -36.9093986 ], [ 174.6522075, -36.9098748 ] ] ], [ [ [ 174.651291, -36.9090461 ], [ 174.6520021, -36.9092921 ], [ 174.6517334, -36.9085346 ], [ 174.6514226, -36.9086057 ], [ 174.6514642, -36.9087231 ], [ 174.651291, -36.9090461 ] ] ], [ [ [ 174.7492955, -36.862667 ], [ 174.7487996, -36.8630663 ], [ 174.7490782, -36.8632918 ], [ 174.7495789, -36.8628941 ], [ 174.7492955, -36.862667 ] ] ], [ [ [ 174.7496578, -36.8628293 ], [ 174.7507635, -36.8619397 ], [ 174.7504808, -36.8617138 ], [ 174.7493755, -36.8626026 ], [ 174.7496578, -36.8628293 ] ] ], [ [ [ 174.7505606, -36.8616492 ], [ 174.7510609, -36.8620483 ], [ 174.7516968, -36.8615949 ], [ 174.751738, -36.861628 ], [ 174.7519835, -36.8614415 ], [ 174.7514115, -36.8609665 ], [ 174.7505606, -36.8616492 ] ] ], [ [ [ 174.7483726, -36.860383 ], [ 174.7476606, -36.8608282 ], [ 174.7484197, -36.8616129 ], [ 174.7492945, -36.862318 ], [ 174.7499323, -36.8618042 ], [ 174.749097, -36.8611317 ], [ 174.7483726, -36.860383 ] ] ], [ [ [ 174.7500917, -36.861676 ], [ 174.7507287, -36.8611629 ], [ 174.7499447, -36.8605313 ], [ 174.7492631, -36.8598268 ], [ 174.748578, -36.860255 ], [ 174.748572, -36.8602935 ], [ 174.7492673, -36.8610122 ], [ 174.7500917, -36.861676 ] ] ], [ [ [ 174.7501532, -36.8592706 ], [ 174.7494411, -36.8597155 ], [ 174.7501142, -36.8604111 ], [ 174.7508897, -36.8610353 ], [ 174.7515281, -36.8605221 ], [ 174.7507919, -36.8599303 ], [ 174.7501532, -36.8592706 ] ] ], [ [ [ 174.7475221, -36.8606846 ], [ 174.7482344, -36.8602397 ], [ 174.7472652, -36.8592382 ], [ 174.746553, -36.8596832 ], [ 174.7475221, -36.8606846 ] ] ], [ [ [ 174.7491245, -36.8596836 ], [ 174.7481556, -36.8586819 ], [ 174.7474433, -36.8591269 ], [ 174.7484124, -36.8601288 ], [ 174.7491245, -36.8596836 ] ] ], [ [ [ 174.7329829, -36.8547726 ], [ 174.732806, -36.8545313 ], [ 174.7317077, -36.8550061 ], [ 174.7321952, -36.8556941 ], [ 174.7332439, -36.8552268 ], [ 174.7331086, -36.8550994 ], [ 174.7332574, -36.8550314 ], [ 174.7329829, -36.8547726 ] ] ], [ [ [ 174.6537366, -36.8420902 ], [ 174.6534386, -36.8418722 ], [ 174.6529108, -36.8416601 ], [ 174.6528691, -36.8422233 ], [ 174.6518463, -36.8421744 ], [ 174.6517481, -36.8434998 ], [ 174.6539096, -36.8424171 ], [ 174.6539314, -36.8423414 ], [ 174.6537366, -36.8420902 ] ] ], [ [ [ 174.7252154, -36.8121853 ], [ 174.72508, -36.8128991 ], [ 174.7260025, -36.8131001 ], [ 174.7262442, -36.8123914 ], [ 174.7262387, -36.8123516 ], [ 174.7261962, -36.8123201 ], [ 174.7261335, -36.8122992 ], [ 174.7252154, -36.8121853 ] ] ], [ [ [ 174.7234723, -36.8101459 ], [ 174.7230847, -36.810238 ], [ 174.7223729, -36.8105219 ], [ 174.7223508, -36.8105528 ], [ 174.7222596, -36.8105532 ], [ 174.7215319, -36.8108715 ], [ 174.721179, -36.8110259 ], [ 174.7213235, -36.811153 ], [ 174.7210389, -36.8111646 ], [ 174.7209186, -36.8112107 ], [ 174.720935, -36.8114739 ], [ 174.7215745, -36.8115528 ], [ 174.7220747, -36.8116146 ], [ 174.7220579, -36.811302 ], [ 174.7219144, -36.8112843 ], [ 174.7219221, -36.8112016 ], [ 174.7215535, -36.8112165 ], [ 174.721533, -36.8108901 ], [ 174.7223677, -36.8108563 ], [ 174.7224133, -36.8116565 ], [ 174.7260368, -36.8121028 ], [ 174.7261408, -36.8120041 ], [ 174.7260375, -36.8117511 ], [ 174.7259997, -36.8117464 ], [ 174.7259353, -36.8115886 ], [ 174.7259732, -36.8115933 ], [ 174.7259031, -36.8114213 ], [ 174.7258706, -36.8114299 ], [ 174.7258003, -36.8112577 ], [ 174.7258328, -36.8112491 ], [ 174.7257767, -36.8111231 ], [ 174.725739, -36.8110969 ], [ 174.7256804, -36.8110886 ], [ 174.7254013, -36.8111607 ], [ 174.7253747, -36.8110955 ], [ 174.7251792, -36.811075 ], [ 174.7256169, -36.8109587 ], [ 174.7256562, -36.8109342 ], [ 174.7256742, -36.8109055 ], [ 174.7256728, -36.8108576 ], [ 174.7255382, -36.8105289 ], [ 174.7255026, -36.8105303 ], [ 174.725486, -36.8104347 ], [ 174.7254142, -36.8103339 ], [ 174.7252899, -36.8102103 ], [ 174.7251985, -36.8101889 ], [ 174.7243499, -36.8101318 ], [ 174.7243455, -36.8101503 ], [ 174.7238446, -36.8101246 ], [ 174.7234723, -36.8101459 ] ] ], [ [ [ 174.7444544, -36.8020266 ], [ 174.7453456, -36.8021076 ], [ 174.7453132, -36.8020153 ], [ 174.7453514, -36.8017423 ], [ 174.7445368, -36.8016684 ], [ 174.7444985, -36.8019414 ], [ 174.7444667, -36.8019385 ], [ 174.7444544, -36.8020266 ] ] ], [ [ [ 174.7459945, -36.8023095 ], [ 174.7471236, -36.801433 ], [ 174.7465911, -36.8009893 ], [ 174.7456686, -36.8015398 ], [ 174.7455668, -36.8015305 ], [ 174.745506, -36.8019645 ], [ 174.7459219, -36.8023086 ], [ 174.7459945, -36.8023095 ] ] ], [ [ [ 174.7446438, -36.8006738 ], [ 174.7445241, -36.8015291 ], [ 174.7453705, -36.8016058 ], [ 174.7454276, -36.8011983 ], [ 174.74533, -36.8010576 ], [ 174.7449959, -36.8007056 ], [ 174.7446438, -36.8006738 ] ] ], [ [ [ 174.744669, -36.8004936 ], [ 174.74507, -36.8005299 ], [ 174.7450966, -36.8005128 ], [ 174.7455189, -36.800958 ], [ 174.7457268, -36.8012579 ], [ 174.7464726, -36.8009235 ], [ 174.7464325, -36.8008657 ], [ 174.7466, -36.8007357 ], [ 174.7465688, -36.8007097 ], [ 174.7468297, -36.8005071 ], [ 174.7467039, -36.8002095 ], [ 174.7459167, -36.8004255 ], [ 174.7452469, -36.8004164 ], [ 174.7452808, -36.8001746 ], [ 174.7453365, -36.8001796 ], [ 174.7454068, -36.7996782 ], [ 174.7453511, -36.7996732 ], [ 174.7453229, -36.7998176 ], [ 174.7452865, -36.7998569 ], [ 174.7452337, -36.7998815 ], [ 174.7447609, -36.7998386 ], [ 174.744669, -36.8004936 ] ] ], [ [ [ 174.7221442, -36.7833571 ], [ 174.7220283, -36.7833834 ], [ 174.7216957, -36.7835134 ], [ 174.7216564, -36.7836052 ], [ 174.7220071, -36.7841834 ], [ 174.7224722, -36.7843177 ], [ 174.7226021, -36.7844861 ], [ 174.7230013, -36.7844597 ], [ 174.7233507, -36.7840363 ], [ 174.7231687, -36.7834274 ], [ 174.7229125, -36.7834431 ], [ 174.7227272, -36.7834405 ], [ 174.7225441, -36.7834175 ], [ 174.7222845, -36.7833588 ], [ 174.7221442, -36.7833571 ] ] ], [ [ [ 174.7214203, -36.7832158 ], [ 174.7215697, -36.7833348 ], [ 174.7215909, -36.7833406 ], [ 174.7220156, -36.7831832 ], [ 174.7221597, -36.7831627 ], [ 174.7223007, -36.7831664 ], [ 174.7223207, -36.7830971 ], [ 174.722356, -36.7830926 ], [ 174.7225227, -36.7831749 ], [ 174.7225115, -36.783206 ], [ 174.7225694, -36.783215 ], [ 174.7226046, -36.7832428 ], [ 174.7228598, -36.7832632 ], [ 174.7232173, -36.7832426 ], [ 174.7234444, -36.7820239 ], [ 174.7234349, -36.7820206 ], [ 174.7235272, -36.7818514 ], [ 174.7238098, -36.7819508 ], [ 174.7240009, -36.7816003 ], [ 174.7228175, -36.7811822 ], [ 174.7227433, -36.7812055 ], [ 174.7223682, -36.781073 ], [ 174.7222703, -36.7812525 ], [ 174.7218227, -36.7810949 ], [ 174.7215781, -36.7815486 ], [ 174.7213872, -36.7814816 ], [ 174.7211879, -36.7818514 ], [ 174.7211749, -36.7820007 ], [ 174.7210388, -36.7822355 ], [ 174.7210561, -36.7826149 ], [ 174.7214203, -36.7832158 ] ] ], [ [ [ 174.6960962, -36.587814 ], [ 174.6959278, -36.5874244 ], [ 174.6942475, -36.587897 ], [ 174.6944157, -36.5882861 ], [ 174.6960962, -36.587814 ] ] ], [ [ [ 174.6940158, -36.5873341 ], [ 174.6940347, -36.5873287 ], [ 174.6942028, -36.5877179 ], [ 174.6957913, -36.5872714 ], [ 174.6954544, -36.5864933 ], [ 174.6938477, -36.586945 ], [ 174.6940158, -36.5873341 ] ] ], [ [ [ 174.6932563, -36.5863061 ], [ 174.6934923, -36.5868525 ], [ 174.6953704, -36.5863252 ], [ 174.695137, -36.5857849 ], [ 174.6932563, -36.5863061 ] ] ], [ [ [ 174.7761194, -36.9122305 ], [ 174.7759977, -36.9126114 ], [ 174.7759673, -36.9125958 ], [ 174.7757638, -36.9132457 ], [ 174.7762082, -36.9133335 ], [ 174.7766591, -36.913186 ], [ 174.7763544, -36.9125823 ], [ 174.7763183, -36.912602 ], [ 174.7761394, -36.9122294 ], [ 174.7761194, -36.9122305 ] ] ], [ [ [ 174.7740997, -36.9121759 ], [ 174.774481, -36.9122533 ], [ 174.774392, -36.9125327 ], [ 174.7750905, -36.9126744 ], [ 174.7749734, -36.9130404 ], [ 174.7755546, -36.9131582 ], [ 174.7757704, -36.9124831 ], [ 174.7752411, -36.9123758 ], [ 174.7751969, -36.9123412 ], [ 174.7741167, -36.9121225 ], [ 174.7740997, -36.9121759 ] ] ], [ [ [ 174.7775785, -36.9129082 ], [ 174.7775442, -36.9128422 ], [ 174.7774158, -36.9128108 ], [ 174.7775436, -36.9124017 ], [ 174.7763737, -36.9121382 ], [ 174.7768514, -36.9130871 ], [ 174.7775785, -36.9129082 ] ] ], [ [ [ 174.7757874, -36.9124299 ], [ 174.7759141, -36.9120346 ], [ 174.7753844, -36.9119272 ], [ 174.775376, -36.9119538 ], [ 174.7749232, -36.9118621 ], [ 174.7749318, -36.9118355 ], [ 174.7742521, -36.9116977 ], [ 174.7741334, -36.9120697 ], [ 174.7752658, -36.9122984 ], [ 174.7753101, -36.9123331 ], [ 174.7757874, -36.9124299 ] ] ], [ [ [ 174.7775128, -36.9114972 ], [ 174.7765447, -36.9119652 ], [ 174.7765499, -36.9119894 ], [ 174.777635, -36.9122313 ], [ 174.7775128, -36.9114972 ] ] ], [ [ [ 174.7740332, -36.9116533 ], [ 174.7728932, -36.9114218 ], [ 174.7727608, -36.91182 ], [ 174.7739062, -36.9120521 ], [ 174.7740332, -36.9116533 ] ] ], [ [ [ 174.7775627, -36.9112617 ], [ 174.7772166, -36.9107976 ], [ 174.777021, -36.9108918 ], [ 174.776675, -36.9104245 ], [ 174.7764682, -36.910524 ], [ 174.7759155, -36.9106155 ], [ 174.775961, -36.910793 ], [ 174.7760259, -36.9107823 ], [ 174.7760852, -36.9110083 ], [ 174.776019, -36.9110193 ], [ 174.7761791, -36.9116431 ], [ 174.7762461, -36.911632 ], [ 174.776294, -36.9118188 ], [ 174.7763237, -36.9118293 ], [ 174.7767504, -36.9116241 ], [ 174.7767577, -36.9116526 ], [ 174.7775627, -36.9112617 ] ] ], [ [ [ 174.7736107, -36.9100633 ], [ 174.7732285, -36.911275 ], [ 174.7744878, -36.9115303 ], [ 174.7744795, -36.9115565 ], [ 174.7759307, -36.9118505 ], [ 174.7759678, -36.9118169 ], [ 174.77587, -36.9113954 ], [ 174.7754893, -36.9113207 ], [ 174.7754734, -36.9113329 ], [ 174.77549, -36.9113981 ], [ 174.7754459, -36.9113895 ], [ 174.7753707, -36.9110936 ], [ 174.7754148, -36.9111022 ], [ 174.7754561, -36.911265 ], [ 174.7754802, -36.911285 ], [ 174.7758618, -36.9113599 ], [ 174.7753683, -36.9092596 ], [ 174.7748834, -36.9093294 ], [ 174.7747252, -36.9092974 ], [ 174.7746474, -36.9096699 ], [ 174.7742375, -36.909587 ], [ 174.7740584, -36.9101541 ], [ 174.7736107, -36.9100633 ] ] ], [ [ [ 174.776385, -36.9103526 ], [ 174.7767525, -36.910176 ], [ 174.7764128, -36.9097199 ], [ 174.7757825, -36.9100334 ], [ 174.7758749, -36.9104376 ], [ 174.776385, -36.9103526 ] ] ], [ [ [ 174.7757756, -36.9100045 ], [ 174.7765329, -36.909628 ], [ 174.7764377, -36.9095147 ], [ 174.7763889, -36.9093633 ], [ 174.7762657, -36.9092169 ], [ 174.7757138, -36.9095161 ], [ 174.7756775, -36.909586 ], [ 174.7757756, -36.9100045 ] ] ], [ [ [ 174.7744916, -36.9086588 ], [ 174.7744696, -36.9088376 ], [ 174.7744064, -36.9090454 ], [ 174.7748913, -36.9091441 ], [ 174.7753299, -36.9090797 ], [ 174.7752073, -36.9085569 ], [ 174.7744916, -36.9086588 ] ] ], [ [ [ 174.7762527, -36.9084945 ], [ 174.7761544, -36.9083775 ], [ 174.7754799, -36.9087428 ], [ 174.7756111, -36.9093029 ], [ 174.7756682, -36.909322 ], [ 174.7761668, -36.9090517 ], [ 174.7759703, -36.9088178 ], [ 174.7759447, -36.9088317 ], [ 174.7758563, -36.9087264 ], [ 174.7762527, -36.9084945 ] ] ], [ [ [ 174.7563273, -36.9079513 ], [ 174.7561708, -36.9083369 ], [ 174.7561979, -36.9085898 ], [ 174.7559505, -36.9091993 ], [ 174.7562474, -36.9091741 ], [ 174.7562022, -36.9092231 ], [ 174.7566244, -36.9091921 ], [ 174.7565735, -36.9088203 ], [ 174.7572146, -36.9081247 ], [ 174.7563273, -36.9079513 ] ] ], [ [ [ 174.7561034, -36.9083282 ], [ 174.7562616, -36.9079385 ], [ 174.7550621, -36.9077043 ], [ 174.7544098, -36.9093107 ], [ 174.7546743, -36.90938 ], [ 174.7547837, -36.9093872 ], [ 174.7558564, -36.9092565 ], [ 174.7561292, -36.9085846 ], [ 174.7561035, -36.9084149 ], [ 174.7561034, -36.9083282 ] ] ], [ [ [ 174.7778573, -36.8940913 ], [ 174.7778258, -36.8948888 ], [ 174.7783271, -36.8948933 ], [ 174.7783066, -36.8953966 ], [ 174.7782629, -36.8954867 ], [ 174.778339, -36.8955168 ], [ 174.7783693, -36.8954681 ], [ 174.7785537, -36.8955537 ], [ 174.7786707, -36.8937186 ], [ 174.778546, -36.8937204 ], [ 174.7785557, -36.8938695 ], [ 174.7781604, -36.8938786 ], [ 174.7781602, -36.8940989 ], [ 174.7778573, -36.8940913 ] ] ], [ [ [ 174.7763442, -36.8743237 ], [ 174.7763009, -36.8743162 ], [ 174.7761828, -36.8747635 ], [ 174.7762612, -36.8748576 ], [ 174.7764857, -36.8748976 ], [ 174.7763887, -36.8752595 ], [ 174.7770295, -36.8753689 ], [ 174.7769761, -36.8740627 ], [ 174.7764402, -36.8739701 ], [ 174.7763442, -36.8743237 ] ] ], [ [ [ 174.775639, -36.872907 ], [ 174.7755014, -36.8731101 ], [ 174.7754029, -36.873067 ], [ 174.7755247, -36.8728874 ], [ 174.7749238, -36.8727842 ], [ 174.7748885, -36.8728218 ], [ 174.7748056, -36.873133 ], [ 174.7750483, -36.8731747 ], [ 174.774942, -36.8735872 ], [ 174.7753688, -36.8736591 ], [ 174.7753838, -36.8736026 ], [ 174.7769665, -36.8738789 ], [ 174.7769248, -36.8731278 ], [ 174.775639, -36.872907 ] ], [ [ 174.7767647, -36.8735943 ], [ 174.7766629, -36.8735565 ], [ 174.7767814, -36.8733504 ], [ 174.7768831, -36.8733884 ], [ 174.7767647, -36.8735943 ] ], [ [ 174.7761321, -36.8733602 ], [ 174.7760307, -36.8733217 ], [ 174.7761522, -36.8731153 ], [ 174.7762539, -36.8731533 ], [ 174.7761321, -36.8733602 ] ] ], [ [ [ 174.779078, -36.8710065 ], [ 174.779429, -36.8707561 ], [ 174.7791152, -36.8704819 ], [ 174.7787697, -36.8707393 ], [ 174.779078, -36.8710065 ] ] ], [ [ [ 174.7744226, -36.8691241 ], [ 174.7742651, -36.8696066 ], [ 174.7748589, -36.8697362 ], [ 174.7750187, -36.8692433 ], [ 174.7744226, -36.8691241 ] ] ], [ [ [ 174.7785421, -36.8650776 ], [ 174.778538, -36.8650538 ], [ 174.777644, -36.8648631 ], [ 174.7774976, -36.8653425 ], [ 174.7781052, -36.8654685 ], [ 174.7785421, -36.8650776 ] ] ], [ [ [ 174.7797782, -36.8639633 ], [ 174.7771798, -36.8633785 ], [ 174.776639, -36.8651607 ], [ 174.7773656, -36.8653142 ], [ 174.7776418, -36.864416 ], [ 174.7777746, -36.8644452 ], [ 174.777678, -36.8647567 ], [ 174.7786632, -36.8649686 ], [ 174.7797782, -36.8639633 ] ] ], [ [ [ 174.7741681, -36.8646436 ], [ 174.7765068, -36.8651325 ], [ 174.7770471, -36.863349 ], [ 174.7768821, -36.8633144 ], [ 174.7751762, -36.864277 ], [ 174.7741681, -36.8646436 ] ] ], [ [ [ 174.7669846, -36.8594754 ], [ 174.7665789, -36.8599108 ], [ 174.7666255, -36.8599391 ], [ 174.7665663, -36.8600025 ], [ 174.7669153, -36.860213 ], [ 174.7677067, -36.8593687 ], [ 174.7672911, -36.8591161 ], [ 174.7669953, -36.8594819 ], [ 174.7669846, -36.8594754 ] ] ], [ [ [ 174.7680514, -36.8582133 ], [ 174.767829, -36.8584117 ], [ 174.7675842, -36.8586548 ], [ 174.7676205, -36.8586768 ], [ 174.7673195, -36.8589969 ], [ 174.7677899, -36.8592829 ], [ 174.7686405, -36.8583759 ], [ 174.7691651, -36.8573139 ], [ 174.7688386, -36.8572183 ], [ 174.7682639, -36.8580232 ], [ 174.7680985, -36.8581733 ], [ 174.7681412, -36.8581992 ], [ 174.7680514, -36.8582133 ] ] ], [ [ [ 174.7693179, -36.8570045 ], [ 174.7690836, -36.85693 ], [ 174.7688733, -36.8571704 ], [ 174.7691901, -36.8572632 ], [ 174.7693179, -36.8570045 ] ] ], [ [ [ 174.7707992, -36.856155 ], [ 174.7704498, -36.8560288 ], [ 174.7704926, -36.855966 ], [ 174.7700698, -36.856269 ], [ 174.7700088, -36.8563647 ], [ 174.7699714, -36.8563512 ], [ 174.7692111, -36.8578944 ], [ 174.7694137, -36.8579673 ], [ 174.7694647, -36.8579788 ], [ 174.7695633, -36.8579798 ], [ 174.7699625, -36.857925 ], [ 174.7700621, -36.857895 ], [ 174.770012, -36.8578534 ], [ 174.7699617, -36.8577339 ], [ 174.7699788, -36.8576494 ], [ 174.7700124, -36.8575961 ], [ 174.7700114, -36.8575727 ], [ 174.7700745, -36.85743 ], [ 174.7700791, -36.857272 ], [ 174.7701592, -36.8572354 ], [ 174.770302, -36.8569428 ], [ 174.7707992, -36.856155 ] ] ], [ [ [ 174.7789029, -36.8551752 ], [ 174.7790532, -36.8551144 ], [ 174.7790622, -36.8549897 ], [ 174.7790822, -36.8549817 ], [ 174.7789593, -36.8547853 ], [ 174.7786659, -36.8548973 ], [ 174.7787921, -36.855099 ], [ 174.7789989, -36.8555461 ], [ 174.779107, -36.8555013 ], [ 174.7789029, -36.8551752 ] ] ], [ [ [ 174.77974, -36.855179 ], [ 174.7796932, -36.8550744 ], [ 174.7796275, -36.8549726 ], [ 174.7794754, -36.8548231 ], [ 174.7791589, -36.8549491 ], [ 174.7793953, -36.8553349 ], [ 174.77974, -36.855179 ] ] ], [ [ [ 174.7789404, -36.8547552 ], [ 174.778758, -36.8544638 ], [ 174.7784601, -36.8545774 ], [ 174.778649, -36.8548705 ], [ 174.7789404, -36.8547552 ] ] ], [ [ [ 174.7786883, -36.8541498 ], [ 174.7786629, -36.8541593 ], [ 174.7791227, -36.8548934 ], [ 174.7794229, -36.8547745 ], [ 174.7787857, -36.853741 ], [ 174.7787403, -36.8537282 ], [ 174.7784588, -36.8538372 ], [ 174.7785593, -36.8539978 ], [ 174.7785867, -36.8539875 ], [ 174.7786883, -36.8541498 ] ] ], [ [ [ 174.7778513, -36.8533655 ], [ 174.7777294, -36.8533501 ], [ 174.7765764, -36.8526499 ], [ 174.7767135, -36.8529833 ], [ 174.7767984, -36.8530952 ], [ 174.7769664, -36.8535601 ], [ 174.7772533, -36.8538838 ], [ 174.777515, -36.8542793 ], [ 174.7783012, -36.854547 ], [ 174.7787073, -36.8543828 ], [ 174.7784157, -36.8539172 ], [ 174.777979, -36.8533461 ], [ 174.7779463, -36.8533369 ], [ 174.7778513, -36.8533655 ] ] ], [ [ [ 174.7788231, -36.8536028 ], [ 174.7786379, -36.8533155 ], [ 174.7785063, -36.8533723 ], [ 174.7783806, -36.8531695 ], [ 174.7781548, -36.8532605 ], [ 174.7781266, -36.8532889 ], [ 174.7781165, -36.8533243 ], [ 174.7781318, -36.8533679 ], [ 174.7783794, -36.8536911 ], [ 174.778423, -36.8537224 ], [ 174.778501, -36.8537255 ], [ 174.7788231, -36.8536028 ] ] ], [ [ [ 174.7756985, -36.8522057 ], [ 174.7756368, -36.8522318 ], [ 174.7756539, -36.8525067 ], [ 174.7758545, -36.8526306 ], [ 174.7759427, -36.8528173 ], [ 174.7761208, -36.853035 ], [ 174.7763338, -36.8531109 ], [ 174.7764308, -36.8530745 ], [ 174.7761828, -36.8525647 ], [ 174.7759346, -36.851961 ], [ 174.7756985, -36.8522057 ] ] ], [ [ [ 174.8411864, -36.9423261 ], [ 174.8408398, -36.9419662 ], [ 174.8400953, -36.9423556 ], [ 174.8404036, -36.9427352 ], [ 174.8411864, -36.9423261 ] ] ], [ [ [ 174.8407254, -36.941257 ], [ 174.8398232, -36.9403132 ], [ 174.8397271, -36.9403028 ], [ 174.8393266, -36.940547 ], [ 174.8389325, -36.9407514 ], [ 174.8393899, -36.9413193 ], [ 174.8398161, -36.9410985 ], [ 174.8402234, -36.9415245 ], [ 174.8407254, -36.941257 ] ] ], [ [ [ 174.7837118, -36.9264301 ], [ 174.7838261, -36.9265067 ], [ 174.783932, -36.9265172 ], [ 174.7849179, -36.9264335 ], [ 174.7851911, -36.9261936 ], [ 174.785223, -36.9260182 ], [ 174.7847705, -36.9260536 ], [ 174.7846977, -36.9255117 ], [ 174.7844732, -36.9255312 ], [ 174.7844488, -36.9253497 ], [ 174.783999, -36.9253877 ], [ 174.7839935, -36.9253468 ], [ 174.7836939, -36.9253721 ], [ 174.7836994, -36.925413 ], [ 174.7836142, -36.9254202 ], [ 174.7835565, -36.9254776 ], [ 174.7836665, -36.926297 ], [ 174.7837015, -36.9263366 ], [ 174.7837118, -36.9264301 ] ] ], [ [ [ 174.7851854, -36.9257811 ], [ 174.7852414, -36.9257757 ], [ 174.7852799, -36.9260185 ], [ 174.7852443, -36.926214 ], [ 174.7850027, -36.9264262 ], [ 174.78565, -36.9263707 ], [ 174.7857108, -36.9263103 ], [ 174.7855715, -36.9252575 ], [ 174.7851542, -36.9252926 ], [ 174.7851297, -36.9253603 ], [ 174.7851854, -36.9257811 ] ] ], [ [ [ 174.7866348, -36.9261765 ], [ 174.7866787, -36.9262858 ], [ 174.7867638, -36.926435 ], [ 174.7879522, -36.9265678 ], [ 174.7880126, -36.9265208 ], [ 174.7878252, -36.925097 ], [ 174.7873248, -36.9251417 ], [ 174.7868884, -36.9253864 ], [ 174.7866964, -36.9255837 ], [ 174.7866103, -36.9258328 ], [ 174.7866019, -36.9259484 ], [ 174.7866073, -36.926063 ], [ 174.7866348, -36.9261765 ] ] ], [ [ [ 174.7871441, -36.9250392 ], [ 174.7867358, -36.9250751 ], [ 174.7867343, -36.9250641 ], [ 174.7860827, -36.925118 ], [ 174.7859176, -36.9251642 ], [ 174.7858273, -36.9251724 ], [ 174.7857898, -36.9251866 ], [ 174.7859312, -36.9262612 ], [ 174.7860437, -36.9263545 ], [ 174.7866328, -36.9264204 ], [ 174.7864778, -36.9260578 ], [ 174.7865079, -36.9257978 ], [ 174.7866532, -36.9254756 ], [ 174.7869148, -36.92524 ], [ 174.7871441, -36.9251287 ], [ 174.787267, -36.9250832 ], [ 174.7872581, -36.9250197 ], [ 174.7871713, -36.9250271 ], [ 174.7871441, -36.9250392 ] ] ], [ [ [ 174.7834177, -36.9244488 ], [ 174.7835132, -36.9251607 ], [ 174.783554, -36.9251821 ], [ 174.7836568, -36.9251927 ], [ 174.7855432, -36.9250364 ], [ 174.785489, -36.9246325 ], [ 174.7840259, -36.9247539 ], [ 174.7839781, -36.9244002 ], [ 174.7834177, -36.9244488 ] ] ], [ [ [ 174.7854512, -36.9243317 ], [ 174.7849798, -36.9243714 ], [ 174.7850207, -36.924638 ], [ 174.785485, -36.9245997 ], [ 174.7854512, -36.9243317 ] ] ], [ [ [ 174.786674, -36.9239893 ], [ 174.7866304, -36.923724 ], [ 174.7862892, -36.9237533 ], [ 174.78637, -36.9243542 ], [ 174.7867016, -36.9243264 ], [ 174.7866749, -36.9241233 ], [ 174.786674, -36.9239893 ] ] ], [ [ [ 174.7859353, -36.9234091 ], [ 174.7858762, -36.9229698 ], [ 174.7855021, -36.9230016 ], [ 174.7857638, -36.9249877 ], [ 174.7863083, -36.9249416 ], [ 174.7861345, -36.9236281 ], [ 174.7859353, -36.9234091 ] ] ], [ [ [ 174.7838666, -36.9239534 ], [ 174.783814, -36.9235319 ], [ 174.7838515, -36.9235282 ], [ 174.7838001, -36.9231458 ], [ 174.7832893, -36.923189 ], [ 174.7832593, -36.9232187 ], [ 174.7834044, -36.9243496 ], [ 174.7838635, -36.9243098 ], [ 174.7838175, -36.9239569 ], [ 174.7838666, -36.9239534 ] ] ], [ [ [ 174.7846632, -36.9242304 ], [ 174.784512, -36.9230855 ], [ 174.7839362, -36.9231343 ], [ 174.7840875, -36.9242802 ], [ 174.7846632, -36.9242304 ] ] ], [ [ [ 174.7847162, -36.9230682 ], [ 174.7848397, -36.9239951 ], [ 174.7850245, -36.9239796 ], [ 174.785059, -36.9242443 ], [ 174.7854356, -36.9242126 ], [ 174.7852776, -36.9230207 ], [ 174.7847162, -36.9230682 ] ] ], [ [ [ 174.7861338, -36.9233517 ], [ 174.7860803, -36.9229526 ], [ 174.785962, -36.9229626 ], [ 174.7860159, -36.9233613 ], [ 174.7861338, -36.9233517 ] ] ], [ [ [ 174.7836849, -36.9229733 ], [ 174.7835761, -36.9221681 ], [ 174.7831177, -36.9222057 ], [ 174.783225, -36.9230121 ], [ 174.7836849, -36.9229733 ] ] ], [ [ [ 174.7857128, -36.9219896 ], [ 174.7858712, -36.9219784 ], [ 174.7858526, -36.9218112 ], [ 174.785352, -36.9218526 ], [ 174.7854787, -36.9228219 ], [ 174.7858184, -36.9227924 ], [ 174.7857128, -36.9219896 ] ] ], [ [ [ 174.7845112, -36.9214986 ], [ 174.7846373, -36.9224658 ], [ 174.7844673, -36.9224806 ], [ 174.784323, -36.9213739 ], [ 174.7836544, -36.9214322 ], [ 174.783855, -36.9229588 ], [ 174.7852538, -36.9228382 ], [ 174.7850574, -36.92134 ], [ 174.7846158, -36.9213785 ], [ 174.7845112, -36.9214986 ] ] ], [ [ [ 174.7859597, -36.9220598 ], [ 174.7859776, -36.9220642 ], [ 174.7859744, -36.9220728 ], [ 174.7859564, -36.9220684 ], [ 174.785894, -36.9222336 ], [ 174.7859116, -36.9222381 ], [ 174.7859091, -36.9222466 ], [ 174.7858895, -36.9222457 ], [ 174.7858827, -36.9222951 ], [ 174.7859026, -36.9224082 ], [ 174.7859194, -36.9224074 ], [ 174.7859204, -36.9224194 ], [ 174.7859048, -36.9224206 ], [ 174.7859532, -36.9227809 ], [ 174.7875056, -36.9226487 ], [ 174.7872462, -36.9206767 ], [ 174.7871898, -36.9206399 ], [ 174.7858048, -36.920754 ], [ 174.7859232, -36.9216997 ], [ 174.7859673, -36.9216961 ], [ 174.7859813, -36.9218054 ], [ 174.7859419, -36.9218084 ], [ 174.7859452, -36.921837 ], [ 174.7859642, -36.9218356 ], [ 174.7859652, -36.9218446 ], [ 174.7859462, -36.921846 ], [ 174.7859597, -36.9220598 ] ] ], [ [ [ 174.78347, -36.9213043 ], [ 174.7843548, -36.921233 ], [ 174.7843109, -36.9209078 ], [ 174.7838607, -36.9209458 ], [ 174.7838576, -36.9209184 ], [ 174.7834291, -36.9209546 ], [ 174.7834318, -36.9209806 ], [ 174.783198, -36.9210029 ], [ 174.7831923, -36.9209746 ], [ 174.7829781, -36.9209926 ], [ 174.782958, -36.9210125 ], [ 174.7830647, -36.9218068 ], [ 174.7835256, -36.9217681 ], [ 174.78347, -36.9213043 ] ] ], [ [ [ 174.7853419, -36.9217748 ], [ 174.7858414, -36.9217355 ], [ 174.7857884, -36.9212436 ], [ 174.7857226, -36.9207884 ], [ 174.7852188, -36.9208301 ], [ 174.7853419, -36.9217748 ] ] ], [ [ [ 174.784498, -36.921276 ], [ 174.7844825, -36.9212773 ], [ 174.7844931, -36.9213591 ], [ 174.7850536, -36.9213103 ], [ 174.784992, -36.9208336 ], [ 174.7849771, -36.9208239 ], [ 174.7844447, -36.9208689 ], [ 174.784498, -36.921276 ] ] ], [ [ [ 174.839093, -36.9207568 ], [ 174.839092, -36.9208922 ], [ 174.8390632, -36.9210027 ], [ 174.8390122, -36.9211034 ], [ 174.8387785, -36.9213702 ], [ 174.8387302, -36.921441 ], [ 174.8386829, -36.9215559 ], [ 174.8386678, -36.9216561 ], [ 174.8386795, -36.9217767 ], [ 174.8387234, -36.9218924 ], [ 174.8387829, -36.9219812 ], [ 174.8388783, -36.9220377 ], [ 174.8390209, -36.9220256 ], [ 174.8403108, -36.9213405 ], [ 174.840339, -36.9212797 ], [ 174.8400775, -36.9201714 ], [ 174.8397948, -36.9196171 ], [ 174.8395057, -36.9193795 ], [ 174.8391017, -36.9191569 ], [ 174.838523, -36.9187607 ], [ 174.8380021, -36.9184455 ], [ 174.8378761, -36.9183897 ], [ 174.8374924, -36.9193508 ], [ 174.8381911, -36.9195306 ], [ 174.8383832, -36.9198608 ], [ 174.8385354, -36.9198328 ], [ 174.8386279, -36.9198413 ], [ 174.838701, -36.9198624 ], [ 174.8388202, -36.9199358 ], [ 174.8389119, -36.9200683 ], [ 174.8389829, -36.9202285 ], [ 174.8390329, -36.9204128 ], [ 174.839093, -36.9207568 ] ] ], [ [ [ 174.7844453, -36.9198771 ], [ 174.7845873, -36.9198634 ], [ 174.7846904, -36.920666 ], [ 174.7849651, -36.9206428 ], [ 174.7847014, -36.9186523 ], [ 174.7846787, -36.9186376 ], [ 174.7842537, -36.9186744 ], [ 174.7843064, -36.919073 ], [ 174.783743, -36.9191223 ], [ 174.7837946, -36.9195255 ], [ 174.7843831, -36.9194829 ], [ 174.7844453, -36.9198771 ] ] ], [ [ [ 174.7851847, -36.9205869 ], [ 174.7852339, -36.9206193 ], [ 174.7862091, -36.9205389 ], [ 174.7859376, -36.9185308 ], [ 174.7849237, -36.9186161 ], [ 174.7851847, -36.9205869 ] ] ], [ [ [ 174.8383768, -36.913588 ], [ 174.8383497, -36.9135739 ], [ 174.8376986, -36.9136866 ], [ 174.8380544, -36.9150063 ], [ 174.8387415, -36.9149381 ], [ 174.838785, -36.9148888 ], [ 174.8385354, -36.9139632 ], [ 174.8384805, -36.9139727 ], [ 174.8383768, -36.913588 ] ] ], [ [ [ 174.8394184, -36.9141641 ], [ 174.839324, -36.9138148 ], [ 174.8392035, -36.9135362 ], [ 174.8389612, -36.9135674 ], [ 174.8387465, -36.9136774 ], [ 174.8389024, -36.914254 ], [ 174.8394184, -36.9141641 ] ] ], [ [ [ 174.8383428, -36.9132492 ], [ 174.8382791, -36.913013 ], [ 174.8378554, -36.9130863 ], [ 174.8379191, -36.9133225 ], [ 174.8383428, -36.9132492 ] ] ], [ [ [ 174.838002, -36.9119848 ], [ 174.8379337, -36.9119434 ], [ 174.837238, -36.9119786 ], [ 174.8373077, -36.9128675 ], [ 174.8381982, -36.9127125 ], [ 174.838002, -36.9119848 ] ] ], [ [ [ 174.8369346, -36.9105108 ], [ 174.8371526, -36.9113196 ], [ 174.8372175, -36.9113164 ], [ 174.8372909, -36.9117943 ], [ 174.8378165, -36.9117677 ], [ 174.8378704, -36.9117106 ], [ 174.8375144, -36.9103899 ], [ 174.8369751, -36.910288 ], [ 174.8369346, -36.9105108 ] ] ], [ [ [ 174.7807595, -36.8748201 ], [ 174.7810151, -36.8750559 ], [ 174.7813074, -36.8746221 ], [ 174.7804475, -36.8741083 ], [ 174.7801, -36.8744325 ], [ 174.7803214, -36.8748208 ], [ 174.7804543, -36.8750038 ], [ 174.7807595, -36.8748201 ] ] ], [ [ [ 174.7815083, -36.8731608 ], [ 174.7814586, -36.8731652 ], [ 174.7806219, -36.8739456 ], [ 174.780628, -36.8739903 ], [ 174.7811386, -36.8742955 ], [ 174.7819481, -36.8734225 ], [ 174.7815083, -36.8731608 ] ] ], [ [ [ 174.7796417, -36.8743553 ], [ 174.7798123, -36.8742842 ], [ 174.7812089, -36.8729799 ], [ 174.7806873, -36.8726681 ], [ 174.778948, -36.8711605 ], [ 174.7788602, -36.8713001 ], [ 174.778928, -36.8722027 ], [ 174.7792048, -36.8729771 ], [ 174.7792503, -36.8729655 ], [ 174.7793485, -36.8733423 ], [ 174.7793341, -36.8735058 ], [ 174.77938, -36.8736391 ], [ 174.7793975, -36.8738028 ], [ 174.7796417, -36.8743553 ] ] ], [ [ [ 174.7796972, -36.8647335 ], [ 174.7795178, -36.8646089 ], [ 174.7793828, -36.8647343 ], [ 174.7805861, -36.8655668 ], [ 174.7804745, -36.8656708 ], [ 174.7805562, -36.8657258 ], [ 174.7807975, -36.8654381 ], [ 174.7807831, -36.8654248 ], [ 174.7807203, -36.8652163 ], [ 174.7798408, -36.8646027 ], [ 174.7796972, -36.8647335 ] ] ], [ [ [ 174.8544516, -36.9796273 ], [ 174.8544142, -36.9796026 ], [ 174.8512995, -36.9798427 ], [ 174.8513346, -36.9798945 ], [ 174.8514013, -36.9804733 ], [ 174.8513816, -36.980436 ], [ 174.8513916, -36.9805224 ], [ 174.8515477, -36.9808543 ], [ 174.8522476, -36.9821752 ], [ 174.852341, -36.9821634 ], [ 174.8516318, -36.9808329 ], [ 174.8522245, -36.9807807 ], [ 174.8522203, -36.9807406 ], [ 174.8538119, -36.9806004 ], [ 174.8538327, -36.980773 ], [ 174.8545814, -36.980715 ], [ 174.8544516, -36.9796273 ] ] ], [ [ [ 174.855326, -36.9804421 ], [ 174.8553036, -36.9802562 ], [ 174.8551326, -36.9802695 ], [ 174.8550912, -36.9799253 ], [ 174.8547169, -36.9799544 ], [ 174.8547808, -36.9804845 ], [ 174.855326, -36.9804421 ] ] ], [ [ [ 174.8547266, -36.9795781 ], [ 174.8546774, -36.9796261 ], [ 174.854712, -36.9799142 ], [ 174.8549845, -36.9798919 ], [ 174.8549447, -36.9795612 ], [ 174.8547266, -36.9795781 ] ] ], [ [ [ 174.8523129, -36.9790466 ], [ 174.8521628, -36.9795937 ], [ 174.8540688, -36.9794462 ], [ 174.8542647, -36.979031 ], [ 174.8528344, -36.9791416 ], [ 174.8523129, -36.9790466 ] ] ], [ [ [ 174.8544234, -36.9792062 ], [ 174.8544484, -36.9794161 ], [ 174.8548688, -36.9793837 ], [ 174.8548411, -36.9788851 ], [ 174.8545649, -36.9789063 ], [ 174.8544234, -36.9792062 ] ] ], [ [ [ 174.8518997, -36.9796159 ], [ 174.851927, -36.9795835 ], [ 174.852176, -36.9787009 ], [ 174.8516565, -36.9786092 ], [ 174.851705, -36.9784321 ], [ 174.8509657, -36.9783001 ], [ 174.85089, -36.9785741 ], [ 174.8505867, -36.9787286 ], [ 174.8511518, -36.9795141 ], [ 174.8512657, -36.9795874 ], [ 174.8513784, -36.9796241 ], [ 174.8514731, -36.9796392 ], [ 174.8518997, -36.9796159 ] ] ], [ [ [ 174.8524728, -36.9784616 ], [ 174.8523275, -36.9789929 ], [ 174.8528388, -36.9790861 ], [ 174.8542917, -36.9789737 ], [ 174.8543263, -36.9788911 ], [ 174.854315, -36.9788628 ], [ 174.8542855, -36.9788448 ], [ 174.8540646, -36.9788043 ], [ 174.8540095, -36.9788506 ], [ 174.8537037, -36.978795 ], [ 174.8537333, -36.9786907 ], [ 174.8532441, -36.9786018 ], [ 174.8532147, -36.9787063 ], [ 174.8527197, -36.9786164 ], [ 174.8527483, -36.9785117 ], [ 174.8524728, -36.9784616 ] ] ], [ [ [ 174.8530721, -36.9783845 ], [ 174.8531016, -36.97828 ], [ 174.8537627, -36.9784002 ], [ 174.8537333, -36.9785046 ], [ 174.8539336, -36.9785411 ], [ 174.8539631, -36.9784365 ], [ 174.8544992, -36.9785338 ], [ 174.8546535, -36.9782071 ], [ 174.8538581, -36.9780626 ], [ 174.8538429, -36.9781163 ], [ 174.8531817, -36.9779961 ], [ 174.8531969, -36.9779425 ], [ 174.8526424, -36.9778417 ], [ 174.8525213, -36.9782844 ], [ 174.8530721, -36.9783845 ] ] ], [ [ [ 174.8499101, -36.9766462 ], [ 174.8499131, -36.9765973 ], [ 174.8499398, -36.9765625 ], [ 174.8496782, -36.976517 ], [ 174.8496951, -36.9764546 ], [ 174.8491367, -36.976355 ], [ 174.8491097, -36.9764537 ], [ 174.8491281, -36.9766157 ], [ 174.8495053, -36.9771265 ], [ 174.8500109, -36.9779267 ], [ 174.8504463, -36.9785335 ], [ 174.8505121, -36.9785476 ], [ 174.8506895, -36.9784616 ], [ 174.8507752, -36.9781506 ], [ 174.8505362, -36.9781081 ], [ 174.8503078, -36.9777898 ], [ 174.8505704, -36.9767922 ], [ 174.8500957, -36.9767096 ], [ 174.8500153, -36.9767167 ], [ 174.8499731, -36.9767085 ], [ 174.8499323, -36.9766831 ], [ 174.8499101, -36.9766462 ] ] ], [ [ [ 174.8483436, -36.9776833 ], [ 174.8485279, -36.9775046 ], [ 174.846741, -36.9748221 ], [ 174.8464928, -36.9751002 ], [ 174.8459877, -36.97481 ], [ 174.8459538, -36.9748479 ], [ 174.8464199, -36.9751157 ], [ 174.846431, -36.9751694 ], [ 174.8460871, -36.9755542 ], [ 174.8465753, -36.9758741 ], [ 174.8461822, -36.9762601 ], [ 174.846214, -36.976281 ], [ 174.8466071, -36.9758949 ], [ 174.8470764, -36.9762026 ], [ 174.8466911, -36.9765936 ], [ 174.8483436, -36.9776833 ] ] ], [ [ [ 174.8437808, -36.9464926 ], [ 174.8443085, -36.9461687 ], [ 174.8441037, -36.94595 ], [ 174.8435782, -36.946271 ], [ 174.8437808, -36.9464926 ] ] ], [ [ [ 174.843569, -36.9453585 ], [ 174.8432205, -36.9449934 ], [ 174.8429593, -36.9451535 ], [ 174.8425468, -36.9453492 ], [ 174.8427999, -36.9456928 ], [ 174.8433048, -36.9462105 ], [ 174.8439238, -36.9458309 ], [ 174.843715, -36.945611 ], [ 174.8437532, -36.9455876 ], [ 174.8435472, -36.9453718 ], [ 174.843569, -36.9453585 ] ] ], [ [ [ 174.8441423, -36.9456968 ], [ 174.8443924, -36.9455434 ], [ 174.8442873, -36.9454333 ], [ 174.8440371, -36.9455866 ], [ 174.8441423, -36.9456968 ] ] ], [ [ [ 174.8439402, -36.9450246 ], [ 174.8438636, -36.9449444 ], [ 174.8438363, -36.944961 ], [ 174.8436283, -36.9447432 ], [ 174.8433564, -36.94491 ], [ 174.8435645, -36.9451278 ], [ 174.8435863, -36.9451145 ], [ 174.8436629, -36.9451947 ], [ 174.8439402, -36.9450246 ] ] ], [ [ [ 174.8414555, -36.9451783 ], [ 174.8417165, -36.9455328 ], [ 174.8428328, -36.9450029 ], [ 174.8433038, -36.9447141 ], [ 174.8430456, -36.9444234 ], [ 174.8430376, -36.9444272 ], [ 174.8423417, -36.9436883 ], [ 174.8415599, -36.94406 ], [ 174.8421417, -36.9448521 ], [ 174.8414555, -36.9451783 ] ] ], [ [ [ 174.843175, -36.9443619 ], [ 174.8430732, -36.9444102 ], [ 174.8433417, -36.9446908 ], [ 174.8434342, -36.9446341 ], [ 174.843175, -36.9443619 ] ] ], [ [ [ 174.8445367, -36.9438235 ], [ 174.8444952, -36.9438036 ], [ 174.8441198, -36.9438797 ], [ 174.8441952, -36.9441358 ], [ 174.8442254, -36.9441282 ], [ 174.8445532, -36.9446637 ], [ 174.8445293, -36.9446784 ], [ 174.8446294, -36.9447801 ], [ 174.8449081, -36.9449992 ], [ 174.8445367, -36.9438235 ] ] ], [ [ [ 174.8437759, -36.943856 ], [ 174.8444998, -36.9437091 ], [ 174.8443084, -36.943102 ], [ 174.8442674, -36.9430823 ], [ 174.8433667, -36.9432613 ], [ 174.84359, -36.9434871 ], [ 174.8434793, -36.9435093 ], [ 174.8436342, -36.9437606 ], [ 174.843701, -36.943762 ], [ 174.8437387, -36.9437911 ], [ 174.8437759, -36.943856 ] ] ], [ [ [ 174.8410471, -36.9436295 ], [ 174.8406012, -36.9438405 ], [ 174.8408536, -36.9441842 ], [ 174.8422017, -36.943546 ], [ 174.8414108, -36.9427198 ], [ 174.8415989, -36.9426012 ], [ 174.8414242, -36.9424181 ], [ 174.8391532, -36.9436052 ], [ 174.8391246, -36.9436528 ], [ 174.8391367, -36.9436851 ], [ 174.8393982, -36.943953 ], [ 174.8407394, -36.9432519 ], [ 174.8410471, -36.9436295 ] ] ], [ [ [ 174.8432022, -36.9429039 ], [ 174.8432224, -36.9429701 ], [ 174.8432959, -36.9429554 ], [ 174.8433174, -36.9429927 ], [ 174.8436217, -36.9429314 ], [ 174.8436166, -36.942915 ], [ 174.8436551, -36.9429075 ], [ 174.8436875, -36.9430126 ], [ 174.8441867, -36.9429133 ], [ 174.8442277, -36.9428586 ], [ 174.8440863, -36.9424052 ], [ 174.8440366, -36.9423815 ], [ 174.8428919, -36.9426207 ], [ 174.8429779, -36.9428984 ], [ 174.8431971, -36.9428548 ], [ 174.8432116, -36.942902 ], [ 174.8432022, -36.9429039 ] ] ], [ [ [ 174.8419969, -36.9419828 ], [ 174.8421462, -36.9421396 ], [ 174.8423736, -36.9419986 ], [ 174.842514, -36.9421448 ], [ 174.8426267, -36.9425123 ], [ 174.8440132, -36.9422225 ], [ 174.8440255, -36.942206 ], [ 174.8438859, -36.9417587 ], [ 174.8438527, -36.9417652 ], [ 174.8437668, -36.94149 ], [ 174.8437261, -36.9414702 ], [ 174.8419976, -36.9418059 ], [ 174.8421034, -36.9419166 ], [ 174.8419969, -36.9419828 ] ] ], [ [ [ 174.8417442, -36.9413974 ], [ 174.8423853, -36.9412662 ], [ 174.8424022, -36.9413195 ], [ 174.8418225, -36.9414381 ], [ 174.8417978, -36.9414952 ], [ 174.8419697, -36.9416799 ], [ 174.8437505, -36.9413245 ], [ 174.8435859, -36.9408001 ], [ 174.8435533, -36.9408068 ], [ 174.8434373, -36.9407515 ], [ 174.8434213, -36.9407268 ], [ 174.8414701, -36.941126 ], [ 174.8416902, -36.9413824 ], [ 174.8417442, -36.9413974 ] ] ], [ [ [ 174.8456678, -36.9162449 ], [ 174.845632, -36.9162424 ], [ 174.8456366, -36.9161993 ], [ 174.8445136, -36.916121 ], [ 174.8442526, -36.9162257 ], [ 174.8441297, -36.9162172 ], [ 174.8440172, -36.9161288 ], [ 174.8440328, -36.9159852 ], [ 174.8441193, -36.9159215 ], [ 174.8440835, -36.915888 ], [ 174.8441106, -36.9158692 ], [ 174.8441458, -36.9159019 ], [ 174.8454317, -36.9159915 ], [ 174.8454757, -36.915584 ], [ 174.8452858, -36.9156165 ], [ 174.8429637, -36.9154624 ], [ 174.843419, -36.9171313 ], [ 174.8434148, -36.9172019 ], [ 174.8469625, -36.9175854 ], [ 174.8467138, -36.9166787 ], [ 174.8456291, -36.9166031 ], [ 174.8456678, -36.9162449 ] ] ], [ [ [ 174.845204, -36.9152691 ], [ 174.8457024, -36.91518 ], [ 174.8459156, -36.9151254 ], [ 174.846134, -36.9150534 ], [ 174.8461772, -36.9149899 ], [ 174.8461868, -36.914879 ], [ 174.8461635, -36.9147989 ], [ 174.8461802, -36.9147316 ], [ 174.8454238, -36.9119722 ], [ 174.842273, -36.9125117 ], [ 174.8428007, -36.9144432 ], [ 174.842691, -36.914462 ], [ 174.8428463, -36.9150318 ], [ 174.8432376, -36.9150611 ], [ 174.8435251, -36.9150997 ], [ 174.8437246, -36.9151502 ], [ 174.844404, -36.9152653 ], [ 174.8447298, -36.9152778 ], [ 174.845204, -36.9152691 ] ] ], [ [ [ 174.8549495, -36.9001968 ], [ 174.85494, -36.9001908 ], [ 174.8546868, -36.9004006 ], [ 174.854811, -36.9004854 ], [ 174.8548589, -36.9004818 ], [ 174.8550686, -36.9002714 ], [ 174.8551222, -36.900305 ], [ 174.8548468, -36.9005818 ], [ 174.85463, -36.9004339 ], [ 174.854374, -36.900677 ], [ 174.8543496, -36.9007222 ], [ 174.8543508, -36.9007507 ], [ 174.854392, -36.9008381 ], [ 174.8543951, -36.9008837 ], [ 174.8543571, -36.9010124 ], [ 174.854356, -36.9010954 ], [ 174.8553992, -36.9018138 ], [ 174.8554734, -36.9018206 ], [ 174.8561468, -36.901536 ], [ 174.8558369, -36.901253 ], [ 174.8552095, -36.9008305 ], [ 174.8552516, -36.9007882 ], [ 174.8558839, -36.901214 ], [ 174.8562084, -36.9015104 ], [ 174.8568027, -36.9012596 ], [ 174.8568952, -36.9011632 ], [ 174.8568934, -36.9011466 ], [ 174.8567024, -36.9010246 ], [ 174.8566862, -36.9010409 ], [ 174.8566115, -36.9009934 ], [ 174.8565929, -36.9010128 ], [ 174.8550884, -36.9000539 ], [ 174.8549495, -36.9001968 ] ] ], [ [ [ 174.8522679, -36.8999032 ], [ 174.8519116, -36.900228 ], [ 174.8519546, -36.9002939 ], [ 174.8517985, -36.9004617 ], [ 174.8524952, -36.9009354 ], [ 174.8530445, -36.9004283 ], [ 174.8523465, -36.8999458 ], [ 174.8522679, -36.8999032 ] ] ], [ [ [ 174.8532245, -36.9001425 ], [ 174.853501, -36.8998839 ], [ 174.8534663, -36.8998071 ], [ 174.8532858, -36.8997651 ], [ 174.853301, -36.8997228 ], [ 174.8546009, -36.9000315 ], [ 174.8545906, -36.9000598 ], [ 174.8543829, -36.9002321 ], [ 174.8543739, -36.9002571 ], [ 174.8543158, -36.9002168 ], [ 174.8543199, -36.9002055 ], [ 174.8544682, -36.9000827 ], [ 174.8544592, -36.9000551 ], [ 174.853688, -36.8998701 ], [ 174.8535777, -36.8998965 ], [ 174.853279, -36.9001754 ], [ 174.8535606, -36.9003447 ], [ 174.853984, -36.9007485 ], [ 174.8540259, -36.9007639 ], [ 174.8541367, -36.9006933 ], [ 174.8541594, -36.9007103 ], [ 174.8545259, -36.9003623 ], [ 174.8549678, -36.8999884 ], [ 174.8532624, -36.8995826 ], [ 174.8531922, -36.8997772 ], [ 174.8531806, -36.8997522 ], [ 174.8522404, -36.8995336 ], [ 174.8522246, -36.8995779 ], [ 174.8525388, -36.899762 ], [ 174.8526939, -36.899828 ], [ 174.852854, -36.8999181 ], [ 174.8532245, -36.9001425 ] ] ], [ [ [ 174.8534123, -36.8993329 ], [ 174.8537699, -36.8994168 ], [ 174.8538507, -36.8993787 ], [ 174.8539244, -36.8991187 ], [ 174.8535178, -36.8990429 ], [ 174.8534123, -36.8993329 ] ] ], [ [ [ 174.8557208, -36.8986508 ], [ 174.8557144, -36.8986294 ], [ 174.8552253, -36.8987226 ], [ 174.8550609, -36.8981664 ], [ 174.8545048, -36.8980631 ], [ 174.8541072, -36.8994427 ], [ 174.8541539, -36.8995077 ], [ 174.8551365, -36.8997455 ], [ 174.8556632, -36.9000733 ], [ 174.8559446, -36.8997984 ], [ 174.8555988, -36.8995705 ], [ 174.8555035, -36.8994044 ], [ 174.8553812, -36.8992498 ], [ 174.8552317, -36.898744 ], [ 174.8557208, -36.8986508 ] ] ], [ [ [ 174.8537595, -36.8990036 ], [ 174.8537506, -36.8990301 ], [ 174.853845, -36.8990477 ], [ 174.8539146, -36.8988069 ], [ 174.8536334, -36.898746 ], [ 174.8535595, -36.8989662 ], [ 174.8537595, -36.8990036 ] ] ], [ [ [ 174.8540302, -36.8984074 ], [ 174.8538637, -36.8983763 ], [ 174.853856, -36.8984031 ], [ 174.8535894, -36.8983533 ], [ 174.8535203, -36.8985923 ], [ 174.8539533, -36.8986732 ], [ 174.8540302, -36.8984074 ] ] ], [ [ [ 174.8540457, -36.8983539 ], [ 174.8541509, -36.8979901 ], [ 174.8532094, -36.8978179 ], [ 174.8531155, -36.898143 ], [ 174.8531493, -36.8981865 ], [ 174.8540457, -36.8983539 ] ] ], [ [ [ 174.8554456, -36.8823796 ], [ 174.8556182, -36.8831527 ], [ 174.8557324, -36.8839388 ], [ 174.8566607, -36.8837346 ], [ 174.8558348, -36.8821794 ], [ 174.8555252, -36.8818367 ], [ 174.8552899, -36.8818903 ], [ 174.8554456, -36.8823796 ] ] ], [ [ [ 174.9403287, -37.1159709 ], [ 174.9404924, -37.1157167 ], [ 174.94115, -37.115054 ], [ 174.9413181, -37.1148332 ], [ 174.9417027, -37.1141359 ], [ 174.9417743, -37.1136242 ], [ 174.9415825, -37.1134032 ], [ 174.9414303, -37.1133662 ], [ 174.9409015, -37.1130121 ], [ 174.9404973, -37.1128687 ], [ 174.939551, -37.1124269 ], [ 174.9392141, -37.1121726 ], [ 174.9369356, -37.1128841 ], [ 174.9370185, -37.1131045 ], [ 174.9369125, -37.1131306 ], [ 174.9370642, -37.1135703 ], [ 174.9370035, -37.1135886 ], [ 174.9383414, -37.1175795 ], [ 174.9391558, -37.1170252 ], [ 174.939716, -37.1165609 ], [ 174.9403287, -37.1159709 ] ] ], [ [ [ 174.9489365, -37.0671968 ], [ 174.9479842, -37.0658622 ], [ 174.9476816, -37.0660009 ], [ 174.9485948, -37.0673534 ], [ 174.9489365, -37.0671968 ] ] ], [ [ [ 174.9462621, -37.0652747 ], [ 174.9477871, -37.0674122 ], [ 174.9478986, -37.0673445 ], [ 174.9477196, -37.0668701 ], [ 174.9475726, -37.0665512 ], [ 174.9474715, -37.0664544 ], [ 174.9474863, -37.0664156 ], [ 174.9472028, -37.066085 ], [ 174.9464957, -37.0651736 ], [ 174.9462621, -37.0652747 ] ] ], [ [ [ 174.9457348, -37.0649001 ], [ 174.9453606, -37.0643754 ], [ 174.9450862, -37.0645098 ], [ 174.9439135, -37.0646916 ], [ 174.944116, -37.0649636 ], [ 174.9440708, -37.0653281 ], [ 174.9449666, -37.0653961 ], [ 174.945644, -37.0650638 ], [ 174.9457348, -37.0649001 ] ] ], [ [ [ 174.9388983, -37.0646692 ], [ 174.9396735, -37.0642959 ], [ 174.9393239, -37.0638296 ], [ 174.9385486, -37.0642031 ], [ 174.9388983, -37.0646692 ] ] ], [ [ [ 174.9398674, -37.0642025 ], [ 174.9415425, -37.0649888 ], [ 174.9416538, -37.0648365 ], [ 174.9416537, -37.0648054 ], [ 174.9415418, -37.0646686 ], [ 174.9416068, -37.0646366 ], [ 174.9417435, -37.0648207 ], [ 174.9416007, -37.065016 ], [ 174.9419913, -37.0651995 ], [ 174.942401, -37.0652381 ], [ 174.942426, -37.0652113 ], [ 174.9420171, -37.0646522 ], [ 174.9420365, -37.064643 ], [ 174.9419211, -37.064487 ], [ 174.9418975, -37.0644982 ], [ 174.9416662, -37.0641871 ], [ 174.9416898, -37.0641756 ], [ 174.9408782, -37.0630837 ], [ 174.9403251, -37.0633492 ], [ 174.9406751, -37.0638151 ], [ 174.9405491, -37.0638756 ], [ 174.9404706, -37.0639819 ], [ 174.9403987, -37.0639477 ], [ 174.9404347, -37.063899 ], [ 174.9405709, -37.0638337 ], [ 174.9405825, -37.0637967 ], [ 174.9402672, -37.063377 ], [ 174.9395196, -37.0637358 ], [ 174.9398674, -37.0642025 ] ] ], [ [ [ 174.9452792, -37.0628822 ], [ 174.9454384, -37.0629841 ], [ 174.9459098, -37.0628229 ], [ 174.9458301, -37.0627074 ], [ 174.9457791, -37.0626886 ], [ 174.9453001, -37.0627559 ], [ 174.9452111, -37.0627889 ], [ 174.9452792, -37.0628822 ] ] ], [ [ [ 174.9397906, -37.0629188 ], [ 174.9392188, -37.0621655 ], [ 174.9386301, -37.0624603 ], [ 174.9386112, -37.0625232 ], [ 174.9391694, -37.0632675 ], [ 174.9397714, -37.0629806 ], [ 174.9397906, -37.0629188 ] ] ], [ [ [ 174.9392041, -37.0633138 ], [ 174.9394024, -37.0635781 ], [ 174.9407607, -37.0629294 ], [ 174.9403975, -37.0624542 ], [ 174.9403741, -37.0624656 ], [ 174.9401308, -37.0621473 ], [ 174.9401542, -37.0621359 ], [ 174.9399132, -37.0618205 ], [ 174.939276, -37.0621369 ], [ 174.9398778, -37.0629296 ], [ 174.9402414, -37.0627547 ], [ 174.9402759, -37.0628011 ], [ 174.9392041, -37.0633138 ] ] ], [ [ [ 174.9396602, -37.0611403 ], [ 174.9397161, -37.0611123 ], [ 174.9400524, -37.0612129 ], [ 174.9401401, -37.0612026 ], [ 174.9402047, -37.0610775 ], [ 174.940226, -37.0610844 ], [ 174.9402824, -37.0609731 ], [ 174.9396571, -37.0607632 ], [ 174.9395816, -37.0607657 ], [ 174.9395187, -37.060797 ], [ 174.9394819, -37.0608485 ], [ 174.9394879, -37.060912 ], [ 174.9396602, -37.0611403 ] ] ], [ [ [ 174.9395609, -37.059617 ], [ 174.9393976, -37.0596406 ], [ 174.9398468, -37.0600578 ], [ 174.9399974, -37.0602592 ], [ 174.9399909, -37.0603087 ], [ 174.9398149, -37.0604327 ], [ 174.9395993, -37.0605379 ], [ 174.9397209, -37.060584 ], [ 174.9399792, -37.0604007 ], [ 174.9402175, -37.0602845 ], [ 174.9403964, -37.0605107 ], [ 174.9402641, -37.0607651 ], [ 174.9408425, -37.0609582 ], [ 174.9408928, -37.0609329 ], [ 174.9409166, -37.0609036 ], [ 174.9406019, -37.0601239 ], [ 174.9405774, -37.0601341 ], [ 174.9399562, -37.0586247 ], [ 174.9399821, -37.0586171 ], [ 174.939891, -37.0583947 ], [ 174.939789, -37.0580391 ], [ 174.939698, -37.0580265 ], [ 174.9391574, -37.0586717 ], [ 174.9395711, -37.0588856 ], [ 174.9394449, -37.0596186 ], [ 174.9397685, -37.0595809 ], [ 174.9399176, -37.0595831 ], [ 174.9399227, -37.0595957 ], [ 174.9395609, -37.059617 ] ] ], [ [ [ 174.9409302, -37.0583821 ], [ 174.9409975, -37.0583316 ], [ 174.9403945, -37.0576356 ], [ 174.9402453, -37.0574881 ], [ 174.940077, -37.057297 ], [ 174.9397517, -37.0575026 ], [ 174.9399224, -37.0575898 ], [ 174.9399605, -37.0575778 ], [ 174.9400434, -37.0577459 ], [ 174.940119, -37.058371 ], [ 174.9402825, -37.0587685 ], [ 174.9403538, -37.0587974 ], [ 174.940593, -37.0587342 ], [ 174.9406616, -37.0586746 ], [ 174.9409302, -37.0583821 ] ] ], [ [ [ 174.8963024, -37.0234991 ], [ 174.894533, -37.0225384 ], [ 174.894452, -37.0226681 ], [ 174.8948014, -37.0231848 ], [ 174.8954133, -37.0242672 ], [ 174.895852, -37.0244437 ], [ 174.8969673, -37.02405 ], [ 174.8963024, -37.0234991 ] ] ], [ [ [ 174.896021, -37.022964 ], [ 174.8959839, -37.0230047 ], [ 174.8960868, -37.0230649 ], [ 174.8963385, -37.0232427 ], [ 174.896746, -37.0235698 ], [ 174.8972725, -37.0239427 ], [ 174.8985991, -37.0234762 ], [ 174.8986125, -37.0234118 ], [ 174.8980906, -37.0230228 ], [ 174.8979209, -37.022927 ], [ 174.8979401, -37.0229105 ], [ 174.8976427, -37.0226885 ], [ 174.8976138, -37.0227109 ], [ 174.8968177, -37.0221175 ], [ 174.8966305, -37.0219351 ], [ 174.8958914, -37.0213794 ], [ 174.8958247, -37.0213929 ], [ 174.8955035, -37.02167 ], [ 174.895474, -37.0216477 ], [ 174.8947553, -37.0222557 ], [ 174.8953005, -37.0225469 ], [ 174.896021, -37.022964 ] ] ], [ [ [ 174.9004103, -37.0219782 ], [ 174.9002983, -37.0222208 ], [ 174.9001565, -37.0220704 ], [ 174.9000117, -37.0221903 ], [ 174.8996951, -37.0218546 ], [ 174.8995461, -37.0219227 ], [ 174.8992699, -37.0216297 ], [ 174.8992401, -37.0216433 ], [ 174.8996153, -37.0220413 ], [ 174.8994658, -37.0221095 ], [ 174.899347, -37.0221195 ], [ 174.8992717, -37.0221647 ], [ 174.899238, -37.0221287 ], [ 174.8989652, -37.0223229 ], [ 174.8985295, -37.0219664 ], [ 174.8976072, -37.0223842 ], [ 174.8987541, -37.0232394 ], [ 174.8989212, -37.0232932 ], [ 174.8990481, -37.0233175 ], [ 174.9006023, -37.0227695 ], [ 174.9008092, -37.0226967 ], [ 174.9004103, -37.0219782 ] ] ], [ [ [ 174.8947961, -37.0219172 ], [ 174.8947971, -37.0218766 ], [ 174.8946725, -37.0217633 ], [ 174.8944866, -37.0218946 ], [ 174.894693, -37.0220048 ], [ 174.8947961, -37.0219172 ] ] ], [ [ [ 174.8973208, -37.0215637 ], [ 174.8973059, -37.0215661 ], [ 174.897197, -37.0214716 ], [ 174.8964163, -37.0208903 ], [ 174.8963518, -37.0208223 ], [ 174.8958425, -37.0210056 ], [ 174.8959701, -37.0211639 ], [ 174.8974213, -37.0222448 ], [ 174.8977936, -37.0220762 ], [ 174.8978066, -37.0220861 ], [ 174.8979399, -37.0220255 ], [ 174.8973208, -37.0215637 ] ] ], [ [ [ 174.8947723, -37.0213368 ], [ 174.8946333, -37.0214538 ], [ 174.894999, -37.0217866 ], [ 174.8955507, -37.021318 ], [ 174.895569, -37.0212554 ], [ 174.8955666, -37.0211933 ], [ 174.8955446, -37.0211335 ], [ 174.8955026, -37.0210789 ], [ 174.8951765, -37.0213551 ], [ 174.8949519, -37.0211857 ], [ 174.894829, -37.0212892 ], [ 174.894987, -37.0214076 ], [ 174.8949298, -37.0214548 ], [ 174.8947723, -37.0213368 ] ] ], [ [ [ 174.8982608, -37.0208922 ], [ 174.8977347, -37.0203243 ], [ 174.8964457, -37.0207886 ], [ 174.8980438, -37.0219784 ], [ 174.8991014, -37.0214973 ], [ 174.8984687, -37.0208164 ], [ 174.8982608, -37.0208922 ] ] ], [ [ [ 174.8945661, -37.0213926 ], [ 174.894916, -37.0210984 ], [ 174.8949216, -37.0210162 ], [ 174.8942281, -37.0202798 ], [ 174.8937758, -37.0205903 ], [ 174.8937692, -37.0206661 ], [ 174.8945661, -37.0213926 ] ] ], [ [ [ 174.894308, -37.0202298 ], [ 174.8951003, -37.0210707 ], [ 174.8952025, -37.0211481 ], [ 174.8952976, -37.0211459 ], [ 174.8954379, -37.0210268 ], [ 174.8952842, -37.0209028 ], [ 174.8946165, -37.0200704 ], [ 174.894308, -37.0202298 ] ] ], [ [ [ 174.8840454, -36.9929049 ], [ 174.8840839, -36.9930791 ], [ 174.884137, -36.9931762 ], [ 174.8839872, -36.9934006 ], [ 174.8838926, -36.9934533 ], [ 174.8836985, -36.9936191 ], [ 174.8830814, -36.9938383 ], [ 174.883061, -36.9940212 ], [ 174.883095, -36.9942045 ], [ 174.8828985, -36.9945436 ], [ 174.8821351, -36.9943804 ], [ 174.8808981, -36.9948244 ], [ 174.8809269, -36.9948861 ], [ 174.8808079, -36.9949686 ], [ 174.8808735, -36.9951457 ], [ 174.880931, -36.995186 ], [ 174.8809751, -36.9952488 ], [ 174.8810839, -36.9954522 ], [ 174.88116, -36.9954072 ], [ 174.8814313, -36.9954449 ], [ 174.8818736, -36.9954168 ], [ 174.8833534, -36.9953836 ], [ 174.884259, -36.9953927 ], [ 174.8845272, -36.9954252 ], [ 174.8850302, -36.9953915 ], [ 174.8854266, -36.9954451 ], [ 174.8855404, -36.9945445 ], [ 174.8855557, -36.9940806 ], [ 174.8854894, -36.9936178 ], [ 174.8853808, -36.9931444 ], [ 174.8852873, -36.9930095 ], [ 174.8851873, -36.9929141 ], [ 174.8850476, -36.9928236 ], [ 174.8847645, -36.9927528 ], [ 174.8843467, -36.9927971 ], [ 174.8840967, -36.992844 ], [ 174.8840454, -36.9929049 ] ] ], [ [ [ 174.8865068, -36.9945026 ], [ 174.8859942, -36.9945211 ], [ 174.8859196, -36.9945772 ], [ 174.8858381, -36.9951792 ], [ 174.8864879, -36.9951503 ], [ 174.8865096, -36.9954636 ], [ 174.8873516, -36.9954248 ], [ 174.8875127, -36.9953764 ], [ 174.887946, -36.9951248 ], [ 174.8879561, -36.995085 ], [ 174.888302, -36.9948095 ], [ 174.8884677, -36.9945231 ], [ 174.8884855, -36.994371 ], [ 174.8884403, -36.9942101 ], [ 174.8883965, -36.9940739 ], [ 174.8872226, -36.9923552 ], [ 174.8858078, -36.9927122 ], [ 174.8856892, -36.9928599 ], [ 174.8857141, -36.9930497 ], [ 174.8858736, -36.9934859 ], [ 174.8859281, -36.993814 ], [ 174.8859467, -36.9942252 ], [ 174.8860381, -36.994294 ], [ 174.8863294, -36.9942835 ], [ 174.8866264, -36.9942302 ], [ 174.8870462, -36.9940457 ], [ 174.8870854, -36.9939381 ], [ 174.8867776, -36.9934876 ], [ 174.886851, -36.9934195 ], [ 174.8871035, -36.9933085 ], [ 174.8879809, -36.9945927 ], [ 174.8876361, -36.9947443 ], [ 174.8872958, -36.9942462 ], [ 174.8871617, -36.9942148 ], [ 174.8865068, -36.9945026 ] ] ], [ [ [ 174.8858636, -36.9900162 ], [ 174.885911, -36.9901077 ], [ 174.8858524, -36.9902218 ], [ 174.884179, -36.9907796 ], [ 174.8841567, -36.9908778 ], [ 174.884402, -36.9911038 ], [ 174.8851875, -36.9919231 ], [ 174.8852323, -36.9919126 ], [ 174.8854687, -36.9921605 ], [ 174.8855616, -36.9922239 ], [ 174.8856261, -36.9922434 ], [ 174.885742, -36.9922472 ], [ 174.8859, -36.992199 ], [ 174.8860587, -36.9921246 ], [ 174.886234, -36.9919953 ], [ 174.8864038, -36.9918251 ], [ 174.8865593, -36.9916106 ], [ 174.8867024, -36.9913209 ], [ 174.8867976, -36.9907437 ], [ 174.8863156, -36.9898088 ], [ 174.8858068, -36.9899784 ], [ 174.8858636, -36.9900162 ] ] ], [ [ [ 174.9089109, -36.9316064 ], [ 174.9089494, -36.9315744 ], [ 174.9097654, -36.9310897 ], [ 174.9107002, -36.9314357 ], [ 174.9108982, -36.9314494 ], [ 174.9109978, -36.9313959 ], [ 174.9113983, -36.9307069 ], [ 174.9114509, -36.9304955 ], [ 174.9116415, -36.9301789 ], [ 174.9120281, -36.9293295 ], [ 174.912076, -36.9291025 ], [ 174.912025, -36.9290093 ], [ 174.9119456, -36.9289614 ], [ 174.9118593, -36.9289501 ], [ 174.9117241, -36.928962 ], [ 174.9112116, -36.9289544 ], [ 174.9112171, -36.928941 ], [ 174.9108136, -36.9289946 ], [ 174.9104123, -36.9290978 ], [ 174.9097462, -36.9293507 ], [ 174.9094831, -36.9294727 ], [ 174.9091739, -36.9295868 ], [ 174.9091623, -36.9296265 ], [ 174.9088165, -36.9297039 ], [ 174.9087259, -36.9296525 ], [ 174.9087142, -36.9296297 ], [ 174.9086814, -36.9296213 ], [ 174.9083101, -36.9296665 ], [ 174.9079551, -36.9296876 ], [ 174.9075992, -36.9296875 ], [ 174.9072443, -36.9296661 ], [ 174.9074801, -36.9300948 ], [ 174.9078444, -36.9306375 ], [ 174.9078488, -36.9309158 ], [ 174.9089109, -36.9316064 ] ] ], [ [ [ 174.9143346, -36.9289495 ], [ 174.9143588, -36.9290234 ], [ 174.915508, -36.9292341 ], [ 174.9157582, -36.9292684 ], [ 174.9159491, -36.9292128 ], [ 174.9172047, -36.9283436 ], [ 174.9130129, -36.9275751 ], [ 174.9128224, -36.9285326 ], [ 174.9128219, -36.9286605 ], [ 174.9129222, -36.9287523 ], [ 174.9136919, -36.9288938 ], [ 174.9139586, -36.9288765 ], [ 174.9143346, -36.9289495 ] ] ], [ [ [ 174.9124474, -36.9280961 ], [ 174.9125194, -36.9278735 ], [ 174.9115349, -36.9276918 ], [ 174.9112948, -36.9285304 ], [ 174.9112429, -36.9285615 ], [ 174.9116233, -36.9285366 ], [ 174.9118517, -36.9285418 ], [ 174.9120505, -36.9285226 ], [ 174.912236, -36.9284345 ], [ 174.9123506, -36.9283105 ], [ 174.9124474, -36.9280961 ] ] ], [ [ [ 174.8556847, -36.900087 ], [ 174.8562177, -36.9004215 ], [ 174.8561826, -36.9004569 ], [ 174.8566201, -36.9007384 ], [ 174.8567033, -36.9006511 ], [ 174.8571197, -36.900919 ], [ 174.8572924, -36.9009832 ], [ 174.8575255, -36.9010272 ], [ 174.8576088, -36.9008266 ], [ 174.8572927, -36.9007456 ], [ 174.8569722, -36.9005395 ], [ 174.8569444, -36.9005674 ], [ 174.8568439, -36.9005028 ], [ 174.85691, -36.9004292 ], [ 174.8564759, -36.9001485 ], [ 174.8564356, -36.9001912 ], [ 174.8563145, -36.9001132 ], [ 174.8563601, -36.9000721 ], [ 174.8559657, -36.8998123 ], [ 174.8556847, -36.900087 ] ] ], [ [ [ 174.9046509, -36.9002456 ], [ 174.9053667, -36.9004095 ], [ 174.9054812, -36.900047 ], [ 174.9054331, -36.8999797 ], [ 174.9048877, -36.8998547 ], [ 174.9046509, -36.9002456 ] ] ], [ [ [ 174.9061491, -36.9002434 ], [ 174.9063269, -36.9002907 ], [ 174.9065258, -36.8999187 ], [ 174.9059806, -36.8997305 ], [ 174.9059003, -36.8997612 ], [ 174.9056926, -36.9003462 ], [ 174.906081, -36.9004352 ], [ 174.9061491, -36.9002434 ] ] ], [ [ [ 174.9054819, -36.8998422 ], [ 174.9055652, -36.8998049 ], [ 174.9057835, -36.8991897 ], [ 174.905395, -36.8991008 ], [ 174.9051065, -36.8992499 ], [ 174.9050168, -36.8993922 ], [ 174.9049407, -36.8997042 ], [ 174.9051068, -36.8997422 ], [ 174.9051369, -36.8997631 ], [ 174.9054819, -36.8998422 ] ] ], [ [ [ 174.9042777, -36.9007868 ], [ 174.9043126, -36.9007331 ], [ 174.9043389, -36.9006583 ], [ 174.9042343, -36.9005296 ], [ 174.9042654, -36.9004134 ], [ 174.9044214, -36.9001148 ], [ 174.9046484, -36.8997479 ], [ 174.9046999, -36.8995873 ], [ 174.9047585, -36.8993231 ], [ 174.9048882, -36.8991176 ], [ 174.9051166, -36.8989482 ], [ 174.905404, -36.8987908 ], [ 174.9055204, -36.8986848 ], [ 174.9056024, -36.8985405 ], [ 174.9056482, -36.8983127 ], [ 174.9056079, -36.8981143 ], [ 174.9055767, -36.898131 ], [ 174.9056065, -36.8980268 ], [ 174.9055177, -36.8979843 ], [ 174.9054356, -36.8978918 ], [ 174.9049988, -36.8979738 ], [ 174.9046641, -36.8981055 ], [ 174.9046059, -36.8981604 ], [ 174.9045858, -36.8982307 ], [ 174.9046153, -36.8982988 ], [ 174.9048138, -36.8985385 ], [ 174.904586, -36.8986602 ], [ 174.9043282, -36.8983549 ], [ 174.9042517, -36.8983216 ], [ 174.9041646, -36.8983234 ], [ 174.9040609, -36.8983715 ], [ 174.9037855, -36.89856 ], [ 174.9037519, -36.8985183 ], [ 174.9029415, -36.8989429 ], [ 174.9029106, -36.898905 ], [ 174.9021567, -36.899303 ], [ 174.9026017, -36.8998309 ], [ 174.903397, -36.9008181 ], [ 174.9039977, -36.9004998 ], [ 174.9042389, -36.9007971 ], [ 174.9042621, -36.9007994 ], [ 174.9042777, -36.9007868 ] ] ], [ [ [ 174.9060562, -36.8993549 ], [ 174.9060996, -36.8994283 ], [ 174.9069474, -36.8997209 ], [ 174.9074043, -36.8999396 ], [ 174.9087269, -36.9003961 ], [ 174.9087648, -36.9004027 ], [ 174.908812, -36.9003946 ], [ 174.9088493, -36.9003699 ], [ 174.9088684, -36.9003343 ], [ 174.9090788, -36.899351 ], [ 174.9090723, -36.899155 ], [ 174.9091395, -36.898841 ], [ 174.909086, -36.89877 ], [ 174.9065972, -36.8981267 ], [ 174.9064735, -36.8981798 ], [ 174.9060562, -36.8993549 ] ] ] ] }, { "type": "LineString", "coordinates": [ [ 174.7215319, -36.8108715 ], [ 174.721532, -36.8108733 ] ] } ] } },
{ "type": "Feature", "properties": { "category": "28m" }, "geometry": { "type": "Polygon", "coordinates": [ [ [ 174.7777229, -36.8655765 ], [ 174.7773842, -36.8655063 ], [ 174.7772848, -36.8658078 ], [ 174.7777229, -36.8655765 ] ] ] } },
{ "type": "Feature", "properties": { "category": "30m" }, "geometry": { "type": "MultiPolygon", "coordinates": [ [ [ [ 174.6309421, -36.8717551 ], [ 174.6321404, -36.8708429 ], [ 174.6328586, -36.8709061 ], [ 174.6330103, -36.8697954 ], [ 174.6325523, -36.8694023 ], [ 174.632732, -36.8680857 ], [ 174.6292876, -36.8677817 ], [ 174.6291596, -36.8687119 ], [ 174.6291063, -36.8687072 ], [ 174.6290532, -36.8690925 ], [ 174.6285662, -36.8690495 ], [ 174.6285578, -36.8691106 ], [ 174.6286119, -36.8691154 ], [ 174.6286062, -36.8691477 ], [ 174.62932, -36.8691975 ], [ 174.6294363, -36.8683839 ], [ 174.6318499, -36.8686155 ], [ 174.6315925, -36.8705364 ], [ 174.6284156, -36.8702261 ], [ 174.6283654, -36.8705105 ], [ 174.6289261, -36.8705597 ], [ 174.6288145, -36.8713816 ], [ 174.628832, -36.8713832 ], [ 174.6288083, -36.8715579 ], [ 174.6309421, -36.8717551 ] ] ], [ [ [ 174.7768561, -36.866034 ], [ 174.7772751, -36.8658129 ], [ 174.7773842, -36.8655063 ], [ 174.7769451, -36.8654153 ], [ 174.7767626, -36.8660167 ], [ 174.7768561, -36.866034 ] ] ] ] } },
{ "type": "Feature", "properties": { "category": "31m" }, "geometry": { "type": "Polygon", "coordinates": [ [ [ 174.7760641, -36.866452 ], [ 174.7765298, -36.8662062 ], [ 174.7765384, -36.8661777 ], [ 174.7762087, -36.8661101 ], [ 174.7762178, -36.8660797 ], [ 174.7761437, -36.8660632 ], [ 174.775889, -36.8664159 ], [ 174.7760641, -36.866452 ] ] ] } },
{ "type": "Feature", "properties": { "category": "32.5m" }, "geometry": { "type": "MultiPolygon", "coordinates": [ [ [ [ 174.6965071, -36.8996891 ], [ 174.6964916, -36.8996784 ], [ 174.6965198, -36.8993368 ], [ 174.6966373, -36.8992231 ], [ 174.6968499, -36.8992346 ], [ 174.6968679, -36.899017 ], [ 174.6965294, -36.89894 ], [ 174.6959255, -36.8995028 ], [ 174.6963756, -36.8998124 ], [ 174.6965071, -36.8996891 ] ] ], [ [ [ 174.6971272, -36.8989534 ], [ 174.6970998, -36.8989517 ], [ 174.6970785, -36.899204 ], [ 174.6975537, -36.8992361 ], [ 174.6975869, -36.8992222 ], [ 174.6976341, -36.8986572 ], [ 174.6974659, -36.8986561 ], [ 174.6974628, -36.8986952 ], [ 174.6971517, -36.8986781 ], [ 174.6971272, -36.8989534 ] ] ], [ [ [ 174.6958121, -36.8993257 ], [ 174.6966343, -36.8985595 ], [ 174.6965976, -36.8985201 ], [ 174.6955146, -36.89891 ], [ 174.6958121, -36.8993257 ] ] ], [ [ [ 174.6979128, -36.8984502 ], [ 174.6979793, -36.8966553 ], [ 174.6972956, -36.8966454 ], [ 174.6971418, -36.8984728 ], [ 174.6978775, -36.8984775 ], [ 174.6979128, -36.8984502 ] ] ], [ [ [ 174.6964708, -36.8983674 ], [ 174.6969065, -36.8982103 ], [ 174.6969455, -36.8981181 ], [ 174.6969877, -36.897625 ], [ 174.6968646, -36.8974537 ], [ 174.696914, -36.8968508 ], [ 174.6970606, -36.8967354 ], [ 174.6970725, -36.8965893 ], [ 174.6967842, -36.8956744 ], [ 174.6963731, -36.8957538 ], [ 174.6943047, -36.8966259 ], [ 174.6944777, -36.8968888 ], [ 174.6946386, -36.897258 ], [ 174.6945962, -36.8979426 ], [ 174.6950177, -36.8979536 ], [ 174.6966036, -36.8972904 ], [ 174.6965941, -36.8974066 ], [ 174.6967202, -36.8975821 ], [ 174.6966591, -36.8976078 ], [ 174.6967389, -36.8977189 ], [ 174.6963042, -36.8978834 ], [ 174.6962131, -36.8978573 ], [ 174.6961512, -36.8978809 ], [ 174.6961806, -36.8979305 ], [ 174.6962121, -36.8979188 ], [ 174.6964708, -36.8983674 ] ] ], [ [ [ 174.6983086, -36.8955929 ], [ 174.6983113, -36.8954152 ], [ 174.6979077, -36.8954105 ], [ 174.697889, -36.8951111 ], [ 174.6982525, -36.8951131 ], [ 174.6982329, -36.8946603 ], [ 174.6967201, -36.8946319 ], [ 174.6967015, -36.8946497 ], [ 174.6972773, -36.896463 ], [ 174.6988787, -36.8964818 ], [ 174.6988313, -36.895598 ], [ 174.6983086, -36.8955929 ] ] ], [ [ [ 174.6961107, -36.8952658 ], [ 174.6960909, -36.8952742 ], [ 174.6961442, -36.8953281 ], [ 174.6962931, -36.895583 ], [ 174.6967319, -36.8954978 ], [ 174.6964717, -36.8946314 ], [ 174.6957912, -36.8946259 ], [ 174.6955324, -36.8947402 ], [ 174.6957097, -36.8950094 ], [ 174.6959466, -36.8949047 ], [ 174.6961107, -36.8952658 ] ] ], [ [ [ 174.6975528, -36.8940167 ], [ 174.6965066, -36.8940014 ], [ 174.6966403, -36.8944531 ], [ 174.6975429, -36.8944675 ], [ 174.6975528, -36.8940167 ] ] ], [ [ [ 174.6942795, -36.8939508 ], [ 174.694349, -36.8941754 ], [ 174.6947893, -36.8943948 ], [ 174.6949213, -36.8944264 ], [ 174.6949692, -36.8944365 ], [ 174.6963879, -36.8944505 ], [ 174.6964011, -36.8944321 ], [ 174.6961336, -36.8935814 ], [ 174.6942795, -36.8939508 ] ] ], [ [ [ 174.6972329, -36.8936638 ], [ 174.6971872, -36.8935282 ], [ 174.6963669, -36.8935586 ], [ 174.6964977, -36.8939738 ], [ 174.6971808, -36.8939829 ], [ 174.6971846, -36.8938003 ], [ 174.6972409, -36.8937983 ], [ 174.6972329, -36.8936638 ] ] ], [ [ [ 174.7589291, -36.8632345 ], [ 174.7594734, -36.8633549 ], [ 174.7596913, -36.8628123 ], [ 174.7593949, -36.8627624 ], [ 174.7593783, -36.8627899 ], [ 174.759036, -36.8627151 ], [ 174.7588811, -36.8631673 ], [ 174.7588859, -36.863206 ], [ 174.7589291, -36.8632345 ] ] ], [ [ [ 174.7575142, -36.8629251 ], [ 174.7585358, -36.8631508 ], [ 174.7587062, -36.8626452 ], [ 174.7576857, -36.8624206 ], [ 174.7575142, -36.8629251 ] ] ], [ [ [ 174.7573418, -36.8628699 ], [ 174.7575005, -36.8624026 ], [ 174.7574813, -36.8623756 ], [ 174.7568527, -36.8622368 ], [ 174.7566785, -36.8627404 ], [ 174.7573166, -36.8628815 ], [ 174.7573418, -36.8628699 ] ] ], [ [ [ 174.7588858, -36.8621158 ], [ 174.7583542, -36.861957 ], [ 174.7578656, -36.8618494 ], [ 174.7577201, -36.8622774 ], [ 174.757768, -36.8623448 ], [ 174.7587427, -36.8625593 ], [ 174.7590381, -36.8622146 ], [ 174.7590255, -36.8621824 ], [ 174.7588781, -36.8621384 ], [ 174.7588858, -36.8621158 ] ] ], [ [ [ 174.7577197, -36.8617575 ], [ 174.7572982, -36.8616416 ], [ 174.7573023, -36.8616296 ], [ 174.7571933, -36.8615964 ], [ 174.7571889, -36.8616087 ], [ 174.7568918, -36.8615083 ], [ 174.756488, -36.8616859 ], [ 174.7562381, -36.8618674 ], [ 174.7560939, -36.8620054 ], [ 174.7554782, -36.8626954 ], [ 174.7556617, -36.8627184 ], [ 174.7559986, -36.862741 ], [ 174.7565697, -36.8627163 ], [ 174.7567444, -36.8622131 ], [ 174.756634, -36.8621888 ], [ 174.756169, -36.8622096 ], [ 174.7561776, -36.8621756 ], [ 174.7562832, -36.8620723 ], [ 174.7563277, -36.8620655 ], [ 174.7563316, -36.8621105 ], [ 174.7566459, -36.8620975 ], [ 174.7575374, -36.8622939 ], [ 174.7577197, -36.8617575 ] ] ], [ [ [ 174.7593784, -36.8617045 ], [ 174.7581129, -36.8613211 ], [ 174.7579012, -36.8617367 ], [ 174.758271, -36.8618414 ], [ 174.7591396, -36.8621125 ], [ 174.7593784, -36.8617045 ] ] ], [ [ [ 174.7575856, -36.86116 ], [ 174.7571192, -36.8613788 ], [ 174.757099, -36.8614366 ], [ 174.7571059, -36.8614999 ], [ 174.7577456, -36.8616835 ], [ 174.7577989, -36.8615267 ], [ 174.7579371, -36.8612685 ], [ 174.7575856, -36.86116 ] ] ], [ [ [ 174.7595504, -36.861246 ], [ 174.7585357, -36.8608659 ], [ 174.7584112, -36.8608991 ], [ 174.7582859, -36.8610034 ], [ 174.7581756, -36.8611931 ], [ 174.7594194, -36.8615701 ], [ 174.7594646, -36.8615545 ], [ 174.7595861, -36.8613199 ], [ 174.7595504, -36.861246 ] ] ], [ [ [ 174.7596447, -36.8610996 ], [ 174.7597502, -36.861003 ], [ 174.7598161, -36.8608759 ], [ 174.759549, -36.8607749 ], [ 174.7589186, -36.8608276 ], [ 174.7596447, -36.8610996 ] ] ], [ [ [ 174.7251985, -36.8101889 ], [ 174.7243499, -36.8101318 ], [ 174.7243455, -36.8101503 ], [ 174.7239368, -36.8101293 ], [ 174.7239429, -36.8103774 ], [ 174.7240102, -36.8103748 ], [ 174.7240207, -36.8107971 ], [ 174.7239611, -36.8108213 ], [ 174.7239552, -36.8109794 ], [ 174.7240259, -36.8110076 ], [ 174.7240297, -36.8111587 ], [ 174.7242688, -36.8111196 ], [ 174.7243406, -36.8111772 ], [ 174.7243002, -36.8114722 ], [ 174.7254415, -36.8116126 ], [ 174.725403, -36.8115182 ], [ 174.7255548, -36.8115369 ], [ 174.7253747, -36.8110955 ], [ 174.7251792, -36.811075 ], [ 174.7250833, -36.8106795 ], [ 174.7250608, -36.8106804 ], [ 174.7250075, -36.8105499 ], [ 174.7255026, -36.8105303 ], [ 174.725469, -36.8104028 ], [ 174.7253214, -36.8102316 ], [ 174.7252899, -36.8102103 ], [ 174.7251985, -36.8101889 ] ] ], [ [ [ 174.9136247, -36.9677837 ], [ 174.9140477, -36.9682778 ], [ 174.9141963, -36.968487 ], [ 174.9142297, -36.9685135 ], [ 174.914276, -36.9685199 ], [ 174.9143186, -36.968504 ], [ 174.9143422, -36.9684714 ], [ 174.9149643, -36.9662817 ], [ 174.9148667, -36.9662002 ], [ 174.9145274, -36.9661596 ], [ 174.914052, -36.966119 ], [ 174.9139388, -36.9661662 ], [ 174.9135535, -36.9675384 ], [ 174.9135513, -36.9676046 ], [ 174.9135797, -36.9676963 ], [ 174.9136247, -36.9677837 ] ] ], [ [ [ 174.9151774, -36.9663099 ], [ 174.9147667, -36.9677562 ], [ 174.9151171, -36.9678203 ], [ 174.9153271, -36.9670811 ], [ 174.91536, -36.9670865 ], [ 174.9155734, -36.9663346 ], [ 174.9152225, -36.9662755 ], [ 174.9151962, -36.9662853 ], [ 174.9151774, -36.9663099 ] ] ], [ [ [ 174.9134653, -36.9678708 ], [ 174.9134142, -36.9677816 ], [ 174.9133627, -36.967634 ], [ 174.9133555, -36.9675466 ], [ 174.9137383, -36.9661833 ], [ 174.9136372, -36.9660981 ], [ 174.9125436, -36.9660981 ], [ 174.9123197, -36.9660848 ], [ 174.9120983, -36.9660549 ], [ 174.9118798, -36.966013 ], [ 174.9116669, -36.9659556 ], [ 174.9114579, -36.9658898 ], [ 174.9108702, -36.9656319 ], [ 174.9106671, -36.9655548 ], [ 174.9101212, -36.9653801 ], [ 174.9100811, -36.965663 ], [ 174.9101447, -36.9659944 ], [ 174.910402, -36.9662399 ], [ 174.9108359, -36.9664201 ], [ 174.911672, -36.9665737 ], [ 174.9118681, -36.966733 ], [ 174.9120664, -36.9673945 ], [ 174.9122397, -36.9676145 ], [ 174.9125433, -36.967901 ], [ 174.9128619, -36.9680214 ], [ 174.9130278, -36.9680309 ], [ 174.9133262, -36.967987 ], [ 174.9135013, -36.9680762 ], [ 174.9137427, -36.968388 ], [ 174.914062, -36.9686189 ], [ 174.9138917, -36.9683661 ], [ 174.9134653, -36.9678708 ] ] ], [ [ [ 174.915478, -36.9644729 ], [ 174.9144822, -36.9642929 ], [ 174.9140697, -36.9657624 ], [ 174.9141098, -36.9658576 ], [ 174.9145152, -36.9658906 ], [ 174.914998, -36.9659494 ], [ 174.9150711, -36.9659222 ], [ 174.915478, -36.9644729 ] ] ], [ [ [ 174.9153109, -36.965974 ], [ 174.9153435, -36.9660049 ], [ 174.9156779, -36.966069 ], [ 174.9163181, -36.9638053 ], [ 174.9158834, -36.9636103 ], [ 174.9156749, -36.9643514 ], [ 174.9157196, -36.9643595 ], [ 174.9152833, -36.965914 ], [ 174.9153136, -36.9659197 ], [ 174.9153109, -36.965974 ] ] ], [ [ [ 174.9123216, -36.9658185 ], [ 174.9125574, -36.9658349 ], [ 174.9133869, -36.9658271 ], [ 174.9138178, -36.9658402 ], [ 174.9143054, -36.9641038 ], [ 174.915542, -36.9643274 ], [ 174.9162456, -36.9618211 ], [ 174.9161938, -36.9618118 ], [ 174.9169216, -36.9592098 ], [ 174.9157168, -36.9623489 ], [ 174.9144566, -36.9630403 ], [ 174.914178, -36.9632209 ], [ 174.9137142, -36.9633683 ], [ 174.9132553, -36.9634242 ], [ 174.9128963, -36.9634135 ], [ 174.912689, -36.9633516 ], [ 174.9125153, -36.9633181 ], [ 174.9121712, -36.9632968 ], [ 174.9118307, -36.9633331 ], [ 174.9115193, -36.963424 ], [ 174.9112313, -36.963558 ], [ 174.9109978, -36.963727 ], [ 174.9108661, -36.9638584 ], [ 174.9107567, -36.9640011 ], [ 174.9106326, -36.9642383 ], [ 174.9102257, -36.9651198 ], [ 174.9105826, -36.9652322 ], [ 174.9109472, -36.9653668 ], [ 174.9116329, -36.9656601 ], [ 174.9118937, -36.9657408 ], [ 174.912072, -36.9657814 ], [ 174.9123216, -36.9658185 ] ] ], [ [ [ 174.8559687, -36.8792964 ], [ 174.8559155, -36.8794887 ], [ 174.8559332, -36.8795182 ], [ 174.8559606, -36.8795326 ], [ 174.8561683, -36.8795697 ], [ 174.8563191, -36.8790199 ], [ 174.8559184, -36.878949 ], [ 174.8559125, -36.8789705 ], [ 174.85538, -36.8790711 ], [ 174.8553737, -36.8790497 ], [ 174.8552074, -36.8790812 ], [ 174.8553444, -36.879549 ], [ 174.8549463, -36.8796242 ], [ 174.8550169, -36.8798655 ], [ 174.8551185, -36.8800641 ], [ 174.8554834, -36.8806364 ], [ 174.8555228, -36.880663 ], [ 174.8557204, -36.8806731 ], [ 174.8557817, -36.8806629 ], [ 174.8558432, -36.8806286 ], [ 174.855923, -36.8805296 ], [ 174.8560016, -36.8803675 ], [ 174.8561927, -36.8796725 ], [ 174.8555962, -36.879567 ], [ 174.8555216, -36.8793197 ], [ 174.8554948, -36.8792874 ], [ 174.8554405, -36.8792535 ], [ 174.8554888, -36.8792002 ], [ 174.8556772, -36.8793058 ], [ 174.8557318, -36.879313 ], [ 174.8558064, -36.879301 ], [ 174.8558622, -36.8792787 ], [ 174.8560758, -36.8791148 ], [ 174.8561327, -36.8791624 ], [ 174.8559687, -36.8792964 ] ] ], [ [ [ 174.854774, -36.879036 ], [ 174.8553385, -36.8789294 ], [ 174.8552681, -36.8786888 ], [ 174.8554079, -36.8786624 ], [ 174.8553296, -36.878395 ], [ 174.8552463, -36.8784108 ], [ 174.8551352, -36.8780311 ], [ 174.8547903, -36.8780963 ], [ 174.8548099, -36.8781631 ], [ 174.8545336, -36.8782153 ], [ 174.8545924, -36.8784159 ], [ 174.8547895, -36.8783782 ], [ 174.8548281, -36.8783616 ], [ 174.8548599, -36.878334 ], [ 174.8549645, -36.8781875 ], [ 174.8550358, -36.8782202 ], [ 174.8549723, -36.8783181 ], [ 174.8549824, -36.8784042 ], [ 174.8546111, -36.87848 ], [ 174.854774, -36.879036 ] ] ], [ [ [ 174.8559515, -36.8788283 ], [ 174.8563522, -36.8788991 ], [ 174.8564176, -36.8786605 ], [ 174.8557107, -36.8785355 ], [ 174.8557283, -36.8784711 ], [ 174.855922, -36.8785053 ], [ 174.8560035, -36.8784635 ], [ 174.8561647, -36.8778753 ], [ 174.8557802, -36.8778091 ], [ 174.8555539, -36.8786348 ], [ 174.8559573, -36.8788068 ], [ 174.8559515, -36.8788283 ] ] ], [ [ [ 174.8569562, -36.8780252 ], [ 174.8569068, -36.8780464 ], [ 174.8568675, -36.87809 ], [ 174.8567702, -36.8784431 ], [ 174.8576974, -36.8786029 ], [ 174.8578993, -36.8781742 ], [ 174.8570232, -36.8780232 ], [ 174.8569562, -36.8780252 ] ] ], [ [ [ 174.8566116, -36.8779523 ], [ 174.8562449, -36.8778891 ], [ 174.8560836, -36.8784777 ], [ 174.8561357, -36.8785431 ], [ 174.8564352, -36.8785961 ], [ 174.8566116, -36.8779523 ] ] ], [ [ [ 174.8543703, -36.8776674 ], [ 174.8549666, -36.8775596 ], [ 174.8552798, -36.8775397 ], [ 174.8555538, -36.8775584 ], [ 174.8562029, -36.8776683 ], [ 174.8562729, -36.8773834 ], [ 174.8562558, -36.8773345 ], [ 174.8562268, -36.877301 ], [ 174.8561755, -36.8772712 ], [ 174.8556666, -36.8771799 ], [ 174.855371, -36.8771763 ], [ 174.8542397, -36.8773471 ], [ 174.8543068, -36.8776314 ], [ 174.8543316, -36.8776573 ], [ 174.8543703, -36.8776674 ] ] ], [ [ [ 174.8555187, -36.877087 ], [ 174.8564044, -36.8772396 ], [ 174.8562831, -36.8776822 ], [ 174.8566512, -36.8777455 ], [ 174.8566916, -36.8777426 ], [ 174.8567323, -36.8777036 ], [ 174.8571315, -36.8762469 ], [ 174.8547585, -36.8754584 ], [ 174.8542094, -36.8755621 ], [ 174.8543157, -36.8759528 ], [ 174.8543439, -36.8762289 ], [ 174.8543268, -36.8764881 ], [ 174.8542322, -36.8770096 ], [ 174.8542321, -36.8772812 ], [ 174.8555187, -36.877087 ] ] ], [ [ [ 174.8527058, -36.8741123 ], [ 174.8529168, -36.8744726 ], [ 174.8530601, -36.8747677 ], [ 174.85312, -36.874911 ], [ 174.8532846, -36.875404 ], [ 174.8539681, -36.8778011 ], [ 174.8541161, -36.8777731 ], [ 174.8540221, -36.8774102 ], [ 174.8540002, -36.8771375 ], [ 174.8540186, -36.8769036 ], [ 174.8541141, -36.8763675 ], [ 174.854117, -36.8761849 ], [ 174.8541028, -36.8760392 ], [ 174.8540588, -36.8758387 ], [ 174.8535321, -36.8740468 ], [ 174.8534187, -36.8737366 ], [ 174.8532155, -36.8732702 ], [ 174.8525813, -36.8731563 ], [ 174.8526772, -36.8733736 ], [ 174.8523034, -36.8735661 ], [ 174.8527058, -36.8741123 ] ] ], [ [ [ 174.8547538, -36.8754424 ], [ 174.8543403, -36.8740294 ], [ 174.854056, -36.8738566 ], [ 174.8537265, -36.8739296 ], [ 174.8542047, -36.8755461 ], [ 174.8547538, -36.8754424 ] ] ], [ [ [ 174.7598442, -36.862512 ], [ 174.7597721, -36.8624979 ], [ 174.7598141, -36.8623648 ], [ 174.7596528, -36.8623366 ], [ 174.7596406, -36.8623567 ], [ 174.7594062, -36.8622863 ], [ 174.7593314, -36.8622788 ], [ 174.7592463, -36.8623524 ], [ 174.7591771, -36.8624396 ], [ 174.7591303, -36.8624284 ], [ 174.7590005, -36.8625921 ], [ 174.7590056, -36.8626109 ], [ 174.7594285, -36.8627069 ], [ 174.7595236, -36.86255 ], [ 174.7598184, -36.8626015 ], [ 174.7598442, -36.862512 ] ] ], [ [ [ 174.7598652, -36.8619375 ], [ 174.7601374, -36.8614709 ], [ 174.7604829, -36.8616011 ], [ 174.7604916, -36.8615862 ], [ 174.7601446, -36.8614574 ], [ 174.7605893, -36.8607082 ], [ 174.7603845, -36.8606315 ], [ 174.7603233, -36.8606275 ], [ 174.7602705, -36.8606427 ], [ 174.7601059, -36.8609602 ], [ 174.7600716, -36.8609471 ], [ 174.7599429, -36.8611669 ], [ 174.7599896, -36.8611844 ], [ 174.7599372, -36.8612854 ], [ 174.7598848, -36.8612657 ], [ 174.7598393, -36.8613434 ], [ 174.7598966, -36.8613635 ], [ 174.7596424, -36.8618526 ], [ 174.7595595, -36.861821 ], [ 174.7595108, -36.8619041 ], [ 174.7595929, -36.8619355 ], [ 174.759487, -36.8620845 ], [ 174.7594727, -36.862123 ], [ 174.7594988, -36.8621924 ], [ 174.7595519, -36.8622347 ], [ 174.759684, -36.8622797 ], [ 174.75978, -36.8621175 ], [ 174.7598652, -36.8619375 ] ] ], [ [ [ 174.7757315, -36.8520236 ], [ 174.7759193, -36.851829 ], [ 174.7757743, -36.8513859 ], [ 174.775728, -36.851309 ], [ 174.7756941, -36.8511912 ], [ 174.7753906, -36.8510681 ], [ 174.7740431, -36.8524714 ], [ 174.7740552, -36.8525472 ], [ 174.7746335, -36.8529059 ], [ 174.7745169, -36.8530271 ], [ 174.7739387, -36.8526685 ], [ 174.7738445, -36.8526783 ], [ 174.7730312, -36.853521 ], [ 174.7735802, -36.8538593 ], [ 174.7734857, -36.8539574 ], [ 174.7735704, -36.8540107 ], [ 174.7742027, -36.8533535 ], [ 174.7748961, -36.8537841 ], [ 174.7749425, -36.8537359 ], [ 174.7749723, -36.8537493 ], [ 174.7760644, -36.8544274 ], [ 174.7761846, -36.854286 ], [ 174.7766288, -36.8538408 ], [ 174.776741, -36.8543234 ], [ 174.77703, -36.8543033 ], [ 174.7764308, -36.8530745 ], [ 174.7763338, -36.8531109 ], [ 174.7761208, -36.853035 ], [ 174.7759427, -36.8528173 ], [ 174.7758545, -36.8526306 ], [ 174.7756539, -36.8525067 ], [ 174.7756368, -36.8522318 ], [ 174.7754943, -36.8522924 ], [ 174.7752325, -36.8522838 ], [ 174.7757315, -36.8520236 ] ] ], [ [ [ 174.7653636, -36.7723399 ], [ 174.7660767, -36.7725235 ], [ 174.7660873, -36.7724974 ], [ 174.7662977, -36.7725528 ], [ 174.766895, -36.7710871 ], [ 174.7662505, -36.770918 ], [ 174.7662326, -36.7709623 ], [ 174.7660185, -36.7709057 ], [ 174.7660749, -36.7707676 ], [ 174.7659106, -36.7707213 ], [ 174.7657895, -36.7707058 ], [ 174.7656537, -36.770705 ], [ 174.7655197, -36.7707229 ], [ 174.7654164, -36.7707502 ], [ 174.7652502, -36.7708241 ], [ 174.765215, -36.7708808 ], [ 174.7650983, -36.7709794 ], [ 174.7649189, -36.7711048 ], [ 174.7647041, -36.7713042 ], [ 174.7646696, -36.7713775 ], [ 174.7645499, -36.7714865 ], [ 174.7645398, -36.7715149 ], [ 174.76456, -36.771546 ], [ 174.7648994, -36.7717649 ], [ 174.7651659, -36.7718353 ], [ 174.7652406, -36.7716522 ], [ 174.7656047, -36.7717481 ], [ 174.7653636, -36.7723399 ] ] ] ] } },
{ "type": "Feature", "properties": { "category": "32m" }, "geometry": { "type": "Polygon", "coordinates": [ [ [ 174.7760641, -36.866452 ], [ 174.775889, -36.8664159 ], [ 174.7757391, -36.8666236 ], [ 174.7760641, -36.866452 ] ] ] } },
{ "type": "Feature", "properties": { "category": "35m" }, "geometry": { "type": "Polygon", "coordinates": [ [ [ 174.7749815, -36.8910147 ], [ 174.7748507, -36.8917343 ], [ 174.7750465, -36.8917567 ], [ 174.7751758, -36.8920626 ], [ 174.7754312, -36.8923963 ], [ 174.7752828, -36.8932294 ], [ 174.7777207, -36.8931346 ], [ 174.778279, -36.8930767 ], [ 174.7797611, -36.893019 ], [ 174.7803232, -36.8929864 ], [ 174.780453, -36.8922626 ], [ 174.7801311, -36.8921009 ], [ 174.7799333, -36.8922007 ], [ 174.7797149, -36.8922682 ], [ 174.7795181, -36.8922982 ], [ 174.7792839, -36.8922987 ], [ 174.779119, -36.8922769 ], [ 174.7769726, -36.8918719 ], [ 174.7767938, -36.8924583 ], [ 174.7763018, -36.8923684 ], [ 174.7760855, -36.8922586 ], [ 174.7757946, -36.8920812 ], [ 174.7761909, -36.8916546 ], [ 174.7760409, -36.891561 ], [ 174.7759498, -36.8914736 ], [ 174.7754844, -36.8917653 ], [ 174.7752811, -36.8915251 ], [ 174.7751974, -36.891369 ], [ 174.7751232, -36.8911683 ], [ 174.7750922, -36.8910201 ], [ 174.7749815, -36.8910147 ] ] ] } },
{ "type": "Feature", "properties": { "category": "40.5m" }, "geometry": { "type": "MultiPolygon", "coordinates": [ [ [ [ 174.9428638, -37.0636739 ], [ 174.9428873, -37.0636626 ], [ 174.9428436, -37.0636039 ], [ 174.9424291, -37.0638004 ], [ 174.9425394, -37.0639721 ], [ 174.9430744, -37.0646853 ], [ 174.9431584, -37.0647353 ], [ 174.9432814, -37.0648363 ], [ 174.9434905, -37.0651173 ], [ 174.9434581, -37.0653377 ], [ 174.943834, -37.0653733 ], [ 174.943858, -37.0651931 ], [ 174.9437621, -37.064842 ], [ 174.943495, -37.0644826 ], [ 174.9434715, -37.0644939 ], [ 174.9431731, -37.06409 ], [ 174.9431966, -37.0640787 ], [ 174.9429652, -37.0637675 ], [ 174.9429417, -37.0637787 ], [ 174.9428638, -37.0636739 ] ] ], [ [ [ 174.9412021, -37.0631656 ], [ 174.9427681, -37.0652726 ], [ 174.9433901, -37.0653312 ], [ 174.9434197, -37.0651293 ], [ 174.943244, -37.0648933 ], [ 174.9430642, -37.0647806 ], [ 174.9423569, -37.0638346 ], [ 174.9423701, -37.0638284 ], [ 174.9417403, -37.0630049 ], [ 174.9415992, -37.0629762 ], [ 174.9412021, -37.0631656 ] ] ], [ [ [ 174.9420877, -37.063284 ], [ 174.9424594, -37.0637615 ], [ 174.9428065, -37.063597 ], [ 174.9422062, -37.0627892 ], [ 174.9422298, -37.062778 ], [ 174.942044, -37.0625279 ], [ 174.9410725, -37.062991 ], [ 174.941167, -37.0631183 ], [ 174.9417115, -37.0628588 ], [ 174.9419658, -37.0632009 ], [ 174.9420182, -37.0631761 ], [ 174.9420877, -37.063284 ] ] ], [ [ [ 174.9410081, -37.0628109 ], [ 174.941926, -37.0623731 ], [ 174.9416846, -37.0620516 ], [ 174.9416612, -37.0620628 ], [ 174.9410787, -37.0612886 ], [ 174.9410083, -37.061275 ], [ 174.9401052, -37.0617246 ], [ 174.9403418, -37.0620346 ], [ 174.9403652, -37.0620231 ], [ 174.9404012, -37.0620702 ], [ 174.9404836, -37.0621779 ], [ 174.9404601, -37.0621893 ], [ 174.9407104, -37.0625162 ], [ 174.940734, -37.0625049 ], [ 174.9409607, -37.0628015 ], [ 174.9410081, -37.0628109 ] ] ], [ [ [ 174.9424289, -37.0618667 ], [ 174.9433334, -37.0620685 ], [ 174.943376, -37.0619661 ], [ 174.9433632, -37.0618937 ], [ 174.942073, -37.060387 ], [ 174.9416807, -37.0599868 ], [ 174.9416315, -37.0599527 ], [ 174.9415699, -37.0599357 ], [ 174.9415049, -37.0599384 ], [ 174.9409125, -37.0600945 ], [ 174.9408798, -37.0601464 ], [ 174.9410871, -37.0606505 ], [ 174.9410599, -37.0606546 ], [ 174.9411308, -37.0608267 ], [ 174.941158, -37.0608226 ], [ 174.9412806, -37.0611206 ], [ 174.941383, -37.061256 ], [ 174.9413594, -37.0612674 ], [ 174.9417996, -37.0618501 ], [ 174.9418237, -37.0618384 ], [ 174.9419553, -37.0620122 ], [ 174.9420203, -37.0620533 ], [ 174.9432054, -37.062376 ], [ 174.9433117, -37.0621206 ], [ 174.9423914, -37.0619156 ], [ 174.9424289, -37.0618667 ] ] ], [ [ [ 174.9431705, -37.0609112 ], [ 174.9427497, -37.0604281 ], [ 174.9428063, -37.0603969 ], [ 174.941151, -37.0585086 ], [ 174.9404873, -37.0591147 ], [ 174.9404751, -37.0591626 ], [ 174.9407767, -37.0598961 ], [ 174.9408416, -37.0599223 ], [ 174.9416863, -37.0596991 ], [ 174.9422554, -37.0602795 ], [ 174.9429354, -37.0610738 ], [ 174.9431616, -37.0609494 ], [ 174.9431705, -37.0609112 ] ] ], [ [ [ 174.9453606, -37.0643754 ], [ 174.944651, -37.0633815 ], [ 174.9433907, -37.0639838 ], [ 174.9439135, -37.0646916 ], [ 174.9450862, -37.0645098 ], [ 174.9453606, -37.0643754 ] ] ], [ [ [ 174.9447556, -37.0631625 ], [ 174.9458817, -37.0647412 ], [ 174.9461131, -37.0647555 ], [ 174.946132, -37.0647472 ], [ 174.9461224, -37.0646255 ], [ 174.9459323, -37.0643459 ], [ 174.9455626, -37.0637296 ], [ 174.945257, -37.0633244 ], [ 174.9449189, -37.0628287 ], [ 174.9447556, -37.0631625 ] ] ], [ [ [ 174.9424082, -37.0623539 ], [ 174.9422382, -37.062435 ], [ 174.9432754, -37.0638278 ], [ 174.9445387, -37.0632241 ], [ 174.9442767, -37.0628561 ], [ 174.9424082, -37.0623539 ] ] ], [ [ [ 174.9443598, -37.0626871 ], [ 174.9447013, -37.0626403 ], [ 174.9440152, -37.0618048 ], [ 174.9439605, -37.0618349 ], [ 174.94368, -37.0615075 ], [ 174.9436334, -37.0615011 ], [ 174.9434076, -37.0616252 ], [ 174.9436423, -37.0618992 ], [ 174.94342, -37.0624335 ], [ 174.9443598, -37.0626871 ] ] ], [ [ [ 174.9432479, -37.0610019 ], [ 174.9432003, -37.0609948 ], [ 174.9429742, -37.0611191 ], [ 174.9433843, -37.061598 ], [ 174.9436097, -37.061474 ], [ 174.9436186, -37.0614359 ], [ 174.9432479, -37.0610019 ] ] ] ] } },
{ "type": "Feature", "properties": { "category": "40m" }, "geometry": { "type": "Polygon", "coordinates": [ [ [ 174.7810687, -36.8943872 ], [ 174.7810373, -36.8938535 ], [ 174.7804418, -36.8938815 ], [ 174.7804478, -36.8938356 ], [ 174.7805095, -36.8938328 ], [ 174.7805011, -36.8936746 ], [ 174.7804678, -36.8936732 ], [ 174.780467, -36.8936388 ], [ 174.7799378, -36.8936615 ], [ 174.7799766, -36.8944336 ], [ 174.7810687, -36.8943872 ] ] ] } },
{ "type": "Feature", "properties": { "category": "43m" }, "geometry": { "type": "Polygon", "coordinates": [ [ [ 174.7799106, -36.8960861 ], [ 174.7801946, -36.8955796 ], [ 174.7795493, -36.8953332 ], [ 174.7795496, -36.8952246 ], [ 174.7785722, -36.8952632 ], [ 174.7785537, -36.8955537 ], [ 174.7799106, -36.8960861 ] ] ] } },
{ "type": "Feature", "properties": { "category": "48.5m" }, "geometry": { "type": "MultiPolygon", "coordinates": [ [ [ [ 174.8711999, -36.9149038 ], [ 174.8711978, -36.9150311 ], [ 174.8727443, -36.9163054 ], [ 174.8729502, -36.9162581 ], [ 174.8731433, -36.9155501 ], [ 174.8728355, -36.915418 ], [ 174.8727998, -36.9154459 ], [ 174.872703, -36.915445 ], [ 174.8725837, -36.9153466 ], [ 174.8725324, -36.9152256 ], [ 174.8717136, -36.9145509 ], [ 174.8716169, -36.9145499 ], [ 174.8713449, -36.9147629 ], [ 174.8711999, -36.9149038 ] ] ], [ [ [ 174.8730046, -36.9152604 ], [ 174.8732165, -36.9152977 ], [ 174.8733698, -36.914735 ], [ 174.872401, -36.9139366 ], [ 174.8718864, -36.9143391 ], [ 174.8718851, -36.9144168 ], [ 174.8726848, -36.9150758 ], [ 174.8728532, -36.9151358 ], [ 174.8730046, -36.9152604 ] ] ], [ [ [ 174.8708493, -36.9147439 ], [ 174.8710078, -36.9147456 ], [ 174.8719089, -36.9140683 ], [ 174.8730117, -36.9132056 ], [ 174.8723815, -36.9126863 ], [ 174.8710405, -36.9137354 ], [ 174.8702585, -36.9130908 ], [ 174.8699364, -36.9131617 ], [ 174.8702005, -36.9139336 ], [ 174.87031, -36.9141653 ], [ 174.8704132, -36.9143211 ], [ 174.8705356, -36.9144664 ], [ 174.8706467, -36.9145748 ], [ 174.8708493, -36.9147439 ] ] ], [ [ [ 174.8695947, -36.9120928 ], [ 174.8696051, -36.9121915 ], [ 174.8698912, -36.9130293 ], [ 174.8702761, -36.9129445 ], [ 174.8705502, -36.9127301 ], [ 174.8701721, -36.9124186 ], [ 174.8705627, -36.9120824 ], [ 174.8704408, -36.9117256 ], [ 174.8697762, -36.911878 ], [ 174.8697036, -36.9119186 ], [ 174.8696565, -36.9119611 ], [ 174.8696148, -36.9120236 ], [ 174.8695947, -36.9120928 ] ] ], [ [ [ 174.8731342, -36.9131098 ], [ 174.873357, -36.9129355 ], [ 174.8738329, -36.9130191 ], [ 174.874371, -36.9110425 ], [ 174.8743181, -36.9109978 ], [ 174.8728832, -36.9111877 ], [ 174.872243, -36.9113286 ], [ 174.8723177, -36.9115476 ], [ 174.8721197, -36.9117024 ], [ 174.8716397, -36.9118081 ], [ 174.8716709, -36.9118995 ], [ 174.8714728, -36.9119431 ], [ 174.8711397, -36.9122298 ], [ 174.8711254, -36.9122764 ], [ 174.8711358, -36.9123067 ], [ 174.8710211, -36.9123319 ], [ 174.8709965, -36.9123531 ], [ 174.8709802, -36.9123409 ], [ 174.8709065, -36.9123571 ], [ 174.8708944, -36.9123218 ], [ 174.870698, -36.9121671 ], [ 174.8706045, -36.9122476 ], [ 174.8706162, -36.9122573 ], [ 174.8704104, -36.9124182 ], [ 174.8707919, -36.9127326 ], [ 174.8704178, -36.9130254 ], [ 174.8710254, -36.9135261 ], [ 174.8710625, -36.9135265 ], [ 174.8723847, -36.9124921 ], [ 174.8725279, -36.9126101 ], [ 174.872882, -36.9123332 ], [ 174.8730013, -36.9124315 ], [ 174.8726473, -36.9127085 ], [ 174.8731342, -36.9131098 ] ] ], [ [ [ 174.8710948, -36.9118257 ], [ 174.8707213, -36.912147 ], [ 174.8709213, -36.9122969 ], [ 174.8713945, -36.91189 ], [ 174.871423, -36.9117968 ], [ 174.8713837, -36.9116818 ], [ 174.8712997, -36.9116433 ], [ 174.8711364, -36.9116793 ], [ 174.8710839, -36.9117409 ], [ 174.8710948, -36.9118257 ] ] ], [ [ [ 174.8720781, -36.911365 ], [ 174.8715295, -36.9114857 ], [ 174.8715945, -36.9116757 ], [ 174.872032, -36.9115795 ], [ 174.8721261, -36.9115058 ], [ 174.8720781, -36.911365 ] ] ] ] } },
{ "type": "Feature", "properties": { "category": "50m" }, "geometry": { "type": "MultiPolygon", "coordinates": [ [ [ [ 174.7785722, -36.8952632 ], [ 174.7795496, -36.8952246 ], [ 174.7795019, -36.8944526 ], [ 174.7799766, -36.8944336 ], [ 174.7799378, -36.8936615 ], [ 174.7786707, -36.8937186 ], [ 174.7785722, -36.8952632 ] ] ], [ [ [ 174.6315925, -36.8705364 ], [ 174.6318499, -36.8686155 ], [ 174.6294363, -36.8683839 ], [ 174.62932, -36.8691975 ], [ 174.6286062, -36.8691477 ], [ 174.6284155, -36.870227 ], [ 174.6315925, -36.8705364 ] ] ] ] } },
{ "type": "Feature", "properties": { "category": "55m" }, "geometry": { "type": "Polygon", "coordinates": [ [ [ 174.7767785, -36.8653811 ], [ 174.776655, -36.865355 ], [ 174.7762569, -36.8659063 ], [ 174.7762618, -36.8659207 ], [ 174.776591, -36.8659959 ], [ 174.7767785, -36.8653811 ] ] ] } },
{ "type": "Feature", "properties": { "category": "75m" }, "geometry": { "type": "Polygon", "coordinates": [ [ [ 174.7557459, -36.7816604 ], [ 174.7582964, -36.7819518 ], [ 174.7585062, -36.7806252 ], [ 174.757543, -36.780513 ], [ 174.757568, -36.7803347 ], [ 174.7559786, -36.7801599 ], [ 174.7557459, -36.7816604 ] ] ] } },
{ "type": "Feature", "properties": { "category": "7m" }, "geometry": { "type": "Polygon", "coordinates": [ [ [ 174.9300027, -36.8926877 ], [ 174.9303126, -36.8924117 ], [ 174.9300073, -36.8921905 ], [ 174.9296577, -36.8925027 ], [ 174.9299227, -36.8926913 ], [ 174.9300027, -36.8926877 ] ] ] } },
{ "type": "Feature", "properties": { "category": "8.5m" }, "geometry": { "type": "MultiPolygon", "coordinates": [ [ [ [ 174.6625901, -36.3981998 ], [ 174.6624677, -36.3984574 ], [ 174.6625965, -36.3988177 ], [ 174.6632318, -36.3987093 ], [ 174.6631391, -36.3983544 ], [ 174.6631275, -36.3981987 ], [ 174.6627743, -36.3981035 ], [ 174.6626547, -36.398151 ], [ 174.6625901, -36.3981998 ] ] ], [ [ [ 174.6622024, -36.3982116 ], [ 174.6623337, -36.3981107 ], [ 174.6623753, -36.3980475 ], [ 174.6624049, -36.3980602 ], [ 174.6624602, -36.3979774 ], [ 174.6621804, -36.3978654 ], [ 174.6619681, -36.3978203 ], [ 174.6617653, -36.397707 ], [ 174.6616937, -36.3977292 ], [ 174.661514, -36.3983448 ], [ 174.6615835, -36.3984039 ], [ 174.6620936, -36.3985055 ], [ 174.6621891, -36.3984793 ], [ 174.6621673, -36.3983496 ], [ 174.6622024, -36.3982116 ] ] ], [ [ [ 174.660941, -36.3981375 ], [ 174.6609257, -36.3981811 ], [ 174.6609648, -36.3982356 ], [ 174.6612964, -36.3983015 ], [ 174.6615113, -36.397565 ], [ 174.6610546, -36.3973087 ], [ 174.6609253, -36.3974001 ], [ 174.6609587, -36.3975492 ], [ 174.6609738, -36.3977347 ], [ 174.6609686, -36.3979033 ], [ 174.660941, -36.3981375 ] ] ], [ [ [ 174.6658511, -36.397224 ], [ 174.665785, -36.3972521 ], [ 174.6657748, -36.3972664 ], [ 174.6655294, -36.3971904 ], [ 174.6655786, -36.3972468 ], [ 174.6656423, -36.3974456 ], [ 174.665914, -36.3975725 ], [ 174.6660099, -36.3974377 ], [ 174.66609, -36.3973575 ], [ 174.6660985, -36.3973251 ], [ 174.6659396, -36.3972485 ], [ 174.6658511, -36.397224 ] ] ], [ [ [ 174.6618961, -36.3973184 ], [ 174.6617087, -36.3972662 ], [ 174.6614959, -36.3972279 ], [ 174.6614564, -36.3971988 ], [ 174.6614407, -36.3972079 ], [ 174.6612937, -36.3971403 ], [ 174.661254, -36.3971865 ], [ 174.6620703, -36.3976449 ], [ 174.6621248, -36.3976572 ], [ 174.6621877, -36.3975736 ], [ 174.6620071, -36.3974252 ], [ 174.661977, -36.397378 ], [ 174.6618961, -36.3973184 ] ] ], [ [ [ 174.6637183, -36.3969679 ], [ 174.6635596, -36.3971271 ], [ 174.6632045, -36.3977196 ], [ 174.6630936, -36.3978582 ], [ 174.6632424, -36.3978346 ], [ 174.6636036, -36.3977118 ], [ 174.6637865, -36.3975622 ], [ 174.6642515, -36.3974133 ], [ 174.6642631, -36.3972926 ], [ 174.6642309, -36.3968889 ], [ 174.6640044, -36.3968877 ], [ 174.6637183, -36.3969679 ] ] ], [ [ [ 174.6645486, -36.3970588 ], [ 174.664463, -36.3973863 ], [ 174.6654148, -36.3974581 ], [ 174.6653719, -36.3973243 ], [ 174.6652917, -36.3972325 ], [ 174.6649604, -36.3971726 ], [ 174.6645486, -36.3970588 ] ] ], [ [ [ 174.6791966, -36.6164327 ], [ 174.6790514, -36.6163463 ], [ 174.678798, -36.6167307 ], [ 174.6788404, -36.6167736 ], [ 174.6793599, -36.6166827 ], [ 174.6795776, -36.6165118 ], [ 174.6795257, -36.6164461 ], [ 174.6791966, -36.6164327 ] ] ], [ [ [ 174.6768216, -36.6150486 ], [ 174.6771236, -36.6152741 ], [ 174.6772261, -36.6156195 ], [ 174.6774831, -36.6152971 ], [ 174.6771899, -36.6149057 ], [ 174.6766568, -36.6145315 ], [ 174.6762532, -36.6144443 ], [ 174.6762413, -36.6144499 ], [ 174.676223, -36.6148358 ], [ 174.6768216, -36.6150486 ] ] ], [ [ [ 174.6972914, -36.5869134 ], [ 174.6972139, -36.5868321 ], [ 174.6970753, -36.5865233 ], [ 174.6969818, -36.5863754 ], [ 174.6965001, -36.5865083 ], [ 174.697083, -36.5878804 ], [ 174.6976557, -36.5877224 ], [ 174.6975878, -36.5875965 ], [ 174.6975902, -36.5875571 ], [ 174.6975599, -36.5874604 ], [ 174.6975166, -36.5874112 ], [ 174.6974027, -36.5871814 ], [ 174.6972914, -36.5869134 ] ] ], [ [ [ 174.6668379, -36.3975206 ], [ 174.6666595, -36.3974775 ], [ 174.6667266, -36.3973832 ], [ 174.6666458, -36.3973698 ], [ 174.6663816, -36.3972786 ], [ 174.6661086, -36.3976628 ], [ 174.6667541, -36.3979624 ], [ 174.6668468, -36.3979421 ], [ 174.6670407, -36.3976689 ], [ 174.6668379, -36.3975206 ] ] ], [ [ [ 174.804605, -36.2905225 ], [ 174.8043918, -36.2910949 ], [ 174.8044346, -36.2911579 ], [ 174.8060074, -36.291523 ], [ 174.8062531, -36.2908247 ], [ 174.8047272, -36.2904647 ], [ 174.8046856, -36.2904648 ], [ 174.8046331, -36.290487 ], [ 174.804605, -36.2905225 ] ] ], [ [ [ 174.8047281, -36.2902062 ], [ 174.8047468, -36.2902602 ], [ 174.8047939, -36.2902924 ], [ 174.8052379, -36.2903974 ], [ 174.8052992, -36.2902241 ], [ 174.8047649, -36.2900955 ], [ 174.8047281, -36.2902062 ] ] ] ] } },
{ "type": "Feature", "properties": { "category": "8m" }, "geometry": { "type": "Polygon", "coordinates": [ [ [ 174.9296845, -36.8918285 ], [ 174.9294449, -36.8916581 ], [ 174.9290125, -36.8920445 ], [ 174.9292518, -36.8922147 ], [ 174.9296845, -36.8918285 ] ] ] } },
{ "type": "Feature", "properties": { "category": "9m" }, "geometry": { "type": "MultiPolygon", "coordinates": [ [ [ [ 174.7973009, -36.830752 ], [ 174.7966228, -36.8319101 ], [ 174.796411, -36.8318679 ], [ 174.7963786, -36.831973 ], [ 174.7966461, -36.8320264 ], [ 174.7966744, -36.8320242 ], [ 174.796721, -36.8319967 ], [ 174.7974221, -36.8307992 ], [ 174.7973009, -36.830752 ] ] ], [ [ [ 174.7955687, -36.8314887 ], [ 174.7958871, -36.8316185 ], [ 174.7964122, -36.8307104 ], [ 174.796086, -36.8305862 ], [ 174.7955687, -36.8314887 ] ] ], [ [ [ 174.7965353, -36.8307619 ], [ 174.7966396, -36.8308019 ], [ 174.7967876, -36.8305528 ], [ 174.7966869, -36.8305137 ], [ 174.7965353, -36.8307619 ] ] ], [ [ [ 174.7973921, -36.8305862 ], [ 174.7975152, -36.8306342 ], [ 174.7977121, -36.8303053 ], [ 174.7977308, -36.8296885 ], [ 174.7975951, -36.8296877 ], [ 174.7975784, -36.8302785 ], [ 174.7973921, -36.8305862 ] ] ], [ [ [ 174.7980706, -36.8308511 ], [ 174.7982438, -36.830562 ], [ 174.7983739, -36.8305639 ], [ 174.798379, -36.830344 ], [ 174.7982956, -36.8303428 ], [ 174.7983008, -36.8301222 ], [ 174.7984539, -36.8301236 ], [ 174.7984568, -36.8299876 ], [ 174.7983353, -36.8299862 ], [ 174.7983382, -36.8297349 ], [ 174.7983795, -36.829522 ], [ 174.7983956, -36.8295222 ], [ 174.7983986, -36.829399 ], [ 174.7979554, -36.8293939 ], [ 174.7979527, -36.829516 ], [ 174.7979865, -36.8295165 ], [ 174.797976, -36.8299819 ], [ 174.7979677, -36.8303377 ], [ 174.797923, -36.8307932 ], [ 174.7980706, -36.8308511 ] ] ], [ [ [ 174.7965042, -36.8297545 ], [ 174.7962812, -36.8301545 ], [ 174.79696, -36.8304186 ], [ 174.7971752, -36.8300288 ], [ 174.7965042, -36.8297545 ] ] ], [ [ [ 174.796585, -36.8292954 ], [ 174.7961459, -36.8291446 ], [ 174.7960998, -36.8291581 ], [ 174.7959781, -36.829353 ], [ 174.79591, -36.8293727 ], [ 174.7957053, -36.8293023 ], [ 174.7954009, -36.8298129 ], [ 174.7960786, -36.8300746 ], [ 174.7962532, -36.8297614 ], [ 174.7963331, -36.829792 ], [ 174.7964391, -36.829613 ], [ 174.7964047, -36.8295998 ], [ 174.796585, -36.8292954 ] ] ], [ [ [ 174.7983021, -36.8289989 ], [ 174.7979638, -36.8289945 ], [ 174.7979588, -36.8291867 ], [ 174.7979944, -36.8291871 ], [ 174.7979922, -36.8292854 ], [ 174.798299, -36.8292889 ], [ 174.7983021, -36.8289989 ] ] ], [ [ [ 174.7976938, -36.8289215 ], [ 174.7976066, -36.8288256 ], [ 174.7975281, -36.8287606 ], [ 174.7974415, -36.828827 ], [ 174.7975893, -36.8289943 ], [ 174.7976027, -36.8290764 ], [ 174.7975919, -36.8295073 ], [ 174.7977293, -36.8295098 ], [ 174.7977379, -36.8290736 ], [ 174.7977202, -36.8289669 ], [ 174.7976938, -36.8289215 ] ] ], [ [ [ 174.6507174, -36.3864612 ], [ 174.6505405, -36.3865935 ], [ 174.6502815, -36.3868249 ], [ 174.6502489, -36.3868592 ], [ 174.6502554, -36.3868895 ], [ 174.6501926, -36.3869614 ], [ 174.6501552, -36.3869667 ], [ 174.6501152, -36.3870174 ], [ 174.6501401, -36.3870381 ], [ 174.6500627, -36.3871525 ], [ 174.6499658, -36.3873422 ], [ 174.6497884, -36.3878354 ], [ 174.6521472, -36.3867908 ], [ 174.6521478, -36.3867364 ], [ 174.6523031, -36.3866889 ], [ 174.6538119, -36.3860136 ], [ 174.6556183, -36.3866469 ], [ 174.6556755, -36.3865988 ], [ 174.6558437, -36.3866642 ], [ 174.6558849, -36.3864145 ], [ 174.6560067, -36.386091 ], [ 174.6549949, -36.3847868 ], [ 174.6548432, -36.3848552 ], [ 174.654832, -36.3848851 ], [ 174.6548106, -36.3848989 ], [ 174.6547342, -36.3849274 ], [ 174.6546958, -36.384918 ], [ 174.654672, -36.3849276 ], [ 174.6534936, -36.3854311 ], [ 174.6534889, -36.3854433 ], [ 174.6532304, -36.3855464 ], [ 174.6532152, -36.3855422 ], [ 174.6525209, -36.3858 ], [ 174.6520963, -36.3859457 ], [ 174.6512018, -36.386225 ], [ 174.6508877, -36.386356 ], [ 174.6507174, -36.3864612 ] ] ], [ [ [ 174.6538655, -36.3849729 ], [ 174.6539096, -36.3849358 ], [ 174.6540083, -36.3848936 ], [ 174.6542176, -36.3848239 ], [ 174.6548047, -36.384546 ], [ 174.6544391, -36.3840755 ], [ 174.6539472, -36.3843062 ], [ 174.6526767, -36.3848424 ], [ 174.6524111, -36.3849129 ], [ 174.6513232, -36.3851279 ], [ 174.6501156, -36.385744 ], [ 174.6500181, -36.3857512 ], [ 174.6498651, -36.3858301 ], [ 174.6499897, -36.3864026 ], [ 174.6499799, -36.3866546 ], [ 174.6503894, -36.3863082 ], [ 174.6506703, -36.3861409 ], [ 174.6508193, -36.3860697 ], [ 174.6510507, -36.3859789 ], [ 174.6520826, -36.3856503 ], [ 174.6526172, -36.3854638 ], [ 174.6526684, -36.3854695 ], [ 174.6532356, -36.3852546 ], [ 174.6532698, -36.3852165 ], [ 174.6538655, -36.3849729 ] ] ], [ [ [ 174.9336323, -36.8960932 ], [ 174.9339345, -36.8973893 ], [ 174.9343755, -36.8973229 ], [ 174.9344341, -36.8973355 ], [ 174.9345761, -36.8974333 ], [ 174.9347777, -36.8974027 ], [ 174.9347682, -36.8973622 ], [ 174.9346397, -36.8972583 ], [ 174.9345919, -36.8970532 ], [ 174.9344911, -36.8970683 ], [ 174.9342746, -36.8961397 ], [ 174.9341679, -36.8960079 ], [ 174.9336323, -36.8960932 ] ] ], [ [ [ 174.9320753, -36.8967636 ], [ 174.9320349, -36.8966612 ], [ 174.9320167, -36.8965548 ], [ 174.932052, -36.8962299 ], [ 174.9320294, -36.8960849 ], [ 174.931975, -36.8959842 ], [ 174.9318918, -36.8958971 ], [ 174.9318755, -36.8958843 ], [ 174.931772, -36.8958797 ], [ 174.9313327, -36.896171 ], [ 174.9319509, -36.8967842 ], [ 174.9320753, -36.8967636 ] ] ], [ [ [ 174.932654, -36.8957285 ], [ 174.9326761, -36.8958527 ], [ 174.9327832, -36.8958403 ], [ 174.9329309, -36.896658 ], [ 174.9323181, -36.896752 ], [ 174.932371, -36.8968121 ], [ 174.932453, -36.8968761 ], [ 174.9326126, -36.8969471 ], [ 174.9327011, -36.8969661 ], [ 174.9328151, -36.8969731 ], [ 174.9335817, -36.8968616 ], [ 174.9332164, -36.8952941 ], [ 174.9329463, -36.8951013 ], [ 174.9324836, -36.8954079 ], [ 174.9324961, -36.8955463 ], [ 174.9325415, -36.895746 ], [ 174.932654, -36.8957285 ] ] ], [ [ [ 174.9316091, -36.8956832 ], [ 174.9302718, -36.8946741 ], [ 174.9295679, -36.8944368 ], [ 174.9293897, -36.8947696 ], [ 174.9302346, -36.8950615 ], [ 174.9301905, -36.8951463 ], [ 174.9308151, -36.8956656 ], [ 174.9308486, -36.8956413 ], [ 174.9312604, -36.8959838 ], [ 174.9316063, -36.8957546 ], [ 174.9316091, -36.8956832 ] ] ], [ [ [ 174.9344101, -36.8951914 ], [ 174.9343914, -36.8948546 ], [ 174.9341332, -36.8948638 ], [ 174.9341824, -36.8951995 ], [ 174.9344101, -36.8951914 ] ] ], [ [ [ 174.9325344, -36.8945611 ], [ 174.9326993, -36.894412 ], [ 174.9327137, -36.8944148 ], [ 174.9325442, -36.8945681 ], [ 174.932795, -36.8947471 ], [ 174.9330827, -36.894487 ], [ 174.9333276, -36.8945349 ], [ 174.9333592, -36.8946513 ], [ 174.9332453, -36.8947376 ], [ 174.9331677, -36.8946836 ], [ 174.9329483, -36.8948565 ], [ 174.9334267, -36.8952 ], [ 174.9338336, -36.8952014 ], [ 174.9337708, -36.8947161 ], [ 174.9338349, -36.8952106 ], [ 174.9341628, -36.8952 ], [ 174.9340752, -36.8946274 ], [ 174.9339966, -36.8943517 ], [ 174.9337262, -36.8944023 ], [ 174.9334985, -36.8940602 ], [ 174.9334104, -36.894087 ], [ 174.9329975, -36.8940802 ], [ 174.9321298, -36.8940694 ], [ 174.9320615, -36.8941061 ], [ 174.9320405, -36.8941443 ], [ 174.9320394, -36.8941778 ], [ 174.9320786, -36.8942359 ], [ 174.9325344, -36.8945611 ] ] ], [ [ [ 174.9320533, -36.8954582 ], [ 174.9322047, -36.8953578 ], [ 174.9320784, -36.8952677 ], [ 174.932154, -36.8951993 ], [ 174.9322936, -36.8952989 ], [ 174.9327514, -36.8949949 ], [ 174.9327522, -36.8949557 ], [ 174.9325663, -36.8948264 ], [ 174.9322896, -36.8950767 ], [ 174.9319828, -36.8948578 ], [ 174.9322596, -36.8946075 ], [ 174.9302458, -36.8931698 ], [ 174.9299877, -36.8936524 ], [ 174.93094, -36.8943325 ], [ 174.9307574, -36.8944974 ], [ 174.9314068, -36.8950021 ], [ 174.9320533, -36.8954582 ] ] ], [ [ [ 174.9285206, -36.8956072 ], [ 174.9286951, -36.8956085 ], [ 174.9300647, -36.8930495 ], [ 174.9296445, -36.8927629 ], [ 174.9289965, -36.8939576 ], [ 174.9288323, -36.8940899 ], [ 174.9286206, -36.8944854 ], [ 174.9286182, -36.8946995 ], [ 174.9281392, -36.8948567 ], [ 174.9285206, -36.8956072 ] ] ], [ [ [ 174.9330639, -36.8931708 ], [ 174.9329492, -36.8932397 ], [ 174.9326526, -36.8933782 ], [ 174.9326384, -36.8938936 ], [ 174.9330447, -36.8939001 ], [ 174.9330639, -36.8931708 ] ] ], [ [ [ 174.9317561, -36.8929452 ], [ 174.9311064, -36.893542 ], [ 174.931364, -36.8937259 ], [ 174.9313806, -36.8937018 ], [ 174.9314687, -36.8937637 ], [ 174.9316973, -36.8938676 ], [ 174.9320404, -36.8938838 ], [ 174.9326384, -36.8938936 ], [ 174.9326572, -36.8931932 ], [ 174.932008, -36.893177 ], [ 174.9318793, -36.8931344 ], [ 174.9317561, -36.8929452 ] ] ], [ [ [ 174.9301349, -36.8928428 ], [ 174.930397, -36.8930293 ], [ 174.9307402, -36.8927237 ], [ 174.9304292, -36.892513 ], [ 174.9301304, -36.8927791 ], [ 174.9301349, -36.8928428 ] ] ] ] } },
{ "type": "Feature", "properties": { "category": "Other" }, "geometry": { "type": "MultiPolygon", "coordinates": [ [ [ [ 174.7484046, -36.6370751 ], [ 174.7491731, -36.6377256 ], [ 174.7496389, -36.6375261 ], [ 174.7496499, -36.637472 ], [ 174.7489147, -36.6368497 ], [ 174.7488295, -36.6368424 ], [ 174.7484046, -36.6370751 ] ] ], [ [ [ 174.748022, -36.6369524 ], [ 174.7481633, -36.6369885 ], [ 174.7484258, -36.6368445 ], [ 174.7482219, -36.6367653 ], [ 174.7480344, -36.6367247 ], [ 174.7478087, -36.636711 ], [ 174.7476082, -36.6367295 ], [ 174.7476648, -36.6369501 ], [ 174.7477853, -36.6369371 ], [ 174.7479047, -36.6369381 ], [ 174.748022, -36.6369524 ] ] ], [ [ [ 174.7465555, -36.6357624 ], [ 174.7465182, -36.6357609 ], [ 174.7464444, -36.6355569 ], [ 174.7464301, -36.6353446 ], [ 174.7461291, -36.6353055 ], [ 174.7453782, -36.6352759 ], [ 174.7453068, -36.6353281 ], [ 174.7452805, -36.6357616 ], [ 174.745194, -36.6362255 ], [ 174.7451788, -36.6364165 ], [ 174.745193, -36.6366401 ], [ 174.7452511, -36.6368944 ], [ 174.7453535, -36.6371407 ], [ 174.7454858, -36.6373564 ], [ 174.7456416, -36.6375454 ], [ 174.7458251, -36.6377175 ], [ 174.746489, -36.6382002 ], [ 174.746952, -36.6377013 ], [ 174.7470525, -36.6372645 ], [ 174.7470377, -36.6372579 ], [ 174.7471123, -36.6371738 ], [ 174.7472416, -36.6370621 ], [ 174.7473018, -36.6370267 ], [ 174.7473374, -36.6370665 ], [ 174.7474618, -36.6370063 ], [ 174.7476182, -36.636959 ], [ 174.7475287, -36.6366883 ], [ 174.7474877, -36.636629 ], [ 174.7476595, -36.6365998 ], [ 174.7476731, -36.636289 ], [ 174.7475278, -36.6364007 ], [ 174.7473923, -36.6362867 ], [ 174.7471577, -36.6362335 ], [ 174.7470082, -36.636174 ], [ 174.7468705, -36.6360965 ], [ 174.7467686, -36.6360204 ], [ 174.746654, -36.6359059 ], [ 174.7465555, -36.6357624 ] ] ], [ [ [ 174.7480525, -36.6366613 ], [ 174.7480541, -36.6366208 ], [ 174.7481212, -36.6366227 ], [ 174.7481258, -36.6365165 ], [ 174.7480588, -36.6365146 ], [ 174.7480707, -36.636244 ], [ 174.7477437, -36.6362347 ], [ 174.7477224, -36.6362511 ], [ 174.747705, -36.6366515 ], [ 174.7480525, -36.6366613 ] ] ], [ [ [ 174.7476066, -36.6360911 ], [ 174.7476348, -36.6360695 ], [ 174.7479779, -36.6360647 ], [ 174.7479737, -36.6358888 ], [ 174.7479411, -36.6358893 ], [ 174.7479397, -36.6358047 ], [ 174.7474498, -36.6355248 ], [ 174.747214, -36.6354327 ], [ 174.7470293, -36.6354246 ], [ 174.7467241, -36.6353831 ], [ 174.7467318, -36.635496 ], [ 174.7467549, -36.6355861 ], [ 174.7468448, -36.6357549 ], [ 174.7469937, -36.6359033 ], [ 174.7471032, -36.6359732 ], [ 174.7472001, -36.6360181 ], [ 174.7473571, -36.6360652 ], [ 174.7475225, -36.6360867 ], [ 174.7476066, -36.6360911 ] ] ] ] } }
]
}
