{
"type": "FeatureCollection",
"name": "policy-3d",
"features": [
{ "type": "Feature", "properties": { "category": "Other" }, "geometry": { "type": "MultiPolygon", "coordinates": [ [ [ [ 174.7692107, -36.9091579 ], [ 174.7689691, -36.9099198 ], [ 174.768472, -36.9098181 ], [ 174.7683256, -36.9102813 ], [ 174.7684912, -36.9103151 ], [ 174.7684164, -36.9105147 ], [ 174.7683046, -36.9104917 ], [ 174.7681651, -36.9112114 ], [ 174.7692792, -36.9114383 ], [ 174.7693128, -36.9112656 ], [ 174.7695377, -36.9112831 ], [ 174.7712098, -36.9116223 ], [ 174.7712329, -36.9115522 ], [ 174.771687, -36.9116443 ], [ 174.7714367, -36.9124645 ], [ 174.7714694, -36.9125433 ], [ 174.7724528, -36.9127368 ], [ 174.7719146, -36.9143774 ], [ 174.7726794, -36.9145099 ], [ 174.7729189, -36.9144994 ], [ 174.7733057, -36.9145664 ], [ 174.7732807, -36.9146594 ], [ 174.7732154, -36.9147843 ], [ 174.7727158, -36.9162629 ], [ 174.7744495, -36.9166029 ], [ 174.7746577, -36.9166808 ], [ 174.7749357, -36.9166458 ], [ 174.7750167, -36.9166505 ], [ 174.7754038, -36.916616 ], [ 174.7753211, -36.915994 ], [ 174.7756655, -36.915972 ], [ 174.7756314, -36.9156894 ], [ 174.7775393, -36.9155243 ], [ 174.7776021, -36.9159647 ], [ 174.7777365, -36.9159797 ], [ 174.7778255, -36.9164139 ], [ 174.7788229, -36.9163304 ], [ 174.7786408, -36.9149223 ], [ 174.7796503, -36.9148352 ], [ 174.7798795, -36.9148463 ], [ 174.7798666, -36.9147484 ], [ 174.7808737, -36.9146581 ], [ 174.7808537, -36.9145217 ], [ 174.7804118, -36.9145613 ], [ 174.7803614, -36.9141792 ], [ 174.7804729, -36.9141685 ], [ 174.7804221, -36.9137501 ], [ 174.7817546, -36.9136352 ], [ 174.7817285, -36.9134477 ], [ 174.7819523, -36.9134228 ], [ 174.7819974, -36.9133915 ], [ 174.7821338, -36.9132339 ], [ 174.7819657, -36.9131965 ], [ 174.7820998, -36.912802 ], [ 174.7815306, -36.9126853 ], [ 174.7816636, -36.912297 ], [ 174.7816472, -36.9122934 ], [ 174.781601, -36.9124281 ], [ 174.7813082, -36.9123626 ], [ 174.7810888, -36.913001 ], [ 174.7810558, -36.9129937 ], [ 174.7812222, -36.91251 ], [ 174.7809246, -36.9124437 ], [ 174.7809531, -36.9123609 ], [ 174.7806755, -36.9122939 ], [ 174.7807723, -36.9120378 ], [ 174.7806076, -36.912021 ], [ 174.7805338, -36.9122094 ], [ 174.7803062, -36.9121591 ], [ 174.7802299, -36.912382 ], [ 174.7800649, -36.9123452 ], [ 174.780075, -36.9123157 ], [ 174.7799105, -36.9122746 ], [ 174.779908, -36.9122818 ], [ 174.7795844, -36.9122096 ], [ 174.7795708, -36.9122537 ], [ 174.7794093, -36.9122177 ], [ 174.7793204, -36.9126069 ], [ 174.7792874, -36.9125996 ], [ 174.7795117, -36.9116176 ], [ 174.7796425, -36.9115981 ], [ 174.7793156, -36.9111546 ], [ 174.7794625, -36.9110836 ], [ 174.7794049, -36.9110056 ], [ 174.78014, -36.9106511 ], [ 174.7804051, -36.9106609 ], [ 174.7807338, -36.9107368 ], [ 174.7808808, -36.910837 ], [ 174.7810855, -36.9108838 ], [ 174.7810186, -36.9110829 ], [ 174.7810198, -36.9110913 ], [ 174.7810523, -36.9110986 ], [ 174.7812714, -36.9104792 ], [ 174.781311, -36.910488 ], [ 174.781164, -36.9109019 ], [ 174.7813718, -36.9109494 ], [ 174.7813198, -36.9110973 ], [ 174.7815458, -36.9111488 ], [ 174.7815384, -36.9111035 ], [ 174.7817174, -36.9105778 ], [ 174.781627, -36.9103672 ], [ 174.7817747, -36.9099513 ], [ 174.7819983, -36.9099272 ], [ 174.7816823, -36.909501 ], [ 174.7815099, -36.9093718 ], [ 174.7811628, -36.9089048 ], [ 174.7810915, -36.9089393 ], [ 174.7801898, -36.907747 ], [ 174.7804796, -36.9075884 ], [ 174.7801634, -36.9072122 ], [ 174.7800095, -36.907077 ], [ 174.7796559, -36.9066562 ], [ 174.7793421, -36.9068275 ], [ 174.7793323, -36.9068159 ], [ 174.7790964, -36.9069446 ], [ 174.7787362, -36.9065162 ], [ 174.778012, -36.9069087 ], [ 174.7779488, -36.9068336 ], [ 174.7776985, -36.9068598 ], [ 174.7753385, -36.9081381 ], [ 174.7747789, -36.9058661 ], [ 174.7754748, -36.9055157 ], [ 174.7751145, -36.9050553 ], [ 174.7746367, -36.9052964 ], [ 174.7744478, -36.9054594 ], [ 174.774395, -36.905431 ], [ 174.7740803, -36.905481 ], [ 174.7741332, -36.9056956 ], [ 174.774075, -36.9057033 ], [ 174.774044, -36.9058626 ], [ 174.7738964, -36.9062634 ], [ 174.774005, -36.9064956 ], [ 174.7741199, -36.9069623 ], [ 174.7717508, -36.9064842 ], [ 174.7716141, -36.9069176 ], [ 174.7717913, -36.9069537 ], [ 174.7715983, -36.9075654 ], [ 174.7729557, -36.9078437 ], [ 174.7726303, -36.908874 ], [ 174.770384, -36.9084211 ], [ 174.7702647, -36.9087978 ], [ 174.7700537, -36.9087257 ], [ 174.7700931, -36.9086015 ], [ 174.7694303, -36.9084659 ], [ 174.7692738, -36.9089591 ], [ 174.7698819, -36.9090835 ], [ 174.7699505, -36.9090507 ], [ 174.7698669, -36.9093143 ], [ 174.7698261, -36.9092591 ], [ 174.7692467, -36.9091406 ], [ 174.7692107, -36.9091579 ] ] ], [ [ [ 174.760833, -36.9075452 ], [ 174.76044, -36.9074678 ], [ 174.7606482, -36.9065577 ], [ 174.7601812, -36.9064656 ], [ 174.759956, -36.9064521 ], [ 174.7595357, -36.9063692 ], [ 174.7596734, -36.9054237 ], [ 174.7592532, -36.9053408 ], [ 174.759274, -36.9051966 ], [ 174.7590549, -36.9051409 ], [ 174.759058, -36.9051195 ], [ 174.7586735, -36.9050411 ], [ 174.7585993, -36.9055603 ], [ 174.7584076, -36.905538 ], [ 174.7583847, -36.9057271 ], [ 174.7584097, -36.9057314 ], [ 174.7583725, -36.9058373 ], [ 174.758352, -36.9058306 ], [ 174.7582982, -36.9059901 ], [ 174.7582309, -36.9060509 ], [ 174.7579509, -36.9060828 ], [ 174.7578443, -36.9060711 ], [ 174.757341, -36.9059685 ], [ 174.7573338, -36.9059911 ], [ 174.7568761, -36.9058978 ], [ 174.7570222, -36.9054722 ], [ 174.756851, -36.905428 ], [ 174.755864, -36.9052268 ], [ 174.7559026, -36.9051045 ], [ 174.75553, -36.9050285 ], [ 174.755329, -36.9056597 ], [ 174.7552827, -36.9057628 ], [ 174.755166, -36.9059106 ], [ 174.7549096, -36.9061193 ], [ 174.7548396, -36.9062072 ], [ 174.7547983, -36.906284 ], [ 174.7544353, -36.9061748 ], [ 174.7541362, -36.9060389 ], [ 174.753874, -36.9059855 ], [ 174.7537613, -36.9059492 ], [ 174.7536304, -36.9058877 ], [ 174.7534278, -36.9057601 ], [ 174.7531443, -36.9060479 ], [ 174.7529572, -36.9059412 ], [ 174.752916, -36.905724 ], [ 174.7525428, -36.90577 ], [ 174.7525037, -36.9057931 ], [ 174.7524935, -36.9058312 ], [ 174.7524498, -36.9056003 ], [ 174.7524768, -36.9056363 ], [ 174.7525188, -36.905647 ], [ 174.7528275, -36.9056097 ], [ 174.7529109, -36.9049032 ], [ 174.7522383, -36.9048557 ], [ 174.7522135, -36.9052296 ], [ 174.7519005, -36.9052621 ], [ 174.7515846, -36.9054302 ], [ 174.7517982, -36.905725 ], [ 174.751986, -36.9061716 ], [ 174.7521868, -36.9064442 ], [ 174.7517931, -36.9066123 ], [ 174.7518936, -36.9067615 ], [ 174.7516981, -36.9068521 ], [ 174.7515521, -36.9066357 ], [ 174.7514306, -36.9066846 ], [ 174.7514253, -36.9066767 ], [ 174.7510931, -36.906818 ], [ 174.7516131, -36.9076073 ], [ 174.7512112, -36.9079017 ], [ 174.7505815, -36.9073479 ], [ 174.7502026, -36.9076257 ], [ 174.7500645, -36.9077731 ], [ 174.7496245, -36.9080959 ], [ 174.7501252, -36.9085293 ], [ 174.7505651, -36.9082133 ], [ 174.7507476, -36.9083739 ], [ 174.7494342, -36.9089741 ], [ 174.7503506, -36.9094507 ], [ 174.7505326, -36.9095588 ], [ 174.7504027, -36.9097198 ], [ 174.7504257, -36.9097718 ], [ 174.7508306, -36.9098776 ], [ 174.7507507, -36.9100013 ], [ 174.750338, -36.9105162 ], [ 174.751292, -36.9110126 ], [ 174.7511318, -36.9112112 ], [ 174.7520854, -36.9117068 ], [ 174.7516242, -36.9122783 ], [ 174.752029, -36.9124888 ], [ 174.7521356, -36.9126898 ], [ 174.7526258, -36.9129449 ], [ 174.7532156, -36.9122137 ], [ 174.7538429, -36.9125398 ], [ 174.7539549, -36.9124003 ], [ 174.7539684, -36.9123305 ], [ 174.7539899, -36.9122976 ], [ 174.7540578, -36.9122621 ], [ 174.7541326, -36.912265 ], [ 174.7541819, -36.9122898 ], [ 174.7542133, -36.9123403 ], [ 174.7542075, -36.9123968 ], [ 174.7541742, -36.912436 ], [ 174.7548041, -36.9127027 ], [ 174.7554832, -36.9130597 ], [ 174.7553375, -36.9132405 ], [ 174.7558037, -36.9134828 ], [ 174.7562059, -36.9129838 ], [ 174.7562877, -36.9128627 ], [ 174.756439, -36.9129414 ], [ 174.7567465, -36.9125601 ], [ 174.7576728, -36.9130418 ], [ 174.7587209, -36.9118803 ], [ 174.758419, -36.9116332 ], [ 174.7584253, -36.9115815 ], [ 174.758551, -36.9114825 ], [ 174.7586197, -36.9113149 ], [ 174.7587967, -36.9110804 ], [ 174.7590136, -36.9112209 ], [ 174.7592983, -36.9108417 ], [ 174.7595494, -36.9109632 ], [ 174.7603424, -36.9100853 ], [ 174.7606407, -36.9102507 ], [ 174.7610625, -36.9097601 ], [ 174.7611441, -36.9096935 ], [ 174.7617698, -36.9089715 ], [ 174.761933, -36.908698 ], [ 174.7613549, -36.9085801 ], [ 174.761482, -36.9082993 ], [ 174.7608674, -36.908174 ], [ 174.7607281, -36.9078791 ], [ 174.760833, -36.9075452 ] ] ], [ [ [ 174.6491383, -36.908965 ], [ 174.6491264, -36.9089872 ], [ 174.649085, -36.9089728 ], [ 174.6487099, -36.908809 ], [ 174.6481001, -36.9086179 ], [ 174.6464982, -36.9081432 ], [ 174.646509, -36.9081203 ], [ 174.6453861, -36.9077789 ], [ 174.6453484, -36.907859 ], [ 174.6437114, -36.9076216 ], [ 174.6423499, -36.9069935 ], [ 174.6420519, -36.9079912 ], [ 174.6421028, -36.9079648 ], [ 174.6421643, -36.9079516 ], [ 174.6422691, -36.9079572 ], [ 174.6423417, -36.9079325 ], [ 174.6423583, -36.9079126 ], [ 174.6423595, -36.9078861 ], [ 174.6423306, -36.9078027 ], [ 174.6423546, -36.9077825 ], [ 174.6423768, -36.90778 ], [ 174.6424848, -36.9078177 ], [ 174.6427241, -36.9079807 ], [ 174.6429957, -36.9081418 ], [ 174.6431166, -36.9081962 ], [ 174.643164, -36.9082448 ], [ 174.6432106, -36.9083218 ], [ 174.6433222, -36.9084396 ], [ 174.6433577, -36.9085008 ], [ 174.6434605, -36.9085983 ], [ 174.6436388, -36.9086771 ], [ 174.6438978, -36.9088529 ], [ 174.6439344, -36.9088912 ], [ 174.6441133, -36.9091491 ], [ 174.6441574, -36.9093926 ], [ 174.6442457, -36.909518 ], [ 174.6442999, -36.9095478 ], [ 174.6444653, -36.9097307 ], [ 174.6445567, -36.9097981 ], [ 174.6446491, -36.909887 ], [ 174.6448003, -36.9101024 ], [ 174.6449048, -36.9102117 ], [ 174.6449453, -36.9102338 ], [ 174.6451745, -36.9107842 ], [ 174.6447834, -36.9108906 ], [ 174.6448492, -36.9110466 ], [ 174.6448592, -36.9111889 ], [ 174.6450244, -36.9115805 ], [ 174.6450702, -36.9115909 ], [ 174.6453852, -36.9123096 ], [ 174.6465557, -36.9125013 ], [ 174.6465517, -36.9125143 ], [ 174.6475127, -36.9126885 ], [ 174.6472757, -36.9134736 ], [ 174.6474389, -36.9136466 ], [ 174.6473261, -36.9140289 ], [ 174.6480726, -36.9140247 ], [ 174.6480798, -36.9148546 ], [ 174.6492671, -36.9148559 ], [ 174.6497211, -36.9147746 ], [ 174.6496844, -36.9146405 ], [ 174.6505631, -36.9144831 ], [ 174.6505863, -36.9141247 ], [ 174.6514523, -36.9142967 ], [ 174.6514031, -36.9150602 ], [ 174.6518124, -36.9150771 ], [ 174.6517719, -36.9157409 ], [ 174.6519555, -36.9157485 ], [ 174.6519719, -36.915495 ], [ 174.652383, -36.915521 ], [ 174.6524053, -36.9151016 ], [ 174.6528192, -36.9151185 ], [ 174.6528538, -36.9145746 ], [ 174.6536482, -36.9147334 ], [ 174.6537096, -36.9145333 ], [ 174.6539261, -36.9145767 ], [ 174.6541241, -36.9139368 ], [ 174.6545502, -36.9140202 ], [ 174.6547738, -36.9141638 ], [ 174.6550385, -36.9142161 ], [ 174.6551931, -36.9137104 ], [ 174.6575026, -36.914168 ], [ 174.657451, -36.914337 ], [ 174.658048, -36.9144547 ], [ 174.6582641, -36.9145369 ], [ 174.6590931, -36.9146201 ], [ 174.659171, -36.9141214 ], [ 174.6597417, -36.9142599 ], [ 174.6600106, -36.9139663 ], [ 174.6600688, -36.9140411 ], [ 174.660564, -36.9134988 ], [ 174.6598871, -36.9128124 ], [ 174.6599291, -36.9127665 ], [ 174.6598218, -36.9125761 ], [ 174.6588854, -36.9120237 ], [ 174.6586344, -36.9120157 ], [ 174.6581999, -36.9118147 ], [ 174.6575134, -36.9115457 ], [ 174.656372, -36.9114313 ], [ 174.6559716, -36.9113262 ], [ 174.6561022, -36.9111137 ], [ 174.656404, -36.9102859 ], [ 174.6575994, -36.9102864 ], [ 174.6575954, -36.9088667 ], [ 174.6579266, -36.9088384 ], [ 174.6569037, -36.9086137 ], [ 174.6566877, -36.908545 ], [ 174.6566789, -36.9085072 ], [ 174.6560934, -36.9081833 ], [ 174.6555032, -36.9088716 ], [ 174.6541738, -36.9081568 ], [ 174.6537873, -36.9080062 ], [ 174.6541812, -36.9073593 ], [ 174.6545867, -36.9075185 ], [ 174.6546489, -36.9073412 ], [ 174.6550277, -36.9067192 ], [ 174.6550398, -36.9067239 ], [ 174.6551187, -36.9065944 ], [ 174.6537046, -36.9060477 ], [ 174.6538793, -36.9057606 ], [ 174.6538953, -36.905767 ], [ 174.6540453, -36.9055201 ], [ 174.6534037, -36.9052685 ], [ 174.653358, -36.9052811 ], [ 174.6526109, -36.906511 ], [ 174.6526264, -36.9065474 ], [ 174.6525275, -36.9067102 ], [ 174.6524822, -36.9067227 ], [ 174.6518029, -36.9078397 ], [ 174.6517819, -36.9080083 ], [ 174.6519456, -36.9084698 ], [ 174.6517334, -36.9085346 ], [ 174.6514225, -36.9086057 ], [ 174.6514642, -36.9087231 ], [ 174.651291, -36.9090461 ], [ 174.6511882, -36.9092079 ], [ 174.650819, -36.9090802 ], [ 174.6507182, -36.9092681 ], [ 174.6505236, -36.9094445 ], [ 174.6491383, -36.908965 ] ] ], [ [ [ 174.7233639, -36.897137 ], [ 174.7228217, -36.8972429 ], [ 174.7226462, -36.8972426 ], [ 174.7225823, -36.8970179 ], [ 174.7208296, -36.8973441 ], [ 174.7206676, -36.8967751 ], [ 174.7206929, -36.8967516 ], [ 174.7206983, -36.8967208 ], [ 174.7205991, -36.8964226 ], [ 174.7201945, -36.8965098 ], [ 174.7200895, -36.8964729 ], [ 174.7196339, -36.8965936 ], [ 174.719562, -36.8964452 ], [ 174.7194113, -36.8964862 ], [ 174.719383, -36.8964703 ], [ 174.7193389, -36.8964965 ], [ 174.7191721, -36.8965462 ], [ 174.7175254, -36.8956239 ], [ 174.7169851, -36.8959084 ], [ 174.7173041, -36.8962989 ], [ 174.7171049, -36.8963854 ], [ 174.7170518, -36.896327 ], [ 174.716989, -36.8963197 ], [ 174.7166022, -36.8965208 ], [ 174.7170209, -36.8970333 ], [ 174.7170837, -36.89701 ], [ 174.7171147, -36.8970478 ], [ 174.7169636, -36.8972919 ], [ 174.7170309, -36.8976426 ], [ 174.7166321, -36.8976186 ], [ 174.7166112, -36.8976904 ], [ 174.716332, -36.8978586 ], [ 174.7163428, -36.8982214 ], [ 174.7158222, -36.8984511 ], [ 174.7160299, -36.8987747 ], [ 174.7158607, -36.898839 ], [ 174.715945, -36.898989 ], [ 174.7158917, -36.8990316 ], [ 174.7158862, -36.8990846 ], [ 174.7160201, -36.8993897 ], [ 174.7154127, -36.8996782 ], [ 174.7154336, -36.8994039 ], [ 174.7153494, -36.8993998 ], [ 174.7153097, -36.899371 ], [ 174.7152641, -36.8991497 ], [ 174.7152234, -36.8991549 ], [ 174.7152649, -36.8993455 ], [ 174.7152592, -36.8995033 ], [ 174.7149063, -36.8994862 ], [ 174.7149092, -36.899179 ], [ 174.7147723, -36.899181 ], [ 174.7147667, -36.8995798 ], [ 174.7154253, -36.8997618 ], [ 174.7168423, -36.900088 ], [ 174.7168155, -36.9001172 ], [ 174.7178798, -36.9002791 ], [ 174.7196409, -36.900873 ], [ 174.7195825, -36.9016392 ], [ 174.7195626, -36.9016747 ], [ 174.7195183, -36.9016906 ], [ 174.718718, -36.9012982 ], [ 174.7183519, -36.9011409 ], [ 174.7179976, -36.9010058 ], [ 174.7174137, -36.9017753 ], [ 174.7178022, -36.901965 ], [ 174.7178485, -36.9019682 ], [ 174.7178866, -36.9019468 ], [ 174.717494, -36.9024613 ], [ 174.7170382, -36.9022703 ], [ 174.7169581, -36.9023759 ], [ 174.7173961, -36.9025902 ], [ 174.7173465, -36.9026557 ], [ 174.7169084, -36.9024414 ], [ 174.7166483, -36.9027841 ], [ 174.7170652, -36.9030263 ], [ 174.7172574, -36.902773 ], [ 174.7174617, -36.9028199 ], [ 174.7174042, -36.9029157 ], [ 174.717371, -36.9030186 ], [ 174.7173634, -36.9031254 ], [ 174.717382, -36.9032313 ], [ 174.7179414, -36.903148 ], [ 174.7183077, -36.9038198 ], [ 174.718284, -36.9038791 ], [ 174.7186777, -36.9041687 ], [ 174.7188562, -36.9041727 ], [ 174.7193492, -36.9042873 ], [ 174.7192779, -36.9045048 ], [ 174.7193481, -36.9046348 ], [ 174.7195987, -36.9045475 ], [ 174.7200059, -36.9046913 ], [ 174.7201291, -36.9049193 ], [ 174.7197273, -36.9050594 ], [ 174.7197362, -36.905103 ], [ 174.7199623, -36.9055112 ], [ 174.7199923, -36.9055231 ], [ 174.7200257, -36.9055211 ], [ 174.720286, -36.9054271 ], [ 174.7205969, -36.9052494 ], [ 174.7214706, -36.9054377 ], [ 174.7217862, -36.9057802 ], [ 174.7232378, -36.9049589 ], [ 174.7234875, -36.9050887 ], [ 174.7238322, -36.9053253 ], [ 174.7240643, -36.9054504 ], [ 174.7242796, -36.9055393 ], [ 174.7249176, -36.9057487 ], [ 174.724752, -36.9059721 ], [ 174.7246151, -36.9062487 ], [ 174.7250554, -36.9063925 ], [ 174.7252482, -36.9065822 ], [ 174.7255626, -36.906925 ], [ 174.7251358, -36.9071774 ], [ 174.7251763, -36.9072217 ], [ 174.7256031, -36.9069692 ], [ 174.7258229, -36.9072088 ], [ 174.7283854, -36.9057606 ], [ 174.7291563, -36.9061684 ], [ 174.7299012, -36.9052602 ], [ 174.7299413, -36.9052814 ], [ 174.7296123, -36.9056825 ], [ 174.7306018, -36.9062058 ], [ 174.7307948, -36.9062672 ], [ 174.7314562, -36.9066168 ], [ 174.7321314, -36.9062224 ], [ 174.7321983, -36.9062356 ], [ 174.7322605, -36.9062118 ], [ 174.7325669, -36.9058485 ], [ 174.7323025, -36.9056658 ], [ 174.7322992, -36.9056274 ], [ 174.7326829, -36.9052821 ], [ 174.7324276, -36.9050857 ], [ 174.7327585, -36.9048178 ], [ 174.7325537, -36.9046522 ], [ 174.7323938, -36.9044717 ], [ 174.7325687, -36.9043618 ], [ 174.7327539, -36.9042799 ], [ 174.7325898, -36.903954 ], [ 174.7327981, -36.9038806 ], [ 174.7330065, -36.9038516 ], [ 174.7329038, -36.9033745 ], [ 174.7307295, -36.9021804 ], [ 174.7309018, -36.9019781 ], [ 174.7305197, -36.9017802 ], [ 174.7304721, -36.9017765 ], [ 174.7304331, -36.9017986 ], [ 174.7305979, -36.9015936 ], [ 174.7305889, -36.9016313 ], [ 174.7306127, -36.9016645 ], [ 174.7309981, -36.9018649 ], [ 174.7312646, -36.9015519 ], [ 174.7311395, -36.9015019 ], [ 174.7312247, -36.9013642 ], [ 174.7308571, -36.9012175 ], [ 174.7310278, -36.9009178 ], [ 174.7312951, -36.9003585 ], [ 174.7310626, -36.9002622 ], [ 174.7306709, -36.8999121 ], [ 174.730269, -36.9001243 ], [ 174.7300168, -36.9001013 ], [ 174.7299739, -36.9000685 ], [ 174.7299156, -36.9000602 ], [ 174.7295594, -36.9001792 ], [ 174.7293808, -36.9002151 ], [ 174.7291647, -36.900221 ], [ 174.7281822, -36.9001685 ], [ 174.7280476, -36.9001793 ], [ 174.7277815, -36.9002289 ], [ 174.7275043, -36.9002332 ], [ 174.72747, -36.9001377 ], [ 174.7274107, -36.9000437 ], [ 174.727301, -36.8999182 ], [ 174.727195, -36.8998436 ], [ 174.7267681, -36.8992811 ], [ 174.7267272, -36.8991844 ], [ 174.7267107, -36.8991004 ], [ 174.7267114, -36.8990096 ], [ 174.7267374, -36.8988775 ], [ 174.7266975, -36.8988219 ], [ 174.7263484, -36.898657 ], [ 174.7262058, -36.8986107 ], [ 174.7260657, -36.8985801 ], [ 174.7258918, -36.8985605 ], [ 174.725736, -36.8985594 ], [ 174.7255637, -36.8985763 ], [ 174.7254124, -36.8986064 ], [ 174.7252325, -36.8980985 ], [ 174.7243582, -36.8982597 ], [ 174.7242647, -36.8978391 ], [ 174.7242577, -36.8976727 ], [ 174.7241737, -36.8972941 ], [ 174.7234432, -36.8973986 ], [ 174.7233639, -36.897137 ] ] ], [ [ [ 174.6931168, -36.899187 ], [ 174.693313, -36.8995043 ], [ 174.6932107, -36.8995412 ], [ 174.6930407, -36.899237 ], [ 174.6926828, -36.8993886 ], [ 174.6912141, -36.8999292 ], [ 174.6913679, -36.9002044 ], [ 174.6913826, -36.9003979 ], [ 174.6915904, -36.90077 ], [ 174.6917464, -36.9007138 ], [ 174.6920817, -36.9013148 ], [ 174.692025, -36.9013422 ], [ 174.6924538, -36.9018726 ], [ 174.6926753, -36.9019732 ], [ 174.6937918, -36.9013907 ], [ 174.6941741, -36.9018628 ], [ 174.6943311, -36.901779 ], [ 174.6941927, -36.9016137 ], [ 174.694417, -36.9014976 ], [ 174.6946238, -36.9014213 ], [ 174.6948573, -36.901949 ], [ 174.6949312, -36.901911 ], [ 174.6955105, -36.9019424 ], [ 174.6954375, -36.9028439 ], [ 174.6965684, -36.9029004 ], [ 174.6968031, -36.9028011 ], [ 174.6974011, -36.9028186 ], [ 174.6974127, -36.9026816 ], [ 174.6979692, -36.902698 ], [ 174.6980663, -36.9023205 ], [ 174.6982947, -36.901153 ], [ 174.6985082, -36.9012298 ], [ 174.6988972, -36.9012718 ], [ 174.6989966, -36.9006789 ], [ 174.699505, -36.9007338 ], [ 174.6994056, -36.9013266 ], [ 174.6999135, -36.9013815 ], [ 174.7000129, -36.9007886 ], [ 174.7000541, -36.9006101 ], [ 174.7002814, -36.9006344 ], [ 174.7002686, -36.9004088 ], [ 174.7007189, -36.9003913 ], [ 174.7007051, -36.9001632 ], [ 174.7005923, -36.9001676 ], [ 174.7005787, -36.8999395 ], [ 174.7006466, -36.8999368 ], [ 174.7005605, -36.8985663 ], [ 174.7006421, -36.898563 ], [ 174.7006231, -36.898257 ], [ 174.7004271, -36.8981384 ], [ 174.7006075, -36.8976636 ], [ 174.7005501, -36.8974706 ], [ 174.7009915, -36.8975102 ], [ 174.7012132, -36.8973754 ], [ 174.7020365, -36.8975296 ], [ 174.7021138, -36.8972592 ], [ 174.7022116, -36.8972776 ], [ 174.7019929, -36.8965187 ], [ 174.7019924, -36.8963094 ], [ 174.7019419, -36.895521 ], [ 174.7020394, -36.8955163 ], [ 174.7020349, -36.8954879 ], [ 174.702075, -36.895438 ], [ 174.7021162, -36.8953528 ], [ 174.7021489, -36.8952476 ], [ 174.7021779, -36.8952199 ], [ 174.7022983, -36.8951818 ], [ 174.7025632, -36.8951228 ], [ 174.7026128, -36.8951308 ], [ 174.7027556, -36.8952019 ], [ 174.7028531, -36.8951998 ], [ 174.7028942, -36.8951788 ], [ 174.7029287, -36.895129 ], [ 174.7029676, -36.8951002 ], [ 174.7029952, -36.8950604 ], [ 174.7029993, -36.8950157 ], [ 174.7029818, -36.8949801 ], [ 174.7029407, -36.8949528 ], [ 174.7028004, -36.8949266 ], [ 174.7027806, -36.8949044 ], [ 174.7019045, -36.8945285 ], [ 174.7020008, -36.8944813 ], [ 174.7018159, -36.8940519 ], [ 174.7021376, -36.8938974 ], [ 174.7024177, -36.8937071 ], [ 174.7024987, -36.8936222 ], [ 174.7026088, -36.893444 ], [ 174.7026116, -36.8934337 ], [ 174.7025844, -36.8934345 ], [ 174.7025828, -36.8933984 ], [ 174.7020036, -36.8934149 ], [ 174.7019953, -36.8932319 ], [ 174.701534, -36.8932495 ], [ 174.7015062, -36.8927818 ], [ 174.700718, -36.8928198 ], [ 174.7007042, -36.8926004 ], [ 174.7002466, -36.8926181 ], [ 174.7002319, -36.8923831 ], [ 174.7001585, -36.8923856 ], [ 174.7001136, -36.8920196 ], [ 174.6995391, -36.8920474 ], [ 174.6995336, -36.8919554 ], [ 174.6975068, -36.8920383 ], [ 174.6974498, -36.8911277 ], [ 174.6974162, -36.891129 ], [ 174.6975249, -36.8909433 ], [ 174.6975585, -36.890942 ], [ 174.6975312, -36.890428 ], [ 174.6973027, -36.890436 ], [ 174.6972898, -36.8903106 ], [ 174.6968532, -36.8903263 ], [ 174.6970199, -36.8900548 ], [ 174.6968567, -36.8899122 ], [ 174.6968392, -36.8899405 ], [ 174.6962832, -36.8897186 ], [ 174.6959914, -36.8901917 ], [ 174.6958317, -36.8902236 ], [ 174.6960013, -36.8907727 ], [ 174.6960143, -36.8909886 ], [ 174.692181, -36.8917535 ], [ 174.6923432, -36.8922777 ], [ 174.6925302, -36.8922404 ], [ 174.692578, -36.8923952 ], [ 174.6922041, -36.8924698 ], [ 174.6921563, -36.8923151 ], [ 174.6919692, -36.8923524 ], [ 174.6918071, -36.8918281 ], [ 174.691048, -36.8919794 ], [ 174.6911701, -36.892374 ], [ 174.6908382, -36.8924402 ], [ 174.6908795, -36.8925735 ], [ 174.6906784, -36.8926137 ], [ 174.6905021, -36.8925375 ], [ 174.690382, -36.8924286 ], [ 174.6900274, -36.8926807 ], [ 174.690339, -36.8929635 ], [ 174.6901608, -36.8930777 ], [ 174.689844, -36.893212 ], [ 174.6899904, -36.8934168 ], [ 174.6900726, -36.8933788 ], [ 174.6901679, -36.8935121 ], [ 174.6901868, -36.8935033 ], [ 174.6903677, -36.8937562 ], [ 174.6896816, -36.8940733 ], [ 174.689894, -36.8943508 ], [ 174.6897483, -36.8944226 ], [ 174.6900078, -36.8947626 ], [ 174.6901502, -36.8946924 ], [ 174.6901539, -36.8948618 ], [ 174.6905009, -36.8951364 ], [ 174.6905217, -36.8951141 ], [ 174.6914592, -36.8946879 ], [ 174.6917854, -36.8946937 ], [ 174.6918993, -36.8946414 ], [ 174.6924753, -36.8955126 ], [ 174.6924867, -36.8956943 ], [ 174.6928656, -36.8957067 ], [ 174.6931637, -36.8957751 ], [ 174.6935289, -36.8959312 ], [ 174.6937511, -36.8960627 ], [ 174.6941869, -36.896486 ], [ 174.6943047, -36.8966259 ], [ 174.6944777, -36.8968888 ], [ 174.6946386, -36.897258 ], [ 174.6945962, -36.8979426 ], [ 174.6950177, -36.8979536 ], [ 174.6966036, -36.8972904 ], [ 174.6965941, -36.8974066 ], [ 174.6967202, -36.8975821 ], [ 174.6966591, -36.8976078 ], [ 174.6967389, -36.8977189 ], [ 174.6963042, -36.8978834 ], [ 174.6962131, -36.8978573 ], [ 174.6961512, -36.8978809 ], [ 174.6961806, -36.8979305 ], [ 174.6949902, -36.898386 ], [ 174.6952356, -36.898812 ], [ 174.6951723, -36.8988348 ], [ 174.6949252, -36.8984055 ], [ 174.6942888, -36.8986344 ], [ 174.6935998, -36.898924 ], [ 174.6931168, -36.899187 ] ] ], [ [ [ 174.7115538, -36.8869319 ], [ 174.7109736, -36.8874809 ], [ 174.7108456, -36.8873929 ], [ 174.7105536, -36.8874222 ], [ 174.7105641, -36.8874896 ], [ 174.7094585, -36.8876056 ], [ 174.7094855, -36.8877801 ], [ 174.7095524, -36.8879659 ], [ 174.7096644, -36.8883756 ], [ 174.7098459, -36.8885453 ], [ 174.7100114, -36.8886697 ], [ 174.7087803, -36.8898694 ], [ 174.7091981, -36.8901511 ], [ 174.7092665, -36.8903673 ], [ 174.7101977, -36.891161 ], [ 174.7105464, -36.8909003 ], [ 174.710464, -36.890826 ], [ 174.7114517, -36.8902528 ], [ 174.7120908, -36.8898277 ], [ 174.712407, -36.8900808 ], [ 174.7129694, -36.8895288 ], [ 174.7130854, -36.889371 ], [ 174.7131335, -36.8893671 ], [ 174.7144921, -36.8880357 ], [ 174.7141349, -36.8878008 ], [ 174.713962, -36.8879703 ], [ 174.7135957, -36.8877246 ], [ 174.7137771, -36.8875052 ], [ 174.7139733, -36.8876342 ], [ 174.7148608, -36.8867632 ], [ 174.7154163, -36.8871285 ], [ 174.7156902, -36.8868592 ], [ 174.7159843, -36.8868577 ], [ 174.7163811, -36.8871188 ], [ 174.716706, -36.8868001 ], [ 174.7170549, -36.8870297 ], [ 174.7175163, -36.886573 ], [ 174.7180465, -36.88692 ], [ 174.7180681, -36.8868987 ], [ 174.7183027, -36.8869558 ], [ 174.7187241, -36.8872331 ], [ 174.7191124, -36.8868583 ], [ 174.7192325, -36.88692 ], [ 174.7193942, -36.8870272 ], [ 174.719534, -36.8871434 ], [ 174.7196938, -36.8869922 ], [ 174.7195496, -36.8866568 ], [ 174.7199453, -36.8862782 ], [ 174.7195709, -36.8860259 ], [ 174.7202581, -36.8853683 ], [ 174.7204667, -36.8855083 ], [ 174.7207735, -36.8852127 ], [ 174.7209071, -36.885066 ], [ 174.7207439, -36.8849566 ], [ 174.7209842, -36.8847278 ], [ 174.7209578, -36.8847101 ], [ 174.7211944, -36.8844849 ], [ 174.7204191, -36.8839521 ], [ 174.7205868, -36.8837231 ], [ 174.7210263, -36.8833059 ], [ 174.7213572, -36.8835287 ], [ 174.7216009, -36.8832909 ], [ 174.7216822, -36.8831087 ], [ 174.7216302, -36.8830739 ], [ 174.7216317, -36.8830145 ], [ 174.7218457, -36.8826915 ], [ 174.721664, -36.88252 ], [ 174.7216353, -36.8825398 ], [ 174.7214488, -36.8824022 ], [ 174.7218184, -36.8820622 ], [ 174.7217367, -36.8819851 ], [ 174.7218828, -36.8818914 ], [ 174.7219231, -36.8819644 ], [ 174.7226004, -36.8817363 ], [ 174.7225008, -36.8816364 ], [ 174.7226906, -36.8814342 ], [ 174.7203948, -36.8798727 ], [ 174.72042, -36.8798485 ], [ 174.7206006, -36.8799699 ], [ 174.7208799, -36.8797018 ], [ 174.7206993, -36.8795803 ], [ 174.7207698, -36.8795126 ], [ 174.7209668, -36.879645 ], [ 174.7210841, -36.8795324 ], [ 174.7208871, -36.8794 ], [ 174.7207745, -36.8795066 ], [ 174.7204508, -36.8795358 ], [ 174.7200599, -36.879269 ], [ 174.7195136, -36.8797944 ], [ 174.7192213, -36.8795947 ], [ 174.7190049, -36.8797991 ], [ 174.7192995, -36.8800004 ], [ 174.7191102, -36.8801823 ], [ 174.717803, -36.8793028 ], [ 174.7173195, -36.8798379 ], [ 174.7170155, -36.87966 ], [ 174.7168197, -36.8795681 ], [ 174.7163872, -36.8793259 ], [ 174.7162762, -36.8795256 ], [ 174.7165407, -36.8797623 ], [ 174.7164134, -36.8797799 ], [ 174.7160655, -36.8794685 ], [ 174.7157549, -36.8795113 ], [ 174.7158294, -36.8798602 ], [ 174.7147309, -36.8800112 ], [ 174.7146335, -36.879554 ], [ 174.7141545, -36.8796199 ], [ 174.7141601, -36.8796343 ], [ 174.7137887, -36.8796883 ], [ 174.7139582, -36.8801199 ], [ 174.7138741, -36.8801321 ], [ 174.7137045, -36.8797006 ], [ 174.7135154, -36.879728 ], [ 174.7136837, -36.8801567 ], [ 174.7136833, -36.8803442 ], [ 174.7138982, -36.8808991 ], [ 174.7131553, -36.8813573 ], [ 174.7129121, -36.8811852 ], [ 174.7127703, -36.8812206 ], [ 174.7128009, -36.8812994 ], [ 174.7125921, -36.8813766 ], [ 174.7125528, -36.881275 ], [ 174.7120465, -36.8814016 ], [ 174.7116723, -36.881562 ], [ 174.711421, -36.8817521 ], [ 174.7117832, -36.8819959 ], [ 174.7114248, -36.8823405 ], [ 174.7117595, -36.882565 ], [ 174.7116987, -36.8825572 ], [ 174.7114984, -36.8833352 ], [ 174.7110481, -36.8852257 ], [ 174.7109303, -36.8852054 ], [ 174.7105289, -36.886168 ], [ 174.7106246, -36.8861718 ], [ 174.7106996, -36.8866346 ], [ 174.7107826, -36.8868109 ], [ 174.7109531, -36.8867989 ], [ 174.7110209, -36.8867048 ], [ 174.7113152, -36.8869325 ], [ 174.7114317, -36.8868375 ], [ 174.7115538, -36.8869319 ] ] ], [ [ [ 174.7337066, -36.877052 ], [ 174.7335535, -36.877052 ], [ 174.7335535, -36.8773101 ], [ 174.7324371, -36.8773077 ], [ 174.7324451, -36.8771395 ], [ 174.7325939, -36.8767846 ], [ 174.7325353, -36.8767553 ], [ 174.7322802, -36.876148 ], [ 174.7314596, -36.8763706 ], [ 174.7314176, -36.8763988 ], [ 174.7316589, -36.8766306 ], [ 174.7305756, -36.8773584 ], [ 174.7306852, -36.8774638 ], [ 174.7303967, -36.8776576 ], [ 174.7308351, -36.8780788 ], [ 174.7309536, -36.8783161 ], [ 174.7305727, -36.8785719 ], [ 174.7307496, -36.8786323 ], [ 174.7304808, -36.8788129 ], [ 174.7300586, -36.8784131 ], [ 174.7299963, -36.878462 ], [ 174.7299886, -36.87851 ], [ 174.7299513, -36.8784758 ], [ 174.7299065, -36.8785067 ], [ 174.7299439, -36.878541 ], [ 174.7297941, -36.8786447 ], [ 174.7298111, -36.8786604 ], [ 174.7294722, -36.8788967 ], [ 174.7287288, -36.8782073 ], [ 174.7285233, -36.8783459 ], [ 174.7284073, -36.8784886 ], [ 174.7280085, -36.8787517 ], [ 174.7282137, -36.8789491 ], [ 174.7279383, -36.879134 ], [ 174.7281796, -36.8793661 ], [ 174.7280745, -36.8794368 ], [ 174.7280719, -36.8794513 ], [ 174.7281737, -36.8795492 ], [ 174.7285672, -36.8792851 ], [ 174.7285782, -36.8792957 ], [ 174.7281558, -36.8795793 ], [ 174.7278593, -36.8796639 ], [ 174.7276692, -36.8799679 ], [ 174.7277514, -36.880047 ], [ 174.7275034, -36.8802135 ], [ 174.7276582, -36.8803623 ], [ 174.7273485, -36.8804583 ], [ 174.7272676, -36.8807878 ], [ 174.7272376, -36.8807824 ], [ 174.7272018, -36.8809279 ], [ 174.7273393, -36.8809526 ], [ 174.7272467, -36.8813298 ], [ 174.7273623, -36.8815361 ], [ 174.7274023, -36.8815432 ], [ 174.7273176, -36.8818484 ], [ 174.7273438, -36.8818491 ], [ 174.7273272, -36.8822333 ], [ 174.7275615, -36.8822396 ], [ 174.7277035, -36.8815973 ], [ 174.7277203, -36.8816003 ], [ 174.7277409, -36.8815865 ], [ 174.7275836, -36.8822978 ], [ 174.7277503, -36.8823215 ], [ 174.7277914, -36.8822213 ], [ 174.7279654, -36.8814342 ], [ 174.7280197, -36.8813973 ], [ 174.7278315, -36.8822496 ], [ 174.7281373, -36.882293 ], [ 174.7281543, -36.8822157 ], [ 174.7293141, -36.8823804 ], [ 174.729074, -36.8834711 ], [ 174.7294739, -36.8836613 ], [ 174.7300836, -36.8837475 ], [ 174.7291764, -36.8865877 ], [ 174.7317127, -36.8871108 ], [ 174.7316707, -36.8872418 ], [ 174.7318032, -36.8872708 ], [ 174.7317211, -36.8875269 ], [ 174.7317536, -36.887534 ], [ 174.7318782, -36.887145 ], [ 174.7322093, -36.8872132 ], [ 174.7320833, -36.8876063 ], [ 174.7325461, -36.8877078 ], [ 174.7327683, -36.8877435 ], [ 174.7327215, -36.8878898 ], [ 174.7340694, -36.8881674 ], [ 174.7342097, -36.8877285 ], [ 174.7344844, -36.887598 ], [ 174.7351608, -36.8877373 ], [ 174.7352764, -36.8873751 ], [ 174.7374516, -36.8878561 ], [ 174.7379218, -36.8863814 ], [ 174.7381779, -36.8863078 ], [ 174.7388528, -36.8864485 ], [ 174.7389197, -36.8862413 ], [ 174.7389027, -36.8862377 ], [ 174.7389292, -36.8861572 ], [ 174.7391496, -36.886199 ], [ 174.7392257, -36.8859634 ], [ 174.7396603, -36.886054 ], [ 174.7398206, -36.8855519 ], [ 174.7396142, -36.8855238 ], [ 174.7396707, -36.8853065 ], [ 174.7397977, -36.8849134 ], [ 174.739857, -36.8849258 ], [ 174.7399703, -36.884575 ], [ 174.7397916, -36.8845378 ], [ 174.7398201, -36.8843565 ], [ 174.7399482, -36.8839589 ], [ 174.7401124, -36.883993 ], [ 174.7402554, -36.8835444 ], [ 174.7400691, -36.8835051 ], [ 174.7401894, -36.8831388 ], [ 174.7400241, -36.8831038 ], [ 174.7401969, -36.8825781 ], [ 174.7398663, -36.8825081 ], [ 174.7399814, -36.8821576 ], [ 174.7395485, -36.882066 ], [ 174.7393252, -36.8820358 ], [ 174.7389605, -36.8819593 ], [ 174.7388501, -36.8823007 ], [ 174.7380282, -36.8821243 ], [ 174.7363646, -36.8815736 ], [ 174.7365568, -36.8803471 ], [ 174.7361928, -36.8802709 ], [ 174.7362212, -36.8800894 ], [ 174.7365685, -36.8801622 ], [ 174.7366643, -36.879867 ], [ 174.7374199, -36.8800252 ], [ 174.7376782, -36.8792329 ], [ 174.7376444, -36.8792258 ], [ 174.7378138, -36.8786996 ], [ 174.7379793, -36.8787339 ], [ 174.7380921, -36.878383 ], [ 174.736934, -36.8781427 ], [ 174.7370469, -36.8777917 ], [ 174.7370067, -36.8777833 ], [ 174.7368283, -36.8778264 ], [ 174.7366608, -36.8776772 ], [ 174.7368325, -36.8771854 ], [ 174.7362249, -36.8770601 ], [ 174.7364113, -36.8764876 ], [ 174.7358657, -36.8763725 ], [ 174.7355758, -36.8765486 ], [ 174.7353523, -36.8765336 ], [ 174.7345148, -36.8767981 ], [ 174.7344523, -36.8764284 ], [ 174.7337496, -36.8763985 ], [ 174.7337066, -36.877052 ] ] ], [ [ [ 174.7129215, -36.8726679 ], [ 174.7129912, -36.872656 ], [ 174.713501, -36.8726258 ], [ 174.7132889, -36.8720542 ], [ 174.7129491, -36.872197 ], [ 174.7128712, -36.8722016 ], [ 174.7128874, -36.8720186 ], [ 174.714184, -36.8714738 ], [ 174.7142149, -36.871425 ], [ 174.7140877, -36.8708874 ], [ 174.7138921, -36.8708986 ], [ 174.713606, -36.87098 ], [ 174.7136039, -36.8709582 ], [ 174.7124674, -36.8714358 ], [ 174.7122381, -36.8714043 ], [ 174.7119586, -36.8714756 ], [ 174.7116566, -36.8715351 ], [ 174.7116614, -36.8716361 ], [ 174.7111912, -36.871664 ], [ 174.7111955, -36.8717101 ], [ 174.7105669, -36.8717475 ], [ 174.7105656, -36.8717338 ], [ 174.7100697, -36.8717632 ], [ 174.7100193, -36.8712164 ], [ 174.7105735, -36.8711718 ], [ 174.7111814, -36.8710407 ], [ 174.712065, -36.8708323 ], [ 174.7123578, -36.8707477 ], [ 174.71237, -36.8707635 ], [ 174.7123934, -36.8707391 ], [ 174.7127765, -36.8706466 ], [ 174.7133635, -36.8704794 ], [ 174.7137331, -36.8702945 ], [ 174.7138213, -36.8703351 ], [ 174.7140421, -36.8702817 ], [ 174.7142248, -36.8702204 ], [ 174.7142186, -36.8699624 ], [ 174.7146624, -36.8698676 ], [ 174.714966, -36.8699223 ], [ 174.7150691, -36.8699078 ], [ 174.7154478, -36.8698172 ], [ 174.7156228, -36.8697385 ], [ 174.7169253, -36.8693371 ], [ 174.7169911, -36.8692751 ], [ 174.7170222, -36.8692277 ], [ 174.7173408, -36.869156 ], [ 174.717326, -36.8691291 ], [ 174.7173281, -36.8690916 ], [ 174.717416, -36.8689496 ], [ 174.7174331, -36.8688973 ], [ 174.7174432, -36.8687824 ], [ 174.7174624, -36.8687377 ], [ 174.7175297, -36.8686779 ], [ 174.7175806, -36.8686573 ], [ 174.7176705, -36.8686355 ], [ 174.717766, -36.8686526 ], [ 174.7178592, -36.8686981 ], [ 174.7179892, -36.8688157 ], [ 174.7180762, -36.8688735 ], [ 174.7181303, -36.8688883 ], [ 174.7182214, -36.86887 ], [ 174.7182639, -36.8688365 ], [ 174.7183383, -36.8686913 ], [ 174.7185247, -36.8685246 ], [ 174.7185506, -36.8684705 ], [ 174.7185691, -36.8683649 ], [ 174.7186297, -36.8682607 ], [ 174.7186209, -36.8682002 ], [ 174.7185578, -36.868107 ], [ 174.7185948, -36.8681028 ], [ 174.7184411, -36.8678819 ], [ 174.7183101, -36.8674694 ], [ 174.717888, -36.8675559 ], [ 174.7174239, -36.8671742 ], [ 174.7169183, -36.8668066 ], [ 174.7168996, -36.8668598 ], [ 174.7164328, -36.8669306 ], [ 174.7162152, -36.8669809 ], [ 174.7161539, -36.8667367 ], [ 174.7156575, -36.8668172 ], [ 174.7157633, -36.8672462 ], [ 174.7154645, -36.8675923 ], [ 174.7154327, -36.867581 ], [ 174.7157324, -36.8672338 ], [ 174.7157013, -36.8672212 ], [ 174.7152521, -36.8666308 ], [ 174.7153126, -36.8666011 ], [ 174.7150485, -36.8662538 ], [ 174.7149569, -36.8660863 ], [ 174.7146719, -36.8657113 ], [ 174.7135282, -36.8662726 ], [ 174.7129045, -36.8654523 ], [ 174.7118676, -36.8659613 ], [ 174.7112461, -36.8651438 ], [ 174.7108418, -36.8654058 ], [ 174.7109192, -36.865476 ], [ 174.711091, -36.8657018 ], [ 174.7104611, -36.8660112 ], [ 174.7102041, -36.8656726 ], [ 174.7097674, -36.8658885 ], [ 174.7096069, -36.8660251 ], [ 174.7091986, -36.8662257 ], [ 174.7087393, -36.8656209 ], [ 174.7073269, -36.866314 ], [ 174.7071369, -36.8664243 ], [ 174.70678, -36.8659524 ], [ 174.706371, -36.8661521 ], [ 174.707035, -36.8670218 ], [ 174.7071372, -36.867176 ], [ 174.7062774, -36.8675995 ], [ 174.7066754, -36.8681241 ], [ 174.7068435, -36.8682509 ], [ 174.7070827, -36.868561 ], [ 174.7058932, -36.8691446 ], [ 174.7061888, -36.8695334 ], [ 174.7063433, -36.8694575 ], [ 174.7064372, -36.8696239 ], [ 174.7067165, -36.8699913 ], [ 174.7056953, -36.8704927 ], [ 174.7059746, -36.8708601 ], [ 174.7062973, -36.871193 ], [ 174.7085549, -36.8713003 ], [ 174.7089579, -36.8712515 ], [ 174.7093529, -36.8712353 ], [ 174.7097461, -36.8712345 ], [ 174.7097811, -36.871292 ], [ 174.709802, -36.8713647 ], [ 174.7098382, -36.8717562 ], [ 174.709815, -36.8717572 ], [ 174.7098302, -36.8719291 ], [ 174.7098538, -36.8719285 ], [ 174.7098927, -36.8723461 ], [ 174.7101249, -36.8723651 ], [ 174.7103776, -36.8751162 ], [ 174.7135763, -36.8746726 ], [ 174.7133235, -36.8734967 ], [ 174.7132428, -36.8734953 ], [ 174.7131969, -36.8732768 ], [ 174.7130502, -36.8732958 ], [ 174.7130238, -36.8730083 ], [ 174.7129215, -36.8726679 ] ] ], [ [ [ 174.7567106, -36.8683597 ], [ 174.7569251, -36.8686988 ], [ 174.7577951, -36.8682997 ], [ 174.7577763, -36.8685262 ], [ 174.7583908, -36.868567 ], [ 174.7584324, -36.8680917 ], [ 174.7586074, -36.8681152 ], [ 174.7586115, -36.8680651 ], [ 174.7597752, -36.868201 ], [ 174.7597394, -36.8686317 ], [ 174.7598501, -36.8686376 ], [ 174.7600082, -36.8686185 ], [ 174.7600667, -36.8687948 ], [ 174.7599557, -36.8692079 ], [ 174.7602967, -36.8692263 ], [ 174.7603382, -36.8691456 ], [ 174.7608921, -36.8693159 ], [ 174.7609171, -36.8692808 ], [ 174.761108, -36.8692977 ], [ 174.7612683, -36.869277 ], [ 174.7611713, -36.868781 ], [ 174.761191, -36.8685767 ], [ 174.7619237, -36.8684824 ], [ 174.7642577, -36.8692334 ], [ 174.7643043, -36.8692108 ], [ 174.7643303, -36.869015 ], [ 174.764251, -36.8688239 ], [ 174.7636355, -36.8680243 ], [ 174.7635443, -36.8677057 ], [ 174.7635355, -36.8675031 ], [ 174.7634997, -36.867396 ], [ 174.7634403, -36.8673554 ], [ 174.7632628, -36.8672931 ], [ 174.7624214, -36.8672889 ], [ 174.7624146, -36.8671082 ], [ 174.7629237, -36.8655174 ], [ 174.7633406, -36.8656068 ], [ 174.7633579, -36.8655545 ], [ 174.7629407, -36.8654651 ], [ 174.7630177, -36.8652251 ], [ 174.7637906, -36.8653814 ], [ 174.7639779, -36.865435 ], [ 174.7638206, -36.8659207 ], [ 174.7646195, -36.8660858 ], [ 174.7646098, -36.8661161 ], [ 174.7650265, -36.8662028 ], [ 174.765203, -36.8656685 ], [ 174.7660042, -36.8658404 ], [ 174.7662253, -36.8652271 ], [ 174.7662364, -36.8652296 ], [ 174.7663466, -36.8650581 ], [ 174.7665117, -36.8645235 ], [ 174.7664668, -36.8645133 ], [ 174.7662204, -36.8642964 ], [ 174.7662284, -36.8642697 ], [ 174.7658849, -36.8641936 ], [ 174.7659135, -36.8641022 ], [ 174.765428, -36.8638675 ], [ 174.7645336, -36.8636848 ], [ 174.7645862, -36.8635129 ], [ 174.7642129, -36.8634488 ], [ 174.7642258, -36.8634059 ], [ 174.764187, -36.8633984 ], [ 174.7640236, -36.8632118 ], [ 174.7638032, -36.8628702 ], [ 174.7638286, -36.8627129 ], [ 174.7637566, -36.86263 ], [ 174.7634698, -36.862577 ], [ 174.7631647, -36.8622507 ], [ 174.7628024, -36.8617484 ], [ 174.7628714, -36.8616285 ], [ 174.7626928, -36.8615071 ], [ 174.7624283, -36.8614091 ], [ 174.7624213, -36.8614215 ], [ 174.7620906, -36.8612923 ], [ 174.7626974, -36.8602497 ], [ 174.7627096, -36.8602542 ], [ 174.7627272, -36.8602242 ], [ 174.763508, -36.8588878 ], [ 174.7635241, -36.8588309 ], [ 174.7639257, -36.8581548 ], [ 174.76372, -36.8579653 ], [ 174.7645177, -36.8573148 ], [ 174.7645082, -36.8572824 ], [ 174.7644443, -36.8572319 ], [ 174.7642636, -36.8571815 ], [ 174.7639878, -36.8571427 ], [ 174.7637727, -36.8570635 ], [ 174.7630573, -36.8568642 ], [ 174.7625969, -36.8572663 ], [ 174.7623598, -36.8578107 ], [ 174.7621423, -36.8580303 ], [ 174.7605407, -36.8580528 ], [ 174.7602701, -36.858012 ], [ 174.7602135, -36.858244 ], [ 174.7601351, -36.8582391 ], [ 174.7601235, -36.8584867 ], [ 174.7601398, -36.8585956 ], [ 174.7591817, -36.8585633 ], [ 174.7589827, -36.8585162 ], [ 174.7586273, -36.8586282 ], [ 174.7585613, -36.8584941 ], [ 174.7582369, -36.8585934 ], [ 174.7585204, -36.8591949 ], [ 174.7585876, -36.859236 ], [ 174.7607567, -36.8596512 ], [ 174.7602694, -36.8606448 ], [ 174.759549, -36.8607749 ], [ 174.7585357, -36.8608659 ], [ 174.7584112, -36.8608991 ], [ 174.7581294, -36.8609443 ], [ 174.7576205, -36.8611708 ], [ 174.7575856, -36.86116 ], [ 174.7571192, -36.8613788 ], [ 174.756879, -36.8615045 ], [ 174.7568918, -36.8615083 ], [ 174.7566651, -36.8616078 ], [ 174.7566327, -36.8617161 ], [ 174.7563686, -36.861932 ], [ 174.7563218, -36.8619972 ], [ 174.7563316, -36.8621105 ], [ 174.7561741, -36.8622093 ], [ 174.7558958, -36.8622234 ], [ 174.7554813, -36.8626912 ], [ 174.7558297, -36.8627281 ], [ 174.7559978, -36.862732 ], [ 174.756124, -36.8629164 ], [ 174.7560586, -36.8630582 ], [ 174.7560781, -36.8632144 ], [ 174.7558893, -36.8635387 ], [ 174.7562394, -36.8636699 ], [ 174.7562927, -36.8637827 ], [ 174.7567045, -36.8639311 ], [ 174.7566865, -36.8639635 ], [ 174.7568453, -36.8640001 ], [ 174.7567493, -36.8642955 ], [ 174.7568395, -36.8643397 ], [ 174.7567814, -36.8643313 ], [ 174.7564311, -36.8645482 ], [ 174.7564936, -36.8646101 ], [ 174.7563816, -36.8646812 ], [ 174.7561547, -36.8644569 ], [ 174.756044, -36.8645275 ], [ 174.7562962, -36.8647806 ], [ 174.7560706, -36.8649236 ], [ 174.7557369, -36.8645893 ], [ 174.7554703, -36.8647611 ], [ 174.7556339, -36.8649244 ], [ 174.7555146, -36.8649806 ], [ 174.75544, -36.8649062 ], [ 174.7553846, -36.8649072 ], [ 174.7551562, -36.8650553 ], [ 174.7549843, -36.8653173 ], [ 174.7551718, -36.8655073 ], [ 174.7551605, -36.8655149 ], [ 174.7554232, -36.8657808 ], [ 174.7547779, -36.8662033 ], [ 174.7547385, -36.8662413 ], [ 174.754535, -36.866879 ], [ 174.7543689, -36.8669524 ], [ 174.7543127, -36.867004 ], [ 174.7540927, -36.8676696 ], [ 174.7550784, -36.8675829 ], [ 174.7553562, -36.8677996 ], [ 174.7553586, -36.86793 ], [ 174.7549849, -36.8679909 ], [ 174.7545781, -36.8680907 ], [ 174.7542798, -36.868202 ], [ 174.7541736, -36.8682664 ], [ 174.7540918, -36.8683507 ], [ 174.7540343, -36.8684663 ], [ 174.7539181, -36.8691159 ], [ 174.7542418, -36.869028 ], [ 174.7545445, -36.8689219 ], [ 174.7564631, -36.8681282 ], [ 174.7567106, -36.8683597 ] ] ], [ [ [ 174.7398425, -36.8470807 ], [ 174.739845, -36.8471936 ], [ 174.7395491, -36.8472294 ], [ 174.7395763, -36.8474035 ], [ 174.7391085, -36.8474447 ], [ 174.7392438, -36.8483161 ], [ 174.7389723, -36.8483435 ], [ 174.7390402, -36.8487798 ], [ 174.739312, -36.8487575 ], [ 174.7393396, -36.8489378 ], [ 174.7390683, -36.8489599 ], [ 174.7391194, -36.8492867 ], [ 174.7393896, -36.8492594 ], [ 174.7396094, -36.8506767 ], [ 174.7395509, -36.8506816 ], [ 174.7395855, -36.8509523 ], [ 174.7394622, -36.8509634 ], [ 174.7394836, -36.8510697 ], [ 174.7395056, -36.851338 ], [ 174.7393645, -36.8513504 ], [ 174.7393932, -36.8516139 ], [ 174.7394784, -36.8516915 ], [ 174.7394681, -36.8516925 ], [ 174.7395195, -36.8519725 ], [ 174.7395316, -36.8519714 ], [ 174.739585, -36.8522508 ], [ 174.7396484, -36.8523353 ], [ 174.7398211, -36.8523196 ], [ 174.7398694, -36.8525732 ], [ 174.7398138, -36.8525788 ], [ 174.7398811, -36.8530788 ], [ 174.7402555, -36.853047 ], [ 174.7402626, -36.8531115 ], [ 174.7398902, -36.853146 ], [ 174.7399258, -36.8534005 ], [ 174.7399918, -36.8535781 ], [ 174.7400479, -36.8539303 ], [ 174.7402369, -36.8539947 ], [ 174.7405259, -36.8539723 ], [ 174.740693, -36.8550274 ], [ 174.7409197, -36.8550076 ], [ 174.7409503, -36.8552817 ], [ 174.7410612, -36.8552714 ], [ 174.7411562, -36.8560747 ], [ 174.7410209, -36.8560852 ], [ 174.7410557, -36.856351 ], [ 174.7409183, -36.8563603 ], [ 174.7409979, -36.8567945 ], [ 174.740937, -36.8567948 ], [ 174.7409159, -36.856878 ], [ 174.7410139, -36.8568712 ], [ 174.7410354, -36.8570714 ], [ 174.7411759, -36.8570604 ], [ 174.7411887, -36.857314 ], [ 174.7412835, -36.8581562 ], [ 174.7417327, -36.8581234 ], [ 174.7417354, -36.8581469 ], [ 174.7421846, -36.8581142 ], [ 174.7421836, -36.8581048 ], [ 174.7424109, -36.8581113 ], [ 174.7424545, -36.8584953 ], [ 174.7428923, -36.8584634 ], [ 174.7429414, -36.8586417 ], [ 174.7429239, -36.858643 ], [ 174.7429749, -36.8590939 ], [ 174.7434204, -36.8590322 ], [ 174.7436539, -36.859094 ], [ 174.7441979, -36.8602023 ], [ 174.7443413, -36.8603506 ], [ 174.7439142, -36.8606165 ], [ 174.7445875, -36.8613125 ], [ 174.7453705, -36.860824 ], [ 174.7460971, -36.8615751 ], [ 174.7466316, -36.8612412 ], [ 174.7470122, -36.8616346 ], [ 174.7473688, -36.8614128 ], [ 174.7479109, -36.8619732 ], [ 174.7483437, -36.8623219 ], [ 174.7480249, -36.8625785 ], [ 174.7484977, -36.8629593 ], [ 174.7487027, -36.8631437 ], [ 174.7487996, -36.8630663 ], [ 174.7490782, -36.8632918 ], [ 174.7492674, -36.8631415 ], [ 174.7495958, -36.8633935 ], [ 174.7498145, -36.8635773 ], [ 174.7504039, -36.8630934 ], [ 174.7509912, -36.8635663 ], [ 174.7512839, -36.8633395 ], [ 174.7515416, -36.8635493 ], [ 174.7523794, -36.8627686 ], [ 174.7526086, -36.8624246 ], [ 174.7528952, -36.8622455 ], [ 174.7529371, -36.8621195 ], [ 174.753213, -36.8619192 ], [ 174.7530143, -36.8616641 ], [ 174.7533884, -36.8614851 ], [ 174.7535505, -36.8612176 ], [ 174.7536423, -36.8612132 ], [ 174.7539384, -36.8612723 ], [ 174.7544114, -36.8610764 ], [ 174.7545653, -36.8609776 ], [ 174.7545339, -36.8609388 ], [ 174.7546333, -36.8608989 ], [ 174.7546004, -36.8608476 ], [ 174.754757, -36.860785 ], [ 174.7546642, -36.8606237 ], [ 174.7547719, -36.8605793 ], [ 174.754762, -36.8605619 ], [ 174.7549196, -36.8603865 ], [ 174.7548957, -36.8603712 ], [ 174.7550556, -36.8601914 ], [ 174.7553279, -36.8601081 ], [ 174.7553327, -36.8601183 ], [ 174.7554122, -36.8600708 ], [ 174.7554283, -36.8599383 ], [ 174.7554014, -36.8598682 ], [ 174.7554621, -36.8598492 ], [ 174.7556811, -36.8596238 ], [ 174.755807, -36.8594597 ], [ 174.7558161, -36.8593846 ], [ 174.7557672, -36.8592061 ], [ 174.7557451, -36.8590693 ], [ 174.7558085, -36.8589304 ], [ 174.7558136, -36.8588795 ], [ 174.7557131, -36.8586413 ], [ 174.7557819, -36.8586201 ], [ 174.7557088, -36.8584683 ], [ 174.7557402, -36.8584587 ], [ 174.7556329, -36.8582198 ], [ 174.7553852, -36.8582969 ], [ 174.7552639, -36.8580388 ], [ 174.7553502, -36.8580115 ], [ 174.7553141, -36.857935 ], [ 174.7554581, -36.8578897 ], [ 174.7553589, -36.8576733 ], [ 174.7554445, -36.8576559 ], [ 174.7553679, -36.8573329 ], [ 174.7554266, -36.8573263 ], [ 174.7554016, -36.8570502 ], [ 174.7552941, -36.8566891 ], [ 174.7552455, -36.8564038 ], [ 174.7546491, -36.8561159 ], [ 174.754515, -36.8553066 ], [ 174.7542416, -36.8553204 ], [ 174.7542121, -36.855144 ], [ 174.7537327, -36.8549175 ], [ 174.7536813, -36.8551329 ], [ 174.7528551, -36.8552205 ], [ 174.7528324, -36.85521 ], [ 174.7525076, -36.8556477 ], [ 174.7513052, -36.8550632 ], [ 174.7514501, -36.8547661 ], [ 174.7517511, -36.8543485 ], [ 174.7515157, -36.8542361 ], [ 174.7516395, -36.8540637 ], [ 174.751324, -36.8539135 ], [ 174.7513716, -36.853814 ], [ 174.7511018, -36.8536853 ], [ 174.7512149, -36.8534593 ], [ 174.7507889, -36.8533379 ], [ 174.7505676, -36.8532301 ], [ 174.7506204, -36.8529721 ], [ 174.7499563, -36.852953 ], [ 174.7498987, -36.8533114 ], [ 174.7497847, -36.8533191 ], [ 174.7495205, -36.8533619 ], [ 174.7496103, -36.853018 ], [ 174.7494487, -36.8529799 ], [ 174.7496685, -36.8523798 ], [ 174.7493166, -36.8522877 ], [ 174.7493597, -36.8521835 ], [ 174.749707, -36.8522744 ], [ 174.7498699, -36.8518807 ], [ 174.7492563, -36.8517202 ], [ 174.748905, -36.8512917 ], [ 174.7489168, -36.8512951 ], [ 174.7494318, -36.8508974 ], [ 174.749101, -36.8506212 ], [ 174.7488227, -36.850836 ], [ 174.7487624, -36.8504452 ], [ 174.7488858, -36.8504312 ], [ 174.7489591, -36.8502372 ], [ 174.7491211, -36.8501123 ], [ 174.748933, -36.8499554 ], [ 174.7487128, -36.8501261 ], [ 174.7485327, -36.850074 ], [ 174.7485011, -36.8498709 ], [ 174.7481636, -36.8499047 ], [ 174.7480506, -36.8491973 ], [ 174.7483917, -36.8491699 ], [ 174.7486378, -36.8491359 ], [ 174.7495956, -36.8490388 ], [ 174.7496073, -36.8490266 ], [ 174.749515, -36.8484904 ], [ 174.7493435, -36.8482487 ], [ 174.7492959, -36.8479434 ], [ 174.7488378, -36.8479744 ], [ 174.7488872, -36.8482946 ], [ 174.7486634, -36.8483174 ], [ 174.7486257, -36.8480757 ], [ 174.748808, -36.8477994 ], [ 174.748805, -36.8476276 ], [ 174.7485771, -36.8476301 ], [ 174.7490524, -36.8469107 ], [ 174.7490684, -36.8469117 ], [ 174.7493396, -36.8465013 ], [ 174.7479163, -36.8458806 ], [ 174.7477728, -36.8458062 ], [ 174.748435, -36.8448082 ], [ 174.7481334, -36.8446819 ], [ 174.7481174, -36.8447061 ], [ 174.7480151, -36.8446619 ], [ 174.7478479, -36.844622 ], [ 174.7472776, -36.8446276 ], [ 174.7472679, -36.8442162 ], [ 174.7473805, -36.8442162 ], [ 174.7473714, -36.8439391 ], [ 174.7464838, -36.8439446 ], [ 174.746399, -36.8436766 ], [ 174.7460708, -36.8437382 ], [ 174.7458863, -36.843899 ], [ 174.7457249, -36.8438462 ], [ 174.7455964, -36.8440968 ], [ 174.7451718, -36.8439576 ], [ 174.745075, -36.8439122 ], [ 174.7448703, -36.8438443 ], [ 174.7448759, -36.8438321 ], [ 174.7447375, -36.8437849 ], [ 174.744849, -36.8435511 ], [ 174.7448196, -36.8435409 ], [ 174.7447958, -36.8435127 ], [ 174.7446713, -36.8437669 ], [ 174.7439739, -36.8435215 ], [ 174.7425183, -36.8430525 ], [ 174.7424938, -36.8431038 ], [ 174.7421946, -36.843221 ], [ 174.7412085, -36.8429136 ], [ 174.7400563, -36.843066 ], [ 174.7403787, -36.8448556 ], [ 174.7402731, -36.8451176 ], [ 174.7402937, -36.8451184 ], [ 174.7404133, -36.8458747 ], [ 174.7404186, -36.8460636 ], [ 174.7401704, -36.8460826 ], [ 174.740232, -36.8464687 ], [ 174.739743, -36.8465133 ], [ 174.7398425, -36.8470807 ] ] ], [ [ [ 174.6488059, -36.8383039 ], [ 174.6488934, -36.838361 ], [ 174.6486957, -36.8387482 ], [ 174.6481321, -36.8387397 ], [ 174.6480969, -36.8402524 ], [ 174.6473195, -36.8402437 ], [ 174.6473015, -36.8413477 ], [ 174.6466542, -36.8410861 ], [ 174.6464146, -36.841463 ], [ 174.6461319, -36.8416139 ], [ 174.6458644, -36.8420415 ], [ 174.6469859, -36.8424947 ], [ 174.6469572, -36.8426846 ], [ 174.6473722, -36.8425551 ], [ 174.6474514, -36.8427409 ], [ 174.6478309, -36.8427968 ], [ 174.6479272, -36.8425973 ], [ 174.6481397, -36.8426453 ], [ 174.6483572, -36.8426679 ], [ 174.6483263, -36.8431499 ], [ 174.6478074, -36.843154 ], [ 174.6478128, -36.8431869 ], [ 174.6483241, -36.8431829 ], [ 174.6482953, -36.8436314 ], [ 174.6480978, -36.8436232 ], [ 174.6480713, -36.844036 ], [ 174.6479741, -36.8442135 ], [ 174.6479433, -36.8446915 ], [ 174.6482797, -36.8447054 ], [ 174.6482285, -36.8454725 ], [ 174.6508432, -36.8455914 ], [ 174.6507714, -36.8465625 ], [ 174.6507444, -36.8465614 ], [ 174.6507302, -36.8467532 ], [ 174.6507572, -36.8467544 ], [ 174.6507328, -36.8470834 ], [ 174.6512553, -36.847106 ], [ 174.6515754, -36.8470835 ], [ 174.6516339, -36.8470412 ], [ 174.6518018, -36.8470492 ], [ 174.6518125, -36.8469053 ], [ 174.652287, -36.846928 ], [ 174.652382, -36.8468603 ], [ 174.6525718, -36.8468768 ], [ 174.6525871, -36.8466704 ], [ 174.6530235, -36.8466914 ], [ 174.6530409, -36.8464575 ], [ 174.6529402, -36.8464527 ], [ 174.6529756, -36.845975 ], [ 174.6531099, -36.8459814 ], [ 174.6535265, -36.8461493 ], [ 174.653677, -36.8459299 ], [ 174.6534696, -36.8458116 ], [ 174.6535077, -36.8458053 ], [ 174.6536713, -36.8456671 ], [ 174.6536813, -36.8456469 ], [ 174.6538476, -36.8456457 ], [ 174.6538683, -36.8456714 ], [ 174.6541474, -36.845819 ], [ 174.6544776, -36.8458347 ], [ 174.6545326, -36.8457969 ], [ 174.6545593, -36.845562 ], [ 174.6541688, -36.8450821 ], [ 174.6541342, -36.8449456 ], [ 174.6541746, -36.8447588 ], [ 174.654262, -36.844646 ], [ 174.6545398, -36.8445589 ], [ 174.6546327, -36.8446548 ], [ 174.654757, -36.8449492 ], [ 174.6549562, -36.8450436 ], [ 174.6552615, -36.8449101 ], [ 174.6554973, -36.8444619 ], [ 174.6562968, -36.8435512 ], [ 174.6563055, -36.8435111 ], [ 174.656205, -36.8432162 ], [ 174.656149, -36.8431736 ], [ 174.6557334, -36.8430943 ], [ 174.6554442, -36.8428616 ], [ 174.6552027, -36.8427516 ], [ 174.6545155, -36.8424814 ], [ 174.6546966, -36.8423599 ], [ 174.6550608, -36.842177 ], [ 174.6551914, -36.8420811 ], [ 174.6552852, -36.8420723 ], [ 174.6552953, -36.842097 ], [ 174.656301, -36.8425068 ], [ 174.656419, -36.8425434 ], [ 174.6565682, -36.8425633 ], [ 174.6567181, -36.8425563 ], [ 174.6568514, -36.8425267 ], [ 174.6569893, -36.8424682 ], [ 174.6570699, -36.8424162 ], [ 174.6572456, -36.8422387 ], [ 174.6572864, -36.8421608 ], [ 174.6575598, -36.8421474 ], [ 174.6578742, -36.8418711 ], [ 174.6573052, -36.8418076 ], [ 174.6571898, -36.8414513 ], [ 174.6572324, -36.8413934 ], [ 174.6577331, -36.8411948 ], [ 174.6577983, -36.8409692 ], [ 174.6576887, -36.8408465 ], [ 174.6576026, -36.8405852 ], [ 174.6574007, -36.8404789 ], [ 174.657252, -36.8400261 ], [ 174.6568292, -36.8401158 ], [ 174.6564829, -36.8398563 ], [ 174.6564747, -36.8396704 ], [ 174.6560239, -36.8396833 ], [ 174.6558496, -36.8397204 ], [ 174.6557879, -36.8396908 ], [ 174.6556471, -36.839264 ], [ 174.6554545, -36.8393051 ], [ 174.6553192, -36.8389128 ], [ 174.6552525, -36.838913 ], [ 174.6543523, -36.8387183 ], [ 174.6541591, -36.8385205 ], [ 174.6541455, -36.838213 ], [ 174.6527451, -36.8382533 ], [ 174.6525817, -36.8378956 ], [ 174.6524981, -36.8376415 ], [ 174.6525399, -36.8374915 ], [ 174.652519, -36.8371294 ], [ 174.6524441, -36.8371322 ], [ 174.6524334, -36.8368825 ], [ 174.6516007, -36.836906 ], [ 174.6515798, -36.8364288 ], [ 174.6512753, -36.8364374 ], [ 174.6510028, -36.8364955 ], [ 174.6508421, -36.8360065 ], [ 174.6503958, -36.8361014 ], [ 174.6501223, -36.8361948 ], [ 174.6495991, -36.836306 ], [ 174.6497961, -36.8369045 ], [ 174.6497438, -36.8369157 ], [ 174.6497874, -36.8370485 ], [ 174.6498506, -36.8370349 ], [ 174.6499153, -36.8372312 ], [ 174.6494806, -36.8373244 ], [ 174.6495243, -36.8374561 ], [ 174.64922, -36.8378622 ], [ 174.6490885, -36.8379268 ], [ 174.6488059, -36.8383039 ] ] ], [ [ [ 174.7313573, -36.8126856 ], [ 174.7309282, -36.8121354 ], [ 174.7309405, -36.8121265 ], [ 174.730229, -36.811785 ], [ 174.7302401, -36.8117737 ], [ 174.7302658, -36.8114973 ], [ 174.7317742, -36.8115797 ], [ 174.7319026, -36.8102578 ], [ 174.7318659, -36.8100736 ], [ 174.7316613, -36.8100623 ], [ 174.7317031, -36.8095648 ], [ 174.7313966, -36.8095479 ], [ 174.7313206, -36.8081424 ], [ 174.7301532, -36.8081837 ], [ 174.7301628, -36.8083722 ], [ 174.7294255, -36.8083983 ], [ 174.7291927, -36.8084202 ], [ 174.7291455, -36.8075821 ], [ 174.7287066, -36.8075995 ], [ 174.7287142, -36.8077364 ], [ 174.7284691, -36.8077453 ], [ 174.7284708, -36.8078034 ], [ 174.7281548, -36.8078099 ], [ 174.7280967, -36.807624 ], [ 174.7272225, -36.8076591 ], [ 174.7271759, -36.8069105 ], [ 174.7270064, -36.8069173 ], [ 174.7269604, -36.8067376 ], [ 174.7269162, -36.806019 ], [ 174.7255643, -36.8062431 ], [ 174.7256139, -36.807103 ], [ 174.7253849, -36.8071098 ], [ 174.7250322, -36.8071415 ], [ 174.7198649, -36.8073581 ], [ 174.7199673, -36.8089707 ], [ 174.718718, -36.8090204 ], [ 174.7187582, -36.8098297 ], [ 174.7185115, -36.8098024 ], [ 174.7180106, -36.8096247 ], [ 174.7175113, -36.8097256 ], [ 174.7174475, -36.8095217 ], [ 174.7172284, -36.8095645 ], [ 174.7171163, -36.8094909 ], [ 174.7168438, -36.8094813 ], [ 174.7168431, -36.8099468 ], [ 174.7166214, -36.8099141 ], [ 174.7164177, -36.8108065 ], [ 174.7164562, -36.8108122 ], [ 174.7165782, -36.8102776 ], [ 174.7167612, -36.8103046 ], [ 174.7167747, -36.8102461 ], [ 174.7170164, -36.8102819 ], [ 174.7168803, -36.8108753 ], [ 174.716914, -36.8108803 ], [ 174.7169821, -36.8105832 ], [ 174.7171499, -36.8106081 ], [ 174.7171747, -36.8105 ], [ 174.7172313, -36.8105084 ], [ 174.7173561, -36.8105269 ], [ 174.7172633, -36.810932 ], [ 174.7170818, -36.8109052 ], [ 174.7170359, -36.8110844 ], [ 174.7151514, -36.810805 ], [ 174.7152301, -36.8119294 ], [ 174.7151555, -36.8119166 ], [ 174.7150715, -36.8122335 ], [ 174.7156669, -36.8123271 ], [ 174.7158777, -36.8123268 ], [ 174.7160694, -36.8123016 ], [ 174.7162559, -36.8122523 ], [ 174.7164431, -36.8121741 ], [ 174.7166091, -36.8120736 ], [ 174.7167366, -36.8119678 ], [ 174.7169135, -36.8120629 ], [ 174.7171963, -36.8122475 ], [ 174.7170536, -36.8123888 ], [ 174.7176268, -36.8129753 ], [ 174.7176796, -36.812945 ], [ 174.7180276, -36.8131385 ], [ 174.7180788, -36.8133566 ], [ 174.7184007, -36.8134519 ], [ 174.7184083, -36.813574 ], [ 174.7185697, -36.8137423 ], [ 174.7187583, -36.8136569 ], [ 174.7188448, -36.81378 ], [ 174.719187, -36.8136463 ], [ 174.7192612, -36.8134507 ], [ 174.7195746, -36.8132968 ], [ 174.7193856, -36.8130069 ], [ 174.7193681, -36.8128919 ], [ 174.7205097, -36.8130575 ], [ 174.7204083, -36.8132352 ], [ 174.7206808, -36.8132461 ], [ 174.7206244, -36.8135162 ], [ 174.7205142, -36.8135659 ], [ 174.7205684, -36.8136705 ], [ 174.7205811, -36.813773 ], [ 174.7204858, -36.8141322 ], [ 174.7206257, -36.8141582 ], [ 174.7206763, -36.8145873 ], [ 174.720661, -36.8147113 ], [ 174.7206184, -36.8148301 ], [ 174.7205498, -36.8149408 ], [ 174.7204574, -36.8150397 ], [ 174.7207116, -36.8152245 ], [ 174.7209149, -36.8152947 ], [ 174.7211398, -36.8153133 ], [ 174.721688, -36.8153069 ], [ 174.7216514, -36.8157738 ], [ 174.722925, -36.8157598 ], [ 174.7231505, -36.8157734 ], [ 174.7238336, -36.8157636 ], [ 174.7238275, -36.816305 ], [ 174.724913, -36.8162915 ], [ 174.7251589, -36.8162715 ], [ 174.7255336, -36.8169136 ], [ 174.7258522, -36.8168142 ], [ 174.7256597, -36.8164864 ], [ 174.7259783, -36.8163871 ], [ 174.7258821, -36.8162231 ], [ 174.7256358, -36.8163002 ], [ 174.7254904, -36.8162681 ], [ 174.725547, -36.816102 ], [ 174.72524, -36.8160343 ], [ 174.7252429, -36.8160256 ], [ 174.7255723, -36.8160983 ], [ 174.7258683, -36.8152247 ], [ 174.7261973, -36.8152985 ], [ 174.7262349, -36.8151927 ], [ 174.7263367, -36.8152156 ], [ 174.726358, -36.8151528 ], [ 174.7277519, -36.8154749 ], [ 174.7275936, -36.8159145 ], [ 174.7276863, -36.8159371 ], [ 174.7276065, -36.8161088 ], [ 174.7281764, -36.8162305 ], [ 174.7280413, -36.8164308 ], [ 174.7281687, -36.8164721 ], [ 174.7284688, -36.8166032 ], [ 174.7285466, -36.816488 ], [ 174.7288404, -36.8166388 ], [ 174.7292791, -36.8160863 ], [ 174.729426, -36.8159449 ], [ 174.7296244, -36.8160321 ], [ 174.7300262, -36.8156238 ], [ 174.7309318, -36.8162441 ], [ 174.7311292, -36.8160562 ], [ 174.7312095, -36.8161139 ], [ 174.7315093, -36.8159616 ], [ 174.7311942, -36.8157454 ], [ 174.7313337, -36.8156042 ], [ 174.731161, -36.8154855 ], [ 174.7314389, -36.8152821 ], [ 174.7308664, -36.8147765 ], [ 174.7305094, -36.8150377 ], [ 174.730476, -36.8150149 ], [ 174.7311204, -36.8145433 ], [ 174.7305699, -36.814165 ], [ 174.7299256, -36.8146365 ], [ 174.7298705, -36.8145987 ], [ 174.7309688, -36.8137951 ], [ 174.7308643, -36.8136464 ], [ 174.7304414, -36.8133558 ], [ 174.7313573, -36.8126856 ] ] ], [ [ [ 174.7499463, -36.8022204 ], [ 174.7501229, -36.8018304 ], [ 174.7500765, -36.8017332 ], [ 174.7491062, -36.800925 ], [ 174.7492684, -36.8007991 ], [ 174.748877, -36.8004731 ], [ 174.7489262, -36.8004348 ], [ 174.7493175, -36.8007609 ], [ 174.749642, -36.8005091 ], [ 174.7492506, -36.800183 ], [ 174.7492999, -36.8001448 ], [ 174.7496935, -36.8004726 ], [ 174.7498598, -36.8003658 ], [ 174.7498695, -36.8002688 ], [ 174.7499495, -36.8001949 ], [ 174.7498589, -36.8001351 ], [ 174.7500174, -36.7999014 ], [ 174.7503333, -36.7998823 ], [ 174.7503564, -36.7998479 ], [ 174.7507515, -36.7995246 ], [ 174.7502435, -36.7991858 ], [ 174.750265, -36.7991749 ], [ 174.7503775, -36.7989032 ], [ 174.7500109, -36.7985993 ], [ 174.7499928, -36.7986136 ], [ 174.749871, -36.7985128 ], [ 174.7499643, -36.7984399 ], [ 174.7499221, -36.7984297 ], [ 174.7499483, -36.7983594 ], [ 174.7497715, -36.7983168 ], [ 174.7498478, -36.7981372 ], [ 174.7497497, -36.7979555 ], [ 174.7494005, -36.7977439 ], [ 174.7491993, -36.7977393 ], [ 174.7491705, -36.7977608 ], [ 174.7491305, -36.7977658 ], [ 174.7487514, -36.7976437 ], [ 174.7486966, -36.7976439 ], [ 174.7486329, -36.7976637 ], [ 174.7485873, -36.797698 ], [ 174.7485581, -36.7977507 ], [ 174.748021, -36.7977597 ], [ 174.7480299, -36.7981041 ], [ 174.7479141, -36.7983786 ], [ 174.7450018, -36.7981162 ], [ 174.7450075, -36.7980753 ], [ 174.7461277, -36.7981758 ], [ 174.7461852, -36.7977618 ], [ 174.7456252, -36.7977115 ], [ 174.7456751, -36.7973527 ], [ 174.7456015, -36.7972632 ], [ 174.7457508, -36.7961848 ], [ 174.7452761, -36.7961421 ], [ 174.7452526, -36.7963112 ], [ 174.7449162, -36.7962823 ], [ 174.74492, -36.796255 ], [ 174.744472, -36.7962148 ], [ 174.7442449, -36.796247 ], [ 174.7441925, -36.7966236 ], [ 174.7438146, -36.7965896 ], [ 174.7437601, -36.7964775 ], [ 174.7436907, -36.7964839 ], [ 174.7435441, -36.7969463 ], [ 174.74291, -36.7979292 ], [ 174.7429706, -36.7979794 ], [ 174.74337, -36.7980156 ], [ 174.7433662, -36.798043 ], [ 174.7428808, -36.7979989 ], [ 174.7426213, -36.7980831 ], [ 174.7426242, -36.7982151 ], [ 174.7423378, -36.7982284 ], [ 174.7423368, -36.7981837 ], [ 174.7421833, -36.7982126 ], [ 174.7420187, -36.7983177 ], [ 174.741534, -36.7983649 ], [ 174.7415844, -36.7985211 ], [ 174.7415836, -36.7987114 ], [ 174.7411951, -36.7986884 ], [ 174.7411927, -36.7987101 ], [ 174.7415766, -36.7987328 ], [ 174.7414224, -36.7992047 ], [ 174.7413302, -36.7993531 ], [ 174.7405202, -36.7999409 ], [ 174.7404621, -36.8001302 ], [ 174.7404174, -36.8004491 ], [ 174.7403498, -36.8004432 ], [ 174.740287, -36.8004673 ], [ 174.7402487, -36.800517 ], [ 174.7402487, -36.8005698 ], [ 174.7401498, -36.8005912 ], [ 174.7397995, -36.8008863 ], [ 174.7407548, -36.8011018 ], [ 174.740635, -36.8014453 ], [ 174.7405519, -36.8014265 ], [ 174.7403999, -36.8018625 ], [ 174.7407385, -36.8019389 ], [ 174.7406439, -36.8021191 ], [ 174.7406268, -36.8024966 ], [ 174.7408318, -36.8025429 ], [ 174.7408166, -36.8025865 ], [ 174.7415796, -36.8027586 ], [ 174.7415263, -36.8030766 ], [ 174.7413455, -36.8030358 ], [ 174.7412378, -36.8034914 ], [ 174.7414351, -36.8035359 ], [ 174.7415828, -36.8035987 ], [ 174.7416971, -36.8032708 ], [ 174.741728, -36.803284 ], [ 174.7416137, -36.8036117 ], [ 174.7417934, -36.803688 ], [ 174.7419078, -36.8033603 ], [ 174.7419387, -36.8033734 ], [ 174.7418244, -36.8037012 ], [ 174.7419971, -36.8037655 ], [ 174.7421087, -36.8034456 ], [ 174.7421396, -36.8034587 ], [ 174.74203, -36.8037729 ], [ 174.7423916, -36.8038545 ], [ 174.7422713, -36.8040279 ], [ 174.7417731, -36.8041492 ], [ 174.7417532, -36.8041855 ], [ 174.7418752, -36.8043947 ], [ 174.7420023, -36.8044415 ], [ 174.7425183, -36.8043833 ], [ 174.7427901, -36.8045171 ], [ 174.7432277, -36.8045174 ], [ 174.7432099, -36.8044182 ], [ 174.7434095, -36.804378 ], [ 174.743544, -36.8044733 ], [ 174.7443271, -36.8045436 ], [ 174.7443007, -36.8045688 ], [ 174.7438908, -36.804532 ], [ 174.7437886, -36.8048268 ], [ 174.7437311, -36.8048555 ], [ 174.7439004, -36.8050749 ], [ 174.7442027, -36.8049781 ], [ 174.744239, -36.8049407 ], [ 174.7442196, -36.8050575 ], [ 174.7441924, -36.8050404 ], [ 174.7438919, -36.8051367 ], [ 174.7438686, -36.8053044 ], [ 174.7440846, -36.8053237 ], [ 174.7441948, -36.8052072 ], [ 174.7445622, -36.8052051 ], [ 174.7446837, -36.8053561 ], [ 174.7449679, -36.8054205 ], [ 174.7450091, -36.8051239 ], [ 174.7455306, -36.8052128 ], [ 174.7456915, -36.8048664 ], [ 174.7457356, -36.8048723 ], [ 174.7457222, -36.8048787 ], [ 174.7455985, -36.8051554 ], [ 174.745623, -36.8052335 ], [ 174.7458299, -36.8052704 ], [ 174.7458614, -36.805005 ], [ 174.7457922, -36.804861 ], [ 174.7458281, -36.8048387 ], [ 174.745824, -36.8048512 ], [ 174.7459022, -36.8050137 ], [ 174.7461415, -36.805065 ], [ 174.7462052, -36.8048723 ], [ 174.7458561, -36.8047976 ], [ 174.745859, -36.8047551 ], [ 174.7462184, -36.8048319 ], [ 174.746314, -36.804543 ], [ 174.7466337, -36.8044707 ], [ 174.7466895, -36.8043045 ], [ 174.7476877, -36.8045212 ], [ 174.7478911, -36.8039169 ], [ 174.747858, -36.8038598 ], [ 174.7480362, -36.8037241 ], [ 174.7503833, -36.8045786 ], [ 174.7505788, -36.8042242 ], [ 174.7505196, -36.8041409 ], [ 174.750057, -36.8041088 ], [ 174.7500582, -36.8040814 ], [ 174.7505898, -36.8041182 ], [ 174.7505063, -36.8039055 ], [ 174.7500631, -36.8039304 ], [ 174.7500613, -36.803903 ], [ 174.7504956, -36.8038786 ], [ 174.7507452, -36.8036561 ], [ 174.7503138, -36.8033952 ], [ 174.7504516, -36.8018318 ], [ 174.7501385, -36.8019831 ], [ 174.750012, -36.8022624 ], [ 174.7499463, -36.8022204 ] ] ], [ [ [ 174.7175521, -36.7838411 ], [ 174.7178334, -36.7838307 ], [ 174.7178563, -36.784234 ], [ 174.7183724, -36.7847033 ], [ 174.7182736, -36.7847776 ], [ 174.7186223, -36.7849981 ], [ 174.7185653, -36.7850459 ], [ 174.7182129, -36.7848231 ], [ 174.7181088, -36.7849496 ], [ 174.7184574, -36.78517 ], [ 174.718672, -36.7852036 ], [ 174.7189326, -36.7854536 ], [ 174.718853, -36.7857799 ], [ 174.7184798, -36.7860226 ], [ 174.7187381, -36.7863535 ], [ 174.7189393, -36.7863322 ], [ 174.7193498, -36.7863985 ], [ 174.7193985, -36.7861284 ], [ 174.7194203, -36.7861204 ], [ 174.7193695, -36.7864017 ], [ 174.7198858, -36.7864849 ], [ 174.7199755, -36.7864332 ], [ 174.7201244, -36.7866018 ], [ 174.7203359, -36.7866061 ], [ 174.7204229, -36.7866316 ], [ 174.7205191, -36.7866778 ], [ 174.7205675, -36.7866855 ], [ 174.7206334, -36.7866846 ], [ 174.7207104, -36.7866673 ], [ 174.7207164, -36.7866846 ], [ 174.7206051, -36.7866949 ], [ 174.7206454, -36.7869097 ], [ 174.7204914, -36.7869522 ], [ 174.7204952, -36.787244 ], [ 174.720409, -36.7873198 ], [ 174.7212616, -36.7879979 ], [ 174.7213249, -36.7877586 ], [ 174.7217489, -36.7876424 ], [ 174.7217735, -36.7876496 ], [ 174.7222742, -36.7873342 ], [ 174.7224254, -36.787133 ], [ 174.7227983, -36.7874407 ], [ 174.7229, -36.7873055 ], [ 174.7230614, -36.7871789 ], [ 174.7230394, -36.7871608 ], [ 174.7232333, -36.7869034 ], [ 174.7228415, -36.7865802 ], [ 174.722884, -36.7865238 ], [ 174.7232758, -36.786847 ], [ 174.7235067, -36.7865403 ], [ 174.7234992, -36.7865341 ], [ 174.7237087, -36.7864225 ], [ 174.7236969, -36.7863913 ], [ 174.7239136, -36.7862982 ], [ 174.7239954, -36.7861887 ], [ 174.7240175, -36.7862069 ], [ 174.7241964, -36.7861242 ], [ 174.7242102, -36.7857965 ], [ 174.7244446, -36.7856277 ], [ 174.7248382, -36.7859535 ], [ 174.725358, -36.7853819 ], [ 174.7255448, -36.7853398 ], [ 174.7253488, -36.784935 ], [ 174.7261155, -36.7847024 ], [ 174.7260295, -36.78457 ], [ 174.7253905, -36.7847638 ], [ 174.7252153, -36.7843905 ], [ 174.72523, -36.7840404 ], [ 174.7258447, -36.7837571 ], [ 174.7258301, -36.7835684 ], [ 174.7255601, -36.7833988 ], [ 174.7255996, -36.7833541 ], [ 174.7258874, -36.7835349 ], [ 174.7260102, -36.7834806 ], [ 174.7261607, -36.7833013 ], [ 174.7258059, -36.7831085 ], [ 174.7258441, -36.783063 ], [ 174.726199, -36.7832557 ], [ 174.7262432, -36.7832031 ], [ 174.7267192, -36.7831563 ], [ 174.7266645, -36.7827965 ], [ 174.7267324, -36.7827898 ], [ 174.7267829, -36.7831227 ], [ 174.7269693, -36.7831044 ], [ 174.7272428, -36.7830055 ], [ 174.7270545, -36.7827581 ], [ 174.7270836, -36.7827439 ], [ 174.7272601, -36.7829757 ], [ 174.7276473, -36.7831008 ], [ 174.7277902, -36.7830302 ], [ 174.7276154, -36.7828027 ], [ 174.728019, -36.782746 ], [ 174.7277631, -36.7824095 ], [ 174.7279038, -36.7823403 ], [ 174.7279029, -36.7820637 ], [ 174.7276915, -36.7817859 ], [ 174.7281143, -36.7815777 ], [ 174.7280163, -36.7814489 ], [ 174.7277409, -36.7812952 ], [ 174.727508, -36.7815601 ], [ 174.7274557, -36.7815244 ], [ 174.7276847, -36.7812639 ], [ 174.7273722, -36.7811455 ], [ 174.7274047, -36.7809971 ], [ 174.7263875, -36.7808433 ], [ 174.7264882, -36.7805932 ], [ 174.7244952, -36.7798895 ], [ 174.7245306, -36.7789981 ], [ 174.7228362, -36.7787957 ], [ 174.7228446, -36.77878 ], [ 174.7237767, -36.7788909 ], [ 174.7238238, -36.7786794 ], [ 174.7234195, -36.7786599 ], [ 174.7234302, -36.7785177 ], [ 174.7229973, -36.7784968 ], [ 174.7230133, -36.7784673 ], [ 174.7236795, -36.7784995 ], [ 174.7236904, -36.7783545 ], [ 174.7238251, -36.778361 ], [ 174.7236638, -36.7782215 ], [ 174.7231591, -36.7781971 ], [ 174.7231735, -36.7781704 ], [ 174.7236598, -36.7781939 ], [ 174.7238318, -36.7781517 ], [ 174.7238416, -36.7780213 ], [ 174.7238137, -36.77802 ], [ 174.7237497, -36.7777482 ], [ 174.7232282, -36.7778276 ], [ 174.7232206, -36.7777951 ], [ 174.7237874, -36.7777087 ], [ 174.7237431, -36.777521 ], [ 174.7235019, -36.777558 ], [ 174.7235088, -36.7768916 ], [ 174.7232317, -36.7768897 ], [ 174.7231602, -36.7769441 ], [ 174.7226831, -36.7769777 ], [ 174.7223393, -36.7770248 ], [ 174.7221267, -36.7770401 ], [ 174.7219765, -36.7772329 ], [ 174.7214395, -36.7772716 ], [ 174.7214999, -36.7778145 ], [ 174.7204217, -36.7778976 ], [ 174.7204488, -36.7781969 ], [ 174.7203934, -36.7782003 ], [ 174.7203721, -36.7783671 ], [ 174.7204117, -36.7786193 ], [ 174.7170359, -36.7788621 ], [ 174.7171198, -36.7796146 ], [ 174.71756, -36.7801153 ], [ 174.7178655, -36.780302 ], [ 174.7175295, -36.7806657 ], [ 174.717663, -36.780748 ], [ 174.7171982, -36.78125 ], [ 174.7175503, -36.7814609 ], [ 174.7175095, -36.7815049 ], [ 174.7171574, -36.7812941 ], [ 174.7166962, -36.7817924 ], [ 174.7170482, -36.7820032 ], [ 174.7171441, -36.782148 ], [ 174.7176936, -36.782477 ], [ 174.7171695, -36.7830435 ], [ 174.7170746, -36.7829868 ], [ 174.7166356, -36.7832031 ], [ 174.7168239, -36.7834504 ], [ 174.7169177, -36.7834685 ], [ 174.7169807, -36.7836499 ], [ 174.7172649, -36.7840222 ], [ 174.7174249, -36.7839432 ], [ 174.7171407, -36.7835709 ], [ 174.7171756, -36.7835536 ], [ 174.7174598, -36.7839259 ], [ 174.7175133, -36.7838995 ], [ 174.7174851, -36.7834008 ], [ 174.7175269, -36.7833992 ], [ 174.7175521, -36.7838411 ] ] ], [ [ [ 174.7632928, -36.7755256 ], [ 174.7633034, -36.7755331 ], [ 174.7633661, -36.7755023 ], [ 174.7634817, -36.7754707 ], [ 174.7638002, -36.7754103 ], [ 174.7642366, -36.7753622 ], [ 174.7644993, -36.7753495 ], [ 174.7645429, -36.7753593 ], [ 174.7646885, -36.775354 ], [ 174.7647879, -36.7753619 ], [ 174.7650185, -36.7753522 ], [ 174.7651561, -36.7754198 ], [ 174.7652802, -36.7754386 ], [ 174.7653373, -36.7754354 ], [ 174.7654758, -36.7755292 ], [ 174.7655535, -36.7756068 ], [ 174.7656633, -36.7756686 ], [ 174.7657476, -36.7756866 ], [ 174.7658781, -36.7756898 ], [ 174.7660086, -36.7757305 ], [ 174.766096, -36.7757714 ], [ 174.7661755, -36.7757909 ], [ 174.7664492, -36.7759281 ], [ 174.7666148, -36.7759868 ], [ 174.766861, -36.7761272 ], [ 174.7669848, -36.7761685 ], [ 174.7670939, -36.7762628 ], [ 174.7672161, -36.7763473 ], [ 174.7674584, -36.7765815 ], [ 174.7677149, -36.7767199 ], [ 174.7677807, -36.7767434 ], [ 174.7678724, -36.7768034 ], [ 174.7680383, -36.7769406 ], [ 174.7681332, -36.7770539 ], [ 174.7683131, -36.7771263 ], [ 174.7683919, -36.7771453 ], [ 174.7686251, -36.7772981 ], [ 174.768526, -36.7757144 ], [ 174.7686109, -36.7757722 ], [ 174.7687098, -36.7758077 ], [ 174.7691725, -36.7758833 ], [ 174.7693426, -36.7757713 ], [ 174.7694839, -36.7754194 ], [ 174.7698832, -36.7755266 ], [ 174.7700381, -36.7751381 ], [ 174.7701555, -36.7751062 ], [ 174.7704473, -36.7751672 ], [ 174.7708242, -36.7752036 ], [ 174.7711508, -36.7752894 ], [ 174.771292, -36.774939 ], [ 174.7716599, -36.7750306 ], [ 174.7718627, -36.7745293 ], [ 174.7718448, -36.7743342 ], [ 174.7719728, -36.7740201 ], [ 174.7716354, -36.7739312 ], [ 174.7717631, -36.773618 ], [ 174.7714255, -36.773529 ], [ 174.7712193, -36.7734534 ], [ 174.7707134, -36.7733201 ], [ 174.771672, -36.7709668 ], [ 174.7709254, -36.7707703 ], [ 174.7709126, -36.7708016 ], [ 174.7706569, -36.7708473 ], [ 174.769995, -36.7706729 ], [ 174.7701609, -36.7702654 ], [ 174.7701806, -36.7702705 ], [ 174.7701922, -36.7702421 ], [ 174.7701726, -36.770237 ], [ 174.7704737, -36.769495 ], [ 174.7698056, -36.7693187 ], [ 174.7698888, -36.76915 ], [ 174.7702464, -36.768864 ], [ 174.7697738, -36.7684269 ], [ 174.7690277, -36.7676918 ], [ 174.7689721, -36.767666 ], [ 174.7689584, -36.767645 ], [ 174.7689599, -36.7676148 ], [ 174.7688874, -36.7675308 ], [ 174.7688474, -36.7675155 ], [ 174.7688057, -36.7675214 ], [ 174.7687946, -36.7674223 ], [ 174.7687183, -36.7673614 ], [ 174.7686733, -36.7673035 ], [ 174.7686355, -36.7673962 ], [ 174.7681195, -36.766663 ], [ 174.7670835, -36.767085 ], [ 174.7671912, -36.7672565 ], [ 174.767023, -36.7673927 ], [ 174.7664609, -36.7676216 ], [ 174.7664834, -36.767724 ], [ 174.7665344, -36.7678318 ], [ 174.7665482, -36.7679346 ], [ 174.7665221, -36.7680481 ], [ 174.7671199, -36.7682053 ], [ 174.7667798, -36.7690398 ], [ 174.7667091, -36.7690466 ], [ 174.7664835, -36.7691681 ], [ 174.7663503, -36.7689949 ], [ 174.7663603, -36.7689518 ], [ 174.7657937, -36.7683047 ], [ 174.7656745, -36.7681841 ], [ 174.7653109, -36.7679361 ], [ 174.7650049, -36.7676685 ], [ 174.7646824, -36.7678774 ], [ 174.7648361, -36.7680125 ], [ 174.7646939, -36.7681049 ], [ 174.7648448, -36.7682376 ], [ 174.7649956, -36.7684284 ], [ 174.7649691, -36.7684385 ], [ 174.7650381, -36.7686494 ], [ 174.7651436, -36.7686322 ], [ 174.7651128, -36.7686751 ], [ 174.7651103, -36.7687319 ], [ 174.7651506, -36.7688843 ], [ 174.7651603, -36.7690871 ], [ 174.7651432, -36.7691578 ], [ 174.765304, -36.7691973 ], [ 174.7652379, -36.7693705 ], [ 174.7651893, -36.7694465 ], [ 174.765173, -36.7695306 ], [ 174.7650584, -36.7695941 ], [ 174.7650593, -36.7696464 ], [ 174.7650405, -36.7696678 ], [ 174.7649816, -36.7696942 ], [ 174.7648554, -36.7698166 ], [ 174.7647023, -36.7699038 ], [ 174.7645486, -36.7700194 ], [ 174.7645073, -36.770064 ], [ 174.7644628, -36.7700927 ], [ 174.7642571, -36.7701615 ], [ 174.7640258, -36.7703369 ], [ 174.7639512, -36.7704199 ], [ 174.7638977, -36.7705149 ], [ 174.7637788, -36.7706405 ], [ 174.7637327, -36.7707426 ], [ 174.7636483, -36.7707741 ], [ 174.7635163, -36.770882 ], [ 174.7633584, -36.7710543 ], [ 174.7633328, -36.7711364 ], [ 174.7633398, -36.7711598 ], [ 174.7632886, -36.7711816 ], [ 174.7632695, -36.771202 ], [ 174.7627546, -36.7706508 ], [ 174.7627862, -36.7706388 ], [ 174.7627992, -36.7706526 ], [ 174.7629582, -36.7705565 ], [ 174.7626161, -36.7702191 ], [ 174.762671, -36.7701859 ], [ 174.7629069, -36.7704185 ], [ 174.7631414, -36.7702767 ], [ 174.7628345, -36.770087 ], [ 174.7628487, -36.7700784 ], [ 174.7632136, -36.770304 ], [ 174.7633335, -36.7701784 ], [ 174.7629973, -36.7699738 ], [ 174.763008, -36.7699458 ], [ 174.7633116, -36.7701306 ], [ 174.7634938, -36.7699374 ], [ 174.7633794, -36.7698581 ], [ 174.7633191, -36.7698631 ], [ 174.7630877, -36.7697354 ], [ 174.7631086, -36.7696803 ], [ 174.7633334, -36.7698043 ], [ 174.7634659, -36.769814 ], [ 174.7635777, -36.7696955 ], [ 174.763796, -36.7697746 ], [ 174.7637235, -36.7695673 ], [ 174.7632, -36.769439 ], [ 174.7632657, -36.7692656 ], [ 174.7630282, -36.7692458 ], [ 174.7629492, -36.7691668 ], [ 174.7623647, -36.7695463 ], [ 174.7620433, -36.7692178 ], [ 174.762016, -36.7692454 ], [ 174.7616671, -36.7690205 ], [ 174.7614742, -36.7689648 ], [ 174.7613159, -36.7692612 ], [ 174.7611221, -36.7694327 ], [ 174.7608494, -36.7693237 ], [ 174.7605771, -36.7695639 ], [ 174.7607936, -36.7697226 ], [ 174.7603338, -36.7701289 ], [ 174.7604389, -36.7703054 ], [ 174.7602746, -36.770449 ], [ 174.7601701, -36.7702738 ], [ 174.7595113, -36.7708449 ], [ 174.7599763, -36.7716251 ], [ 174.7598199, -36.7716807 ], [ 174.7600796, -36.7721161 ], [ 174.7600181, -36.7721399 ], [ 174.7597575, -36.771703 ], [ 174.759121, -36.7719293 ], [ 174.7592751, -36.7720447 ], [ 174.7591102, -36.7721365 ], [ 174.7593429, -36.7724006 ], [ 174.7595993, -36.7731631 ], [ 174.7593741, -36.7731678 ], [ 174.7592402, -36.7731517 ], [ 174.7591192, -36.773177 ], [ 174.7590983, -36.7732533 ], [ 174.7591216, -36.773333 ], [ 174.7591146, -36.7733694 ], [ 174.7590261, -36.773509 ], [ 174.7588755, -36.7736314 ], [ 174.7594145, -36.7740027 ], [ 174.7597781, -36.7736632 ], [ 174.7598092, -36.7736848 ], [ 174.7594456, -36.7740243 ], [ 174.7595835, -36.7741201 ], [ 174.7593917, -36.7742517 ], [ 174.7597113, -36.7744735 ], [ 174.7598702, -36.7743248 ], [ 174.7603283, -36.7746427 ], [ 174.7601961, -36.7747663 ], [ 174.7606099, -36.7750534 ], [ 174.7605966, -36.775066 ], [ 174.760187, -36.7747818 ], [ 174.7600647, -36.7748963 ], [ 174.7600878, -36.7749124 ], [ 174.7599588, -36.7750331 ], [ 174.7603452, -36.7753012 ], [ 174.7603008, -36.775343 ], [ 174.7598816, -36.7750517 ], [ 174.7597078, -36.775203 ], [ 174.7601345, -36.7754991 ], [ 174.7600343, -36.7755929 ], [ 174.7601421, -36.7757702 ], [ 174.7600023, -36.7759006 ], [ 174.7607404, -36.776428 ], [ 174.7607854, -36.7764106 ], [ 174.7608802, -36.776396 ], [ 174.7611297, -36.7763743 ], [ 174.7612166, -36.7763589 ], [ 174.761288, -36.7763278 ], [ 174.76148, -36.776301 ], [ 174.7614985, -36.7762957 ], [ 174.7615059, -36.7762718 ], [ 174.7615522, -36.7762402 ], [ 174.7617127, -36.7761921 ], [ 174.7618975, -36.7761657 ], [ 174.7619401, -36.7761759 ], [ 174.7620313, -36.7761626 ], [ 174.7621297, -36.776109 ], [ 174.7623014, -36.776066 ], [ 174.7628738, -36.7757962 ], [ 174.7632928, -36.7755256 ] ] ], [ [ [ 174.7440311, -36.7616058 ], [ 174.7437059, -36.7615479 ], [ 174.7434402, -36.7613598 ], [ 174.7434724, -36.7613376 ], [ 174.7432891, -36.7610966 ], [ 174.7437421, -36.7607961 ], [ 174.7435234, -36.7606169 ], [ 174.7443788, -36.7592377 ], [ 174.7424446, -36.7577711 ], [ 174.7434287, -36.7567746 ], [ 174.743539, -36.7565656 ], [ 174.7438361, -36.7565469 ], [ 174.7438191, -36.7563921 ], [ 174.743784, -36.7563268 ], [ 174.7436763, -36.7562381 ], [ 174.7435251, -36.7560426 ], [ 174.7430349, -36.7557446 ], [ 174.7424625, -36.7561097 ], [ 174.7419603, -36.7566179 ], [ 174.7415559, -36.7563592 ], [ 174.7414698, -36.7563744 ], [ 174.741371, -36.756423 ], [ 174.741174, -36.7563841 ], [ 174.7411668, -36.7563034 ], [ 174.7406476, -36.7559089 ], [ 174.7403383, -36.7561726 ], [ 174.73809, -36.7544651 ], [ 174.7374527, -36.7550088 ], [ 174.7376894, -36.7552487 ], [ 174.7374369, -36.7553437 ], [ 174.7371082, -36.7555563 ], [ 174.7372658, -36.7557475 ], [ 174.7370781, -36.7558494 ], [ 174.7367066, -36.7559858 ], [ 174.7368131, -36.7561709 ], [ 174.7369422, -36.7562963 ], [ 174.7371486, -36.756655 ], [ 174.7369782, -36.7567185 ], [ 174.7365016, -36.7568234 ], [ 174.7363075, -36.756664 ], [ 174.7360178, -36.7568923 ], [ 174.7361492, -36.7570002 ], [ 174.7359815, -36.7570979 ], [ 174.7358869, -36.7570986 ], [ 174.7357271, -36.757244 ], [ 174.7356459, -36.757372 ], [ 174.7359756, -36.757523 ], [ 174.7361232, -36.7577285 ], [ 174.7364259, -36.7579073 ], [ 174.7361859, -36.7581703 ], [ 174.7360902, -36.7583181 ], [ 174.7357478, -36.7586934 ], [ 174.7365322, -36.7593308 ], [ 174.7378775, -36.7611339 ], [ 174.7383072, -36.7614286 ], [ 174.7384823, -36.7616659 ], [ 174.7382244, -36.7618201 ], [ 174.7375155, -36.7621684 ], [ 174.7372171, -36.7618038 ], [ 174.7370876, -36.7614985 ], [ 174.7366687, -36.7616483 ], [ 174.7365017, -36.7617923 ], [ 174.7364374, -36.7616759 ], [ 174.7360922, -36.7617994 ], [ 174.7364367, -36.7624229 ], [ 174.7357504, -36.7626683 ], [ 174.7359334, -36.7629995 ], [ 174.7360083, -36.7631761 ], [ 174.7359793, -36.7632359 ], [ 174.7360379, -36.7633288 ], [ 174.7361799, -36.7634288 ], [ 174.7366187, -36.7635357 ], [ 174.7366679, -36.7634013 ], [ 174.7372538, -36.7631888 ], [ 174.7374928, -36.7631403 ], [ 174.7375392, -36.7633267 ], [ 174.7381641, -36.7630781 ], [ 174.7376417, -36.7623603 ], [ 174.7383046, -36.761952 ], [ 174.7385456, -36.7623387 ], [ 174.7388279, -36.7621333 ], [ 174.7389431, -36.7622891 ], [ 174.739119, -36.7628066 ], [ 174.7392289, -36.7632096 ], [ 174.7391714, -36.7633899 ], [ 174.7395176, -36.7640588 ], [ 174.7398196, -36.764723 ], [ 174.7400601, -36.7634191 ], [ 174.7403029, -36.7625842 ], [ 174.7406548, -36.7626435 ], [ 174.740658, -36.762627 ], [ 174.7403075, -36.7625679 ], [ 174.7403509, -36.7624187 ], [ 174.7404271, -36.7623476 ], [ 174.740463, -36.7623707 ], [ 174.7407646, -36.7622267 ], [ 174.7409701, -36.7621824 ], [ 174.7410606, -36.7625078 ], [ 174.7411048, -36.762501 ], [ 174.7411259, -36.762495 ], [ 174.7410378, -36.7621778 ], [ 174.7417292, -36.7620898 ], [ 174.741645, -36.7624778 ], [ 174.7419694, -36.762813 ], [ 174.742266, -36.7629058 ], [ 174.7423135, -36.7627204 ], [ 174.7422681, -36.7626781 ], [ 174.7420937, -36.7626013 ], [ 174.7421249, -36.7625573 ], [ 174.7423022, -36.7626353 ], [ 174.7425071, -36.7626185 ], [ 174.7428659, -36.7622493 ], [ 174.7432685, -36.7624382 ], [ 174.7434497, -36.7621884 ], [ 174.7434942, -36.7622093 ], [ 174.7433131, -36.7624591 ], [ 174.7436492, -36.7626168 ], [ 174.7436644, -36.7626482 ], [ 174.7439389, -36.7624661 ], [ 174.7439696, -36.7621222 ], [ 174.7441297, -36.7619005 ], [ 174.7442743, -36.7619419 ], [ 174.7443101, -36.7619072 ], [ 174.7440311, -36.7616058 ] ] ], [ [ [ 174.7418617, -36.7172951 ], [ 174.7418279, -36.7183514 ], [ 174.7418603, -36.7183509 ], [ 174.7418532, -36.7185593 ], [ 174.7428421, -36.7185684 ], [ 174.7428346, -36.7190794 ], [ 174.7430495, -36.7191332 ], [ 174.7430537, -36.7192452 ], [ 174.7432669, -36.7192988 ], [ 174.7449089, -36.7191517 ], [ 174.744913, -36.7193331 ], [ 174.7447965, -36.7193436 ], [ 174.7448568, -36.7197629 ], [ 174.745257, -36.719727 ], [ 174.7454814, -36.7197441 ], [ 174.7454734, -36.7198369 ], [ 174.7460071, -36.7197891 ], [ 174.7460052, -36.7197747 ], [ 174.7460427, -36.7197769 ], [ 174.7460711, -36.719729 ], [ 174.7466003, -36.7196785 ], [ 174.7465998, -36.719656 ], [ 174.747103, -36.7196261 ], [ 174.7471045, -36.7195934 ], [ 174.7482328, -36.7194923 ], [ 174.7482196, -36.7193965 ], [ 174.748385, -36.7193819 ], [ 174.7484328, -36.7193013 ], [ 174.7484564, -36.7194713 ], [ 174.7506094, -36.7192812 ], [ 174.7506269, -36.7193636 ], [ 174.7508584, -36.7193973 ], [ 174.750832, -36.7192589 ], [ 174.751099, -36.7191349 ], [ 174.7514381, -36.7189542 ], [ 174.7518493, -36.7195112 ], [ 174.7523625, -36.7195037 ], [ 174.7522974, -36.719099 ], [ 174.7518312, -36.7182947 ], [ 174.7515473, -36.7181186 ], [ 174.7507577, -36.7178598 ], [ 174.7505806, -36.7174568 ], [ 174.7504097, -36.7173241 ], [ 174.7502374, -36.7172807 ], [ 174.7500036, -36.713319 ], [ 174.7508223, -36.7133069 ], [ 174.7508182, -36.7131267 ], [ 174.7507718, -36.7130553 ], [ 174.7507592, -36.7129924 ], [ 174.7512434, -36.712129 ], [ 174.7512424, -36.7120839 ], [ 174.7517368, -36.711671 ], [ 174.7517358, -36.711626 ], [ 174.7519036, -36.7116235 ], [ 174.751883, -36.7107155 ], [ 174.7510326, -36.7108146 ], [ 174.7509977, -36.7105814 ], [ 174.7502, -36.7105431 ], [ 174.7501028, -36.7104372 ], [ 174.7500825, -36.7105854 ], [ 174.7499027, -36.7107573 ], [ 174.7496009, -36.7112912 ], [ 174.749446, -36.7112012 ], [ 174.7492045, -36.7114676 ], [ 174.749438, -36.7116047 ], [ 174.7493515, -36.7117579 ], [ 174.7486656, -36.711355 ], [ 174.7486346, -36.711354 ], [ 174.7486787, -36.7116681 ], [ 174.7475891, -36.7117062 ], [ 174.7475904, -36.7116665 ], [ 174.7473257, -36.7116564 ], [ 174.7473242, -36.7117156 ], [ 174.7468488, -36.7117326 ], [ 174.7469131, -36.7121944 ], [ 174.746497, -36.7122314 ], [ 174.7461874, -36.711963 ], [ 174.7460341, -36.7120958 ], [ 174.7452891, -36.71207 ], [ 174.7452299, -36.7121722 ], [ 174.7448953, -36.7121771 ], [ 174.7449118, -36.7122231 ], [ 174.7428164, -36.7114404 ], [ 174.742713, -36.7115048 ], [ 174.7427174, -36.7116407 ], [ 174.7426966, -36.7118526 ], [ 174.7426573, -36.7119236 ], [ 174.7425439, -36.7120298 ], [ 174.7425298, -36.7121544 ], [ 174.7425685, -36.7122534 ], [ 174.7425211, -36.7123155 ], [ 174.7420961, -36.712015 ], [ 174.7418708, -36.7122213 ], [ 174.7419491, -36.7136372 ], [ 174.7409631, -36.7142082 ], [ 174.7407769, -36.7139997 ], [ 174.7399603, -36.7144722 ], [ 174.7385857, -36.7144653 ], [ 174.7387336, -36.7146582 ], [ 174.7386212, -36.7147426 ], [ 174.7387169, -36.7149169 ], [ 174.738705, -36.7149673 ], [ 174.7386915, -36.7159746 ], [ 174.7397472, -36.7159844 ], [ 174.7399132, -36.7160809 ], [ 174.740194, -36.7161219 ], [ 174.740623, -36.7161284 ], [ 174.740614, -36.7168126 ], [ 174.7418313, -36.7171455 ], [ 174.7417884, -36.7173154 ], [ 174.7417507, -36.7173438 ], [ 174.7418617, -36.7172951 ] ] ], [ [ [ 174.9050384, -37.0214068 ], [ 174.9049331, -37.021246 ], [ 174.9047729, -37.0209259 ], [ 174.9051008, -37.0208169 ], [ 174.9049347, -37.0204955 ], [ 174.9036339, -37.0209198 ], [ 174.9034241, -37.0205139 ], [ 174.9028729, -37.0206972 ], [ 174.902857, -37.0206668 ], [ 174.9034083, -37.0204834 ], [ 174.9029963, -37.0196874 ], [ 174.901651, -37.0201613 ], [ 174.9014874, -37.0198995 ], [ 174.9010758, -37.0200444 ], [ 174.9009243, -37.0197515 ], [ 174.9019269, -37.0193912 ], [ 174.9016036, -37.0191855 ], [ 174.9014811, -37.0189703 ], [ 174.9006295, -37.0192795 ], [ 174.9003024, -37.0186996 ], [ 174.9007709, -37.01853 ], [ 174.9007863, -37.0184958 ], [ 174.9003744, -37.0178085 ], [ 174.9002469, -37.0176578 ], [ 174.8999006, -37.0178795 ], [ 174.8997331, -37.0176356 ], [ 174.8996266, -37.0173667 ], [ 174.8991073, -37.0175749 ], [ 174.8986306, -37.0166813 ], [ 174.8959372, -37.0182728 ], [ 174.8956676, -37.0179279 ], [ 174.8958168, -37.0178529 ], [ 174.8955667, -37.0175332 ], [ 174.89546, -37.0174244 ], [ 174.8957512, -37.017278 ], [ 174.8954925, -37.0168722 ], [ 174.8950561, -37.0170493 ], [ 174.8949592, -37.0168916 ], [ 174.8949213, -37.0168835 ], [ 174.8945658, -37.0163761 ], [ 174.8944852, -37.0164062 ], [ 174.8944263, -37.0162525 ], [ 174.8943979, -37.0160389 ], [ 174.8937364, -37.0162861 ], [ 174.8937842, -37.0164464 ], [ 174.8931696, -37.0166761 ], [ 174.892969, -37.0167863 ], [ 174.8929642, -37.0167702 ], [ 174.8918653, -37.0169811 ], [ 174.8921073, -37.0177911 ], [ 174.8914974, -37.0180825 ], [ 174.8914479, -37.0179199 ], [ 174.8910083, -37.0180042 ], [ 174.8909686, -37.0178705 ], [ 174.8907564, -37.0179395 ], [ 174.8902068, -37.018045 ], [ 174.8903815, -37.0186301 ], [ 174.8902696, -37.018709 ], [ 174.890605, -37.0190147 ], [ 174.890459, -37.0191175 ], [ 174.8907042, -37.0193406 ], [ 174.8906008, -37.0194131 ], [ 174.8904337, -37.0194104 ], [ 174.8903765, -37.0196322 ], [ 174.8900012, -37.01929 ], [ 174.8897581, -37.0197536 ], [ 174.8888831, -37.0193581 ], [ 174.8884773, -37.0199558 ], [ 174.8912411, -37.0211824 ], [ 174.8907119, -37.0222084 ], [ 174.8912643, -37.0224355 ], [ 174.8913062, -37.02237 ], [ 174.8920223, -37.0226718 ], [ 174.8922541, -37.0228331 ], [ 174.8922575, -37.0228718 ], [ 174.8920578, -37.0230564 ], [ 174.8922339, -37.023179 ], [ 174.8914528, -37.0240059 ], [ 174.8913402, -37.0241657 ], [ 174.8911322, -37.0246355 ], [ 174.8914454, -37.0247247 ], [ 174.8915179, -37.0246368 ], [ 174.8916583, -37.0247344 ], [ 174.8909797, -37.0253622 ], [ 174.891328, -37.0256396 ], [ 174.8911556, -37.0257004 ], [ 174.8913376, -37.0260323 ], [ 174.8915101, -37.0259715 ], [ 174.8918589, -37.0266086 ], [ 174.8927959, -37.0262786 ], [ 174.8929474, -37.0265551 ], [ 174.8934969, -37.0263616 ], [ 174.8935967, -37.0265433 ], [ 174.8942091, -37.0263089 ], [ 174.8947124, -37.0272211 ], [ 174.8949419, -37.0271399 ], [ 174.8950338, -37.0273079 ], [ 174.8952308, -37.0272389 ], [ 174.8952593, -37.0271793 ], [ 174.8954463, -37.0271246 ], [ 174.8960395, -37.0269159 ], [ 174.8966675, -37.0280302 ], [ 174.8970965, -37.0278748 ], [ 174.8972167, -37.0276883 ], [ 174.8976287, -37.0275391 ], [ 174.8975512, -37.0274014 ], [ 174.8980413, -37.0272239 ], [ 174.8978595, -37.0269013 ], [ 174.898439, -37.0266953 ], [ 174.8991094, -37.0274444 ], [ 174.8994007, -37.0272088 ], [ 174.8995281, -37.0272811 ], [ 174.8998269, -37.0270395 ], [ 174.8997567, -37.0269813 ], [ 174.8998899, -37.0268552 ], [ 174.9002362, -37.0265752 ], [ 174.9003853, -37.0264116 ], [ 174.9008371, -37.0267706 ], [ 174.9013935, -37.0265027 ], [ 174.9021489, -37.0261922 ], [ 174.9019101, -37.0258738 ], [ 174.9024014, -37.0256368 ], [ 174.9027798, -37.0254801 ], [ 174.9027746, -37.0253967 ], [ 174.9025127, -37.0249372 ], [ 174.9020332, -37.0251328 ], [ 174.9019014, -37.0249833 ], [ 174.9016893, -37.0246705 ], [ 174.9038506, -37.0237881 ], [ 174.903583, -37.0230448 ], [ 174.9040606, -37.0229341 ], [ 174.9039408, -37.0226017 ], [ 174.9041444, -37.0225136 ], [ 174.9042058, -37.0225367 ], [ 174.9043861, -37.0224737 ], [ 174.904197, -37.0221212 ], [ 174.9050975, -37.0218056 ], [ 174.9053683, -37.0217628 ], [ 174.9052335, -37.0213387 ], [ 174.9050384, -37.0214068 ] ] ], [ [ [ 174.8448234, -36.9720235 ], [ 174.8439947, -36.9718505 ], [ 174.8438739, -36.9721437 ], [ 174.8430001, -36.971961 ], [ 174.842858, -36.9723993 ], [ 174.8427943, -36.972667 ], [ 174.8427503, -36.9729739 ], [ 174.8428393, -36.9730512 ], [ 174.8425469, -36.9732873 ], [ 174.8424593, -36.9732295 ], [ 174.842061, -36.9735508 ], [ 174.8426968, -36.9739692 ], [ 174.8425816, -36.9741277 ], [ 174.8422199, -36.9744828 ], [ 174.8421858, -36.9744604 ], [ 174.8419306, -36.9749635 ], [ 174.8420989, -36.9750211 ], [ 174.8423294, -36.9764506 ], [ 174.8424725, -36.9764817 ], [ 174.8426023, -36.9766541 ], [ 174.8430186, -36.9768038 ], [ 174.8431091, -36.9766689 ], [ 174.8430857, -36.9766605 ], [ 174.8430949, -36.976644 ], [ 174.8431154, -36.9766514 ], [ 174.8431153, -36.9765957 ], [ 174.8433079, -36.9765856 ], [ 174.8437216, -36.9766305 ], [ 174.8437645, -36.9768448 ], [ 174.843503, -36.9771017 ], [ 174.8436869, -36.9772222 ], [ 174.8426111, -36.9782795 ], [ 174.8451175, -36.9804337 ], [ 174.8455882, -36.9800688 ], [ 174.8464985, -36.9807869 ], [ 174.8468785, -36.980457 ], [ 174.8470347, -36.9805887 ], [ 174.8474497, -36.9808961 ], [ 174.847603, -36.9807629 ], [ 174.8476544, -36.9808009 ], [ 174.847775, -36.9804454 ], [ 174.8479429, -36.9804821 ], [ 174.8479147, -36.9805645 ], [ 174.8484084, -36.9806561 ], [ 174.848176, -36.9814178 ], [ 174.8483908, -36.98146 ], [ 174.8482063, -36.9820783 ], [ 174.8483838, -36.9821132 ], [ 174.8483391, -36.9822597 ], [ 174.84904, -36.9823975 ], [ 174.8490301, -36.9824295 ], [ 174.8483293, -36.9822917 ], [ 174.8482846, -36.9824382 ], [ 174.8489854, -36.9825758 ], [ 174.8490085, -36.9825004 ], [ 174.8492308, -36.982533 ], [ 174.8492351, -36.9825188 ], [ 174.8501271, -36.9826943 ], [ 174.8503371, -36.9826014 ], [ 174.8504272, -36.9827326 ], [ 174.8509974, -36.982435 ], [ 174.8512027, -36.9823579 ], [ 174.8517963, -36.9820953 ], [ 174.8516981, -36.9819524 ], [ 174.8520454, -36.9817936 ], [ 174.8522476, -36.9821752 ], [ 174.8534277, -36.982079 ], [ 174.8534722, -36.9822418 ], [ 174.8535925, -36.9822265 ], [ 174.8535735, -36.9820679 ], [ 174.854036, -36.9820319 ], [ 174.8540781, -36.9823335 ], [ 174.8541451, -36.9826646 ], [ 174.8542745, -36.9830729 ], [ 174.8541535, -36.9830976 ], [ 174.8544402, -36.9836361 ], [ 174.8544821, -36.9837711 ], [ 174.8543501, -36.9838166 ], [ 174.8547572, -36.9845812 ], [ 174.8549256, -36.9845235 ], [ 174.8550058, -36.9846742 ], [ 174.8560288, -36.9843219 ], [ 174.8559576, -36.9841889 ], [ 174.8561712, -36.9840818 ], [ 174.8566023, -36.9839334 ], [ 174.8563973, -36.9835503 ], [ 174.8573597, -36.9832187 ], [ 174.857032, -36.9826148 ], [ 174.8571245, -36.982583 ], [ 174.85685, -36.9820697 ], [ 174.8575623, -36.9818243 ], [ 174.8570073, -36.9807846 ], [ 174.8575591, -36.9805949 ], [ 174.8576481, -36.9807616 ], [ 174.8581263, -36.9805971 ], [ 174.8583153, -36.9804904 ], [ 174.8588588, -36.9803036 ], [ 174.8587738, -36.9801445 ], [ 174.859223, -36.9799902 ], [ 174.8589833, -36.9795617 ], [ 174.859401, -36.9794961 ], [ 174.859289, -36.9790565 ], [ 174.859208, -36.9790129 ], [ 174.8592989, -36.9788143 ], [ 174.8593397, -36.9787661 ], [ 174.8590704, -36.9776268 ], [ 174.8590105, -36.9775941 ], [ 174.8590077, -36.9774551 ], [ 174.8589078, -36.9770305 ], [ 174.8588866, -36.9770189 ], [ 174.8589832, -36.9769063 ], [ 174.8586346, -36.976755 ], [ 174.8584533, -36.9765731 ], [ 174.8583727, -36.9766927 ], [ 174.8579443, -36.9765511 ], [ 174.8578773, -36.9761573 ], [ 174.8578462, -36.9761578 ], [ 174.8578441, -36.9760588 ], [ 174.8576662, -36.9760612 ], [ 174.8576676, -36.9761284 ], [ 174.8575797, -36.9761612 ], [ 174.8572165, -36.9761659 ], [ 174.8572081, -36.975751 ], [ 174.8572638, -36.9755684 ], [ 174.8572783, -36.9751655 ], [ 174.8570734, -36.9751491 ], [ 174.8570803, -36.9749385 ], [ 174.8564183, -36.9748466 ], [ 174.8562201, -36.9747282 ], [ 174.8561799, -36.9746771 ], [ 174.8555793, -36.9745681 ], [ 174.8554551, -36.9750077 ], [ 174.8539346, -36.9747312 ], [ 174.8540599, -36.9742905 ], [ 174.8536988, -36.9742248 ], [ 174.8536373, -36.9742558 ], [ 174.8534097, -36.9742414 ], [ 174.8529093, -36.9741505 ], [ 174.852855, -36.9743411 ], [ 174.8521218, -36.9738636 ], [ 174.8519605, -36.973805 ], [ 174.8515045, -36.9735079 ], [ 174.8514692, -36.9735427 ], [ 174.8513134, -36.9734412 ], [ 174.8509927, -36.9737582 ], [ 174.8509554, -36.9737339 ], [ 174.8512365, -36.973456 ], [ 174.8502653, -36.9728165 ], [ 174.8494731, -36.9735884 ], [ 174.8491155, -36.9733555 ], [ 174.8487596, -36.9737049 ], [ 174.8488447, -36.9737605 ], [ 174.8486241, -36.9739771 ], [ 174.8479224, -36.9735192 ], [ 174.847531, -36.9739084 ], [ 174.847649, -36.9739853 ], [ 174.8476257, -36.9740232 ], [ 174.8474985, -36.9739402 ], [ 174.8471428, -36.9742887 ], [ 174.8465703, -36.9745664 ], [ 174.8450451, -36.9722755 ], [ 174.8450023, -36.9723265 ], [ 174.8448098, -36.9720374 ], [ 174.8448234, -36.9720235 ] ] ], [ [ [ 174.8683069, -36.964877 ], [ 174.8678061, -36.964535 ], [ 174.8677838, -36.964556 ], [ 174.867421, -36.9643084 ], [ 174.8670657, -36.9646046 ], [ 174.8668416, -36.9643964 ], [ 174.8668611, -36.9643031 ], [ 174.8667177, -36.9641791 ], [ 174.8664714, -36.9640144 ], [ 174.8662505, -36.9642227 ], [ 174.8658344, -36.9639386 ], [ 174.8655969, -36.9641696 ], [ 174.8658534, -36.9643458 ], [ 174.8659234, -36.9644328 ], [ 174.8659209, -36.9644814 ], [ 174.8656573, -36.9647298 ], [ 174.8657114, -36.9647722 ], [ 174.8655958, -36.9648536 ], [ 174.8654379, -36.964743 ], [ 174.8655657, -36.9645935 ], [ 174.8651743, -36.9643479 ], [ 174.8650962, -36.9644685 ], [ 174.864501, -36.964091 ], [ 174.8642832, -36.9644169 ], [ 174.8643214, -36.9644665 ], [ 174.8642955, -36.9644741 ], [ 174.863672, -36.9648882 ], [ 174.8630491, -36.9651972 ], [ 174.8628117, -36.9648887 ], [ 174.8624638, -36.9650509 ], [ 174.8622739, -36.9648042 ], [ 174.8617934, -36.9650423 ], [ 174.8613083, -36.9644119 ], [ 174.8609881, -36.9641415 ], [ 174.8608355, -36.96466 ], [ 174.8606676, -36.9644419 ], [ 174.8607836, -36.9640489 ], [ 174.858182, -36.9635673 ], [ 174.858009, -36.9636017 ], [ 174.8578331, -36.9635988 ], [ 174.8569448, -36.9634358 ], [ 174.8568459, -36.9637895 ], [ 174.8564447, -36.9638601 ], [ 174.8560003, -36.9635317 ], [ 174.8556914, -36.9636912 ], [ 174.8554338, -36.9637987 ], [ 174.854978, -36.9640344 ], [ 174.856949, -36.9664886 ], [ 174.8568161, -36.9666232 ], [ 174.8571477, -36.9670366 ], [ 174.8573186, -36.9669482 ], [ 174.8574104, -36.967063 ], [ 174.8579003, -36.9668695 ], [ 174.8579233, -36.9668971 ], [ 174.8574329, -36.9670908 ], [ 174.8575559, -36.967244 ], [ 174.8573381, -36.9673297 ], [ 174.8550282, -36.9669136 ], [ 174.8536133, -36.968455 ], [ 174.8539988, -36.9686826 ], [ 174.8538475, -36.9688187 ], [ 174.8533785, -36.9693294 ], [ 174.8536757, -36.9695052 ], [ 174.8534121, -36.9696715 ], [ 174.8539093, -36.9701646 ], [ 174.8538039, -36.9702311 ], [ 174.8543975, -36.9703391 ], [ 174.8533478, -36.9713716 ], [ 174.8534031, -36.9715124 ], [ 174.8536737, -36.9714428 ], [ 174.8536493, -36.9715295 ], [ 174.8538436, -36.9715649 ], [ 174.8538125, -36.971675 ], [ 174.8538799, -36.9718757 ], [ 174.8542856, -36.9719633 ], [ 174.8543243, -36.9720126 ], [ 174.8553626, -36.9722009 ], [ 174.855189, -36.9728197 ], [ 174.8562008, -36.9730045 ], [ 174.8560764, -36.9734464 ], [ 174.8565083, -36.973525 ], [ 174.8565696, -36.9734941 ], [ 174.8567908, -36.9735315 ], [ 174.8567282, -36.9737517 ], [ 174.8597728, -36.9743028 ], [ 174.8598278, -36.9742414 ], [ 174.8608571, -36.9746918 ], [ 174.860271, -36.9753844 ], [ 174.8615446, -36.9760782 ], [ 174.8612274, -36.9764531 ], [ 174.8613556, -36.9765229 ], [ 174.8610384, -36.9768978 ], [ 174.8614633, -36.9771292 ], [ 174.8615346, -36.9771183 ], [ 174.8617142, -36.977229 ], [ 174.8614603, -36.977529 ], [ 174.8619276, -36.9777835 ], [ 174.8616736, -36.9780835 ], [ 174.8622904, -36.9784194 ], [ 174.8628677, -36.9777374 ], [ 174.8626355, -36.9776111 ], [ 174.8630046, -36.9771748 ], [ 174.8631159, -36.9770162 ], [ 174.8637754, -36.9773753 ], [ 174.8640436, -36.9773814 ], [ 174.8645344, -36.9776489 ], [ 174.8648226, -36.9773083 ], [ 174.8647637, -36.9772761 ], [ 174.8650385, -36.9769515 ], [ 174.8649958, -36.9769283 ], [ 174.8650736, -36.9768364 ], [ 174.865529, -36.9770845 ], [ 174.8656509, -36.9771861 ], [ 174.8655625, -36.9772953 ], [ 174.8661436, -36.9776117 ], [ 174.8662496, -36.9774907 ], [ 174.8662016, -36.9774637 ], [ 174.866962, -36.9765956 ], [ 174.8675964, -36.9768863 ], [ 174.8679459, -36.9764877 ], [ 174.8678968, -36.9764652 ], [ 174.8678822, -36.9762499 ], [ 174.8680913, -36.9763457 ], [ 174.8681977, -36.9763329 ], [ 174.8685875, -36.9760007 ], [ 174.8681891, -36.9758183 ], [ 174.8688956, -36.9748254 ], [ 174.8684457, -36.9746847 ], [ 174.8684476, -36.9746778 ], [ 174.8682843, -36.9746343 ], [ 174.8685793, -36.973594 ], [ 174.8692134, -36.9737029 ], [ 174.8693995, -36.9730479 ], [ 174.8694248, -36.9728667 ], [ 174.8698657, -36.9729462 ], [ 174.8700497, -36.972289 ], [ 174.8694996, -36.9721898 ], [ 174.8695382, -36.9720514 ], [ 174.8689595, -36.9719474 ], [ 174.868795, -36.9719081 ], [ 174.8687271, -36.9720507 ], [ 174.8678473, -36.9718895 ], [ 174.8682181, -36.9705832 ], [ 174.867934, -36.97053 ], [ 174.8680624, -36.9700795 ], [ 174.8676503, -36.9700039 ], [ 174.8675826, -36.970038 ], [ 174.867356, -36.9700201 ], [ 174.8668346, -36.9698722 ], [ 174.866959, -36.9694356 ], [ 174.8663491, -36.9692621 ], [ 174.8667983, -36.9690393 ], [ 174.8665854, -36.9687631 ], [ 174.8673846, -36.9683664 ], [ 174.8665136, -36.9672452 ], [ 174.8666903, -36.9671304 ], [ 174.8671318, -36.9669096 ], [ 174.8672257, -36.9668336 ], [ 174.8674888, -36.9667021 ], [ 174.8673874, -36.9665716 ], [ 174.867643, -36.9664435 ], [ 174.867502, -36.9662617 ], [ 174.8673809, -36.9663224 ], [ 174.8671917, -36.9660788 ], [ 174.8670642, -36.9659803 ], [ 174.8669141, -36.9657871 ], [ 174.8669268, -36.9654593 ], [ 174.8668512, -36.9654076 ], [ 174.8672417, -36.9650323 ], [ 174.8673672, -36.9651177 ], [ 174.8675214, -36.9649723 ], [ 174.8680336, -36.9653203 ], [ 174.8683069, -36.964877 ] ] ], [ [ [ 174.8065029, -36.9742068 ], [ 174.8068166, -36.9736889 ], [ 174.8076559, -36.9738565 ], [ 174.8077485, -36.973558 ], [ 174.8076986, -36.9734914 ], [ 174.8067773, -36.9733075 ], [ 174.8069259, -36.9731504 ], [ 174.8071076, -36.9725646 ], [ 174.8079805, -36.9727389 ], [ 174.8080774, -36.9724314 ], [ 174.8077157, -36.9723592 ], [ 174.8075746, -36.9722676 ], [ 174.807639, -36.9722037 ], [ 174.8076501, -36.9721705 ], [ 174.8085671, -36.9723536 ], [ 174.8086002, -36.9722364 ], [ 174.8086155, -36.9721182 ], [ 174.8088006, -36.9721243 ], [ 174.808864, -36.972188 ], [ 174.8092512, -36.972237 ], [ 174.8093041, -36.9720212 ], [ 174.8091957, -36.9717234 ], [ 174.8096164, -36.9716218 ], [ 174.80899, -36.9712214 ], [ 174.8092415, -36.9709678 ], [ 174.8093153, -36.9708184 ], [ 174.8095822, -36.9705494 ], [ 174.809235, -36.9703437 ], [ 174.8094564, -36.9700686 ], [ 174.8092748, -36.9699818 ], [ 174.8091877, -36.9699766 ], [ 174.8091047, -36.9699984 ], [ 174.8089003, -36.9699358 ], [ 174.8090218, -36.9698133 ], [ 174.808671, -36.9695893 ], [ 174.8087967, -36.9694626 ], [ 174.808851, -36.9694972 ], [ 174.809004, -36.969315 ], [ 174.8086731, -36.9691787 ], [ 174.8074744, -36.9685312 ], [ 174.80753, -36.9684667 ], [ 174.8075623, -36.9684644 ], [ 174.8066016, -36.9679568 ], [ 174.8072298, -36.9675044 ], [ 174.8079962, -36.9679183 ], [ 174.8092089, -36.9670583 ], [ 174.808735, -36.966802 ], [ 174.8085442, -36.9667484 ], [ 174.8082218, -36.9668197 ], [ 174.8079369, -36.9669936 ], [ 174.8077442, -36.9668276 ], [ 174.8063648, -36.9678247 ], [ 174.8049819, -36.9670768 ], [ 174.8048564, -36.9672262 ], [ 174.8021426, -36.9657585 ], [ 174.8022682, -36.9656091 ], [ 174.801207, -36.9650355 ], [ 174.8005958, -36.9648628 ], [ 174.8000959, -36.9648469 ], [ 174.7996037, -36.964954 ], [ 174.7994625, -36.9650358 ], [ 174.798574, -36.9641407 ], [ 174.7978497, -36.9634621 ], [ 174.7958277, -36.9639557 ], [ 174.7961143, -36.9644724 ], [ 174.7961568, -36.9645824 ], [ 174.795982, -36.9646091 ], [ 174.795507, -36.9646298 ], [ 174.795379, -36.9643962 ], [ 174.7949475, -36.9645539 ], [ 174.7946666, -36.964605 ], [ 174.7942476, -36.9647547 ], [ 174.7943086, -36.9648837 ], [ 174.7942381, -36.9649204 ], [ 174.7944276, -36.9651941 ], [ 174.7946288, -36.9651044 ], [ 174.7947347, -36.9652522 ], [ 174.7947047, -36.9652655 ], [ 174.7949427, -36.9656093 ], [ 174.7948985, -36.9656469 ], [ 174.7950012, -36.9658361 ], [ 174.7948011, -36.965994 ], [ 174.7948491, -36.9660332 ], [ 174.7951054, -36.965831 ], [ 174.7952023, -36.9659101 ], [ 174.7952608, -36.9660555 ], [ 174.7949691, -36.9661312 ], [ 174.7950228, -36.966175 ], [ 174.7952705, -36.9661107 ], [ 174.7954741, -36.9662768 ], [ 174.7956937, -36.9661035 ], [ 174.7965847, -36.9670829 ], [ 174.7961406, -36.9670724 ], [ 174.7953599, -36.9674486 ], [ 174.7943798, -36.9680661 ], [ 174.7936637, -36.9685754 ], [ 174.7933218, -36.9688463 ], [ 174.7930002, -36.9691202 ], [ 174.7926854, -36.9694063 ], [ 174.7922577, -36.9698246 ], [ 174.7917039, -36.9704473 ], [ 174.791399, -36.9708358 ], [ 174.7911256, -36.9712187 ], [ 174.7914784, -36.971392 ], [ 174.7916818, -36.9714202 ], [ 174.7918625, -36.9715089 ], [ 174.7918976, -36.971738 ], [ 174.7922503, -36.9717032 ], [ 174.7923206, -36.9721611 ], [ 174.7926599, -36.9721247 ], [ 174.7926369, -36.9719748 ], [ 174.7926866, -36.9718759 ], [ 174.7928564, -36.9718592 ], [ 174.7928311, -36.9722901 ], [ 174.7931341, -36.9724503 ], [ 174.7932698, -36.9725602 ], [ 174.7931752, -36.9726328 ], [ 174.7930423, -36.9726968 ], [ 174.7928913, -36.9727338 ], [ 174.7925843, -36.9727672 ], [ 174.7922681, -36.9729312 ], [ 174.7925282, -36.9732541 ], [ 174.792672, -36.9731795 ], [ 174.7928207, -36.9733641 ], [ 174.7926392, -36.9734582 ], [ 174.792816, -36.9736776 ], [ 174.7931584, -36.9735002 ], [ 174.7931672, -36.973547 ], [ 174.7934477, -36.973663 ], [ 174.7936149, -36.973751 ], [ 174.7940043, -36.9737918 ], [ 174.7940647, -36.9742131 ], [ 174.7935121, -36.9742343 ], [ 174.7935653, -36.9751212 ], [ 174.7934457, -36.9753803 ], [ 174.7934862, -36.9754509 ], [ 174.7948065, -36.9758427 ], [ 174.7947869, -36.9758851 ], [ 174.7953176, -36.9760424 ], [ 174.7956777, -36.9760934 ], [ 174.7966477, -36.9760452 ], [ 174.7966619, -36.9760229 ], [ 174.7966378, -36.9759956 ], [ 174.7969031, -36.9759823 ], [ 174.7973391, -36.9759668 ], [ 174.7973457, -36.9760105 ], [ 174.7975148, -36.9760021 ], [ 174.7975677, -36.9759541 ], [ 174.7975398, -36.9755922 ], [ 174.7974446, -36.9754986 ], [ 174.7976923, -36.9754552 ], [ 174.7979359, -36.9754431 ], [ 174.7980818, -36.9752558 ], [ 174.798337, -36.975507 ], [ 174.7992251, -36.9754629 ], [ 174.7993754, -36.975623 ], [ 174.799667, -36.9754865 ], [ 174.7998716, -36.9754764 ], [ 174.80013, -36.9755294 ], [ 174.800037, -36.9758363 ], [ 174.8000557, -36.9758443 ], [ 174.8001936, -36.9753899 ], [ 174.8007017, -36.9756067 ], [ 174.8010783, -36.9750383 ], [ 174.8014999, -36.9752181 ], [ 174.8015208, -36.9751866 ], [ 174.8017328, -36.9751776 ], [ 174.8018045, -36.9746278 ], [ 174.8022141, -36.9745406 ], [ 174.8022098, -36.9745079 ], [ 174.8017728, -36.9745331 ], [ 174.8017284, -36.9738514 ], [ 174.8024986, -36.9734342 ], [ 174.802671, -36.973639 ], [ 174.8032892, -36.9736171 ], [ 174.8030901, -36.9739998 ], [ 174.8029375, -36.9741219 ], [ 174.8028361, -36.9741142 ], [ 174.8028428, -36.9743902 ], [ 174.8029037, -36.9744411 ], [ 174.8028543, -36.9744791 ], [ 174.8029847, -36.9745881 ], [ 174.8030094, -36.974569 ], [ 174.8031483, -36.9746852 ], [ 174.8030952, -36.9747201 ], [ 174.803373, -36.9749524 ], [ 174.8034187, -36.9749112 ], [ 174.8036965, -36.9751434 ], [ 174.8036434, -36.9751784 ], [ 174.8037823, -36.9752945 ], [ 174.803807, -36.9752755 ], [ 174.8041218, -36.9755387 ], [ 174.8043055, -36.9756055 ], [ 174.8043206, -36.9755902 ], [ 174.8046593, -36.9757966 ], [ 174.804641, -36.9758241 ], [ 174.8050199, -36.975917 ], [ 174.8050777, -36.9757305 ], [ 174.8053049, -36.9757408 ], [ 174.8056455, -36.9758147 ], [ 174.8059965, -36.9757652 ], [ 174.8059481, -36.9755218 ], [ 174.8053407, -36.9754954 ], [ 174.8053442, -36.975402 ], [ 174.8055559, -36.9754112 ], [ 174.8057652, -36.9753202 ], [ 174.8055859, -36.9750546 ], [ 174.8062481, -36.9747667 ], [ 174.8061258, -36.9745856 ], [ 174.8060918, -36.9745542 ], [ 174.8060201, -36.9743599 ], [ 174.8062609, -36.9742553 ], [ 174.8062854, -36.9742914 ], [ 174.8064978, -36.9741991 ], [ 174.8065029, -36.9742068 ] ] ], [ [ [ 174.8786483, -36.9633513 ], [ 174.8788479, -36.9630732 ], [ 174.8788738, -36.9626977 ], [ 174.8786207, -36.9626016 ], [ 174.8784686, -36.9623287 ], [ 174.8784158, -36.9619748 ], [ 174.8768478, -36.9619631 ], [ 174.8768846, -36.9618282 ], [ 174.8783955, -36.9618395 ], [ 174.8781069, -36.9599074 ], [ 174.877731, -36.9598919 ], [ 174.8777177, -36.9597257 ], [ 174.8776689, -36.9595883 ], [ 174.8780508, -36.9594672 ], [ 174.8777309, -36.9589056 ], [ 174.8774942, -36.9578461 ], [ 174.8763751, -36.9576473 ], [ 174.874945, -36.9572789 ], [ 174.8747244, -36.9572401 ], [ 174.874767, -36.9570841 ], [ 174.8725929, -36.956717 ], [ 174.8724775, -36.9571472 ], [ 174.8724215, -36.9572981 ], [ 174.8722984, -36.9572537 ], [ 174.8720246, -36.9572025 ], [ 174.8719837, -36.9572232 ], [ 174.871946, -36.9573572 ], [ 174.8715456, -36.9572845 ], [ 174.8715909, -36.9571235 ], [ 174.8712906, -36.9570691 ], [ 174.8712087, -36.9571106 ], [ 174.8711196, -36.9574266 ], [ 174.8708729, -36.9574815 ], [ 174.8708803, -36.9574551 ], [ 174.8704024, -36.9573684 ], [ 174.8701887, -36.9572649 ], [ 174.8700762, -36.9576643 ], [ 174.8696697, -36.9575906 ], [ 174.8695595, -36.9579819 ], [ 174.8698686, -36.9580381 ], [ 174.869692, -36.9586565 ], [ 174.8699094, -36.958696 ], [ 174.8698042, -36.9590694 ], [ 174.8703289, -36.9591646 ], [ 174.8706117, -36.9592353 ], [ 174.8699211, -36.9617002 ], [ 174.8692278, -36.9615846 ], [ 174.8690174, -36.9614994 ], [ 174.8688257, -36.9614648 ], [ 174.8688345, -36.9614333 ], [ 174.8682035, -36.9613193 ], [ 174.8677859, -36.9620973 ], [ 174.867717, -36.9620729 ], [ 174.8675193, -36.9624321 ], [ 174.8681858, -36.9625603 ], [ 174.8683297, -36.96229 ], [ 174.868239, -36.9622579 ], [ 174.8683552, -36.9618829 ], [ 174.8684398, -36.9618978 ], [ 174.8684149, -36.9623095 ], [ 174.8682521, -36.9626154 ], [ 174.8685986, -36.9629027 ], [ 174.868738, -36.9629478 ], [ 174.8689058, -36.9632717 ], [ 174.868808, -36.9633451 ], [ 174.8688074, -36.9633641 ], [ 174.8689823, -36.9635886 ], [ 174.8691678, -36.9636968 ], [ 174.8694344, -36.9636982 ], [ 174.8694805, -36.9638889 ], [ 174.8696986, -36.9641006 ], [ 174.8697195, -36.9643504 ], [ 174.8695866, -36.9648147 ], [ 174.8696149, -36.9650198 ], [ 174.8699284, -36.9653035 ], [ 174.8702398, -36.9655383 ], [ 174.8705934, -36.9652328 ], [ 174.87074, -36.9651546 ], [ 174.871577, -36.9657703 ], [ 174.8716871, -36.9658193 ], [ 174.8718065, -36.9658511 ], [ 174.8719312, -36.9658647 ], [ 174.8720363, -36.9658616 ], [ 174.8721918, -36.9658322 ], [ 174.8725266, -36.9657149 ], [ 174.8725641, -36.9656813 ], [ 174.8725615, -36.9656424 ], [ 174.8726868, -36.965598 ], [ 174.8727286, -36.9656282 ], [ 174.8727771, -36.9656261 ], [ 174.8738823, -36.9652345 ], [ 174.8740088, -36.9653998 ], [ 174.8740995, -36.9655611 ], [ 174.874167, -36.9656439 ], [ 174.874648, -36.9654736 ], [ 174.8755623, -36.9661549 ], [ 174.8758698, -36.9658893 ], [ 174.8759533, -36.9657039 ], [ 174.876291, -36.9654121 ], [ 174.8760227, -36.9652122 ], [ 174.8764463, -36.9648462 ], [ 174.8765667, -36.9648763 ], [ 174.8767658, -36.9648879 ], [ 174.8769656, -36.9649149 ], [ 174.8771662, -36.9649559 ], [ 174.8773628, -36.9649109 ], [ 174.8775588, -36.9647907 ], [ 174.877544, -36.9644667 ], [ 174.8777409, -36.9644369 ], [ 174.8778432, -36.9643985 ], [ 174.8779339, -36.9643467 ], [ 174.8780027, -36.9642913 ], [ 174.8780685, -36.9642165 ], [ 174.8781103, -36.964146 ], [ 174.8781426, -36.9640518 ], [ 174.8785739, -36.9641147 ], [ 174.8786141, -36.963764 ], [ 174.8784198, -36.9637496 ], [ 174.8783312, -36.9636051 ], [ 174.8786483, -36.9633513 ] ] ], [ [ [ 174.8350258, -36.9439707 ], [ 174.8351696, -36.9439347 ], [ 174.8352689, -36.9442208 ], [ 174.8353043, -36.9442574 ], [ 174.8349914, -36.9447957 ], [ 174.8354278, -36.945334 ], [ 174.8356353, -36.9454437 ], [ 174.8362768, -36.9462334 ], [ 174.8371459, -36.9457783 ], [ 174.8373194, -36.9457375 ], [ 174.837511, -36.9457837 ], [ 174.8377257, -36.9460479 ], [ 174.8379229, -36.9459598 ], [ 174.8382036, -36.946305 ], [ 174.8383339, -36.9462205 ], [ 174.8383496, -36.9462588 ], [ 174.838343, -36.9462988 ], [ 174.8386445, -36.946551 ], [ 174.8378678, -36.9471495 ], [ 174.83816, -36.9473925 ], [ 174.8382927, -36.9475434 ], [ 174.838596, -36.9477956 ], [ 174.8385356, -36.947868 ], [ 174.8383681, -36.9480069 ], [ 174.8389653, -36.948469 ], [ 174.839163, -36.9483047 ], [ 174.8392797, -36.9481155 ], [ 174.8400806, -36.9491078 ], [ 174.8404751, -36.94878 ], [ 174.8414606, -36.9494403 ], [ 174.8421327, -36.9495082 ], [ 174.8430687, -36.9488529 ], [ 174.8428118, -36.9482905 ], [ 174.8436611, -36.9480409 ], [ 174.8441747, -36.9491684 ], [ 174.8446187, -36.9492006 ], [ 174.8445621, -36.9492802 ], [ 174.8450033, -36.9494825 ], [ 174.8453099, -36.9496531 ], [ 174.8460941, -36.9494956 ], [ 174.8459819, -36.9491354 ], [ 174.846201, -36.9490914 ], [ 174.8460887, -36.9487313 ], [ 174.8460169, -36.9485592 ], [ 174.8464702, -36.9484679 ], [ 174.8463539, -36.9480951 ], [ 174.8467937, -36.9480067 ], [ 174.8470175, -36.9479779 ], [ 174.8470409, -36.9480529 ], [ 174.8474793, -36.9479649 ], [ 174.847451, -36.9478743 ], [ 174.8478894, -36.9477862 ], [ 174.847729, -36.9472723 ], [ 174.847941, -36.947214 ], [ 174.8486473, -36.9470721 ], [ 174.8485086, -36.9466303 ], [ 174.848678, -36.9465964 ], [ 174.8482641, -36.9452773 ], [ 174.8491398, -36.945103 ], [ 174.8473127, -36.9392876 ], [ 174.8464308, -36.9394678 ], [ 174.84608, -36.9383371 ], [ 174.8457477, -36.9384049 ], [ 174.8455436, -36.9377687 ], [ 174.8430265, -36.9382802 ], [ 174.8428247, -36.9383794 ], [ 174.8427245, -36.9380598 ], [ 174.8426918, -36.9380664 ], [ 174.8425214, -36.9375264 ], [ 174.8425519, -36.9375086 ], [ 174.8424362, -36.9371458 ], [ 174.8405011, -36.938054 ], [ 174.8402473, -36.937696 ], [ 174.8400934, -36.9375583 ], [ 174.8398343, -36.9372026 ], [ 174.838759, -36.9377073 ], [ 174.8385, -36.9373516 ], [ 174.8380979, -36.9375405 ], [ 174.837702, -36.9377843 ], [ 174.8379137, -36.9380059 ], [ 174.837686, -36.9380726 ], [ 174.8367898, -36.9386236 ], [ 174.8375721, -36.9394425 ], [ 174.838553, -36.93898 ], [ 174.8388271, -36.9392674 ], [ 174.8362858, -36.9404693 ], [ 174.8367818, -36.9410854 ], [ 174.8353336, -36.9418225 ], [ 174.8351685, -36.9416174 ], [ 174.8350753, -36.9416013 ], [ 174.8346562, -36.9418186 ], [ 174.8350957, -36.9423765 ], [ 174.8351152, -36.9423855 ], [ 174.8345342, -36.9426869 ], [ 174.8345435, -36.9427975 ], [ 174.8346489, -36.9430422 ], [ 174.8343906, -36.9431127 ], [ 174.8346163, -36.9434202 ], [ 174.8345461, -36.9434772 ], [ 174.8350258, -36.9439707 ] ] ], [ [ [ 174.7858244, -36.9150962 ], [ 174.7857642, -36.9146549 ], [ 174.7852691, -36.9146983 ], [ 174.7850714, -36.9147587 ], [ 174.7847466, -36.9147865 ], [ 174.784772, -36.914969 ], [ 174.7844475, -36.9149977 ], [ 174.7845009, -36.9154133 ], [ 174.7842777, -36.9154492 ], [ 174.7838622, -36.9154865 ], [ 174.7839221, -36.9158905 ], [ 174.7839081, -36.9160746 ], [ 174.7821106, -36.9162311 ], [ 174.7821363, -36.9164254 ], [ 174.7817405, -36.916465 ], [ 174.7817674, -36.9166684 ], [ 174.7811566, -36.9167179 ], [ 174.7812162, -36.9171267 ], [ 174.7815699, -36.9170939 ], [ 174.7816233, -36.9174947 ], [ 174.78024, -36.9176054 ], [ 174.7791961, -36.9177044 ], [ 174.7796872, -36.9188763 ], [ 174.7797129, -36.9190578 ], [ 174.7796905, -36.9190598 ], [ 174.7796685, -36.919286 ], [ 174.7799579, -36.9192623 ], [ 174.7799258, -36.9195924 ], [ 174.7799508, -36.9197423 ], [ 174.7797324, -36.9206867 ], [ 174.7790613, -36.9207497 ], [ 174.7788429, -36.9210834 ], [ 174.7788025, -36.9211255 ], [ 174.7788372, -36.9211683 ], [ 174.778581, -36.9213718 ], [ 174.7786259, -36.921368 ], [ 174.7786943, -36.9217637 ], [ 174.7789664, -36.9217475 ], [ 174.7789626, -36.922028 ], [ 174.7790391, -36.9220376 ], [ 174.7789773, -36.9223613 ], [ 174.7789861, -36.9223625 ], [ 174.7790479, -36.9220388 ], [ 174.77897, -36.9220231 ], [ 174.7789714, -36.9219168 ], [ 174.7790135, -36.9219171 ], [ 174.7790362, -36.9218854 ], [ 174.7791987, -36.921896 ], [ 174.7791966, -36.9220572 ], [ 174.7795855, -36.9221045 ], [ 174.7796369, -36.9224979 ], [ 174.7799658, -36.9224718 ], [ 174.7799924, -36.9226314 ], [ 174.7793478, -36.9226841 ], [ 174.7788276, -36.9228267 ], [ 174.7787922, -36.9229725 ], [ 174.7785095, -36.922998 ], [ 174.7785588, -36.9234082 ], [ 174.7788902, -36.92338 ], [ 174.7789332, -36.9237327 ], [ 174.779003, -36.9237267 ], [ 174.7789802, -36.9235558 ], [ 174.7790003, -36.9235541 ], [ 174.779023, -36.923725 ], [ 174.7794392, -36.9236895 ], [ 174.779463, -36.9237667 ], [ 174.7791938, -36.9237899 ], [ 174.7792088, -36.9238063 ], [ 174.7791689, -36.9238298 ], [ 174.779304, -36.9239776 ], [ 174.779309, -36.9241984 ], [ 174.7800908, -36.9241277 ], [ 174.7801544, -36.9245806 ], [ 174.7800414, -36.9245896 ], [ 174.7800923, -36.9250444 ], [ 174.7792002, -36.9251182 ], [ 174.7792639, -36.9255675 ], [ 174.7795921, -36.9255396 ], [ 174.7795878, -36.9257222 ], [ 174.7796404, -36.9260644 ], [ 174.7801516, -36.9260155 ], [ 174.7801945, -36.9263087 ], [ 174.780423, -36.9262892 ], [ 174.7804996, -36.9268319 ], [ 174.7824208, -36.9266682 ], [ 174.782549, -36.9271608 ], [ 174.7823106, -36.9280367 ], [ 174.7823046, -36.9281008 ], [ 174.7827102, -36.9281955 ], [ 174.7829573, -36.928175 ], [ 174.7831428, -36.9281096 ], [ 174.7843317, -36.9280088 ], [ 174.7850158, -36.927978 ], [ 174.7854889, -36.928142 ], [ 174.7856502, -36.9282303 ], [ 174.7859931, -36.9285542 ], [ 174.7864174, -36.9290305 ], [ 174.7864541, -36.9293543 ], [ 174.7862387, -36.9296593 ], [ 174.7860541, -36.9298182 ], [ 174.7864186, -36.929916 ], [ 174.7864231, -36.9299041 ], [ 174.7867531, -36.9299796 ], [ 174.786871, -36.9296866 ], [ 174.7868947, -36.9294119 ], [ 174.7868885, -36.9293218 ], [ 174.7871119, -36.9292753 ], [ 174.7876593, -36.9292502 ], [ 174.7875699, -36.9289167 ], [ 174.7873062, -36.928428 ], [ 174.7870946, -36.9280862 ], [ 174.7870332, -36.9280477 ], [ 174.7869486, -36.9277994 ], [ 174.7873288, -36.9277601 ], [ 174.7875449, -36.9276751 ], [ 174.7874198, -36.927433 ], [ 174.7880668, -36.9271911 ], [ 174.7883571, -36.9272008 ], [ 174.7884254, -36.927803 ], [ 174.79118, -36.9275765 ], [ 174.7910139, -36.9263574 ], [ 174.7915054, -36.926317 ], [ 174.7912808, -36.9245459 ], [ 174.791679, -36.9245127 ], [ 174.7916282, -36.9241105 ], [ 174.79123, -36.9241438 ], [ 174.7911967, -36.9238769 ], [ 174.7911772, -36.9238786 ], [ 174.7911246, -36.9234737 ], [ 174.7911463, -36.9234718 ], [ 174.7910696, -36.9229384 ], [ 174.7920783, -36.9228477 ], [ 174.7919651, -36.9219875 ], [ 174.7916015, -36.9220193 ], [ 174.7915855, -36.921895 ], [ 174.790939, -36.9219503 ], [ 174.790786, -36.9207359 ], [ 174.7914569, -36.9206788 ], [ 174.7914235, -36.9204123 ], [ 174.791762, -36.9203841 ], [ 174.7916708, -36.9196695 ], [ 174.790654, -36.9197562 ], [ 174.7904425, -36.9181459 ], [ 174.7904553, -36.9179618 ], [ 174.7904968, -36.9179583 ], [ 174.7903226, -36.9166509 ], [ 174.7889135, -36.9167748 ], [ 174.7889852, -36.9165676 ], [ 174.7886532, -36.9164935 ], [ 174.7888914, -36.9158427 ], [ 174.7885515, -36.915767 ], [ 174.7880677, -36.9157899 ], [ 174.7879792, -36.9157762 ], [ 174.787916, -36.9157801 ], [ 174.7878918, -36.9158911 ], [ 174.7877972, -36.9159143 ], [ 174.7877537, -36.9159089 ], [ 174.7876976, -36.9160079 ], [ 174.7870749, -36.9160606 ], [ 174.7869808, -36.915343 ], [ 174.786365, -36.9153869 ], [ 174.7863252, -36.9150561 ], [ 174.7858244, -36.9150962 ] ] ], [ [ [ 174.874463, -36.9196369 ], [ 174.8743663, -36.9197261 ], [ 174.8743459, -36.9199522 ], [ 174.8744889, -36.9201076 ], [ 174.8745978, -36.9201199 ], [ 174.8748679, -36.9199189 ], [ 174.8750571, -36.9199985 ], [ 174.8756587, -36.9199503 ], [ 174.8756942, -36.9199175 ], [ 174.8755236, -36.9197987 ], [ 174.8758491, -36.9194974 ], [ 174.875818, -36.9194758 ], [ 174.8754926, -36.9197771 ], [ 174.8751617, -36.9195467 ], [ 174.8754872, -36.9192454 ], [ 174.8757627, -36.9190771 ], [ 174.8758948, -36.9191694 ], [ 174.8762265, -36.9188623 ], [ 174.8745622, -36.9177034 ], [ 174.874509, -36.9176297 ], [ 174.8745404, -36.9176151 ], [ 174.8746903, -36.9174517 ], [ 174.8755704, -36.9175028 ], [ 174.8757498, -36.9175748 ], [ 174.8757503, -36.9175545 ], [ 174.8763934, -36.917531 ], [ 174.8763706, -36.9174422 ], [ 174.8762956, -36.917429 ], [ 174.8762303, -36.9169791 ], [ 174.876162, -36.9168387 ], [ 174.8763924, -36.91679 ], [ 174.8766124, -36.9167735 ], [ 174.876833, -36.9167839 ], [ 174.8770933, -36.9168316 ], [ 174.8771283, -36.9168295 ], [ 174.8771631, -36.9168075 ], [ 174.8772359, -36.9166803 ], [ 174.8773326, -36.9165816 ], [ 174.8774554, -36.9165037 ], [ 174.877598, -36.9164508 ], [ 174.8775104, -36.9162354 ], [ 174.8776534, -36.9158631 ], [ 174.8769475, -36.9155782 ], [ 174.8772514, -36.9143329 ], [ 174.8779319, -36.9144542 ], [ 174.8779358, -36.9144398 ], [ 174.8783036, -36.9145031 ], [ 174.8784218, -36.9140599 ], [ 174.8780283, -36.9139923 ], [ 174.8786119, -36.9119069 ], [ 174.8772541, -36.9116714 ], [ 174.8774228, -36.9110711 ], [ 174.8788975, -36.9108368 ], [ 174.8790321, -36.9103072 ], [ 174.8772395, -36.910592 ], [ 174.8737508, -36.9110729 ], [ 174.8737678, -36.9107994 ], [ 174.8740955, -36.9096009 ], [ 174.8739437, -36.9095159 ], [ 174.8695749, -36.9087449 ], [ 174.8695626, -36.9088699 ], [ 174.8695934, -36.9090237 ], [ 174.8697007, -36.9091014 ], [ 174.8699444, -36.9091691 ], [ 174.8699663, -36.9092177 ], [ 174.869956, -36.9093713 ], [ 174.8699703, -36.9094237 ], [ 174.8700529, -36.909465 ], [ 174.8700563, -36.9095285 ], [ 174.8698904, -36.9097933 ], [ 174.8698748, -36.9099084 ], [ 174.8698986, -36.9099788 ], [ 174.8700943, -36.9101848 ], [ 174.8701458, -36.9102245 ], [ 174.870247, -36.9102622 ], [ 174.8703821, -36.9102885 ], [ 174.8705665, -36.9103417 ], [ 174.8705778, -36.9103574 ], [ 174.8705701, -36.9103788 ], [ 174.870402, -36.9104059 ], [ 174.8701417, -36.9103982 ], [ 174.8700548, -36.9104074 ], [ 174.8699855, -36.9104336 ], [ 174.8699917, -36.9105039 ], [ 174.8699702, -36.9105326 ], [ 174.8699088, -36.9105352 ], [ 174.8699111, -36.910591 ], [ 174.8698686, -36.9106653 ], [ 174.8698507, -36.9106745 ], [ 174.8698384, -36.9106581 ], [ 174.869786, -36.9107059 ], [ 174.8697376, -36.9106973 ], [ 174.8697008, -36.9106468 ], [ 174.8696868, -36.910584 ], [ 174.8696118, -36.910462 ], [ 174.8694472, -36.9102733 ], [ 174.8693645, -36.9101401 ], [ 174.8692955, -36.9100551 ], [ 174.8692674, -36.9100424 ], [ 174.8690421, -36.9100056 ], [ 174.8687378, -36.9100193 ], [ 174.868696, -36.9100441 ], [ 174.8686398, -36.9100576 ], [ 174.8685964, -36.9100885 ], [ 174.8684682, -36.9101252 ], [ 174.8683825, -36.910184 ], [ 174.8682871, -36.9102283 ], [ 174.868243, -36.9102219 ], [ 174.8683213, -36.9101102 ], [ 174.8683026, -36.9100847 ], [ 174.8670362, -36.9098774 ], [ 174.8669201, -36.9103282 ], [ 174.8665661, -36.910271 ], [ 174.8664499, -36.9107219 ], [ 174.866487, -36.9109128 ], [ 174.866368, -36.9113743 ], [ 174.8661853, -36.9113447 ], [ 174.8661966, -36.9112987 ], [ 174.8661823, -36.9112964 ], [ 174.8662003, -36.9112248 ], [ 174.8660286, -36.9111971 ], [ 174.8659994, -36.9113147 ], [ 174.8656229, -36.9112538 ], [ 174.86565, -36.9111472 ], [ 174.865419, -36.9111099 ], [ 174.8653487, -36.9113896 ], [ 174.8655116, -36.9114175 ], [ 174.8654281, -36.9119344 ], [ 174.8653298, -36.9123264 ], [ 174.8657311, -36.9123913 ], [ 174.8656113, -36.9128692 ], [ 174.8661971, -36.9127045 ], [ 174.8665036, -36.9127541 ], [ 174.866204, -36.9139475 ], [ 174.8665958, -36.9138423 ], [ 174.8666067, -36.9138683 ], [ 174.8661962, -36.9139786 ], [ 174.8661343, -36.9142251 ], [ 174.8661753, -36.9143339 ], [ 174.8661769, -36.9144382 ], [ 174.8662646, -36.9146319 ], [ 174.8662979, -36.9146785 ], [ 174.8664341, -36.9147884 ], [ 174.8665963, -36.9148577 ], [ 174.8665783, -36.914893 ], [ 174.867852, -36.9154716 ], [ 174.8681308, -36.9153971 ], [ 174.8681501, -36.9154465 ], [ 174.8681797, -36.9154329 ], [ 174.8682475, -36.9154655 ], [ 174.8684334, -36.9155234 ], [ 174.8686155, -36.9155599 ], [ 174.8687926, -36.9155728 ], [ 174.8689705, -36.9154929 ], [ 174.869401, -36.9160498 ], [ 174.8694998, -36.9163409 ], [ 174.8699356, -36.9162462 ], [ 174.8699463, -36.916278 ], [ 174.8695106, -36.9163727 ], [ 174.8696848, -36.9168895 ], [ 174.8698654, -36.9168858 ], [ 174.870168, -36.9171086 ], [ 174.8698791, -36.917331 ], [ 174.8696828, -36.9174559 ], [ 174.8693774, -36.9176048 ], [ 174.8690452, -36.9177187 ], [ 174.8690194, -36.9177423 ], [ 174.8690156, -36.9177796 ], [ 174.869118, -36.9180802 ], [ 174.8711414, -36.9176357 ], [ 174.8711673, -36.917711 ], [ 174.871079, -36.9178877 ], [ 174.8709975, -36.9181863 ], [ 174.8710123, -36.9183396 ], [ 174.8709559, -36.9187323 ], [ 174.8709367, -36.9192203 ], [ 174.871206, -36.9191972 ], [ 174.8711941, -36.9191088 ], [ 174.8713914, -36.9190783 ], [ 174.8715074, -36.9190716 ], [ 174.8715962, -36.9191363 ], [ 174.8717107, -36.9191014 ], [ 174.8718183, -36.9187072 ], [ 174.8722607, -36.9187851 ], [ 174.8720811, -36.919443 ], [ 174.8720768, -36.9195014 ], [ 174.8721358, -36.9195932 ], [ 174.8722606, -36.9196399 ], [ 174.8722828, -36.9195585 ], [ 174.8725028, -36.9197232 ], [ 174.872684, -36.9195591 ], [ 174.8730937, -36.919091 ], [ 174.8732722, -36.9183608 ], [ 174.8729505, -36.9178552 ], [ 174.8727567, -36.9178211 ], [ 174.8727655, -36.9177889 ], [ 174.8730954, -36.9178469 ], [ 174.8733337, -36.918088 ], [ 174.873406, -36.9183032 ], [ 174.8733996, -36.918472 ], [ 174.8734524, -36.9188019 ], [ 174.8733375, -36.9195052 ], [ 174.8734967, -36.9200707 ], [ 174.8739186, -36.9202727 ], [ 174.8741017, -36.9201148 ], [ 174.8741146, -36.9200614 ], [ 174.8739215, -36.9197972 ], [ 174.8739324, -36.9197797 ], [ 174.8741205, -36.920037 ], [ 174.8741415, -36.91995 ], [ 174.8742382, -36.9197046 ], [ 174.8744341, -36.9195285 ], [ 174.8743486, -36.9194576 ], [ 174.874394, -36.9193131 ], [ 174.8745816, -36.9194437 ], [ 174.874463, -36.9196369 ] ] ], [ [ [ 174.904072, -36.9018418 ], [ 174.9040484, -36.9020173 ], [ 174.9040492, -36.9022021 ], [ 174.9041198, -36.9024447 ], [ 174.9041773, -36.9025614 ], [ 174.904201, -36.9027414 ], [ 174.9042861, -36.9029693 ], [ 174.9043053, -36.90306 ], [ 174.9043466, -36.9031623 ], [ 174.9043556, -36.9032285 ], [ 174.9044044, -36.9033531 ], [ 174.9043981, -36.9034781 ], [ 174.9044145, -36.9036039 ], [ 174.9044584, -36.9037428 ], [ 174.904451, -36.9039108 ], [ 174.9044179, -36.9039971 ], [ 174.9043254, -36.9041353 ], [ 174.9044432, -36.904155 ], [ 174.9048691, -36.9041725 ], [ 174.9049186, -36.9033912 ], [ 174.9059938, -36.903584 ], [ 174.9060632, -36.9033345 ], [ 174.9061502, -36.9032126 ], [ 174.9061966, -36.9032609 ], [ 174.9062453, -36.9032901 ], [ 174.9063925, -36.9033259 ], [ 174.906539, -36.9029601 ], [ 174.9068602, -36.9030066 ], [ 174.9070026, -36.9030409 ], [ 174.9069468, -36.9031587 ], [ 174.9072129, -36.9032109 ], [ 174.9070563, -36.9037747 ], [ 174.9082206, -36.9039834 ], [ 174.9083074, -36.9036712 ], [ 174.9082788, -36.903509 ], [ 174.9083665, -36.9031933 ], [ 174.9095898, -36.9034124 ], [ 174.9102461, -36.9034669 ], [ 174.9109549, -36.9034139 ], [ 174.9109467, -36.9030657 ], [ 174.910967, -36.9030694 ], [ 174.910975, -36.9034073 ], [ 174.9117341, -36.9031583 ], [ 174.9124202, -36.9027928 ], [ 174.9127637, -36.9030146 ], [ 174.9134968, -36.9026578 ], [ 174.9137683, -36.9025366 ], [ 174.9135958, -36.9022871 ], [ 174.9125824, -36.9016322 ], [ 174.9130516, -36.9011639 ], [ 174.9130795, -36.9010766 ], [ 174.9130326, -36.9010643 ], [ 174.9132103, -36.9007401 ], [ 174.9127643, -36.9007216 ], [ 174.9128107, -36.9005601 ], [ 174.9129669, -36.9002582 ], [ 174.9130175, -36.8994721 ], [ 174.9134409, -36.8994886 ], [ 174.9134525, -36.8993075 ], [ 174.9137056, -36.899318 ], [ 174.9137259, -36.8990012 ], [ 174.913651, -36.8989982 ], [ 174.9136374, -36.8987156 ], [ 174.9136594, -36.8983743 ], [ 174.9125836, -36.8983298 ], [ 174.9126119, -36.8982099 ], [ 174.9121747, -36.8979684 ], [ 174.9121101, -36.8978545 ], [ 174.9124206, -36.897741 ], [ 174.9122945, -36.8975811 ], [ 174.9122047, -36.8975542 ], [ 174.9121121, -36.8974254 ], [ 174.9123071, -36.897354 ], [ 174.9121215, -36.8969898 ], [ 174.9121017, -36.8970075 ], [ 174.9117853, -36.8971375 ], [ 174.9113777, -36.897065 ], [ 174.9111654, -36.896691 ], [ 174.9116715, -36.8963588 ], [ 174.9117711, -36.8962429 ], [ 174.9120834, -36.8959972 ], [ 174.9117505, -36.8957634 ], [ 174.9115374, -36.895959 ], [ 174.9113766, -36.8958338 ], [ 174.9113917, -36.8957525 ], [ 174.911248, -36.8955752 ], [ 174.9108399, -36.8957889 ], [ 174.910808, -36.8957498 ], [ 174.9104505, -36.8959899 ], [ 174.9101588, -36.8955045 ], [ 174.9094996, -36.8958012 ], [ 174.9082805, -36.8964457 ], [ 174.9082075, -36.8963951 ], [ 174.9081566, -36.8963872 ], [ 174.9080756, -36.896433 ], [ 174.9079791, -36.8964312 ], [ 174.9079266, -36.8964024 ], [ 174.9079189, -36.8963607 ], [ 174.907998, -36.8962395 ], [ 174.9080108, -36.8961763 ], [ 174.907991, -36.8960487 ], [ 174.9080267, -36.8959709 ], [ 174.907996, -36.8958973 ], [ 174.907889, -36.8958861 ], [ 174.9082999, -36.8956711 ], [ 174.9077385, -36.8952803 ], [ 174.9079977, -36.8944555 ], [ 174.9076062, -36.8943761 ], [ 174.9073603, -36.8943722 ], [ 174.9073107, -36.8943054 ], [ 174.9069983, -36.8942421 ], [ 174.9068414, -36.894747 ], [ 174.9061308, -36.8947152 ], [ 174.9061614, -36.8945191 ], [ 174.9059231, -36.8943282 ], [ 174.905876, -36.8945666 ], [ 174.9058345, -36.8946875 ], [ 174.9055662, -36.8951071 ], [ 174.9059601, -36.8951564 ], [ 174.905987, -36.8952314 ], [ 174.9056773, -36.8953374 ], [ 174.905701, -36.8956424 ], [ 174.9060451, -36.8958736 ], [ 174.9059456, -36.8960374 ], [ 174.9061956, -36.8961615 ], [ 174.9067615, -36.8962762 ], [ 174.9067093, -36.8964421 ], [ 174.9066912, -36.896456 ], [ 174.9065477, -36.8964966 ], [ 174.9064621, -36.8965608 ], [ 174.9063531, -36.8966118 ], [ 174.9060299, -36.8966574 ], [ 174.9058744, -36.8965051 ], [ 174.9058581, -36.8964358 ], [ 174.9058584, -36.8963627 ], [ 174.9058139, -36.8962604 ], [ 174.9056468, -36.8962005 ], [ 174.9054036, -36.8961394 ], [ 174.9051938, -36.8959493 ], [ 174.9051524, -36.8958959 ], [ 174.9051362, -36.8958536 ], [ 174.9051357, -36.8957853 ], [ 174.9051655, -36.8956917 ], [ 174.9054386, -36.8951882 ], [ 174.9053416, -36.8952434 ], [ 174.9043404, -36.8951102 ], [ 174.9019208, -36.8963934 ], [ 174.9022934, -36.8968476 ], [ 174.9016317, -36.8971945 ], [ 174.9013417, -36.8968408 ], [ 174.901196, -36.8969171 ], [ 174.9009797, -36.8966538 ], [ 174.9008515, -36.8965243 ], [ 174.9005116, -36.8961109 ], [ 174.9005819, -36.8960733 ], [ 174.9002979, -36.8957279 ], [ 174.8999849, -36.8958939 ], [ 174.8996884, -36.8960898 ], [ 174.8994043, -36.8963058 ], [ 174.8998444, -36.8968365 ], [ 174.8992846, -36.8971368 ], [ 174.900039, -36.8980427 ], [ 174.8990888, -36.8985398 ], [ 174.899703, -36.8992979 ], [ 174.8987546, -36.8997974 ], [ 174.8990269, -36.9001317 ], [ 174.8988277, -36.9002179 ], [ 174.8984488, -36.9004148 ], [ 174.8984954, -36.9004727 ], [ 174.8981206, -36.9006664 ], [ 174.8983897, -36.9010111 ], [ 174.8990726, -36.9006587 ], [ 174.8993818, -36.9004718 ], [ 174.8996361, -36.9003396 ], [ 174.8996595, -36.9003436 ], [ 174.900295, -36.9000132 ], [ 174.9018994, -36.8991493 ], [ 174.9021883, -36.8993407 ], [ 174.9026017, -36.8998309 ], [ 174.903397, -36.9008181 ], [ 174.9039977, -36.9004998 ], [ 174.9042389, -36.9007971 ], [ 174.9042912, -36.900813 ], [ 174.9041387, -36.9011591 ], [ 174.9041347, -36.9012528 ], [ 174.9040781, -36.9015689 ], [ 174.904072, -36.9018418 ] ] ], [ [ [ 174.8533678, -36.9018596 ], [ 174.8534619, -36.901871 ], [ 174.8534812, -36.901853 ], [ 174.8536716, -36.9019859 ], [ 174.8537193, -36.9020333 ], [ 174.8538536, -36.9022195 ], [ 174.854331, -36.9027294 ], [ 174.8543405, -36.9027944 ], [ 174.8543546, -36.9028103 ], [ 174.8547033, -36.9028367 ], [ 174.8548054, -36.9033596 ], [ 174.8548586, -36.9033777 ], [ 174.8548911, -36.9034323 ], [ 174.8548599, -36.903612 ], [ 174.8548842, -36.9038003 ], [ 174.8548694, -36.9038274 ], [ 174.8549962, -36.9041815 ], [ 174.8551266, -36.9043315 ], [ 174.8553863, -36.904501 ], [ 174.85525, -36.9045554 ], [ 174.8553841, -36.9047116 ], [ 174.855395, -36.9048166 ], [ 174.855786, -36.9047552 ], [ 174.8558057, -36.904836 ], [ 174.8563259, -36.9047546 ], [ 174.856519, -36.9045992 ], [ 174.8571038, -36.904507 ], [ 174.8570911, -36.904455 ], [ 174.8584758, -36.904234 ], [ 174.8585845, -36.9046734 ], [ 174.8587982, -36.9046056 ], [ 174.8587901, -36.9045733 ], [ 174.859387, -36.904484 ], [ 174.8595327, -36.904306 ], [ 174.8594983, -36.9042972 ], [ 174.859559, -36.9041251 ], [ 174.8601196, -36.904224 ], [ 174.8603245, -36.9035107 ], [ 174.8602662, -36.9033139 ], [ 174.8602262, -36.9033065 ], [ 174.8604284, -36.9025973 ], [ 174.8615708, -36.9028016 ], [ 174.8617708, -36.9028287 ], [ 174.8619712, -36.9026868 ], [ 174.8620093, -36.9025526 ], [ 174.8619162, -36.9025355 ], [ 174.862029, -36.9021407 ], [ 174.8620275, -36.9019548 ], [ 174.8622267, -36.9012392 ], [ 174.8611181, -36.9010401 ], [ 174.8612302, -36.9006378 ], [ 174.8611394, -36.9004807 ], [ 174.861106, -36.9004747 ], [ 174.8612181, -36.9000727 ], [ 174.8611116, -36.8998137 ], [ 174.8606674, -36.8997173 ], [ 174.860114, -36.8994082 ], [ 174.8604244, -36.8990462 ], [ 174.8603607, -36.8988109 ], [ 174.8606032, -36.8985282 ], [ 174.8604342, -36.8984347 ], [ 174.8607487, -36.8980674 ], [ 174.860361, -36.897828 ], [ 174.8602766, -36.8975768 ], [ 174.8599052, -36.8973415 ], [ 174.8596465, -36.8973224 ], [ 174.8589684, -36.8969425 ], [ 174.8589016, -36.8970216 ], [ 174.8585258, -36.8968005 ], [ 174.8583435, -36.8970009 ], [ 174.8583389, -36.8970464 ], [ 174.858364, -36.8970727 ], [ 174.8586995, -36.8972607 ], [ 174.8585538, -36.8974003 ], [ 174.8582799, -36.8977156 ], [ 174.857559, -36.8973118 ], [ 174.8578329, -36.8969964 ], [ 174.8579731, -36.897075 ], [ 174.8581115, -36.8969313 ], [ 174.8581578, -36.8969409 ], [ 174.8582006, -36.8969238 ], [ 174.858413, -36.8966919 ], [ 174.8580327, -36.8964683 ], [ 174.8581354, -36.8963554 ], [ 174.8577574, -36.8961331 ], [ 174.857661, -36.896012 ], [ 174.8572956, -36.8957636 ], [ 174.8570703, -36.8959774 ], [ 174.8565788, -36.8958943 ], [ 174.8566133, -36.8957702 ], [ 174.8557984, -36.8956235 ], [ 174.8558103, -36.8955231 ], [ 174.8564621, -36.895459 ], [ 174.8565347, -36.8954008 ], [ 174.8565389, -36.8951262 ], [ 174.8562771, -36.8951433 ], [ 174.8562303, -36.8949632 ], [ 174.856214, -36.8945348 ], [ 174.8559833, -36.8945337 ], [ 174.856017, -36.8940553 ], [ 174.8557524, -36.8940295 ], [ 174.8557073, -36.8940399 ], [ 174.8556813, -36.8940713 ], [ 174.8554047, -36.8940498 ], [ 174.8549882, -36.8939727 ], [ 174.8549199, -36.8942106 ], [ 174.8548128, -36.89419 ], [ 174.8547006, -36.8945412 ], [ 174.8546709, -36.8947218 ], [ 174.8545341, -36.8951801 ], [ 174.8546401, -36.8952007 ], [ 174.8545651, -36.8954521 ], [ 174.8538454, -36.8953209 ], [ 174.8540401, -36.8946004 ], [ 174.8538918, -36.8943847 ], [ 174.8539923, -36.894032 ], [ 174.8533188, -36.8939025 ], [ 174.8533644, -36.8937959 ], [ 174.8532746, -36.8935518 ], [ 174.8532645, -36.8935666 ], [ 174.853254, -36.8935098 ], [ 174.853168, -36.8934676 ], [ 174.8530908, -36.8934469 ], [ 174.8522081, -36.8934807 ], [ 174.8521502, -36.8934628 ], [ 174.8505215, -36.893795 ], [ 174.8494489, -36.8948497 ], [ 174.8493469, -36.8958804 ], [ 174.8478195, -36.8949683 ], [ 174.8470421, -36.8947897 ], [ 174.8467635, -36.894917 ], [ 174.8456038, -36.8946499 ], [ 174.8454863, -36.8949924 ], [ 174.8461466, -36.8951466 ], [ 174.8455669, -36.8967207 ], [ 174.8444603, -36.8964585 ], [ 174.8443952, -36.8966491 ], [ 174.8438542, -36.8964929 ], [ 174.8435687, -36.8972511 ], [ 174.8431735, -36.8979022 ], [ 174.8431189, -36.8978787 ], [ 174.8430265, -36.8979216 ], [ 174.8429326, -36.8980755 ], [ 174.8445899, -36.8987278 ], [ 174.8450363, -36.8984094 ], [ 174.8461309, -36.8987654 ], [ 174.8460916, -36.8988576 ], [ 174.8464779, -36.8990099 ], [ 174.846847, -36.8990987 ], [ 174.8464527, -36.9001974 ], [ 174.8465231, -36.9002557 ], [ 174.8463372, -36.9004087 ], [ 174.8466893, -36.900696 ], [ 174.8461989, -36.9011368 ], [ 174.8461985, -36.9011955 ], [ 174.8464991, -36.901487 ], [ 174.8465369, -36.9016829 ], [ 174.8464908, -36.9017066 ], [ 174.847244, -36.9025618 ], [ 174.8478777, -36.9021797 ], [ 174.8502331, -36.901489 ], [ 174.850731, -36.9016479 ], [ 174.851435, -36.9016024 ], [ 174.8516402, -36.9014869 ], [ 174.8522302, -36.9019019 ], [ 174.8524063, -36.9018936 ], [ 174.8525407, -36.9018592 ], [ 174.8528169, -36.9018318 ], [ 174.8528599, -36.9018388 ], [ 174.852935, -36.9018786 ], [ 174.8530519, -36.9018802 ], [ 174.85313, -36.9018612 ], [ 174.8532544, -36.9018678 ], [ 174.8533678, -36.9018596 ] ] ], [ [ [ 174.8092759, -36.9016626 ], [ 174.8095485, -36.9015718 ], [ 174.8095642, -36.901521 ], [ 174.8102594, -36.9012973 ], [ 174.8114981, -36.9013022 ], [ 174.8116179, -36.9014827 ], [ 174.8125451, -36.9019141 ], [ 174.8126908, -36.9016586 ], [ 174.8127131, -36.9015652 ], [ 174.8127176, -36.901457 ], [ 174.8128774, -36.9013559 ], [ 174.8129271, -36.9013118 ], [ 174.813128, -36.9010594 ], [ 174.8135605, -36.9006425 ], [ 174.8143877, -36.8995274 ], [ 174.8133855, -36.8994015 ], [ 174.8134029, -36.8992202 ], [ 174.8143724, -36.898073 ], [ 174.8147052, -36.8980187 ], [ 174.8148291, -36.8977896 ], [ 174.8135893, -36.8973636 ], [ 174.8136814, -36.8971928 ], [ 174.8132651, -36.8970528 ], [ 174.8131971, -36.8971788 ], [ 174.8127796, -36.8970384 ], [ 174.8134831, -36.8957409 ], [ 174.8134144, -36.8954731 ], [ 174.8119094, -36.8949518 ], [ 174.8118901, -36.8949612 ], [ 174.8117314, -36.894742 ], [ 174.8116005, -36.8943347 ], [ 174.8113443, -36.8944027 ], [ 174.8111483, -36.8944772 ], [ 174.810786, -36.8943575 ], [ 174.8109126, -36.894122 ], [ 174.810877, -36.8940498 ], [ 174.8101107, -36.8937833 ], [ 174.8104145, -36.8932185 ], [ 174.8100003, -36.8930744 ], [ 174.8098024, -36.8929855 ], [ 174.8091982, -36.8927754 ], [ 174.808867, -36.8933743 ], [ 174.8083194, -36.8931839 ], [ 174.8078605, -36.8940346 ], [ 174.8073796, -36.8938673 ], [ 174.8073944, -36.8938398 ], [ 174.8067041, -36.8935995 ], [ 174.8064415, -36.8940861 ], [ 174.8062219, -36.8940096 ], [ 174.8060424, -36.8943422 ], [ 174.8058567, -36.8944292 ], [ 174.8052231, -36.8946249 ], [ 174.8046438, -36.8951672 ], [ 174.8048786, -36.895279 ], [ 174.8047043, -36.8956607 ], [ 174.804467, -36.8960998 ], [ 174.8050083, -36.8962885 ], [ 174.8048967, -36.8964469 ], [ 174.8041219, -36.8972025 ], [ 174.8041579, -36.8972192 ], [ 174.8036104, -36.8977531 ], [ 174.8054478, -36.8986086 ], [ 174.8051536, -36.8987899 ], [ 174.8051416, -36.8987775 ], [ 174.8049069, -36.8989251 ], [ 174.8048444, -36.8990073 ], [ 174.8050509, -36.899219 ], [ 174.8050002, -36.8992555 ], [ 174.8051311, -36.8993729 ], [ 174.805218, -36.8995507 ], [ 174.8058415, -36.9001902 ], [ 174.8065, -36.8997759 ], [ 174.8063658, -36.8996701 ], [ 174.8067194, -36.8991991 ], [ 174.8080271, -36.8998106 ], [ 174.8070614, -36.9004199 ], [ 174.80733, -36.9006945 ], [ 174.80711, -36.9008343 ], [ 174.8070997, -36.9008729 ], [ 174.8068932, -36.9009947 ], [ 174.8070764, -36.9011767 ], [ 174.8078221, -36.900737 ], [ 174.8078989, -36.9007485 ], [ 174.8078467, -36.9011185 ], [ 174.8078783, -36.9011508 ], [ 174.8081245, -36.9011736 ], [ 174.8080848, -36.9014293 ], [ 174.8084742, -36.9014597 ], [ 174.8085236, -36.9016712 ], [ 174.8081001, -36.9019338 ], [ 174.8081753, -36.90201 ], [ 174.8082614, -36.9020175 ], [ 174.8084732, -36.9022357 ], [ 174.8085886, -36.9022462 ], [ 174.80892, -36.9020352 ], [ 174.8089228, -36.9020237 ], [ 174.8090313, -36.9019826 ], [ 174.8091052, -36.9020584 ], [ 174.8092826, -36.9019479 ], [ 174.8092759, -36.9016626 ] ] ], [ [ [ 174.9274619, -36.8912315 ], [ 174.9267037, -36.8914257 ], [ 174.9261795, -36.8917002 ], [ 174.9265184, -36.8921178 ], [ 174.926614, -36.8922888 ], [ 174.9259746, -36.8926277 ], [ 174.9259063, -36.8926804 ], [ 174.9259064, -36.8928467 ], [ 174.9265751, -36.893001 ], [ 174.9265751, -36.8930645 ], [ 174.9267542, -36.8931863 ], [ 174.9267911, -36.893878 ], [ 174.9265276, -36.8938781 ], [ 174.9265279, -36.8943723 ], [ 174.9267142, -36.894372 ], [ 174.9270004, -36.8954824 ], [ 174.9272809, -36.8957023 ], [ 174.9270794, -36.8960045 ], [ 174.927443, -36.8961287 ], [ 174.927214, -36.8965784 ], [ 174.9270801, -36.8967337 ], [ 174.9267611, -36.897374 ], [ 174.9276042, -36.8976589 ], [ 174.9279233, -36.8970709 ], [ 174.9280812, -36.8968783 ], [ 174.9299054, -36.8975043 ], [ 174.9300358, -36.8978051 ], [ 174.9296097, -36.8985889 ], [ 174.9304427, -36.8988752 ], [ 174.9305161, -36.8987399 ], [ 174.9318233, -36.8989907 ], [ 174.9317429, -36.8991821 ], [ 174.9322303, -36.8993485 ], [ 174.9327268, -36.8996357 ], [ 174.9329303, -36.8998099 ], [ 174.9329082, -36.8998267 ], [ 174.9334281, -36.8999191 ], [ 174.9335557, -36.9002149 ], [ 174.9337204, -36.9005503 ], [ 174.9344166, -36.9004458 ], [ 174.9346739, -36.900371 ], [ 174.9351277, -36.9003062 ], [ 174.9350901, -36.9001453 ], [ 174.935204, -36.9001282 ], [ 174.9351731, -36.8999962 ], [ 174.9353419, -36.9000021 ], [ 174.9353585, -36.8997172 ], [ 174.9355623, -36.8996712 ], [ 174.9352597, -36.8993611 ], [ 174.9355781, -36.8992461 ], [ 174.9356426, -36.8989978 ], [ 174.9354998, -36.8989801 ], [ 174.9352575, -36.8988224 ], [ 174.9353604, -36.898641 ], [ 174.9347994, -36.8984356 ], [ 174.9348014, -36.8983985 ], [ 174.9348806, -36.8982843 ], [ 174.9354934, -36.8972027 ], [ 174.9356119, -36.8971855 ], [ 174.9357128, -36.8970071 ], [ 174.9355941, -36.8970246 ], [ 174.9358484, -36.8965744 ], [ 174.9358766, -36.8965464 ], [ 174.9358555, -36.8964474 ], [ 174.9357998, -36.8963153 ], [ 174.9358882, -36.8961559 ], [ 174.9358795, -36.8960938 ], [ 174.9358918, -36.8959818 ], [ 174.9359517, -36.8958842 ], [ 174.9359905, -36.8957873 ], [ 174.935997, -36.8956659 ], [ 174.9357103, -36.8952182 ], [ 174.9356913, -36.8952242 ], [ 174.9356209, -36.895052 ], [ 174.9358883, -36.8949491 ], [ 174.9361221, -36.8948368 ], [ 174.9366563, -36.8945045 ], [ 174.9369349, -36.8943704 ], [ 174.9374398, -36.8941687 ], [ 174.9377136, -36.8941447 ], [ 174.9382496, -36.8942114 ], [ 174.9383254, -36.8937738 ], [ 174.9373733, -36.8937432 ], [ 174.9373796, -36.8937836 ], [ 174.9370719, -36.8939344 ], [ 174.9371027, -36.8937353 ], [ 174.9370859, -36.8937348 ], [ 174.9371157, -36.8931416 ], [ 174.9370991, -36.8931369 ], [ 174.9371831, -36.8929685 ], [ 174.9374722, -36.8919333 ], [ 174.9371945, -36.8919231 ], [ 174.9358765, -36.8916947 ], [ 174.9356382, -36.8916331 ], [ 174.935198, -36.8914963 ], [ 174.9353999, -36.8910871 ], [ 174.9352357, -36.8910191 ], [ 174.9351196, -36.8911648 ], [ 174.9350297, -36.8911163 ], [ 174.9348657, -36.8910013 ], [ 174.9348196, -36.8908422 ], [ 174.9346297, -36.8906943 ], [ 174.9341471, -36.8905542 ], [ 174.9342993, -36.8902 ], [ 174.9336148, -36.8899787 ], [ 174.9338151, -36.8895322 ], [ 174.9337467, -36.8895133 ], [ 174.9336097, -36.8898186 ], [ 174.9335474, -36.8898246 ], [ 174.9334955, -36.8899404 ], [ 174.933102, -36.8898132 ], [ 174.9328028, -36.8904797 ], [ 174.9323456, -36.8902214 ], [ 174.9321145, -36.8904482 ], [ 174.9321627, -36.8904731 ], [ 174.9319006, -36.8907905 ], [ 174.9319873, -36.8908354 ], [ 174.9314917, -36.8913299 ], [ 174.9311848, -36.8911314 ], [ 174.9308326, -36.8908505 ], [ 174.9303479, -36.8905386 ], [ 174.9302099, -36.8906615 ], [ 174.9299489, -36.8905311 ], [ 174.9295389, -36.8902391 ], [ 174.9285536, -36.8911178 ], [ 174.9278236, -36.8911648 ], [ 174.9277833, -36.8909478 ], [ 174.9277413, -36.8909451 ], [ 174.9277762, -36.8911329 ], [ 174.9274612, -36.8912135 ], [ 174.9274619, -36.8912315 ] ] ], [ [ [ 174.7904253, -36.8855768 ], [ 174.7901337, -36.8855816 ], [ 174.7898333, -36.8858719 ], [ 174.7893611, -36.8861886 ], [ 174.7889276, -36.8857709 ], [ 174.7884944, -36.8860615 ], [ 174.7885779, -36.8861419 ], [ 174.7878789, -36.8866009 ], [ 174.7881907, -36.8869013 ], [ 174.7884295, -36.8871021 ], [ 174.7889839, -36.8874143 ], [ 174.7883986, -36.8880847 ], [ 174.7885154, -36.8881502 ], [ 174.7884914, -36.8881713 ], [ 174.788286, -36.8880557 ], [ 174.7876943, -36.8887313 ], [ 174.7880983, -36.8891234 ], [ 174.7886422, -36.8895219 ], [ 174.7887631, -36.8894194 ], [ 174.7889287, -36.8895407 ], [ 174.7881186, -36.8902549 ], [ 174.7889891, -36.8905642 ], [ 174.7893891, -36.8908572 ], [ 174.7899976, -36.8903214 ], [ 174.7914716, -36.8914006 ], [ 174.7908638, -36.8919358 ], [ 174.7912628, -36.8922283 ], [ 174.7912241, -36.8925101 ], [ 174.790834, -36.892736 ], [ 174.791215, -36.8931115 ], [ 174.7916874, -36.8928023 ], [ 174.7919956, -36.8928191 ], [ 174.7925028, -36.8924869 ], [ 174.7926448, -36.8926269 ], [ 174.7927716, -36.8925438 ], [ 174.7932651, -36.8930401 ], [ 174.7934231, -36.8931707 ], [ 174.7935408, -36.8930935 ], [ 174.7939943, -36.8935403 ], [ 174.7947822, -36.892953 ], [ 174.7951236, -36.8926516 ], [ 174.7962921, -36.8935056 ], [ 174.7966337, -36.8932042 ], [ 174.7971345, -36.8935699 ], [ 174.7975894, -36.8931684 ], [ 174.7977066, -36.8929769 ], [ 174.7986749, -36.8921228 ], [ 174.7987326, -36.8921649 ], [ 174.7990367, -36.8918966 ], [ 174.798979, -36.8918544 ], [ 174.7990682, -36.8917758 ], [ 174.798689, -36.8914987 ], [ 174.7985587, -36.8913441 ], [ 174.7982249, -36.8911001 ], [ 174.7984551, -36.890897 ], [ 174.7981409, -36.8906673 ], [ 174.7981651, -36.8906312 ], [ 174.797878, -36.8904214 ], [ 174.79806, -36.8902608 ], [ 174.7980691, -36.8902647 ], [ 174.7981557, -36.8901565 ], [ 174.7981323, -36.890144 ], [ 174.7981535, -36.8901168 ], [ 174.7978237, -36.8899456 ], [ 174.7978, -36.889974 ], [ 174.7971147, -36.8895865 ], [ 174.7970823, -36.8895901 ], [ 174.7969134, -36.8894858 ], [ 174.7965995, -36.8893429 ], [ 174.7977022, -36.888682 ], [ 174.7986701, -36.8895601 ], [ 174.7990667, -36.8898817 ], [ 174.7994944, -36.8894825 ], [ 174.7990464, -36.8891673 ], [ 174.7993158, -36.8889136 ], [ 174.7994074, -36.8888969 ], [ 174.799532, -36.8887796 ], [ 174.8000077, -36.8884755 ], [ 174.800031, -36.8883108 ], [ 174.7997178, -36.8879248 ], [ 174.799546, -36.8877371 ], [ 174.7992844, -36.8875198 ], [ 174.7998071, -36.8872124 ], [ 174.7998157, -36.8871732 ], [ 174.7994582, -36.886743 ], [ 174.7986852, -36.8871986 ], [ 174.7986338, -36.8874233 ], [ 174.7982844, -36.887603 ], [ 174.7982673, -36.8875824 ], [ 174.7979795, -36.8877308 ], [ 174.7980959, -36.8878716 ], [ 174.7979568, -36.8879518 ], [ 174.7978353, -36.8878052 ], [ 174.7976914, -36.8878795 ], [ 174.7977156, -36.8879087 ], [ 174.7972869, -36.8881388 ], [ 174.7976564, -36.8883272 ], [ 174.7975221, -36.8885058 ], [ 174.7972984, -36.8886373 ], [ 174.7973579, -36.8886603 ], [ 174.7966526, -36.889075 ], [ 174.7962242, -36.8888655 ], [ 174.7956431, -36.8885349 ], [ 174.7945868, -36.8878695 ], [ 174.7940418, -36.8875762 ], [ 174.7940358, -36.887584 ], [ 174.7927768, -36.8869676 ], [ 174.792241, -36.8866872 ], [ 174.7915615, -36.8862931 ], [ 174.7907468, -36.8857953 ], [ 174.7907387, -36.8858008 ], [ 174.7907408, -36.8857882 ], [ 174.7904253, -36.8855768 ] ] ], [ [ [ 174.7920635, -36.879454 ], [ 174.7920371, -36.8794324 ], [ 174.7920353, -36.8794022 ], [ 174.7918237, -36.8793391 ], [ 174.7920573, -36.8788568 ], [ 174.7920922, -36.8784615 ], [ 174.7918337, -36.8784139 ], [ 174.7918229, -36.8784656 ], [ 174.7914887, -36.8784041 ], [ 174.7914234, -36.8786667 ], [ 174.791108, -36.8785666 ], [ 174.7908608, -36.8790749 ], [ 174.7909865, -36.8793101 ], [ 174.7910184, -36.8793202 ], [ 174.7908441, -36.8796703 ], [ 174.7909394, -36.8798684 ], [ 174.7910547, -36.8799051 ], [ 174.791041, -36.8799325 ], [ 174.7913556, -36.8800329 ], [ 174.7910159, -36.8807238 ], [ 174.7908077, -36.8806573 ], [ 174.7905104, -36.8811723 ], [ 174.7911458, -36.8814653 ], [ 174.7913946, -36.8814804 ], [ 174.7921464, -36.8818223 ], [ 174.7921371, -36.8818356 ], [ 174.7923835, -36.8819318 ], [ 174.7919411, -36.882555 ], [ 174.7925294, -36.8828317 ], [ 174.7929976, -36.8830359 ], [ 174.7924595, -36.8842433 ], [ 174.7931909, -36.8844522 ], [ 174.7933807, -36.8845503 ], [ 174.7937413, -36.8848098 ], [ 174.793839, -36.8847097 ], [ 174.7947173, -36.8848086 ], [ 174.7947147, -36.8849538 ], [ 174.7949398, -36.884988 ], [ 174.7952597, -36.8849549 ], [ 174.795224, -36.8849097 ], [ 174.7957506, -36.8846288 ], [ 174.7960343, -36.884972 ], [ 174.796454, -36.8847481 ], [ 174.7967385, -36.8847665 ], [ 174.7968338, -36.8848806 ], [ 174.7972113, -36.884675 ], [ 174.7971175, -36.884563 ], [ 174.7971365, -36.8845529 ], [ 174.7969273, -36.8842999 ], [ 174.7965286, -36.8845126 ], [ 174.796506, -36.8844851 ], [ 174.7969047, -36.8842724 ], [ 174.7967988, -36.8841443 ], [ 174.7975589, -36.8833033 ], [ 174.79804, -36.8835401 ], [ 174.7978173, -36.8838047 ], [ 174.7979797, -36.8839005 ], [ 174.7980149, -36.883862 ], [ 174.7982126, -36.8839666 ], [ 174.7981808, -36.8840023 ], [ 174.7982503, -36.8840343 ], [ 174.7980409, -36.8843161 ], [ 174.7984787, -36.8845262 ], [ 174.7983871, -36.8847909 ], [ 174.7985537, -36.8848138 ], [ 174.79918, -36.8851445 ], [ 174.7994957, -36.8842435 ], [ 174.7996245, -36.8843048 ], [ 174.7998159, -36.8836313 ], [ 174.8003686, -36.8837327 ], [ 174.8004549, -36.8834293 ], [ 174.8007393, -36.8833707 ], [ 174.8018414, -36.8834962 ], [ 174.8019079, -36.883458 ], [ 174.8019611, -36.8832356 ], [ 174.8021735, -36.8833061 ], [ 174.8022056, -36.8831726 ], [ 174.8029623, -36.8832892 ], [ 174.8032203, -36.88211 ], [ 174.8044188, -36.88228 ], [ 174.8044543, -36.8821178 ], [ 174.8045398, -36.8821298 ], [ 174.8045627, -36.8820238 ], [ 174.8049645, -36.8820799 ], [ 174.8050573, -36.8816505 ], [ 174.8049829, -36.8814533 ], [ 174.8045578, -36.8813908 ], [ 174.8046059, -36.8810515 ], [ 174.8041996, -36.8810142 ], [ 174.8042548, -36.8807619 ], [ 174.8044072, -36.8795274 ], [ 174.8040473, -36.8794968 ], [ 174.8040639, -36.8794511 ], [ 174.8036071, -36.8794123 ], [ 174.8033698, -36.8794157 ], [ 174.8034523, -36.8791853 ], [ 174.8029589, -36.8790783 ], [ 174.8029758, -36.8789036 ], [ 174.8013035, -36.8787415 ], [ 174.8011861, -36.8789116 ], [ 174.8012139, -36.8789143 ], [ 174.8011938, -36.8791093 ], [ 174.801003, -36.8790738 ], [ 174.8009314, -36.8794365 ], [ 174.800397, -36.8793871 ], [ 174.8004421, -36.8793003 ], [ 174.8004569, -36.8792303 ], [ 174.8004129, -36.8791615 ], [ 174.8004401, -36.8790293 ], [ 174.8004333, -36.8789271 ], [ 174.800528, -36.8788009 ], [ 174.8005657, -36.8787299 ], [ 174.8004537, -36.8787191 ], [ 174.8004768, -36.878481 ], [ 174.7994925, -36.878386 ], [ 174.799566, -36.8776166 ], [ 174.7993691, -36.8775975 ], [ 174.7993716, -36.8774151 ], [ 174.7994743, -36.8767329 ], [ 174.7984523, -36.8766303 ], [ 174.7982279, -36.8766738 ], [ 174.7972301, -36.8765765 ], [ 174.7971167, -36.87724 ], [ 174.797157, -36.8772439 ], [ 174.7971084, -36.8775639 ], [ 174.7970745, -36.8775606 ], [ 174.7970086, -36.8777254 ], [ 174.7969466, -36.8781346 ], [ 174.7963535, -36.8780766 ], [ 174.7962899, -36.8789835 ], [ 174.7962563, -36.8791565 ], [ 174.7956292, -36.8791444 ], [ 174.7951203, -36.878968 ], [ 174.793886, -36.8785726 ], [ 174.7932781, -36.8798425 ], [ 174.7920635, -36.879454 ] ] ], [ [ [ 174.8600819, -36.881387 ], [ 174.8604429, -36.8814492 ], [ 174.8605505, -36.8810464 ], [ 174.86037, -36.8810153 ], [ 174.8603862, -36.8808497 ], [ 174.8604938, -36.880447 ], [ 174.8610469, -36.8801224 ], [ 174.8611547, -36.8797196 ], [ 174.8611492, -36.8795781 ], [ 174.8612569, -36.8791753 ], [ 174.8617766, -36.8791329 ], [ 174.8625477, -36.878812 ], [ 174.8623101, -36.8784439 ], [ 174.8621401, -36.8785148 ], [ 174.8621477, -36.8782766 ], [ 174.8621766, -36.8782536 ], [ 174.8621842, -36.8782215 ], [ 174.8620235, -36.8779648 ], [ 174.8615998, -36.8781411 ], [ 174.8614264, -36.8778549 ], [ 174.8615696, -36.8776268 ], [ 174.8619049, -36.8777674 ], [ 174.8619231, -36.8777502 ], [ 174.861581, -36.8776068 ], [ 174.8617522, -36.8773042 ], [ 174.8617692, -36.8772425 ], [ 174.8613119, -36.877161 ], [ 174.8611242, -36.8772069 ], [ 174.8611197, -36.8772224 ], [ 174.8606376, -36.8771364 ], [ 174.860828, -36.8764473 ], [ 174.8603608, -36.876364 ], [ 174.8602037, -36.8762471 ], [ 174.8597181, -36.8761605 ], [ 174.8598653, -36.8757993 ], [ 174.8594772, -36.8757268 ], [ 174.8594799, -36.8757048 ], [ 174.8598778, -36.8757791 ], [ 174.8599983, -36.8753428 ], [ 174.8598707, -36.8752899 ], [ 174.8598867, -36.8752677 ], [ 174.8591977, -36.8747695 ], [ 174.8591361, -36.8745775 ], [ 174.8594073, -36.874223 ], [ 174.8594801, -36.8742589 ], [ 174.8596836, -36.873993 ], [ 174.8592201, -36.8737597 ], [ 174.8591485, -36.8735909 ], [ 174.8586984, -36.8733686 ], [ 174.8587294, -36.8733058 ], [ 174.8587926, -36.8727442 ], [ 174.8583595, -36.8726663 ], [ 174.8580904, -36.8727822 ], [ 174.8576002, -36.8726951 ], [ 174.8576407, -36.8725479 ], [ 174.8562087, -36.8722933 ], [ 174.8561495, -36.8725082 ], [ 174.8556277, -36.8724154 ], [ 174.8555569, -36.8720077 ], [ 174.855569, -36.8718566 ], [ 174.8556212, -36.8718258 ], [ 174.8557336, -36.8715565 ], [ 174.8552256, -36.8714203 ], [ 174.8552286, -36.8713841 ], [ 174.8554788, -36.8707822 ], [ 174.85496, -36.8706431 ], [ 174.8543494, -36.871644 ], [ 174.8542568, -36.8718251 ], [ 174.8540879, -36.8720478 ], [ 174.8528967, -36.8713194 ], [ 174.852586, -36.8716472 ], [ 174.8525044, -36.8715973 ], [ 174.8532068, -36.8708561 ], [ 174.8530273, -36.8703849 ], [ 174.8526344, -36.8703675 ], [ 174.8522524, -36.8703214 ], [ 174.8520274, -36.8701838 ], [ 174.8518303, -36.8703875 ], [ 174.8515527, -36.8702201 ], [ 174.8513886, -36.8703972 ], [ 174.8513159, -36.8703528 ], [ 174.85126, -36.8704118 ], [ 174.8508521, -36.8701623 ], [ 174.8506305, -36.8703988 ], [ 174.8504364, -36.8705601 ], [ 174.8503076, -36.8707021 ], [ 174.8502212, -36.8707584 ], [ 174.8501073, -36.870877 ], [ 174.8519485, -36.8720029 ], [ 174.8525172, -36.872597 ], [ 174.8525407, -36.8726001 ], [ 174.8525813, -36.8731563 ], [ 174.8519038, -36.8736574 ], [ 174.8526176, -36.8745393 ], [ 174.853137, -36.8756973 ], [ 174.8534003, -36.8765959 ], [ 174.8535181, -36.877089 ], [ 174.8525816, -36.8769239 ], [ 174.8527698, -36.877576 ], [ 174.852776, -36.8777158 ], [ 174.8517828, -36.8777164 ], [ 174.8517685, -36.8781213 ], [ 174.8516967, -36.8787295 ], [ 174.8528242, -36.878825 ], [ 174.8527182, -36.8802959 ], [ 174.8526219, -36.8803919 ], [ 174.8535029, -36.8808618 ], [ 174.854276, -36.8810294 ], [ 174.8542929, -36.8811122 ], [ 174.8546763, -36.8810979 ], [ 174.8550631, -36.8811646 ], [ 174.8553986, -36.8814543 ], [ 174.8554731, -36.8815334 ], [ 174.8560345, -36.8823383 ], [ 174.8561753, -36.882588 ], [ 174.8567702, -36.8838035 ], [ 174.8569982, -36.8837047 ], [ 174.8570068, -36.8837164 ], [ 174.8574204, -36.8835857 ], [ 174.8575919, -36.8839412 ], [ 174.8576801, -36.8839115 ], [ 174.8574571, -36.8834392 ], [ 174.8575711, -36.8832617 ], [ 174.8581372, -36.8832605 ], [ 174.8582115, -36.8827683 ], [ 174.8582727, -36.8827794 ], [ 174.8583868, -36.8826673 ], [ 174.8587149, -36.8827275 ], [ 174.8588776, -36.8821552 ], [ 174.8596552, -36.882291 ], [ 174.8597499, -36.8819365 ], [ 174.8599134, -36.8819647 ], [ 174.8599744, -36.8817896 ], [ 174.8600819, -36.881387 ] ] ], [ [ [ 174.7867072, -36.8599963 ], [ 174.7867788, -36.8600377 ], [ 174.7865078, -36.8602154 ], [ 174.7867366, -36.8604167 ], [ 174.7867193, -36.8604283 ], [ 174.7868067, -36.8605114 ], [ 174.7870905, -36.8603236 ], [ 174.7870018, -36.8602391 ], [ 174.7871717, -36.8601155 ], [ 174.7869787, -36.8599305 ], [ 174.7876454, -36.8594587 ], [ 174.7873566, -36.8592002 ], [ 174.7873436, -36.8592124 ], [ 174.7868603, -36.8587468 ], [ 174.7871547, -36.8585342 ], [ 174.7870823, -36.8584704 ], [ 174.7873435, -36.8582862 ], [ 174.7872882, -36.8582335 ], [ 174.7873143, -36.8582164 ], [ 174.7871986, -36.8581061 ], [ 174.7871468, -36.8581408 ], [ 174.7870312, -36.8580305 ], [ 174.7872358, -36.85789 ], [ 174.7872453, -36.8578993 ], [ 174.7873389, -36.8578362 ], [ 174.7870777, -36.8575701 ], [ 174.7873762, -36.8573815 ], [ 174.7873074, -36.8573262 ], [ 174.787599, -36.8570922 ], [ 174.7873494, -36.8568278 ], [ 174.7873043, -36.8568247 ], [ 174.7870059, -36.8570496 ], [ 174.7863757, -36.8565191 ], [ 174.7859442, -36.8564205 ], [ 174.785868, -36.8564433 ], [ 174.7855947, -36.8558536 ], [ 174.7851075, -36.8561149 ], [ 174.7847528, -36.8556977 ], [ 174.7844015, -36.8561425 ], [ 174.7841081, -36.8563075 ], [ 174.7837007, -36.8563715 ], [ 174.7836898, -36.8559858 ], [ 174.7837138, -36.8556933 ], [ 174.7837551, -36.8556938 ], [ 174.7837363, -36.8554204 ], [ 174.783475, -36.8547065 ], [ 174.7829515, -36.8546934 ], [ 174.782939, -36.8546038 ], [ 174.7836248, -36.85464 ], [ 174.7836193, -36.8545989 ], [ 174.7836266, -36.8546401 ], [ 174.784705, -36.8546972 ], [ 174.7844832, -36.8533998 ], [ 174.7843427, -36.8523821 ], [ 174.784322, -36.8523552 ], [ 174.7842365, -36.851717 ], [ 174.7841163, -36.8517334 ], [ 174.7840121, -36.8512878 ], [ 174.7839217, -36.8513002 ], [ 174.7838469, -36.8510073 ], [ 174.783488, -36.8510159 ], [ 174.7835716, -36.8513488 ], [ 174.783066, -36.8514202 ], [ 174.7829693, -36.8511262 ], [ 174.7830215, -36.8509275 ], [ 174.7829108, -36.8506641 ], [ 174.7824087, -36.8507855 ], [ 174.7821476, -36.8507408 ], [ 174.7810582, -36.8510544 ], [ 174.7807868, -36.8507329 ], [ 174.7809667, -36.8506536 ], [ 174.7807107, -36.8503905 ], [ 174.7802848, -36.850154 ], [ 174.7804445, -36.8500829 ], [ 174.7799547, -36.8496315 ], [ 174.7798669, -36.8494688 ], [ 174.7801312, -36.849394 ], [ 174.7795607, -36.8491051 ], [ 174.779136, -36.849116 ], [ 174.7779312, -36.8495223 ], [ 174.7771862, -36.8499945 ], [ 174.7769432, -36.8501877 ], [ 174.7767398, -36.8503736 ], [ 174.7764482, -36.8501539 ], [ 174.7756164, -36.8495712 ], [ 174.7755192, -36.8499518 ], [ 174.7752752, -36.8499249 ], [ 174.7752225, -36.8497735 ], [ 174.7747257, -36.8497398 ], [ 174.7746242, -36.8507561 ], [ 174.7744598, -36.8510956 ], [ 174.7743551, -36.8512757 ], [ 174.7746576, -36.8514286 ], [ 174.7749077, -36.851573 ], [ 174.7740431, -36.8524714 ], [ 174.7740552, -36.8525472 ], [ 174.7746372, -36.8529022 ], [ 174.7746388, -36.8529369 ], [ 174.7747398, -36.8530002 ], [ 174.7747715, -36.8529917 ], [ 174.774859, -36.8530462 ], [ 174.7748569, -36.8530729 ], [ 174.7749, -36.8530997 ], [ 174.7749888, -36.8530972 ], [ 174.7751145, -36.8531752 ], [ 174.7751317, -36.8532437 ], [ 174.7751654, -36.8532646 ], [ 174.7751981, -36.8532555 ], [ 174.7753147, -36.8533279 ], [ 174.7753118, -36.8533556 ], [ 174.7755333, -36.8534931 ], [ 174.7760534, -36.8529524 ], [ 174.7761208, -36.853035 ], [ 174.7763337, -36.8531109 ], [ 174.7767135, -36.8529833 ], [ 174.7767984, -36.8530952 ], [ 174.7769664, -36.8535601 ], [ 174.7768618, -36.8535927 ], [ 174.776951, -36.8537856 ], [ 174.7770908, -36.8539575 ], [ 174.7771582, -36.8540729 ], [ 174.7773384, -36.8542697 ], [ 174.7774199, -36.8543823 ], [ 174.7777252, -36.8549255 ], [ 174.7777302, -36.8551039 ], [ 174.7778662, -36.8553499 ], [ 174.7778868, -36.8554191 ], [ 174.7794699, -36.8582522 ], [ 174.7798022, -36.8587856 ], [ 174.7802154, -36.8595896 ], [ 174.7803571, -36.8597751 ], [ 174.7806001, -36.8601649 ], [ 174.780641, -36.8601502 ], [ 174.7815072, -36.8617137 ], [ 174.781269, -36.8617677 ], [ 174.7815007, -36.8619252 ], [ 174.7813615, -36.862073 ], [ 174.781181, -36.8622367 ], [ 174.7814511, -36.8624274 ], [ 174.7816066, -36.8625597 ], [ 174.781431, -36.8627207 ], [ 174.781738, -36.862945 ], [ 174.7819282, -36.8628631 ], [ 174.7821919, -36.8628456 ], [ 174.7822868, -36.8629937 ], [ 174.7825427, -36.8627969 ], [ 174.782653, -36.8628744 ], [ 174.7826859, -36.8629392 ], [ 174.7830318, -36.8626382 ], [ 174.7832107, -36.8625178 ], [ 174.7835478, -36.8622286 ], [ 174.7833616, -36.8621081 ], [ 174.7833555, -36.8621132 ], [ 174.7830367, -36.8618925 ], [ 174.7830779, -36.8618631 ], [ 174.7828201, -36.861768 ], [ 174.7829475, -36.8615433 ], [ 174.7832341, -36.8616365 ], [ 174.7834414, -36.8612277 ], [ 174.7837986, -36.8613448 ], [ 174.7843323, -36.8609603 ], [ 174.7846015, -36.8611631 ], [ 174.7847443, -36.8610622 ], [ 174.7851843, -36.8614561 ], [ 174.7852919, -36.8613785 ], [ 174.7856158, -36.8608891 ], [ 174.7851964, -36.8603511 ], [ 174.7856039, -36.8600394 ], [ 174.7861596, -36.8603494 ], [ 174.7867072, -36.8599963 ] ] ], [ [ [ 174.7956805, -36.8324149 ], [ 174.7957206, -36.8324926 ], [ 174.7958024, -36.8325806 ], [ 174.7958589, -36.8326152 ], [ 174.7956572, -36.8328264 ], [ 174.7952746, -36.8330243 ], [ 174.7950075, -36.8336295 ], [ 174.7962088, -36.8335938 ], [ 174.7963031, -36.8334332 ], [ 174.7964273, -36.8334308 ], [ 174.796924, -36.8325738 ], [ 174.7977062, -36.832679 ], [ 174.7977773, -36.8324648 ], [ 174.7980276, -36.8320712 ], [ 174.7981452, -36.8319326 ], [ 174.7985423, -36.8316127 ], [ 174.7989779, -36.8315189 ], [ 174.7991817, -36.8315701 ], [ 174.7994922, -36.831689 ], [ 174.7997923, -36.8317687 ], [ 174.8002337, -36.8318475 ], [ 174.8005004, -36.8318138 ], [ 174.8009091, -36.8317512 ], [ 174.8009453, -36.8316941 ], [ 174.8009095, -36.831461 ], [ 174.8017124, -36.8311848 ], [ 174.8015806, -36.8306417 ], [ 174.8013468, -36.8306589 ], [ 174.8013339, -36.8305498 ], [ 174.8008073, -36.8305882 ], [ 174.800725, -36.8299359 ], [ 174.8014088, -36.8298816 ], [ 174.8012049, -36.8290125 ], [ 174.8013831, -36.8289309 ], [ 174.8013952, -36.8289614 ], [ 174.8015525, -36.8288905 ], [ 174.8016884, -36.8288493 ], [ 174.8019417, -36.8292298 ], [ 174.8019731, -36.8292151 ], [ 174.801787, -36.828926 ], [ 174.8018379, -36.8289043 ], [ 174.8018119, -36.8288199 ], [ 174.8019031, -36.8287772 ], [ 174.801859, -36.8287128 ], [ 174.8021746, -36.8285684 ], [ 174.8020134, -36.8282837 ], [ 174.8018749, -36.8282229 ], [ 174.8016802, -36.8279603 ], [ 174.8013717, -36.8280884 ], [ 174.8012042, -36.8277974 ], [ 174.8012689, -36.8277733 ], [ 174.8012498, -36.827661 ], [ 174.8011012, -36.8274003 ], [ 174.8008611, -36.8274846 ], [ 174.8006394, -36.8273927 ], [ 174.8005118, -36.8276132 ], [ 174.7992441, -36.8276008 ], [ 174.7990778, -36.8277983 ], [ 174.7976373, -36.8276208 ], [ 174.7974627, -36.8262815 ], [ 174.7977317, -36.8258703 ], [ 174.7979695, -36.8256735 ], [ 174.7976157, -36.8252831 ], [ 174.7973511, -36.8254246 ], [ 174.7971177, -36.825614 ], [ 174.7964431, -36.8260954 ], [ 174.7959335, -36.8261418 ], [ 174.7959641, -36.8263988 ], [ 174.7947468, -36.8264995 ], [ 174.794971, -36.8274301 ], [ 174.7931602, -36.82771 ], [ 174.7930829, -36.8273863 ], [ 174.7929022, -36.8274144 ], [ 174.7925331, -36.8275554 ], [ 174.7923128, -36.8276067 ], [ 174.7918675, -36.8277767 ], [ 174.7919749, -36.8281212 ], [ 174.7918195, -36.8281226 ], [ 174.7918207, -36.8284371 ], [ 174.7913769, -36.8284414 ], [ 174.7913815, -36.8288942 ], [ 174.7910931, -36.8290778 ], [ 174.7910877, -36.8294349 ], [ 174.7919335, -36.8294328 ], [ 174.7916398, -36.8306115 ], [ 174.7916985, -36.8307784 ], [ 174.791947, -36.8309601 ], [ 174.79266, -36.8311243 ], [ 174.7935745, -36.8315958 ], [ 174.7943314, -36.8320245 ], [ 174.7945639, -36.8321376 ], [ 174.7947502, -36.832209 ], [ 174.7950083, -36.832287 ], [ 174.7952754, -36.8323413 ], [ 174.795577, -36.8323833 ], [ 174.7955707, -36.8323967 ], [ 174.7956805, -36.8324149 ] ] ] ] } }
]
}
