{
"type": "FeatureCollection",
"name": "walkable-catchments",
"features": [
{ "type": "Feature", "properties": { "category": "Walkable Catchments" }, "geometry": { "type": "GeometryCollection", "geometries": [ { "type": "MultiPolygon", "coordinates": [ [ [ [ 174.6787119, -36.9186145 ], [ 174.6787716, -36.9186381 ], [ 174.6789725, -36.9188302 ], [ 174.6789862, -36.9188856 ], [ 174.678957, -36.9189472 ], [ 174.6789573, -36.9189754 ], [ 174.6789909, -36.9190159 ], [ 174.6790414, -36.9190283 ], [ 174.6790771, -36.9190212 ], [ 174.6791076, -36.9190004 ], [ 174.6791219, -36.9189467 ], [ 174.6794027, -36.9188879 ], [ 174.6793726, -36.918859 ], [ 174.6800766, -36.918376 ], [ 174.6807363, -36.9190075 ], [ 174.6831785, -36.9196603 ], [ 174.6833924, -36.9191478 ], [ 174.683687, -36.9191853 ], [ 174.684251, -36.9193369 ], [ 174.6847456, -36.9193372 ], [ 174.6847456, -36.9193812 ], [ 174.6861608, -36.9193824 ], [ 174.6861607, -36.9194388 ], [ 174.6862292, -36.9194389 ], [ 174.6862294, -36.9191833 ], [ 174.6862875, -36.9191368 ], [ 174.6866133, -36.9191369 ], [ 174.6866129, -36.9195049 ], [ 174.6867261, -36.9195052 ], [ 174.6867262, -36.9189116 ], [ 174.6905739, -36.9189122 ], [ 174.6905576, -36.9188057 ], [ 174.6912971, -36.9187329 ], [ 174.6915189, -36.9186903 ], [ 174.6921308, -36.9187962 ], [ 174.6920388, -36.9181889 ], [ 174.6924102, -36.9181525 ], [ 174.6923066, -36.9173326 ], [ 174.6921757, -36.9173454 ], [ 174.6921335, -36.917241 ], [ 174.6920923, -36.9172151 ], [ 174.6922893, -36.9171958 ], [ 174.692174, -36.9162947 ], [ 174.6922163, -36.9162948 ], [ 174.6922165, -36.9160567 ], [ 174.6923367, -36.91596 ], [ 174.6922956, -36.9159402 ], [ 174.6922652, -36.9159096 ], [ 174.6922516, -36.915835 ], [ 174.692292, -36.9157773 ], [ 174.6923616, -36.9157493 ], [ 174.6924228, -36.9157518 ], [ 174.6925237, -36.915783 ], [ 174.6928565, -36.9157836 ], [ 174.692913, -36.9157383 ], [ 174.6929134, -36.9153029 ], [ 174.692868, -36.9151481 ], [ 174.6926613, -36.9148162 ], [ 174.6928205, -36.9147405 ], [ 174.6935032, -36.9145544 ], [ 174.6931711, -36.9140185 ], [ 174.6942795, -36.9135877 ], [ 174.6943175, -36.9134029 ], [ 174.6942992, -36.9133733 ], [ 174.6959119, -36.912746 ], [ 174.6955834, -36.9122149 ], [ 174.6957877, -36.9121367 ], [ 174.6958307, -36.9121482 ], [ 174.6958812, -36.9121355 ], [ 174.6962124, -36.9120032 ], [ 174.6964502, -36.9120277 ], [ 174.6972483, -36.911998 ], [ 174.6973862, -36.9120523 ], [ 174.6973887, -36.9120946 ], [ 174.6976312, -36.9120809 ], [ 174.6977715, -36.9120259 ], [ 174.6978316, -36.9119852 ], [ 174.6978779, -36.9119335 ], [ 174.697907, -36.9118743 ], [ 174.6979438, -36.9117105 ], [ 174.6978891, -36.9115681 ], [ 174.6978535, -36.9115113 ], [ 174.6978015, -36.9114633 ], [ 174.697737, -36.9114273 ], [ 174.6976635, -36.9114051 ], [ 174.6974825, -36.9113849 ], [ 174.6973008, -36.9114005 ], [ 174.6973342, -36.9113622 ], [ 174.6972595, -36.9112668 ], [ 174.6972506, -36.9111139 ], [ 174.6972796, -36.9110591 ], [ 174.6972682, -36.9109676 ], [ 174.6975119, -36.9109465 ], [ 174.6975285, -36.9108776 ], [ 174.6975218, -36.9108004 ], [ 174.6975073, -36.9107891 ], [ 174.6974615, -36.9108168 ], [ 174.6972744, -36.9108247 ], [ 174.6971328, -36.9107806 ], [ 174.6970151, -36.9107693 ], [ 174.6970131, -36.9106817 ], [ 174.6968575, -36.9106566 ], [ 174.6968233, -36.9106251 ], [ 174.6968018, -36.9105796 ], [ 174.6970836, -36.9100002 ], [ 174.6964763, -36.9092221 ], [ 174.6973834, -36.9087649 ], [ 174.6971452, -36.9084601 ], [ 174.6970985, -36.9084351 ], [ 174.6970509, -36.9084428 ], [ 174.6963123, -36.9088152 ], [ 174.6961157, -36.9086278 ], [ 174.6963198, -36.9060441 ], [ 174.6957042, -36.9069671 ], [ 174.6954065, -36.9072565 ], [ 174.6950475, -36.9074962 ], [ 174.6946393, -36.9076815 ], [ 174.6940147, -36.9077981 ], [ 174.6936093, -36.9078136 ], [ 174.6935248, -36.9077482 ], [ 174.6934196, -36.9078067 ], [ 174.6928835, -36.9077851 ], [ 174.6929982, -36.9078901 ], [ 174.6931243, -36.9079562 ], [ 174.6930771, -36.9079544 ], [ 174.6927953, -36.9080062 ], [ 174.6927435, -36.9079559 ], [ 174.6927111, -36.9079433 ], [ 174.6925688, -36.907915 ], [ 174.6924428, -36.9078603 ], [ 174.6923748, -36.9078444 ], [ 174.6923312, -36.9078151 ], [ 174.6922588, -36.9075892 ], [ 174.6921144, -36.9075853 ], [ 174.6920858, -36.9074311 ], [ 174.692055, -36.9073634 ], [ 174.6920636, -36.9073256 ], [ 174.6921107, -36.9073054 ], [ 174.6922811, -36.9071878 ], [ 174.6923618, -36.907027 ], [ 174.6923844, -36.9070328 ], [ 174.6924115, -36.9069802 ], [ 174.6923893, -36.9069726 ], [ 174.6924406, -36.9068862 ], [ 174.6924354, -36.9068248 ], [ 174.6923344, -36.9067919 ], [ 174.6922858, -36.9067624 ], [ 174.6922517, -36.9067158 ], [ 174.6920361, -36.9066453 ], [ 174.6920038, -36.9066895 ], [ 174.692009, -36.9066368 ], [ 174.6918425, -36.9065762 ], [ 174.6918001, -36.9066216 ], [ 174.6917885, -36.9066207 ], [ 174.6917806, -36.9065365 ], [ 174.6917162, -36.9064952 ], [ 174.6916215, -36.9064966 ], [ 174.6915353, -36.9065791 ], [ 174.691461, -36.9066136 ], [ 174.6913756, -36.9065983 ], [ 174.691307, -36.9066372 ], [ 174.6912916, -36.9065876 ], [ 174.6911405, -36.9067171 ], [ 174.6909382, -36.9068358 ], [ 174.6908037, -36.906955 ], [ 174.6908535, -36.9068529 ], [ 174.6910621, -36.9066738 ], [ 174.6911521, -36.9066174 ], [ 174.6912115, -36.9065976 ], [ 174.6912839, -36.906533 ], [ 174.6914235, -36.9064625 ], [ 174.6914762, -36.9064064 ], [ 174.6914938, -36.9063282 ], [ 174.6914867, -36.9062989 ], [ 174.6914647, -36.9062767 ], [ 174.691384, -36.906238 ], [ 174.6912717, -36.9062293 ], [ 174.691173, -36.906198 ], [ 174.6912018, -36.9061389 ], [ 174.6911713, -36.9061052 ], [ 174.6913531, -36.9059792 ], [ 174.6913675, -36.9059139 ], [ 174.6913488, -36.9058383 ], [ 174.6913775, -36.9057622 ], [ 174.6913199, -36.9057741 ], [ 174.6914531, -36.905464 ], [ 174.6919559, -36.9050883 ], [ 174.6920099, -36.9051595 ], [ 174.6922085, -36.9050138 ], [ 174.6923096, -36.9049188 ], [ 174.6923949, -36.9048046 ], [ 174.6924198, -36.9047322 ], [ 174.6924842, -36.9046289 ], [ 174.6925075, -36.9045654 ], [ 174.6925271, -36.9044712 ], [ 174.6925204, -36.9042743 ], [ 174.6924425, -36.9043177 ], [ 174.6923889, -36.9041759 ], [ 174.6923595, -36.9041486 ], [ 174.6921942, -36.9040597 ], [ 174.6919808, -36.9041646 ], [ 174.6918689, -36.9041708 ], [ 174.6918485, -36.9041551 ], [ 174.691553, -36.9043075 ], [ 174.6915156, -36.9043003 ], [ 174.6912798, -36.9041796 ], [ 174.6911566, -36.9041336 ], [ 174.6910804, -36.904109 ], [ 174.6908656, -36.9040915 ], [ 174.690673, -36.9040445 ], [ 174.6906346, -36.9040251 ], [ 174.6905781, -36.9040257 ], [ 174.6905239, -36.9040092 ], [ 174.6904361, -36.9039565 ], [ 174.6903355, -36.9039164 ], [ 174.6902379, -36.9038436 ], [ 174.6901448, -36.9037353 ], [ 174.6901376, -36.9037021 ], [ 174.6900549, -36.9035778 ], [ 174.6900289, -36.90351 ], [ 174.6897905, -36.9036456 ], [ 174.6894461, -36.903255 ], [ 174.6895383, -36.9032026 ], [ 174.6895256, -36.9031878 ], [ 174.6893253, -36.9030209 ], [ 174.689264, -36.9029306 ], [ 174.6889156, -36.9026569 ], [ 174.6887864, -36.9024712 ], [ 174.6887698, -36.902461 ], [ 174.6885909, -36.9024488 ], [ 174.6886066, -36.9023791 ], [ 174.6885648, -36.9022263 ], [ 174.6885301, -36.9022116 ], [ 174.6885891, -36.9021651 ], [ 174.6884971, -36.9020235 ], [ 174.6884079, -36.9019314 ], [ 174.6883653, -36.9018902 ], [ 174.6882951, -36.9018624 ], [ 174.6881413, -36.9018472 ], [ 174.6880803, -36.9018255 ], [ 174.6880176, -36.901823 ], [ 174.6879393, -36.9017998 ], [ 174.6878853, -36.9018006 ], [ 174.6876124, -36.901867 ], [ 174.6875944, -36.9018769 ], [ 174.6876293, -36.9019339 ], [ 174.6870624, -36.9022302 ], [ 174.6870348, -36.9021273 ], [ 174.6869885, -36.9020515 ], [ 174.6869197, -36.9020134 ], [ 174.6867466, -36.9019595 ], [ 174.6867454, -36.9019505 ], [ 174.6863985, -36.9022072 ], [ 174.6862447, -36.9020701 ], [ 174.6859747, -36.9017859 ], [ 174.6858806, -36.9018259 ], [ 174.6857446, -36.9017831 ], [ 174.6855598, -36.9017741 ], [ 174.6854758, -36.9017984 ], [ 174.6852239, -36.9019726 ], [ 174.6851239, -36.9018843 ], [ 174.6850961, -36.9018858 ], [ 174.6850198, -36.9019476 ], [ 174.685034, -36.9019769 ], [ 174.6850971, -36.902052 ], [ 174.6853156, -36.902246 ], [ 174.6853341, -36.902343 ], [ 174.6851253, -36.9024283 ], [ 174.684994, -36.9025198 ], [ 174.6849787, -36.9025725 ], [ 174.6849057, -36.9026546 ], [ 174.6849881, -36.9027102 ], [ 174.6849898, -36.902809 ], [ 174.6850865, -36.9029048 ], [ 174.6851506, -36.9030044 ], [ 174.6851319, -36.9030073 ], [ 174.685045, -36.9029424 ], [ 174.6850023, -36.9029638 ], [ 174.6849583, -36.902971 ], [ 174.6847891, -36.9029619 ], [ 174.6847467, -36.9029814 ], [ 174.6847147, -36.9030355 ], [ 174.6847117, -36.9030738 ], [ 174.684736, -36.9031648 ], [ 174.6847303, -36.9032429 ], [ 174.6847511, -36.9032715 ], [ 174.68486, -36.9033432 ], [ 174.6848587, -36.9033708 ], [ 174.6847625, -36.9033145 ], [ 174.6846831, -36.9032376 ], [ 174.6846584, -36.9031721 ], [ 174.6846815, -36.9030514 ], [ 174.6846691, -36.9030071 ], [ 174.6846398, -36.9029889 ], [ 174.6846446, -36.9028789 ], [ 174.6846289, -36.9028704 ], [ 174.6845945, -36.9028008 ], [ 174.6846156, -36.9025858 ], [ 174.6846379, -36.9025308 ], [ 174.6846727, -36.9024983 ], [ 174.6846987, -36.902424 ], [ 174.6847084, -36.9022585 ], [ 174.6846972, -36.9022123 ], [ 174.6846307, -36.9021775 ], [ 174.6843995, -36.9021521 ], [ 174.6842305, -36.9021465 ], [ 174.6840924, -36.9021279 ], [ 174.6839389, -36.9020858 ], [ 174.6838662, -36.902033 ], [ 174.6837418, -36.9019685 ], [ 174.6835556, -36.901756 ], [ 174.6835215, -36.9016301 ], [ 174.6835157, -36.9014861 ], [ 174.683529, -36.9014013 ], [ 174.683469, -36.9013261 ], [ 174.6835185, -36.901257 ], [ 174.6835595, -36.9012377 ], [ 174.6835858, -36.9011696 ], [ 174.6835961, -36.9010657 ], [ 174.6836504, -36.9008865 ], [ 174.6836459, -36.9008549 ], [ 174.6836616, -36.9008314 ], [ 174.6836573, -36.9007588 ], [ 174.6836137, -36.9006953 ], [ 174.6835398, -36.9006492 ], [ 174.6834935, -36.9005801 ], [ 174.6834175, -36.9005207 ], [ 174.683374, -36.9004618 ], [ 174.6833882, -36.9004554 ], [ 174.6832994, -36.9004458 ], [ 174.6832755, -36.9004559 ], [ 174.683243, -36.900442 ], [ 174.6832311, -36.9003913 ], [ 174.6831665, -36.90033 ], [ 174.6832239, -36.9002286 ], [ 174.6831558, -36.9001146 ], [ 174.6831241, -36.9000337 ], [ 174.6831318, -36.899842 ], [ 174.6830821, -36.8998014 ], [ 174.68294, -36.8997468 ], [ 174.6829352, -36.8997209 ], [ 174.6828865, -36.8997178 ], [ 174.6828848, -36.8997088 ], [ 174.682583, -36.8997424 ], [ 174.6825811, -36.8997936 ], [ 174.6824407, -36.8998118 ], [ 174.6823214, -36.8999122 ], [ 174.6821602, -36.899954 ], [ 174.6820325, -36.8999587 ], [ 174.682215, -36.9000508 ], [ 174.6821552, -36.9000433 ], [ 174.6819114, -36.900048 ], [ 174.6818258, -36.9000823 ], [ 174.6814322, -36.9001298 ], [ 174.681216, -36.9001334 ], [ 174.6810561, -36.9001527 ], [ 174.6807724, -36.9001527 ], [ 174.6806914, -36.9001316 ], [ 174.6806398, -36.9001358 ], [ 174.6805437, -36.9001004 ], [ 174.6803856, -36.9000847 ], [ 174.6803067, -36.9000198 ], [ 174.6801866, -36.8999958 ], [ 174.6801244, -36.8999567 ], [ 174.6799647, -36.899985 ], [ 174.6798515, -36.8999752 ], [ 174.6796858, -36.8999235 ], [ 174.679488, -36.8998262 ], [ 174.6794224, -36.8998099 ], [ 174.6793291, -36.8998115 ], [ 174.6791602, -36.8998482 ], [ 174.6789093, -36.8999384 ], [ 174.6787811, -36.9000549 ], [ 174.6787249, -36.900155 ], [ 174.6787497, -36.900251 ], [ 174.6789583, -36.9003225 ], [ 174.6791843, -36.900364 ], [ 174.6793345, -36.9003754 ], [ 174.6793578, -36.9003919 ], [ 174.679489, -36.9004075 ], [ 174.6795595, -36.9004559 ], [ 174.6796621, -36.9004733 ], [ 174.6797518, -36.9005203 ], [ 174.6797323, -36.9005371 ], [ 174.6795928, -36.9005138 ], [ 174.6794181, -36.900508 ], [ 174.679332, -36.9005296 ], [ 174.6792523, -36.900518 ], [ 174.6790984, -36.9005941 ], [ 174.6788464, -36.9006229 ], [ 174.67874, -36.900649 ], [ 174.6784867, -36.9006688 ], [ 174.6784806, -36.9006897 ], [ 174.6784937, -36.9007205 ], [ 174.678604, -36.9008481 ], [ 174.6786962, -36.9008928 ], [ 174.6787983, -36.9009718 ], [ 174.6788553, -36.9010499 ], [ 174.6790345, -36.9011146 ], [ 174.6790963, -36.9011496 ], [ 174.6791778, -36.901222 ], [ 174.6794317, -36.9013429 ], [ 174.6794606, -36.9013764 ], [ 174.6796073, -36.901429 ], [ 174.6796483, -36.9014775 ], [ 174.6797237, -36.9016207 ], [ 174.679783, -36.9016235 ], [ 174.6799121, -36.9018075 ], [ 174.6800104, -36.9018912 ], [ 174.6800292, -36.9019416 ], [ 174.680056, -36.9019648 ], [ 174.6800856, -36.9021022 ], [ 174.6801122, -36.9021575 ], [ 174.6802054, -36.9022783 ], [ 174.6802374, -36.9023138 ], [ 174.680546, -36.9025312 ], [ 174.6806227, -36.9026346 ], [ 174.680771, -36.9027742 ], [ 174.6808089, -36.902885 ], [ 174.6807388, -36.9030179 ], [ 174.680733, -36.9031384 ], [ 174.6806913, -36.9031485 ], [ 174.6806562, -36.9032152 ], [ 174.6806094, -36.9032196 ], [ 174.6805017, -36.9031747 ], [ 174.6804331, -36.9031584 ], [ 174.6803423, -36.9030401 ], [ 174.6801956, -36.9029625 ], [ 174.6801048, -36.9029762 ], [ 174.6800012, -36.9030595 ], [ 174.6799429, -36.9030805 ], [ 174.6797673, -36.9032823 ], [ 174.6795253, -36.9033928 ], [ 174.6794804, -36.903397 ], [ 174.6794302, -36.9034173 ], [ 174.6793081, -36.9035108 ], [ 174.6792409, -36.9035332 ], [ 174.6789238, -36.9038017 ], [ 174.6789144, -36.9038382 ], [ 174.6788322, -36.9039162 ], [ 174.6788544, -36.903998 ], [ 174.678917, -36.9040891 ], [ 174.6789263, -36.9041397 ], [ 174.6789698, -36.9041894 ], [ 174.6789413, -36.9042565 ], [ 174.6789353, -36.9043197 ], [ 174.6789137, -36.9043312 ], [ 174.6788749, -36.9045238 ], [ 174.6788251, -36.9045967 ], [ 174.6787591, -36.9047801 ], [ 174.6787476, -36.9047759 ], [ 174.6786811, -36.9049024 ], [ 174.6786483, -36.9050572 ], [ 174.6786721, -36.9051239 ], [ 174.6786958, -36.9053329 ], [ 174.6786696, -36.9053776 ], [ 174.6785975, -36.9054058 ], [ 174.678503, -36.9055027 ], [ 174.678374, -36.9056955 ], [ 174.6783103, -36.9057512 ], [ 174.6782729, -36.9058175 ], [ 174.6782874, -36.9058251 ], [ 174.6781998, -36.9058632 ], [ 174.678184, -36.9058575 ], [ 174.6781697, -36.9058188 ], [ 174.6781996, -36.9056823 ], [ 174.6782548, -36.9055644 ], [ 174.6783393, -36.9054553 ], [ 174.6784108, -36.9052636 ], [ 174.6784321, -36.9051014 ], [ 174.6784239, -36.9049929 ], [ 174.6784325, -36.9049113 ], [ 174.6784668, -36.9047948 ], [ 174.678498, -36.904734 ], [ 174.67853, -36.9045765 ], [ 174.6785446, -36.904539 ], [ 174.6786311, -36.9044415 ], [ 174.6786541, -36.9043863 ], [ 174.6786045, -36.9043173 ], [ 174.6785721, -36.904231 ], [ 174.6785086, -36.9041819 ], [ 174.6784005, -36.9041844 ], [ 174.6782837, -36.9042018 ], [ 174.6781134, -36.9043035 ], [ 174.6780112, -36.9042573 ], [ 174.6779879, -36.9042701 ], [ 174.6779718, -36.9042648 ], [ 174.677861, -36.9041671 ], [ 174.6777838, -36.9041389 ], [ 174.6776893, -36.904083 ], [ 174.6775265, -36.9040449 ], [ 174.6779861, -36.9040836 ], [ 174.678109, -36.9040632 ], [ 174.6782111, -36.9040198 ], [ 174.6782888, -36.9039634 ], [ 174.6783441, -36.9038572 ], [ 174.6784018, -36.9036792 ], [ 174.6784801, -36.9035901 ], [ 174.6785258, -36.9035601 ], [ 174.6786337, -36.903524 ], [ 174.6792189, -36.9031961 ], [ 174.6792959, -36.9030334 ], [ 174.6792944, -36.9029634 ], [ 174.6792309, -36.9029261 ], [ 174.6790441, -36.9028659 ], [ 174.6789811, -36.9028159 ], [ 174.6789403, -36.902751 ], [ 174.6789116, -36.9025045 ], [ 174.6789246, -36.9021791 ], [ 174.6788955, -36.9020114 ], [ 174.6788751, -36.9019869 ], [ 174.6788527, -36.9019862 ], [ 174.6788414, -36.9020464 ], [ 174.6787282, -36.902132 ], [ 174.6786433, -36.902254 ], [ 174.6785399, -36.9023152 ], [ 174.6785265, -36.9023875 ], [ 174.6784991, -36.9024421 ], [ 174.678486, -36.9025778 ], [ 174.6784505, -36.9026178 ], [ 174.6784115, -36.9026185 ], [ 174.6783388, -36.9025802 ], [ 174.6782763, -36.9025698 ], [ 174.6781876, -36.9025837 ], [ 174.6781359, -36.9025764 ], [ 174.678079, -36.9025835 ], [ 174.6778509, -36.9026291 ], [ 174.6777844, -36.9027062 ], [ 174.6777462, -36.9027232 ], [ 174.6776497, -36.9027427 ], [ 174.6775368, -36.9027289 ], [ 174.6774535, -36.9027371 ], [ 174.6772126, -36.9028163 ], [ 174.6770542, -36.9028066 ], [ 174.6770128, -36.9028249 ], [ 174.6769901, -36.9028209 ], [ 174.6769682, -36.9028004 ], [ 174.6769996, -36.9027825 ], [ 174.6771376, -36.9027608 ], [ 174.6771635, -36.9027415 ], [ 174.6772311, -36.9027384 ], [ 174.677251, -36.902718 ], [ 174.6773324, -36.9026917 ], [ 174.6773804, -36.9026492 ], [ 174.6774983, -36.9026131 ], [ 174.6775148, -36.9025919 ], [ 174.6776093, -36.90257 ], [ 174.6776935, -36.9025228 ], [ 174.6777531, -36.9024541 ], [ 174.6776753, -36.902424 ], [ 174.6777112, -36.9023639 ], [ 174.677794, -36.9023105 ], [ 174.6780546, -36.9022767 ], [ 174.6782163, -36.9022081 ], [ 174.6782308, -36.9020436 ], [ 174.6782767, -36.9019277 ], [ 174.6780879, -36.9018302 ], [ 174.6780897, -36.9017771 ], [ 174.6781848, -36.9016501 ], [ 174.6782176, -36.9015489 ], [ 174.6781969, -36.9013044 ], [ 174.6781216, -36.901249 ], [ 174.6780465, -36.9012521 ], [ 174.6778437, -36.9012126 ], [ 174.6778584, -36.90119 ], [ 174.6776224, -36.9010871 ], [ 174.6775761, -36.9010785 ], [ 174.6774887, -36.9010837 ], [ 174.6774001, -36.9010528 ], [ 174.6772762, -36.9010587 ], [ 174.6771576, -36.9012393 ], [ 174.6769557, -36.9011584 ], [ 174.6769463, -36.9011338 ], [ 174.6758439, -36.9006625 ], [ 174.6757661, -36.9007296 ], [ 174.6755231, -36.9008887 ], [ 174.675476, -36.9009443 ], [ 174.6754897, -36.9010271 ], [ 174.6755608, -36.9011433 ], [ 174.6756847, -36.9018522 ], [ 174.6754195, -36.9017652 ], [ 174.6753829, -36.9018372 ], [ 174.6749843, -36.9017065 ], [ 174.6748804, -36.9019099 ], [ 174.6744361, -36.9021812 ], [ 174.6744802, -36.902246 ], [ 174.6738785, -36.9032645 ], [ 174.6731785, -36.9029695 ], [ 174.6731526, -36.9030205 ], [ 174.6729437, -36.9029517 ], [ 174.6726209, -36.903583 ], [ 174.6724934, -36.9037376 ], [ 174.6704836, -36.9030918 ], [ 174.6696194, -36.9047855 ], [ 174.669657, -36.9048566 ], [ 174.670082, -36.9049932 ], [ 174.6699984, -36.9051614 ], [ 174.669508, -36.9050039 ], [ 174.6688872, -36.9062188 ], [ 174.6677803, -36.9058542 ], [ 174.6677381, -36.9058699 ], [ 174.6675228, -36.9057695 ], [ 174.6644398, -36.9047576 ], [ 174.6637178, -36.9061464 ], [ 174.6635268, -36.9060432 ], [ 174.6635051, -36.9059725 ], [ 174.662895, -36.9055674 ], [ 174.6625582, -36.9060188 ], [ 174.6624761, -36.9059643 ], [ 174.6620446, -36.9063834 ], [ 174.6618528, -36.9065265 ], [ 174.6617455, -36.9064553 ], [ 174.6615949, -36.9065307 ], [ 174.6613097, -36.9068077 ], [ 174.6611194, -36.9066814 ], [ 174.6614047, -36.9064044 ], [ 174.6614687, -36.9062715 ], [ 174.6610562, -36.9059928 ], [ 174.6610748, -36.9059747 ], [ 174.6603053, -36.9054637 ], [ 174.6602887, -36.9054829 ], [ 174.6601404, -36.9053844 ], [ 174.660157, -36.9053652 ], [ 174.6592226, -36.9047409 ], [ 174.6581634, -36.9059642 ], [ 174.6579386, -36.9062437 ], [ 174.6574445, -36.9059074 ], [ 174.6563292, -36.9051872 ], [ 174.6563472, -36.905163 ], [ 174.655923, -36.9049036 ], [ 174.6557286, -36.9047541 ], [ 174.6555102, -36.9043676 ], [ 174.654421, -36.9036756 ], [ 174.6543244, -36.9036932 ], [ 174.6518029, -36.9078397 ], [ 174.6517819, -36.9080083 ], [ 174.6519509, -36.9084849 ], [ 174.6514225, -36.9086057 ], [ 174.6514642, -36.9087231 ], [ 174.651291, -36.9090461 ], [ 174.6512226, -36.9092198 ], [ 174.6501075, -36.9088342 ], [ 174.6481454, -36.9084536 ], [ 174.6474156, -36.908201 ], [ 174.6466267, -36.9085099 ], [ 174.6464916, -36.9086647 ], [ 174.6460927, -36.9085902 ], [ 174.6460772, -36.9086114 ], [ 174.6457089, -36.9085415 ], [ 174.6457268, -36.9085209 ], [ 174.6454503, -36.908467 ], [ 174.6445351, -36.9085317 ], [ 174.6445374, -36.908555 ], [ 174.6439071, -36.9085997 ], [ 174.6438931, -36.9087021 ], [ 174.6439007, -36.9087675 ], [ 174.6441547, -36.90875 ], [ 174.644194, -36.9091588 ], [ 174.6442315, -36.9092489 ], [ 174.644289, -36.9092952 ], [ 174.6447589, -36.9092552 ], [ 174.6447287, -36.9093931 ], [ 174.6446502, -36.909499 ], [ 174.6447274, -36.9095359 ], [ 174.6446556, -36.9096327 ], [ 174.644677, -36.9096744 ], [ 174.6448382, -36.9098378 ], [ 174.6449422, -36.9099735 ], [ 174.6450972, -36.9100512 ], [ 174.6451502, -36.9100405 ], [ 174.6452937, -36.9098465 ], [ 174.645781, -36.910079 ], [ 174.645599, -36.9103249 ], [ 174.6464217, -36.9107252 ], [ 174.6464091, -36.9107547 ], [ 174.6465843, -36.9108388 ], [ 174.6466949, -36.9108484 ], [ 174.6467793, -36.9108886 ], [ 174.6469955, -36.9109325 ], [ 174.646922, -36.9111642 ], [ 174.6469435, -36.9111974 ], [ 174.6469153, -36.9111978 ], [ 174.6468055, -36.9111408 ], [ 174.6466664, -36.9110881 ], [ 174.6466497, -36.9111097 ], [ 174.6463984, -36.911091 ], [ 174.6458231, -36.910804 ], [ 174.6458053, -36.9108271 ], [ 174.6455346, -36.9107647 ], [ 174.6453548, -36.9109972 ], [ 174.646352, -36.9114946 ], [ 174.6462242, -36.9115926 ], [ 174.6462117, -36.9115864 ], [ 174.6459258, -36.911956 ], [ 174.6460446, -36.9119737 ], [ 174.6459255, -36.9123981 ], [ 174.6465557, -36.9125013 ], [ 174.6465517, -36.9125143 ], [ 174.6467919, -36.9125579 ], [ 174.6465579, -36.9133333 ], [ 174.6486541, -36.9137418 ], [ 174.6487014, -36.913702 ], [ 174.6489741, -36.9138052 ], [ 174.6492301, -36.9147218 ], [ 174.6496844, -36.9146405 ], [ 174.6497211, -36.9147746 ], [ 174.6497583, -36.9147679 ], [ 174.6498485, -36.9150919 ], [ 174.6498202, -36.9150943 ], [ 174.6498238, -36.9151082 ], [ 174.6499807, -36.9150938 ], [ 174.6499296, -36.9156644 ], [ 174.65024, -36.9156772 ], [ 174.650208, -36.9161966 ], [ 174.6533155, -36.9163245 ], [ 174.6536126, -36.9164666 ], [ 174.653661, -36.9161405 ], [ 174.6537897, -36.9161561 ], [ 174.6540481, -36.91528 ], [ 174.6554391, -36.915554 ], [ 174.655802, -36.9143666 ], [ 174.6579613, -36.9147925 ], [ 174.6582143, -36.9148565 ], [ 174.6590434, -36.9149393 ], [ 174.659171, -36.9141214 ], [ 174.6597416, -36.9142599 ], [ 174.6600106, -36.9139663 ], [ 174.6600688, -36.9140411 ], [ 174.660564, -36.9134988 ], [ 174.6614442, -36.9143931 ], [ 174.6610534, -36.9146466 ], [ 174.6614107, -36.9149889 ], [ 174.6616957, -36.914806 ], [ 174.6618458, -36.914942 ], [ 174.6624535, -36.9155596 ], [ 174.6623067, -36.915654 ], [ 174.6624856, -36.9158897 ], [ 174.6625761, -36.9159039 ], [ 174.662635, -36.9158988 ], [ 174.6627963, -36.9158035 ], [ 174.6633117, -36.9163096 ], [ 174.6637261, -36.9168582 ], [ 174.6638937, -36.9167505 ], [ 174.6641466, -36.9169508 ], [ 174.6644357, -36.9161322 ], [ 174.6650165, -36.9157192 ], [ 174.6658439, -36.9165365 ], [ 174.6659077, -36.9165089 ], [ 174.6663781, -36.9169861 ], [ 174.6672428, -36.9166055 ], [ 174.6671571, -36.916592 ], [ 174.6672942, -36.9165315 ], [ 174.6673298, -36.9165673 ], [ 174.6674794, -36.9165013 ], [ 174.6676288, -36.9166797 ], [ 174.6680667, -36.9173378 ], [ 174.6685069, -36.917193 ], [ 174.6696438, -36.917015 ], [ 174.6695874, -36.916793 ], [ 174.6700411, -36.9165964 ], [ 174.6701593, -36.9168368 ], [ 174.670475, -36.9168054 ], [ 174.6705147, -36.916724 ], [ 174.6703183, -36.9163584 ], [ 174.670467, -36.9163173 ], [ 174.6705701, -36.9162405 ], [ 174.6704913, -36.9158536 ], [ 174.6709132, -36.9155694 ], [ 174.6719345, -36.9165459 ], [ 174.6728478, -36.9164318 ], [ 174.6730695, -36.916362 ], [ 174.673889, -36.9171459 ], [ 174.6752177, -36.9162506 ], [ 174.6754567, -36.9164427 ], [ 174.6754904, -36.91642 ], [ 174.6764426, -36.9173307 ], [ 174.675977, -36.9176451 ], [ 174.6769299, -36.9185564 ], [ 174.6776998, -36.9180365 ], [ 174.6779212, -36.9181832 ], [ 174.6784796, -36.9187184 ], [ 174.6786055, -36.9186326 ], [ 174.6786455, -36.9186167 ], [ 174.6787119, -36.9186145 ] ] ], [ [ [ 174.802151, -36.9021679 ], [ 174.8021023, -36.9022037 ], [ 174.8020927, -36.9022635 ], [ 174.8022294, -36.9025753 ], [ 174.8027196, -36.9024393 ], [ 174.8028582, -36.9024729 ], [ 174.8028441, -36.9024868 ], [ 174.8034404, -36.9028783 ], [ 174.8036694, -36.9026534 ], [ 174.8038775, -36.9027782 ], [ 174.8041372, -36.9028914 ], [ 174.8090528, -36.9058321 ], [ 174.8087467, -36.9064252 ], [ 174.8092186, -36.9065822 ], [ 174.8091719, -36.906763 ], [ 174.8087215, -36.9076379 ], [ 174.8074224, -36.9074134 ], [ 174.8075375, -36.9086233 ], [ 174.8076734, -36.9086097 ], [ 174.8077321, -36.9094137 ], [ 174.8077915, -36.9094542 ], [ 174.8085048, -36.9093946 ], [ 174.8085756, -36.9095712 ], [ 174.8085341, -36.9096111 ], [ 174.8086202, -36.9105403 ], [ 174.8092954, -36.910491 ], [ 174.8095383, -36.9131187 ], [ 174.8079395, -36.9132152 ], [ 174.8079437, -36.9132598 ], [ 174.806742, -36.9133539 ], [ 174.8068372, -36.9144634 ], [ 174.8067568, -36.9144692 ], [ 174.8068118, -36.9149344 ], [ 174.8073354, -36.9148964 ], [ 174.8073485, -36.9150065 ], [ 174.8075528, -36.9149909 ], [ 174.8076659, -36.915946 ], [ 174.8069115, -36.9164556 ], [ 174.8069658, -36.9165073 ], [ 174.8067511, -36.9166524 ], [ 174.8096407, -36.916464 ], [ 174.8098704, -36.9164642 ], [ 174.8099182, -36.9169751 ], [ 174.8103601, -36.9169467 ], [ 174.8103252, -36.9167938 ], [ 174.810321, -36.9165835 ], [ 174.8103685, -36.9160578 ], [ 174.816098, -36.9157273 ], [ 174.8165748, -36.9163427 ], [ 174.8170538, -36.9161031 ], [ 174.8173184, -36.916103 ], [ 174.8178242, -36.9158497 ], [ 174.8180955, -36.9161993 ], [ 174.8194248, -36.9155326 ], [ 174.8196983, -36.9154151 ], [ 174.8204288, -36.9163527 ], [ 174.8217778, -36.9152744 ], [ 174.8210022, -36.9146479 ], [ 174.8211475, -36.9145082 ], [ 174.8229821, -36.9130442 ], [ 174.8223281, -36.9121216 ], [ 174.822235, -36.911955 ], [ 174.821386, -36.9107504 ], [ 174.820558, -36.9095245 ], [ 174.8199471, -36.9087039 ], [ 174.8190595, -36.9078031 ], [ 174.8189331, -36.9076812 ], [ 174.8186367, -36.9074302 ], [ 174.8181687, -36.9071535 ], [ 174.8178294, -36.9070016 ], [ 174.8173707, -36.9067648 ], [ 174.8163518, -36.9063087 ], [ 174.8157593, -36.9060969 ], [ 174.8154654, -36.9059589 ], [ 174.8137085, -36.90534 ], [ 174.8135263, -36.9052283 ], [ 174.8112773, -36.9043497 ], [ 174.8107255, -36.90419 ], [ 174.8108482, -36.9046208 ], [ 174.8110956, -36.9051946 ], [ 174.8106011, -36.9057616 ], [ 174.8104687, -36.9059787 ], [ 174.8103507, -36.9058574 ], [ 174.8102665, -36.9058573 ], [ 174.8101455, -36.9056872 ], [ 174.8099453, -36.9054827 ], [ 174.8101378, -36.9053459 ], [ 174.810429, -36.9056428 ], [ 174.8108318, -36.9051743 ], [ 174.8105821, -36.9046152 ], [ 174.8103485, -36.9037504 ], [ 174.8106433, -36.9038487 ], [ 174.8104559, -36.9030679 ], [ 174.8118901, -36.902834 ], [ 174.8124024, -36.9021915 ], [ 174.8126908, -36.9016586 ], [ 174.8127131, -36.9015652 ], [ 174.8127176, -36.901457 ], [ 174.8128774, -36.9013559 ], [ 174.8129271, -36.9013118 ], [ 174.813128, -36.9010594 ], [ 174.8135605, -36.9006425 ], [ 174.8136033, -36.9006628 ], [ 174.8137412, -36.9005821 ], [ 174.8137881, -36.9005408 ], [ 174.8138336, -36.9004674 ], [ 174.8139576, -36.9004021 ], [ 174.8140587, -36.9003621 ], [ 174.8141379, -36.9004005 ], [ 174.8143569, -36.900305 ], [ 174.8146088, -36.9001706 ], [ 174.8147053, -36.9001497 ], [ 174.8153859, -36.8999054 ], [ 174.8162584, -36.8995833 ], [ 174.8163083, -36.8995554 ], [ 174.8163863, -36.8991245 ], [ 174.8154935, -36.89902 ], [ 174.8157042, -36.8978556 ], [ 174.8147052, -36.8980187 ], [ 174.8148966, -36.897665 ], [ 174.8148551, -36.8976505 ], [ 174.8151005, -36.8971941 ], [ 174.8151241, -36.8972022 ], [ 174.8152811, -36.8969111 ], [ 174.8142694, -36.8965589 ], [ 174.8140763, -36.8964608 ], [ 174.8144225, -36.8958193 ], [ 174.8143269, -36.8955065 ], [ 174.8142554, -36.8953601 ], [ 174.81414, -36.8951755 ], [ 174.814071, -36.8950833 ], [ 174.8138427, -36.8948502 ], [ 174.8135555, -36.8946408 ], [ 174.8136483, -36.8944221 ], [ 174.8139019, -36.8940934 ], [ 174.813549, -36.8939281 ], [ 174.8131762, -36.8937983 ], [ 174.8132384, -36.8936831 ], [ 174.8130153, -36.8936054 ], [ 174.8127955, -36.8935921 ], [ 174.8126721, -36.8931836 ], [ 174.8131248, -36.8930999 ], [ 174.8133955, -36.8922442 ], [ 174.8122663, -36.8920695 ], [ 174.8120503, -36.8920136 ], [ 174.8121604, -36.8918094 ], [ 174.8121254, -36.8917383 ], [ 174.8110228, -36.891355 ], [ 174.810927, -36.8914002 ], [ 174.8105583, -36.891272 ], [ 174.8097334, -36.8913385 ], [ 174.809781, -36.8912499 ], [ 174.8091001, -36.8912567 ], [ 174.8090726, -36.8912478 ], [ 174.8087078, -36.8912753 ], [ 174.8086194, -36.8912925 ], [ 174.8082817, -36.8914067 ], [ 174.8079948, -36.8914715 ], [ 174.80784, -36.8914912 ], [ 174.8074152, -36.8914772 ], [ 174.8071023, -36.8914303 ], [ 174.8068019, -36.8913453 ], [ 174.8044178, -36.8902911 ], [ 174.803884, -36.8910969 ], [ 174.8046642, -36.8914492 ], [ 174.8040389, -36.8922224 ], [ 174.8040894, -36.892412 ], [ 174.8038845, -36.8926654 ], [ 174.8033961, -36.8933681 ], [ 174.8031017, -36.8936735 ], [ 174.8024925, -36.894427 ], [ 174.8023234, -36.8943035 ], [ 174.8013532, -36.8937974 ], [ 174.8005876, -36.8947481 ], [ 174.8004898, -36.8949117 ], [ 174.7998854, -36.8947003 ], [ 174.7998543, -36.8946998 ], [ 174.7998316, -36.8947169 ], [ 174.7998365, -36.8947507 ], [ 174.8016372, -36.8965975 ], [ 174.80152, -36.8966952 ], [ 174.8015325, -36.8968996 ], [ 174.8014926, -36.8969018 ], [ 174.8010205, -36.8975514 ], [ 174.8016317, -36.897838 ], [ 174.8010968, -36.898574 ], [ 174.8010103, -36.8986596 ], [ 174.8008335, -36.8988968 ], [ 174.8007415, -36.8989144 ], [ 174.8006086, -36.8988534 ], [ 174.8002811, -36.8992548 ], [ 174.800855, -36.8995232 ], [ 174.8006257, -36.8997827 ], [ 174.8010592, -36.8999852 ], [ 174.8011189, -36.8999022 ], [ 174.8015435, -36.9000988 ], [ 174.8017301, -36.9002021 ], [ 174.8011914, -36.9009523 ], [ 174.8011996, -36.9009773 ], [ 174.8018765, -36.9013005 ], [ 174.8021353, -36.9014712 ], [ 174.8021148, -36.9015623 ], [ 174.8026606, -36.9019527 ], [ 174.8025488, -36.9020619 ], [ 174.802151, -36.9021679 ] ] ], [ [ [ 174.690648, -36.9037691 ], [ 174.6906949, -36.90378 ], [ 174.690792, -36.9037741 ], [ 174.6910256, -36.903702 ], [ 174.6910467, -36.9036828 ], [ 174.6909639, -36.9035707 ], [ 174.6912388, -36.9034934 ], [ 174.6913087, -36.9037075 ], [ 174.6915816, -36.9037286 ], [ 174.6915564, -36.903653 ], [ 174.6916742, -36.903641 ], [ 174.6917626, -36.9036638 ], [ 174.6918178, -36.9036304 ], [ 174.6919419, -36.903621 ], [ 174.691954, -36.903657 ], [ 174.6924051, -36.9036289 ], [ 174.6927558, -36.9037757 ], [ 174.6928297, -36.9038442 ], [ 174.6930451, -36.9036425 ], [ 174.6931998, -36.9038337 ], [ 174.6932469, -36.903863 ], [ 174.6932581, -36.9038514 ], [ 174.6932554, -36.9038043 ], [ 174.6932837, -36.9037861 ], [ 174.6933095, -36.9037399 ], [ 174.693314, -36.9036623 ], [ 174.6933546, -36.9035658 ], [ 174.6933524, -36.9035316 ], [ 174.6933822, -36.9034875 ], [ 174.69344, -36.9034602 ], [ 174.693457, -36.9034552 ], [ 174.6934643, -36.9034631 ], [ 174.6935926, -36.9033706 ], [ 174.693702, -36.903386 ], [ 174.6937732, -36.9033755 ], [ 174.6938401, -36.9033979 ], [ 174.6938347, -36.9034156 ], [ 174.6937642, -36.9034305 ], [ 174.693739, -36.9034481 ], [ 174.6937435, -36.9034583 ], [ 174.6938799, -36.9034469 ], [ 174.6939837, -36.9034183 ], [ 174.6942098, -36.9032449 ], [ 174.6943092, -36.9031962 ], [ 174.69441, -36.903071 ], [ 174.6945621, -36.903024 ], [ 174.6946314, -36.903074 ], [ 174.6951905, -36.9031035 ], [ 174.6952534, -36.9031626 ], [ 174.6952228, -36.9035584 ], [ 174.6964849, -36.9036227 ], [ 174.6965787, -36.9037387 ], [ 174.6967245, -36.9037366 ], [ 174.6967237, -36.9037464 ], [ 174.6973221, -36.9037766 ], [ 174.6972985, -36.9040643 ], [ 174.697355, -36.9040878 ], [ 174.6974148, -36.9039919 ], [ 174.697818, -36.9041387 ], [ 174.6978866, -36.9039914 ], [ 174.6985923, -36.9042035 ], [ 174.69875, -36.9041385 ], [ 174.6989206, -36.9041 ], [ 174.6993026, -36.9041136 ], [ 174.6995128, -36.904183 ], [ 174.6996941, -36.9042929 ], [ 174.6998385, -36.9044416 ], [ 174.6999312, -36.9046214 ], [ 174.700673, -36.9045938 ], [ 174.7006447, -36.9041039 ], [ 174.7013888, -36.9040762 ], [ 174.7016187, -36.9040474 ], [ 174.7026414, -36.904007 ], [ 174.7026168, -36.9035574 ], [ 174.703628, -36.9035885 ], [ 174.70355, -36.9023137 ], [ 174.7042382, -36.9022933 ], [ 174.7042287, -36.9021368 ], [ 174.7047797, -36.9021152 ], [ 174.7047382, -36.9014889 ], [ 174.7046683, -36.901425 ], [ 174.7046656, -36.9012403 ], [ 174.7053617, -36.9013428 ], [ 174.7054256, -36.9012978 ], [ 174.7052423, -36.8983009 ], [ 174.7052802, -36.8981792 ], [ 174.7059468, -36.8982703 ], [ 174.7060613, -36.8977711 ], [ 174.7081871, -36.8980833 ], [ 174.7083938, -36.8978173 ], [ 174.7084508, -36.8977783 ], [ 174.7086469, -36.8977136 ], [ 174.7088381, -36.8975644 ], [ 174.7088852, -36.8974379 ], [ 174.7085378, -36.8970697 ], [ 174.7083822, -36.8970063 ], [ 174.7082012, -36.8969646 ], [ 174.7081053, -36.8969752 ], [ 174.7079741, -36.8970601 ], [ 174.7075377, -36.8972659 ], [ 174.7074361, -36.8973442 ], [ 174.7073596, -36.8973796 ], [ 174.7070486, -36.8974421 ], [ 174.7069586, -36.8974343 ], [ 174.7069012, -36.8974079 ], [ 174.7068096, -36.8971454 ], [ 174.7069933, -36.8969264 ], [ 174.7070493, -36.8967948 ], [ 174.7070923, -36.896732 ], [ 174.7071288, -36.8967129 ], [ 174.7072658, -36.8966801 ], [ 174.7073144, -36.8966509 ], [ 174.7073202, -36.8965406 ], [ 174.707353, -36.8964922 ], [ 174.7073534, -36.8964365 ], [ 174.7072938, -36.8963528 ], [ 174.7071329, -36.8962616 ], [ 174.7069817, -36.8961245 ], [ 174.7069575, -36.8960744 ], [ 174.7069757, -36.8960739 ], [ 174.7068811, -36.8959501 ], [ 174.7068107, -36.8959038 ], [ 174.7066427, -36.8958342 ], [ 174.7066184, -36.8958043 ], [ 174.7065704, -36.8956896 ], [ 174.7063593, -36.89554 ], [ 174.7062085, -36.8953815 ], [ 174.7061816, -36.8953128 ], [ 174.7061825, -36.8951719 ], [ 174.7061591, -36.8951401 ], [ 174.7060611, -36.8950761 ], [ 174.7060192, -36.8950649 ], [ 174.7059806, -36.8950738 ], [ 174.7058861, -36.8948788 ], [ 174.7055807, -36.8946569 ], [ 174.7058495, -36.8944179 ], [ 174.7054783, -36.8941342 ], [ 174.7053937, -36.8939332 ], [ 174.7052081, -36.8937942 ], [ 174.7050165, -36.8936876 ], [ 174.7048076, -36.8936045 ], [ 174.704586, -36.8935465 ], [ 174.7043562, -36.8935149 ], [ 174.7041947, -36.8935118 ], [ 174.7032874, -36.8931994 ], [ 174.703176, -36.8931913 ], [ 174.7031745, -36.8931338 ], [ 174.7032138, -36.8930138 ], [ 174.7032768, -36.8929334 ], [ 174.7033481, -36.8929091 ], [ 174.7035536, -36.8929228 ], [ 174.703596, -36.8928955 ], [ 174.7037545, -36.8927175 ], [ 174.7037281, -36.8927164 ], [ 174.7029776, -36.8919935 ], [ 174.7028757, -36.8918014 ], [ 174.7022378, -36.891825 ], [ 174.7020106, -36.8918082 ], [ 174.7019732, -36.8912133 ], [ 174.7019373, -36.891186 ], [ 174.7006159, -36.8911998 ], [ 174.7005263, -36.8897394 ], [ 174.699398, -36.8897838 ], [ 174.6994085, -36.8899527 ], [ 174.6991837, -36.8899729 ], [ 174.698053, -36.8900174 ], [ 174.698111, -36.8909214 ], [ 174.6981672, -36.8911008 ], [ 174.6963702, -36.891168 ], [ 174.6959464, -36.8918664 ], [ 174.6959194, -36.8919653 ], [ 174.6959118, -36.892101 ], [ 174.6954285, -36.8927879 ], [ 174.6950305, -36.8931812 ], [ 174.6950612, -36.8932808 ], [ 174.6941299, -36.8934667 ], [ 174.6939052, -36.893491 ], [ 174.6934702, -36.8935955 ], [ 174.6931119, -36.8938019 ], [ 174.6929565, -36.8937644 ], [ 174.6928357, -36.8937626 ], [ 174.692757, -36.8937767 ], [ 174.6924142, -36.8938822 ], [ 174.6925438, -36.8941339 ], [ 174.6921045, -36.8942713 ], [ 174.6921394, -36.894439 ], [ 174.6918185, -36.8944292 ], [ 174.691904, -36.894565 ], [ 174.6918517, -36.8945907 ], [ 174.6918993, -36.8946414 ], [ 174.6924753, -36.8955126 ], [ 174.6924867, -36.8956943 ], [ 174.6928656, -36.8957067 ], [ 174.6931637, -36.8957751 ], [ 174.6935289, -36.8959312 ], [ 174.6937511, -36.8960627 ], [ 174.6941869, -36.896486 ], [ 174.6943047, -36.8966259 ], [ 174.6944777, -36.8968888 ], [ 174.6946386, -36.897258 ], [ 174.6945962, -36.8979426 ], [ 174.6950177, -36.8979536 ], [ 174.6966036, -36.8972904 ], [ 174.6965941, -36.8974066 ], [ 174.6967202, -36.8975821 ], [ 174.6966591, -36.8976078 ], [ 174.6967389, -36.8977189 ], [ 174.6963042, -36.8978834 ], [ 174.6962131, -36.8978573 ], [ 174.6961513, -36.8978808 ], [ 174.6961806, -36.8979305 ], [ 174.6949902, -36.898386 ], [ 174.6952356, -36.898812 ], [ 174.6951723, -36.8988348 ], [ 174.6949252, -36.8984055 ], [ 174.6942888, -36.8986344 ], [ 174.6935998, -36.898924 ], [ 174.6931168, -36.899187 ], [ 174.693313, -36.8995043 ], [ 174.6932107, -36.8995412 ], [ 174.6930407, -36.899237 ], [ 174.6926828, -36.8993886 ], [ 174.6910312, -36.8999978 ], [ 174.6912718, -36.9004377 ], [ 174.6911892, -36.9004675 ], [ 174.6917628, -36.9014684 ], [ 174.6917466, -36.9014764 ], [ 174.691751, -36.9015081 ], [ 174.6916874, -36.9015288 ], [ 174.6916619, -36.9015562 ], [ 174.6916318, -36.9015515 ], [ 174.6916093, -36.9015612 ], [ 174.6915671, -36.9016392 ], [ 174.6915183, -36.9016694 ], [ 174.6916195, -36.9018133 ], [ 174.6910521, -36.9019836 ], [ 174.6910118, -36.9019931 ], [ 174.690975, -36.9019845 ], [ 174.690888, -36.9019875 ], [ 174.6906237, -36.9021158 ], [ 174.6904055, -36.9021585 ], [ 174.6903715, -36.9020555 ], [ 174.6903625, -36.9020557 ], [ 174.6902388, -36.9020865 ], [ 174.6900954, -36.902093 ], [ 174.6899566, -36.902082 ], [ 174.6898957, -36.9020911 ], [ 174.6898404, -36.9021253 ], [ 174.6897955, -36.9021282 ], [ 174.6897615, -36.9021553 ], [ 174.6897135, -36.9021536 ], [ 174.6895835, -36.9021856 ], [ 174.6895389, -36.9022224 ], [ 174.6895304, -36.9022676 ], [ 174.6894439, -36.9023608 ], [ 174.6894023, -36.9024333 ], [ 174.6893475, -36.9024826 ], [ 174.6893392, -36.9025323 ], [ 174.6893544, -36.9025697 ], [ 174.6894604, -36.9026532 ], [ 174.6895647, -36.9027676 ], [ 174.6896254, -36.9028068 ], [ 174.6899325, -36.9026343 ], [ 174.690069, -36.9028724 ], [ 174.6901308, -36.9029409 ], [ 174.6902561, -36.903006 ], [ 174.6903208, -36.9030804 ], [ 174.6904053, -36.9031303 ], [ 174.690476, -36.9032073 ], [ 174.6905122, -36.9032181 ], [ 174.6903403, -36.9032999 ], [ 174.6904, -36.9033435 ], [ 174.6904723, -36.9034648 ], [ 174.6905158, -36.9035718 ], [ 174.690648, -36.9037691 ] ] ], [ [ [ 174.6171226, -36.8799401 ], [ 174.6175348, -36.8800941 ], [ 174.6176217, -36.8801452 ], [ 174.617713, -36.8802241 ], [ 174.6180632, -36.8800133 ], [ 174.6181403, -36.8800776 ], [ 174.6185261, -36.8794168 ], [ 174.6189012, -36.8796128 ], [ 174.6192742, -36.8797418 ], [ 174.6195925, -36.8791482 ], [ 174.6198147, -36.8790228 ], [ 174.6199899, -36.8791683 ], [ 174.6202867, -36.8789373 ], [ 174.622186, -36.8805111 ], [ 174.6221562, -36.8805864 ], [ 174.6221421, -36.8806909 ], [ 174.6220997, -36.8807839 ], [ 174.6220685, -36.8808128 ], [ 174.6219166, -36.8808717 ], [ 174.6218554, -36.8809842 ], [ 174.6218451, -36.8811299 ], [ 174.6218541, -36.8811928 ], [ 174.6219154, -36.8812562 ], [ 174.6218691, -36.8814165 ], [ 174.6218894, -36.8815566 ], [ 174.6218543, -36.8816444 ], [ 174.621784, -36.8817338 ], [ 174.6217378, -36.8817561 ], [ 174.6216586, -36.8818754 ], [ 174.6216151, -36.8819085 ], [ 174.621508, -36.8819533 ], [ 174.6213476, -36.8819908 ], [ 174.6212937, -36.8820218 ], [ 174.6212475, -36.8820965 ], [ 174.6212397, -36.8821556 ], [ 174.6224118, -36.8823307 ], [ 174.6235755, -36.8826495 ], [ 174.6248609, -36.8832785 ], [ 174.6230796, -36.8870151 ], [ 174.6238595, -36.8873804 ], [ 174.6239188, -36.8873926 ], [ 174.624051, -36.8874563 ], [ 174.6244904, -36.8881054 ], [ 174.6241662, -36.8887284 ], [ 174.6248825, -36.8894206 ], [ 174.6249744, -36.8893676 ], [ 174.6253347, -36.8897163 ], [ 174.6254659, -36.8898656 ], [ 174.6264052, -36.8904923 ], [ 174.6265918, -36.8903117 ], [ 174.6271869, -36.8907162 ], [ 174.6272023, -36.8907015 ], [ 174.6296254, -36.8920273 ], [ 174.6297748, -36.891851 ], [ 174.6301851, -36.8920756 ], [ 174.6303811, -36.892168 ], [ 174.6302907, -36.8922747 ], [ 174.6307013, -36.892499 ], [ 174.6308235, -36.8923548 ], [ 174.6315565, -36.8927556 ], [ 174.63201, -36.892751 ], [ 174.6320142, -36.8928233 ], [ 174.6334345, -36.8927723 ], [ 174.633479, -36.8928675 ], [ 174.6335245, -36.8930393 ], [ 174.6335592, -36.8930356 ], [ 174.6336013, -36.8930916 ], [ 174.6336881, -36.8933293 ], [ 174.6336835, -36.8933525 ], [ 174.6335791, -36.8934156 ], [ 174.6335277, -36.8934324 ], [ 174.633437, -36.8934426 ], [ 174.6332592, -36.893412 ], [ 174.6330582, -36.8933604 ], [ 174.6328849, -36.893283 ], [ 174.632783, -36.8932795 ], [ 174.6325433, -36.8936132 ], [ 174.6324885, -36.8937408 ], [ 174.632011, -36.8937324 ], [ 174.6318116, -36.8937392 ], [ 174.6315775, -36.8938431 ], [ 174.6301328, -36.8930539 ], [ 174.6302708, -36.892891 ], [ 174.6299277, -36.8927036 ], [ 174.6267601, -36.8964383 ], [ 174.6255176, -36.8976153 ], [ 174.6258196, -36.8978197 ], [ 174.6256937, -36.8979389 ], [ 174.6260481, -36.8981788 ], [ 174.6252306, -36.898953 ], [ 174.6255008, -36.8991365 ], [ 174.6254372, -36.8991875 ], [ 174.6254531, -36.8992003 ], [ 174.6255213, -36.8991711 ], [ 174.6255232, -36.8992076 ], [ 174.625824, -36.8994119 ], [ 174.6256834, -36.8995453 ], [ 174.6257425, -36.8995853 ], [ 174.6254809, -36.8998338 ], [ 174.6258384, -36.9000764 ], [ 174.6257942, -36.9001184 ], [ 174.6262055, -36.9003976 ], [ 174.6263955, -36.900477 ], [ 174.6259424, -36.9010191 ], [ 174.6257642, -36.9011812 ], [ 174.6259529, -36.9013185 ], [ 174.6257608, -36.9019589 ], [ 174.625741, -36.9019808 ], [ 174.6257536, -36.9020269 ], [ 174.6257141, -36.9024036 ], [ 174.6256461, -36.9025646 ], [ 174.6255322, -36.9027171 ], [ 174.6254725, -36.9028729 ], [ 174.625462, -36.903208 ], [ 174.6254748, -36.9037424 ], [ 174.6254396, -36.9040776 ], [ 174.6253577, -36.9043413 ], [ 174.6253178, -36.904684 ], [ 174.6265819, -36.9051354 ], [ 174.6266665, -36.9051171 ], [ 174.627456, -36.9042392 ], [ 174.6276652, -36.9043091 ], [ 174.6282871, -36.9044379 ], [ 174.6286049, -36.9040333 ], [ 174.6281588, -36.9038072 ], [ 174.6280645, -36.9038244 ], [ 174.6282579, -36.9035781 ], [ 174.6282792, -36.9036539 ], [ 174.6287253, -36.90388 ], [ 174.6290315, -36.9034901 ], [ 174.6305696, -36.9020993 ], [ 174.6301753, -36.9018179 ], [ 174.6300788, -36.9018225 ], [ 174.6303196, -36.9016049 ], [ 174.6303253, -36.9016824 ], [ 174.6305434, -36.9018381 ], [ 174.6308283, -36.9016317 ], [ 174.6315848, -36.9017909 ], [ 174.6319026, -36.9007889 ], [ 174.6327931, -36.9009678 ], [ 174.6329419, -36.9007959 ], [ 174.6327224, -36.9007151 ], [ 174.6328712, -36.900388 ], [ 174.6326816, -36.9002998 ], [ 174.6327049, -36.9002916 ], [ 174.6330898, -36.9004706 ], [ 174.6331902, -36.9002497 ], [ 174.6355951, -36.9017835 ], [ 174.6358556, -36.9018642 ], [ 174.6366796, -36.9009895 ], [ 174.6367585, -36.900992 ], [ 174.6368631, -36.9009444 ], [ 174.6370263, -36.9008202 ], [ 174.6371982, -36.9008175 ], [ 174.6372924, -36.9007049 ], [ 174.6362581, -36.9000763 ], [ 174.6359182, -36.8992668 ], [ 174.6350345, -36.899506 ], [ 174.6348954, -36.8986686 ], [ 174.6346422, -36.8987372 ], [ 174.6345676, -36.8985594 ], [ 174.6346539, -36.898536 ], [ 174.6346357, -36.8984927 ], [ 174.6345758, -36.8985089 ], [ 174.6345144, -36.8983626 ], [ 174.635434, -36.8981133 ], [ 174.6354962, -36.8982618 ], [ 174.6373252, -36.8977667 ], [ 174.6375781, -36.8977149 ], [ 174.6378363, -36.8974822 ], [ 174.6380254, -36.8971786 ], [ 174.6378133, -36.8970267 ], [ 174.6381731, -36.8967134 ], [ 174.6380505, -36.8966316 ], [ 174.6379411, -36.8966393 ], [ 174.637832, -36.8965614 ], [ 174.6376204, -36.8967514 ], [ 174.6371057, -36.8964665 ], [ 174.6362727, -36.8957981 ], [ 174.6361578, -36.8959109 ], [ 174.6358695, -36.8961174 ], [ 174.6358475, -36.8960877 ], [ 174.6374194, -36.8946728 ], [ 174.6377046, -36.894532 ], [ 174.6378145, -36.8945644 ], [ 174.6377659, -36.8942508 ], [ 174.6375645, -36.894271 ], [ 174.637534, -36.8940725 ], [ 174.6373897, -36.8940868 ], [ 174.6373551, -36.8938633 ], [ 174.6370828, -36.8938904 ], [ 174.6368973, -36.8937824 ], [ 174.6361457, -36.8935596 ], [ 174.6358891, -36.8935852 ], [ 174.6357963, -36.8929829 ], [ 174.6351238, -36.8930506 ], [ 174.6351176, -36.8930104 ], [ 174.6339221, -36.8931305 ], [ 174.633865, -36.8929819 ], [ 174.6344953, -36.8929185 ], [ 174.6343873, -36.8922176 ], [ 174.6347501, -36.8921819 ], [ 174.6346194, -36.8913385 ], [ 174.6360467, -36.8911953 ], [ 174.6360687, -36.8913371 ], [ 174.6361907, -36.8913302 ], [ 174.6362577, -36.891347 ], [ 174.6362911, -36.8913305 ], [ 174.6362556, -36.8912714 ], [ 174.636342, -36.8911845 ], [ 174.6363395, -36.8911665 ], [ 174.6385107, -36.8909485 ], [ 174.6387494, -36.8907795 ], [ 174.6390207, -36.8907154 ], [ 174.639299, -36.8904884 ], [ 174.638974, -36.8900416 ], [ 174.6394836, -36.8899217 ], [ 174.6393566, -36.8895738 ], [ 174.640861, -36.8892189 ], [ 174.6405812, -36.8884501 ], [ 174.6409474, -36.8883638 ], [ 174.6409393, -36.8883419 ], [ 174.6415056, -36.8882763 ], [ 174.641332, -36.8878009 ], [ 174.6415152, -36.8875679 ], [ 174.6408163, -36.8866004 ], [ 174.6416829, -36.8861957 ], [ 174.6419178, -36.8865207 ], [ 174.6426603, -36.886174 ], [ 174.642881, -36.8864794 ], [ 174.643167, -36.8863459 ], [ 174.6434334, -36.886584 ], [ 174.6438276, -36.8864677 ], [ 174.6438258, -36.8864478 ], [ 174.6441328, -36.8864304 ], [ 174.6441043, -36.886197 ], [ 174.6441373, -36.8858389 ], [ 174.6440355, -36.8846756 ], [ 174.6442088, -36.8845505 ], [ 174.6453337, -36.8846533 ], [ 174.645344, -36.8846265 ], [ 174.6447103, -36.8845686 ], [ 174.6447344, -36.8843982 ], [ 174.6449692, -36.8844196 ], [ 174.6449946, -36.8842394 ], [ 174.6446637, -36.8842092 ], [ 174.6446993, -36.883956 ], [ 174.6449289, -36.8838633 ], [ 174.6449971, -36.8838616 ], [ 174.6450058, -36.8837991 ], [ 174.6448359, -36.8837836 ], [ 174.6446715, -36.8834015 ], [ 174.6446858, -36.8834028 ], [ 174.6447324, -36.8831037 ], [ 174.6456253, -36.8831847 ], [ 174.6456279, -36.8831667 ], [ 174.6451502, -36.8831234 ], [ 174.6452095, -36.8827 ], [ 174.6451353, -36.8825109 ], [ 174.645282, -36.8816263 ], [ 174.6454674, -36.8803293 ], [ 174.6455087, -36.8803328 ], [ 174.6455301, -36.880169 ], [ 174.6440584, -36.8800444 ], [ 174.6440423, -36.8796608 ], [ 174.6438758, -36.8795116 ], [ 174.6438081, -36.8795387 ], [ 174.6436388, -36.8794593 ], [ 174.6437301, -36.8792923 ], [ 174.6440081, -36.8775036 ], [ 174.6436334, -36.8773392 ], [ 174.6438059, -36.877102 ], [ 174.6432915, -36.8768607 ], [ 174.6430847, -36.8767853 ], [ 174.643248, -36.8765608 ], [ 174.6424549, -36.8761935 ], [ 174.6421782, -36.8758562 ], [ 174.6419044, -36.8751047 ], [ 174.6426291, -36.8744123 ], [ 174.6388488, -36.8718559 ], [ 174.6385477, -36.8719862 ], [ 174.63851, -36.8719765 ], [ 174.6381371, -36.8720077 ], [ 174.6380013, -36.872003 ], [ 174.6378638, -36.8719733 ], [ 174.6377533, -36.8719279 ], [ 174.6373972, -36.8716916 ], [ 174.6367761, -36.8722814 ], [ 174.6367516, -36.8722647 ], [ 174.6365857, -36.8724212 ], [ 174.6366385, -36.8724553 ], [ 174.6363795, -36.8727145 ], [ 174.6362807, -36.8728416 ], [ 174.636142, -36.8727522 ], [ 174.6357416, -36.8731536 ], [ 174.6354645, -36.8729758 ], [ 174.6354648, -36.8727388 ], [ 174.6351011, -36.8715886 ], [ 174.6352294, -36.8712231 ], [ 174.635057, -36.871106 ], [ 174.6350208, -36.8711021 ], [ 174.6350087, -36.8711206 ], [ 174.6349558, -36.871095 ], [ 174.6345317, -36.8710537 ], [ 174.6346205, -36.8707257 ], [ 174.6349916, -36.87012 ], [ 174.6350823, -36.8700357 ], [ 174.6347887, -36.8699196 ], [ 174.634764, -36.86996 ], [ 174.6344822, -36.8698486 ], [ 174.6343272, -36.8697752 ], [ 174.6344493, -36.8695759 ], [ 174.6345708, -36.8694624 ], [ 174.6344026, -36.8692493 ], [ 174.6343411, -36.8692807 ], [ 174.6341662, -36.8690604 ], [ 174.6339869, -36.8691517 ], [ 174.6336353, -36.8687289 ], [ 174.6335029, -36.8686626 ], [ 174.6329752, -36.8686161 ], [ 174.6329806, -36.8685758 ], [ 174.6298017, -36.8683203 ], [ 174.6298729, -36.8678334 ], [ 174.62931, -36.8677837 ], [ 174.6293298, -36.8676395 ], [ 174.628767, -36.8675898 ], [ 174.6286648, -36.8683322 ], [ 174.6283191, -36.8683163 ], [ 174.6273421, -36.8682308 ], [ 174.6271242, -36.8684831 ], [ 174.6268662, -36.8686862 ], [ 174.6269683, -36.8688103 ], [ 174.6270179, -36.8689422 ], [ 174.6270239, -36.86905 ], [ 174.6269939, -36.8692713 ], [ 174.6246082, -36.8690091 ], [ 174.6236497, -36.8689308 ], [ 174.6236804, -36.8687056 ], [ 174.6234638, -36.8686795 ], [ 174.6235049, -36.8683771 ], [ 174.6232304, -36.8683534 ], [ 174.6231827, -36.8687049 ], [ 174.6231352, -36.8688861 ], [ 174.6225479, -36.8688344 ], [ 174.6226137, -36.868354 ], [ 174.6226891, -36.8683053 ], [ 174.6223697, -36.8682772 ], [ 174.6224302, -36.8683378 ], [ 174.622365, -36.8688178 ], [ 174.6218936, -36.8687763 ], [ 174.6219213, -36.8685727 ], [ 174.6214237, -36.8685295 ], [ 174.6215339, -36.8677201 ], [ 174.6208844, -36.8676724 ], [ 174.6209113, -36.8674793 ], [ 174.6203731, -36.8674311 ], [ 174.6202479, -36.8683336 ], [ 174.6168107, -36.8680336 ], [ 174.6165451, -36.8681298 ], [ 174.6156344, -36.8688251 ], [ 174.6163109, -36.8694167 ], [ 174.6149284, -36.8706039 ], [ 174.614682, -36.870656 ], [ 174.6128033, -36.8714064 ], [ 174.6121577, -36.8719009 ], [ 174.6123769, -36.8720816 ], [ 174.6123371, -36.8721123 ], [ 174.6124966, -36.8722438 ], [ 174.6124921, -36.8723416 ], [ 174.6125367, -36.87235 ], [ 174.6126657, -36.872454 ], [ 174.6127287, -36.8725482 ], [ 174.6132252, -36.8729671 ], [ 174.6127248, -36.8733536 ], [ 174.6127229, -36.8734301 ], [ 174.6131422, -36.8737805 ], [ 174.6132116, -36.8738565 ], [ 174.613256, -36.8739385 ], [ 174.6132203, -36.8743373 ], [ 174.6131851, -36.8743652 ], [ 174.6130802, -36.8748436 ], [ 174.6133158, -36.8748599 ], [ 174.61364, -36.8749142 ], [ 174.6139378, -36.8749916 ], [ 174.6142278, -36.8751025 ], [ 174.6144451, -36.8752153 ], [ 174.6147825, -36.8754441 ], [ 174.6151516, -36.8757909 ], [ 174.615473, -36.8760461 ], [ 174.6155657, -36.876094 ], [ 174.6157547, -36.8761662 ], [ 174.6163588, -36.8763005 ], [ 174.6163951, -36.8765003 ], [ 174.6162671, -36.8765356 ], [ 174.6160279, -36.8767746 ], [ 174.6164171, -36.876917 ], [ 174.61636, -36.876977 ], [ 174.6170172, -36.8771528 ], [ 174.6171868, -36.8772876 ], [ 174.6173091, -36.8771883 ], [ 174.6175994, -36.8774164 ], [ 174.6172436, -36.8775426 ], [ 174.6171342, -36.8776427 ], [ 174.6171042, -36.8778222 ], [ 174.617175, -36.8780167 ], [ 174.6170834, -36.878038 ], [ 174.616684, -36.8783579 ], [ 174.6166086, -36.8782986 ], [ 174.6163729, -36.8788941 ], [ 174.6164229, -36.8789111 ], [ 174.6162832, -36.879194 ], [ 174.6172757, -36.8795775 ], [ 174.6170998, -36.8798798 ], [ 174.6170994, -36.8799129 ], [ 174.6171226, -36.8799401 ] ] ], [ [ [ 174.7509374, -36.8758645 ], [ 174.7509363, -36.8758638 ], [ 174.7509366, -36.8758645 ], [ 174.7509374, -36.8758645 ] ] ], [ [ [ 174.610746, -36.8661129 ], [ 174.6107569, -36.8659269 ], [ 174.610814, -36.8656969 ], [ 174.6109882, -36.86532 ], [ 174.6110821, -36.8650387 ], [ 174.6111395, -36.8646967 ], [ 174.6111453, -36.8645737 ], [ 174.6111318, -36.8644734 ], [ 174.6110609, -36.8643212 ], [ 174.6109334, -36.8641922 ], [ 174.6108286, -36.8641293 ], [ 174.6103553, -36.8639008 ], [ 174.6101243, -36.863751 ], [ 174.6100438, -36.8636853 ], [ 174.6098426, -36.8638395 ], [ 174.6095855, -36.8635928 ], [ 174.609306, -36.8639663 ], [ 174.6091501, -36.8638166 ], [ 174.6089525, -36.8641339 ], [ 174.6090142, -36.8643108 ], [ 174.609413, -36.8647024 ], [ 174.6093757, -36.8647522 ], [ 174.6087505, -36.8641523 ], [ 174.6085372, -36.8646669 ], [ 174.6082431, -36.8649536 ], [ 174.608294, -36.8650058 ], [ 174.6059119, -36.8660399 ], [ 174.6057735, -36.8659466 ], [ 174.6056862, -36.8653185 ], [ 174.6058012, -36.8653062 ], [ 174.6057822, -36.8648095 ], [ 174.6057024, -36.864761 ], [ 174.6056798, -36.8646271 ], [ 174.6057511, -36.8645513 ], [ 174.6057153, -36.8643428 ], [ 174.6059692, -36.8643062 ], [ 174.6063057, -36.8642753 ], [ 174.6062897, -36.8642234 ], [ 174.6065857, -36.8641373 ], [ 174.6068115, -36.8640397 ], [ 174.6063727, -36.8636748 ], [ 174.6068283, -36.8633546 ], [ 174.6065079, -36.863058 ], [ 174.6063003, -36.8629026 ], [ 174.6058564, -36.862493 ], [ 174.6054883, -36.8627504 ], [ 174.6052337, -36.8627975 ], [ 174.6050453, -36.8624966 ], [ 174.6048797, -36.8622715 ], [ 174.6035654, -36.8608007 ], [ 174.6031017, -36.8610383 ], [ 174.6031483, -36.8611002 ], [ 174.6031451, -36.8611815 ], [ 174.6030859, -36.8612458 ], [ 174.6029894, -36.8612719 ], [ 174.6029241, -36.8612623 ], [ 174.6026925, -36.8611706 ], [ 174.6024558, -36.8612101 ], [ 174.6024006, -36.8610724 ], [ 174.6023597, -36.8609032 ], [ 174.6020955, -36.8609666 ], [ 174.6018962, -36.8609988 ], [ 174.6018597, -36.8608668 ], [ 174.6014864, -36.8609803 ], [ 174.6015159, -36.8610132 ], [ 174.6013248, -36.861066 ], [ 174.6011495, -36.8608701 ], [ 174.601047, -36.8610343 ], [ 174.6007164, -36.8610842 ], [ 174.6005073, -36.8611501 ], [ 174.600421, -36.860867 ], [ 174.6001527, -36.8609325 ], [ 174.5996102, -36.8613157 ], [ 174.599462, -36.8615314 ], [ 174.5994597, -36.8618991 ], [ 174.5993409, -36.8620727 ], [ 174.5992208, -36.8623859 ], [ 174.59912, -36.8629414 ], [ 174.5989211, -36.8629642 ], [ 174.5988478, -36.8631561 ], [ 174.5988958, -36.8634829 ], [ 174.5991106, -36.863492 ], [ 174.5990721, -36.8637684 ], [ 174.5988649, -36.8637775 ], [ 174.5988264, -36.8641005 ], [ 174.5988428, -36.8643725 ], [ 174.5981475, -36.864403 ], [ 174.5971525, -36.8643864 ], [ 174.5972846, -36.8649126 ], [ 174.5966149, -36.8650049 ], [ 174.5971538, -36.8673918 ], [ 174.59675, -36.8673981 ], [ 174.5955452, -36.8674754 ], [ 174.593418, -36.8676504 ], [ 174.5934375, -36.8679196 ], [ 174.5935313, -36.8679138 ], [ 174.5935337, -36.8680297 ], [ 174.5936423, -36.8681141 ], [ 174.5936604, -36.8683152 ], [ 174.5939299, -36.8682984 ], [ 174.5939684, -36.8686955 ], [ 174.5942152, -36.8686801 ], [ 174.5942839, -36.8693751 ], [ 174.5956138, -36.86929 ], [ 174.5956138, -36.8693008 ], [ 174.594367, -36.8693806 ], [ 174.5943624, -36.869585 ], [ 174.5956156, -36.8694965 ], [ 174.5956159, -36.8695341 ], [ 174.5958414, -36.869531 ], [ 174.5958418, -36.8695759 ], [ 174.5964058, -36.8695728 ], [ 174.596403, -36.8692494 ], [ 174.5973874, -36.869198 ], [ 174.5973834, -36.8692148 ], [ 174.5974193, -36.8692056 ], [ 174.5974216, -36.8691961 ], [ 174.5985106, -36.8691393 ], [ 174.5994953, -36.8735699 ], [ 174.5997335, -36.8733704 ], [ 174.5999165, -36.8734935 ], [ 174.6001337, -36.8736664 ], [ 174.6001005, -36.873694 ], [ 174.6003095, -36.8738605 ], [ 174.6004402, -36.8736474 ], [ 174.6006601, -36.8738224 ], [ 174.6009511, -36.8735864 ], [ 174.6011859, -36.8736415 ], [ 174.6012277, -36.8735105 ], [ 174.6012682, -36.8734549 ], [ 174.6014456, -36.8735326 ], [ 174.601707, -36.8736858 ], [ 174.6020392, -36.8732714 ], [ 174.6026885, -36.8728161 ], [ 174.602874, -36.8728299 ], [ 174.6031667, -36.872972 ], [ 174.603319, -36.8730848 ], [ 174.6035102, -36.8729329 ], [ 174.6038612, -36.8729074 ], [ 174.6041322, -36.8731275 ], [ 174.6047332, -36.8735785 ], [ 174.604759, -36.8735893 ], [ 174.6047977, -36.8735834 ], [ 174.6049617, -36.8736853 ], [ 174.604947, -36.8737072 ], [ 174.6049638, -36.8737498 ], [ 174.6050924, -36.8738453 ], [ 174.6052981, -36.8736785 ], [ 174.6061234, -36.8743361 ], [ 174.6086701, -36.8721103 ], [ 174.6088217, -36.8721813 ], [ 174.609147, -36.8719173 ], [ 174.6090877, -36.871594 ], [ 174.6091614, -36.8712654 ], [ 174.6088665, -36.8709948 ], [ 174.6091982, -36.8706295 ], [ 174.6094557, -36.8705315 ], [ 174.6095576, -36.8703659 ], [ 174.6093084, -36.8702021 ], [ 174.6089647, -36.8700902 ], [ 174.609346, -36.8688869 ], [ 174.611339, -36.8691795 ], [ 174.6113202, -36.8682856 ], [ 174.6108274, -36.868171 ], [ 174.6105876, -36.8678191 ], [ 174.6118476, -36.8670538 ], [ 174.6108116, -36.8669086 ], [ 174.6107836, -36.866579 ], [ 174.610713, -36.8665333 ], [ 174.6107107, -36.8663924 ], [ 174.6107633, -36.86634 ], [ 174.610746, -36.8661129 ] ] ], [ [ [ 174.5825884, -36.8684975 ], [ 174.5826099, -36.8684897 ], [ 174.5826224, -36.868446 ], [ 174.5827946, -36.868403 ], [ 174.5829782, -36.8683414 ], [ 174.5831737, -36.8682556 ], [ 174.5833299, -36.8681694 ], [ 174.5835866, -36.8683667 ], [ 174.5836786, -36.8685009 ], [ 174.5836762, -36.8685943 ], [ 174.5836482, -36.8686396 ], [ 174.5836668, -36.8686946 ], [ 174.5837469, -36.8687394 ], [ 174.5839444, -36.8687628 ], [ 174.5839768, -36.8687813 ], [ 174.583991, -36.8687702 ], [ 174.584303, -36.868944 ], [ 174.5843503, -36.8689151 ], [ 174.5879259, -36.869327 ], [ 174.5891218, -36.868454 ], [ 174.5891356, -36.8683577 ], [ 174.5888609, -36.8682351 ], [ 174.5864225, -36.8679548 ], [ 174.586435, -36.8673171 ], [ 174.5867442, -36.8673533 ], [ 174.5864032, -36.866981 ], [ 174.5871739, -36.8665271 ], [ 174.5873657, -36.8667373 ], [ 174.5877275, -36.8665242 ], [ 174.5870642, -36.8657975 ], [ 174.5873355, -36.8656376 ], [ 174.587004, -36.8652743 ], [ 174.586777, -36.865408 ], [ 174.5860868, -36.8644054 ], [ 174.5856427, -36.8644867 ], [ 174.5856078, -36.8643366 ], [ 174.5848312, -36.8644514 ], [ 174.5845964, -36.8634258 ], [ 174.5795925, -36.8641651 ], [ 174.5794812, -36.863681 ], [ 174.5795585, -36.8637179 ], [ 174.5798935, -36.8636297 ], [ 174.5799533, -36.8636043 ], [ 174.5798593, -36.8633137 ], [ 174.5794229, -36.863427 ], [ 174.5792089, -36.8634942 ], [ 174.5792689, -36.8637562 ], [ 174.5789343, -36.8640378 ], [ 174.5790697, -36.8646316 ], [ 174.5787272, -36.8649199 ], [ 174.5764272, -36.864922 ], [ 174.5764263, -36.8651034 ], [ 174.5762015, -36.8651035 ], [ 174.5757491, -36.864993 ], [ 174.5752624, -36.8649927 ], [ 174.5752646, -36.8637328 ], [ 174.5747775, -36.8637323 ], [ 174.5747778, -36.8635512 ], [ 174.5755087, -36.8635522 ], [ 174.5755098, -36.863019 ], [ 174.5739578, -36.863017 ], [ 174.5739542, -36.8649515 ], [ 174.5733028, -36.8650205 ], [ 174.5731768, -36.8649928 ], [ 174.5731759, -36.865532 ], [ 174.5732417, -36.8657345 ], [ 174.5734428, -36.8659997 ], [ 174.5737945, -36.8661996 ], [ 174.5738641, -36.8662529 ], [ 174.5739091, -36.8662511 ], [ 174.5737683, -36.8664709 ], [ 174.5734926, -36.8664814 ], [ 174.5731513, -36.8666205 ], [ 174.5729232, -36.8667849 ], [ 174.572189, -36.8677679 ], [ 174.5722009, -36.8678061 ], [ 174.57205, -36.8679541 ], [ 174.5718562, -36.8682135 ], [ 174.5716863, -36.868558 ], [ 174.5714758, -36.8690793 ], [ 174.5745636, -36.8691017 ], [ 174.574737, -36.8692364 ], [ 174.5764364, -36.8693116 ], [ 174.5762379, -36.8706567 ], [ 174.5785204, -36.8699607 ], [ 174.579494, -36.8693695 ], [ 174.5799887, -36.8693006 ], [ 174.5797697, -36.8689728 ], [ 174.5798681, -36.8689295 ], [ 174.58001, -36.8691418 ], [ 174.5800576, -36.8691568 ], [ 174.5802168, -36.869113 ], [ 174.5807647, -36.8690493 ], [ 174.5808138, -36.8690873 ], [ 174.5808834, -36.8691096 ], [ 174.5810495, -36.8691389 ], [ 174.5811852, -36.8691481 ], [ 174.5813888, -36.8691377 ], [ 174.5816187, -36.8690973 ], [ 174.58175, -36.8690854 ], [ 174.5820126, -36.8690821 ], [ 174.5823468, -36.8691014 ], [ 174.5826726, -36.8690783 ], [ 174.5827344, -36.869053 ], [ 174.5827813, -36.8690121 ], [ 174.5828043, -36.8689714 ], [ 174.5828116, -36.8689161 ], [ 174.5827945, -36.8688621 ], [ 174.5825884, -36.8684975 ] ] ], [ [ [ 174.7600566, -36.8725718 ], [ 174.7601586, -36.8723316 ], [ 174.7603953, -36.8723374 ], [ 174.7609809, -36.8724627 ], [ 174.7618645, -36.8724635 ], [ 174.7619696, -36.872154 ], [ 174.7623544, -36.8719543 ], [ 174.7630556, -36.87166 ], [ 174.7630709, -36.8716754 ], [ 174.7632028, -36.87162 ], [ 174.7633078, -36.8714087 ], [ 174.7633786, -36.8712141 ], [ 174.7638841, -36.8701967 ], [ 174.7640993, -36.8703046 ], [ 174.7635491, -36.871412 ], [ 174.7637231, -36.8716293 ], [ 174.7649801, -36.8721452 ], [ 174.7654032, -36.8726477 ], [ 174.7657059, -36.8727793 ], [ 174.7664172, -36.8725129 ], [ 174.7665533, -36.872663 ], [ 174.7665672, -36.8726578 ], [ 174.7672303, -36.8736071 ], [ 174.7676466, -36.8734894 ], [ 174.768147, -36.8732731 ], [ 174.7681586, -36.8732368 ], [ 174.7688672, -36.8729308 ], [ 174.7690963, -36.8728829 ], [ 174.7696017, -36.8735253 ], [ 174.7703555, -36.8743065 ], [ 174.7703911, -36.8744975 ], [ 174.7703821, -36.8745078 ], [ 174.7705847, -36.8761319 ], [ 174.772983, -36.8765315 ], [ 174.7730234, -36.8765102 ], [ 174.7730944, -36.8765424 ], [ 174.7732221, -36.8766317 ], [ 174.7725559, -36.8792269 ], [ 174.7725996, -36.8792806 ], [ 174.7755605, -36.8797842 ], [ 174.7753354, -36.8807617 ], [ 174.7758032, -36.880859 ], [ 174.7760412, -36.8808846 ], [ 174.7760178, -36.8811578 ], [ 174.7769944, -36.8813002 ], [ 174.7770561, -36.8810147 ], [ 174.7773178, -36.8808618 ], [ 174.7773127, -36.8808845 ], [ 174.7785229, -36.8810583 ], [ 174.7784987, -36.8812387 ], [ 174.7784167, -36.8815954 ], [ 174.7787762, -36.8817029 ], [ 174.7786486, -36.8822591 ], [ 174.7782891, -36.8821515 ], [ 174.7782768, -36.8822049 ], [ 174.7786363, -36.8823125 ], [ 174.7793634, -36.8825653 ], [ 174.7794544, -36.8824695 ], [ 174.7797604, -36.882354 ], [ 174.7800309, -36.882296 ], [ 174.7802255, -36.8822946 ], [ 174.7804018, -36.8818024 ], [ 174.7805079, -36.8818342 ], [ 174.7804143, -36.8820948 ], [ 174.7803985, -36.8824112 ], [ 174.7808981, -36.8827679 ], [ 174.7810302, -36.8830551 ], [ 174.7810896, -36.88297 ], [ 174.781624, -36.8831327 ], [ 174.781243, -36.8840176 ], [ 174.7805654, -36.8844485 ], [ 174.7812744, -36.8849048 ], [ 174.7812062, -36.8849482 ], [ 174.780591, -36.8845577 ], [ 174.7804999, -36.8845548 ], [ 174.7800766, -36.8848234 ], [ 174.7799744, -36.8845555 ], [ 174.7794736, -36.8844958 ], [ 174.7793743, -36.8841445 ], [ 174.779339, -36.8841899 ], [ 174.7792352, -36.8854021 ], [ 174.7803364, -36.8855052 ], [ 174.7805191, -36.8856212 ], [ 174.7799449, -36.885989 ], [ 174.7810268, -36.8868875 ], [ 174.7835959, -36.8874373 ], [ 174.7838459, -36.8874808 ], [ 174.7838802, -36.8874982 ], [ 174.7842799, -36.887582 ], [ 174.7845979, -36.887549 ], [ 174.7847681, -36.8875167 ], [ 174.7849626, -36.8874582 ], [ 174.7851955, -36.8873571 ], [ 174.785266, -36.8873365 ], [ 174.785359, -36.8873267 ], [ 174.785463, -36.8873373 ], [ 174.7860284, -36.8875408 ], [ 174.7862439, -36.8875984 ], [ 174.7871401, -36.8881036 ], [ 174.7878012, -36.8873468 ], [ 174.7880655, -36.8875191 ], [ 174.7886199, -36.8878313 ], [ 174.788885, -36.8875275 ], [ 174.7899903, -36.8883384 ], [ 174.7894805, -36.8887874 ], [ 174.7901474, -36.8892756 ], [ 174.790358, -36.8893587 ], [ 174.7889891, -36.8905642 ], [ 174.7917996, -36.8926261 ], [ 174.79278, -36.8935919 ], [ 174.793184, -36.894028 ], [ 174.7935333, -36.8944936 ], [ 174.7943477, -36.8941445 ], [ 174.7946614, -36.8938674 ], [ 174.7948244, -36.8939935 ], [ 174.7948425, -36.8939774 ], [ 174.7953433, -36.8943434 ], [ 174.7954174, -36.8942778 ], [ 174.7959194, -36.8946435 ], [ 174.7966085, -36.8940342 ], [ 174.7967641, -36.894166 ], [ 174.79677, -36.8941608 ], [ 174.7974381, -36.8946483 ], [ 174.7983056, -36.8948856 ], [ 174.798612, -36.8941608 ], [ 174.7993132, -36.894125 ], [ 174.7997667, -36.8936576 ], [ 174.7992743, -36.8932976 ], [ 174.7992393, -36.8933309 ], [ 174.7987453, -36.8929693 ], [ 174.7985901, -36.8928372 ], [ 174.7998191, -36.8917528 ], [ 174.7998523, -36.8917345 ], [ 174.799938, -36.8918398 ], [ 174.8002611, -36.8920761 ], [ 174.8003094, -36.8920743 ], [ 174.800643, -36.8917802 ], [ 174.8012927, -36.8914254 ], [ 174.8015463, -36.8914162 ], [ 174.8018849, -36.8914927 ], [ 174.8020472, -36.8915681 ], [ 174.8014516, -36.8903288 ], [ 174.8010808, -36.8900711 ], [ 174.8014528, -36.8894332 ], [ 174.8014859, -36.8893289 ], [ 174.8011892, -36.8892082 ], [ 174.800793, -36.8890282 ], [ 174.8011731, -36.8887148 ], [ 174.8012423, -36.8886279 ], [ 174.8011775, -36.888332 ], [ 174.8011531, -36.8881172 ], [ 174.8012632, -36.8880016 ], [ 174.8012795, -36.887937 ], [ 174.80125, -36.8878576 ], [ 174.8013434, -36.8877503 ], [ 174.8014133, -36.8876276 ], [ 174.801581, -36.8876743 ], [ 174.8016339, -36.8876521 ], [ 174.8020193, -36.8870023 ], [ 174.8019871, -36.8869599 ], [ 174.8013642, -36.886719 ], [ 174.8013407, -36.8865785 ], [ 174.8013935, -36.8865024 ], [ 174.8016449, -36.8863539 ], [ 174.8024583, -36.8864088 ], [ 174.8024362, -36.8863847 ], [ 174.8027216, -36.8864181 ], [ 174.8036843, -36.8862731 ], [ 174.8030682, -36.885601 ], [ 174.8029164, -36.8853783 ], [ 174.803726, -36.8848997 ], [ 174.8032801, -36.8844132 ], [ 174.8027275, -36.884346 ], [ 174.802724, -36.8843627 ], [ 174.8019492, -36.8842433 ], [ 174.8017251, -36.8842249 ], [ 174.8010969, -36.8841271 ], [ 174.8010373, -36.8844885 ], [ 174.7996615, -36.8843589 ], [ 174.7996245, -36.8843048 ], [ 174.7989065, -36.8839633 ], [ 174.7988043, -36.8842591 ], [ 174.7985941, -36.8841927 ], [ 174.7981808, -36.8840023 ], [ 174.7982126, -36.8839665 ], [ 174.7980149, -36.8838621 ], [ 174.7976329, -36.8842798 ], [ 174.7967385, -36.8847665 ], [ 174.7965286, -36.8849269 ], [ 174.7956334, -36.8854039 ], [ 174.7958262, -36.8856359 ], [ 174.7949193, -36.8861206 ], [ 174.794912, -36.8865225 ], [ 174.7952655, -36.8869002 ], [ 174.7951805, -36.8871109 ], [ 174.7948324, -36.8875442 ], [ 174.794425, -36.8879538 ], [ 174.7936762, -36.8875635 ], [ 174.7930759, -36.8872692 ], [ 174.7930547, -36.8872902 ], [ 174.791473, -36.8864918 ], [ 174.7907401, -36.885976 ], [ 174.7904605, -36.8858296 ], [ 174.7901588, -36.8855953 ], [ 174.7897601, -36.8853777 ], [ 174.7895477, -36.8851713 ], [ 174.7890293, -36.8848296 ], [ 174.7888631, -36.8846973 ], [ 174.7888969, -36.8846494 ], [ 174.7884537, -36.8842898 ], [ 174.7888269, -36.8838312 ], [ 174.7897375, -36.8825414 ], [ 174.7902282, -36.882765 ], [ 174.790719, -36.8820698 ], [ 174.7908567, -36.8821196 ], [ 174.7909816, -36.8821177 ], [ 174.7919411, -36.882555 ], [ 174.7923835, -36.8819318 ], [ 174.7927132, -36.881266 ], [ 174.7928107, -36.8811019 ], [ 174.7937172, -36.8813914 ], [ 174.7942183, -36.8815319 ], [ 174.794262, -36.881515 ], [ 174.7947067, -36.8804958 ], [ 174.7919287, -36.8796101 ], [ 174.7917942, -36.8793621 ], [ 174.7918237, -36.8793391 ], [ 174.7920573, -36.8788568 ], [ 174.7921153, -36.8781983 ], [ 174.7921277, -36.8781606 ], [ 174.7917339, -36.8780878 ], [ 174.7914969, -36.878108 ], [ 174.7912661, -36.8780932 ], [ 174.7910481, -36.8780452 ], [ 174.7908414, -36.8779666 ], [ 174.7906619, -36.8778601 ], [ 174.7905806, -36.8777962 ], [ 174.7904404, -36.8776499 ], [ 174.7903828, -36.877568 ], [ 174.7903024, -36.8774096 ], [ 174.7900911, -36.8772687 ], [ 174.7898084, -36.8776038 ], [ 174.7892993, -36.8777195 ], [ 174.7894262, -36.8780686 ], [ 174.7895314, -36.8782335 ], [ 174.7898133, -36.8785603 ], [ 174.789627, -36.8786682 ], [ 174.7895543, -36.8787331 ], [ 174.7884018, -36.8786945 ], [ 174.7879161, -36.8789693 ], [ 174.7875894, -36.8790938 ], [ 174.78724, -36.8795635 ], [ 174.7868104, -36.880185 ], [ 174.7867793, -36.8802276 ], [ 174.7867629, -36.8802316 ], [ 174.7859188, -36.8796275 ], [ 174.7850523, -36.8790281 ], [ 174.7840728, -36.8782458 ], [ 174.7837326, -36.8778804 ], [ 174.7833712, -36.8780975 ], [ 174.7833224, -36.8780435 ], [ 174.7836827, -36.877827 ], [ 174.7833646, -36.8774832 ], [ 174.7843192, -36.8763861 ], [ 174.7838589, -36.8761237 ], [ 174.7839558, -36.8760126 ], [ 174.7844205, -36.8762766 ], [ 174.7846763, -36.8759754 ], [ 174.7851343, -36.8762331 ], [ 174.7853699, -36.8759628 ], [ 174.7856378, -36.875524 ], [ 174.7850615, -36.8752787 ], [ 174.7848733, -36.8751716 ], [ 174.7848801, -36.8748576 ], [ 174.7849206, -36.8748097 ], [ 174.7851647, -36.8741576 ], [ 174.7852944, -36.8736146 ], [ 174.7855352, -36.8727268 ], [ 174.7850882, -36.8726422 ], [ 174.7851002, -36.872555 ], [ 174.7849193, -36.8724297 ], [ 174.7848548, -36.8722615 ], [ 174.7846916, -36.8723171 ], [ 174.7845544, -36.8722379 ], [ 174.7845101, -36.8721859 ], [ 174.7844109, -36.8721418 ], [ 174.7841689, -36.8721091 ], [ 174.7841043, -36.8720633 ], [ 174.7838208, -36.8720014 ], [ 174.7836299, -36.8717974 ], [ 174.783616, -36.8717873 ], [ 174.7836066, -36.8717923 ], [ 174.7834152, -36.871628 ], [ 174.7834261, -36.8716214 ], [ 174.7832919, -36.8715001 ], [ 174.7831531, -36.871409 ], [ 174.7830634, -36.8711223 ], [ 174.7829492, -36.8709669 ], [ 174.7829455, -36.8709364 ], [ 174.7828241, -36.8708524 ], [ 174.7827993, -36.8708081 ], [ 174.7828055, -36.8707287 ], [ 174.7828392, -36.8706739 ], [ 174.782911, -36.8706037 ], [ 174.782936, -36.8705576 ], [ 174.7829543, -36.8704852 ], [ 174.7829528, -36.8703944 ], [ 174.7828624, -36.8701722 ], [ 174.7828677, -36.87012 ], [ 174.7827982, -36.8699973 ], [ 174.7827925, -36.8699692 ], [ 174.7828087, -36.8699643 ], [ 174.782794, -36.8699262 ], [ 174.7827213, -36.8698569 ], [ 174.7827328, -36.8697782 ], [ 174.7827028, -36.869709 ], [ 174.7826614, -36.8696532 ], [ 174.7825959, -36.8696144 ], [ 174.7825739, -36.8695802 ], [ 174.7825548, -36.8694965 ], [ 174.7825519, -36.869357 ], [ 174.7837132, -36.869386 ], [ 174.7837265, -36.8688971 ], [ 174.784406, -36.86891 ], [ 174.7844097, -36.8687562 ], [ 174.7844368, -36.8687568 ], [ 174.7846263, -36.8686261 ], [ 174.7846888, -36.8685438 ], [ 174.7846946, -36.8683283 ], [ 174.784719, -36.8683355 ], [ 174.7847464, -36.8681909 ], [ 174.7847395, -36.8679555 ], [ 174.784346, -36.8679629 ], [ 174.7841681, -36.8672461 ], [ 174.7847492, -36.8667755 ], [ 174.7847565, -36.8667815 ], [ 174.784853, -36.8666648 ], [ 174.78504, -36.8668208 ], [ 174.7851296, -36.8669425 ], [ 174.7854425, -36.8667758 ], [ 174.7854294, -36.8667636 ], [ 174.7857223, -36.8665112 ], [ 174.7854921, -36.8663361 ], [ 174.7850537, -36.865959 ], [ 174.7845366, -36.8663663 ], [ 174.7836898, -36.8656542 ], [ 174.7835234, -36.8657125 ], [ 174.7833605, -36.8657952 ], [ 174.7832885, -36.8657349 ], [ 174.7832605, -36.8657434 ], [ 174.7831661, -36.8658321 ], [ 174.7831566, -36.8658258 ], [ 174.78308, -36.865907 ], [ 174.7830598, -36.865985 ], [ 174.782978, -36.8660643 ], [ 174.7828922, -36.8660976 ], [ 174.7828694, -36.8661203 ], [ 174.782807, -36.866147 ], [ 174.7826604, -36.8661229 ], [ 174.7814774, -36.865299 ], [ 174.781433, -36.865298 ], [ 174.7814296, -36.8652827 ], [ 174.7814668, -36.8652792 ], [ 174.7816656, -36.865092 ], [ 174.7824905, -36.8642837 ], [ 174.7825317, -36.8641948 ], [ 174.783382, -36.8634124 ], [ 174.7834345, -36.8634296 ], [ 174.7833662, -36.8638761 ], [ 174.7833964, -36.863898 ], [ 174.7851228, -36.8640682 ], [ 174.7851836, -36.8636704 ], [ 174.7850385, -36.8634135 ], [ 174.7863624, -36.8625135 ], [ 174.7852195, -36.8614877 ], [ 174.7856158, -36.8608891 ], [ 174.7852059, -36.8603632 ], [ 174.7846795, -36.8604866 ], [ 174.7846702, -36.8604602 ], [ 174.7852238, -36.8603303 ], [ 174.7855957, -36.860049 ], [ 174.7849523, -36.859628 ], [ 174.785451, -36.8592731 ], [ 174.7841721, -36.8585351 ], [ 174.7838733, -36.8584585 ], [ 174.7833542, -36.8577778 ], [ 174.7831982, -36.8577493 ], [ 174.7831926, -36.8574925 ], [ 174.7830883, -36.8574844 ], [ 174.7834217, -36.8570947 ], [ 174.7833854, -36.8570921 ], [ 174.7833388, -36.8569983 ], [ 174.7834316, -36.8564224 ], [ 174.7841081, -36.8563075 ], [ 174.7844015, -36.8561425 ], [ 174.7846515, -36.8558259 ], [ 174.7849624, -36.8561924 ], [ 174.7850281, -36.8561573 ], [ 174.7850349, -36.8561652 ], [ 174.7851245, -36.8561172 ], [ 174.7851176, -36.8561092 ], [ 174.7855947, -36.8558536 ], [ 174.7858746, -36.8564576 ], [ 174.7861048, -36.8567348 ], [ 174.786122, -36.8567211 ], [ 174.7865098, -36.8571667 ], [ 174.7867042, -36.8572779 ], [ 174.7864672, -36.8574609 ], [ 174.7861325, -36.857619 ], [ 174.7870823, -36.8584704 ], [ 174.7873435, -36.8582862 ], [ 174.7874127, -36.8583522 ], [ 174.7876703, -36.8581742 ], [ 174.78755, -36.8580514 ], [ 174.7881335, -36.8576582 ], [ 174.7879335, -36.8574464 ], [ 174.7880481, -36.8572624 ], [ 174.7891107, -36.8557447 ], [ 174.7892295, -36.8557349 ], [ 174.7893941, -36.8557829 ], [ 174.7894136, -36.8558646 ], [ 174.7900254, -36.8560552 ], [ 174.7900555, -36.8559722 ], [ 174.7904397, -36.8561423 ], [ 174.7904657, -36.856111 ], [ 174.7905041, -36.8560895 ], [ 174.7908311, -36.8559981 ], [ 174.7908851, -36.8559479 ], [ 174.791019, -36.855644 ], [ 174.7910105, -36.8555965 ], [ 174.7908464, -36.8552199 ], [ 174.7908503, -36.8551616 ], [ 174.7911177, -36.854792 ], [ 174.7915093, -36.8541605 ], [ 174.7916287, -36.8540305 ], [ 174.792222, -36.8542892 ], [ 174.7924466, -36.8541254 ], [ 174.7925795, -36.8541778 ], [ 174.7926339, -36.8540889 ], [ 174.7929419, -36.8540811 ], [ 174.7932049, -36.8539547 ], [ 174.79319, -36.8537421 ], [ 174.7931704, -36.8536612 ], [ 174.7931239, -36.8535752 ], [ 174.7930856, -36.8535516 ], [ 174.7930522, -36.8535108 ], [ 174.7930145, -36.8533436 ], [ 174.7927846, -36.8531557 ], [ 174.792665, -36.8530408 ], [ 174.7926076, -36.8529572 ], [ 174.7925328, -36.8528896 ], [ 174.7924775, -36.852806 ], [ 174.7924495, -36.8527002 ], [ 174.7922727, -36.8525666 ], [ 174.7922233, -36.8525091 ], [ 174.7921601, -36.8524226 ], [ 174.7921459, -36.8523823 ], [ 174.7921558, -36.8523142 ], [ 174.792178, -36.852301 ], [ 174.792205, -36.8523074 ], [ 174.7921979, -36.8522704 ], [ 174.792174, -36.8522307 ], [ 174.7919647, -36.8520356 ], [ 174.7919349, -36.8519651 ], [ 174.7918966, -36.8519341 ], [ 174.7918818, -36.8518874 ], [ 174.7918632, -36.8515873 ], [ 174.7918419, -36.8514804 ], [ 174.7918632, -36.8513933 ], [ 174.7919555, -36.8512899 ], [ 174.7919701, -36.8512332 ], [ 174.7919818, -36.8510723 ], [ 174.7919561, -36.8508974 ], [ 174.792023, -36.850713 ], [ 174.7920981, -36.850596 ], [ 174.7921505, -36.8505525 ], [ 174.7922006, -36.8504776 ], [ 174.7922266, -36.8502866 ], [ 174.7922216, -36.8501662 ], [ 174.7922323, -36.8500927 ], [ 174.7922895, -36.8498713 ], [ 174.792323, -36.8498003 ], [ 174.7923629, -36.8496595 ], [ 174.7923638, -36.8495838 ], [ 174.7924268, -36.8494494 ], [ 174.7924798, -36.8492582 ], [ 174.7924651, -36.8491347 ], [ 174.7924009, -36.8490596 ], [ 174.7922986, -36.8489842 ], [ 174.7921605, -36.8489131 ], [ 174.791126, -36.8487998 ], [ 174.7910407, -36.8492475 ], [ 174.7909985, -36.8492866 ], [ 174.7899584, -36.8497544 ], [ 174.7895316, -36.8497243 ], [ 174.7892425, -36.8497517 ], [ 174.7890272, -36.8497588 ], [ 174.7887962, -36.8498085 ], [ 174.7887313, -36.8498352 ], [ 174.788666, -36.8499039 ], [ 174.7886277, -36.8499271 ], [ 174.7885214, -36.8499357 ], [ 174.7883911, -36.8498915 ], [ 174.7879226, -36.8496138 ], [ 174.7878319, -36.8495247 ], [ 174.7877631, -36.8494294 ], [ 174.7876641, -36.8493768 ], [ 174.7877072, -36.8493243 ], [ 174.7876213, -36.8491433 ], [ 174.7874869, -36.8490472 ], [ 174.7874303, -36.8489612 ], [ 174.7874126, -36.8489483 ], [ 174.7873367, -36.8489326 ], [ 174.7873218, -36.8489088 ], [ 174.7873233, -36.8488549 ], [ 174.787298, -36.8487612 ], [ 174.787271, -36.8487278 ], [ 174.7871847, -36.8486851 ], [ 174.787111, -36.8485345 ], [ 174.7870507, -36.8485034 ], [ 174.7870307, -36.8484609 ], [ 174.7869655, -36.8484099 ], [ 174.7868947, -36.8483832 ], [ 174.7868533, -36.8483522 ], [ 174.7871581, -36.8483398 ], [ 174.7871624, -36.8483265 ], [ 174.7872478, -36.8482925 ], [ 174.7876441, -36.8482442 ], [ 174.7878872, -36.8481983 ], [ 174.788148, -36.8481905 ], [ 174.7887838, -36.8481482 ], [ 174.7889394, -36.8481478 ], [ 174.7892907, -36.8481194 ], [ 174.7896615, -36.8481081 ], [ 174.7900017, -36.8481183 ], [ 174.7904865, -36.8481726 ], [ 174.7910472, -36.848295 ], [ 174.7914113, -36.8484069 ], [ 174.7918416, -36.848587 ], [ 174.7920904, -36.8487032 ], [ 174.7923479, -36.848841 ], [ 174.79254, -36.848969 ], [ 174.7927327, -36.8491219 ], [ 174.7930235, -36.8493734 ], [ 174.7933615, -36.8497012 ], [ 174.7935299, -36.8498352 ], [ 174.7935784, -36.8498614 ], [ 174.7936308, -36.849853 ], [ 174.7937132, -36.849794 ], [ 174.7938528, -36.8497207 ], [ 174.7939349, -36.8496483 ], [ 174.7939484, -36.8496115 ], [ 174.7938353, -36.8494929 ], [ 174.7930343, -36.848781 ], [ 174.7925577, -36.8484634 ], [ 174.7921518, -36.8482411 ], [ 174.7918922, -36.8481266 ], [ 174.7914671, -36.8479624 ], [ 174.7910396, -36.8478422 ], [ 174.7908051, -36.8477931 ], [ 174.7905284, -36.8477459 ], [ 174.7900771, -36.8476915 ], [ 174.7897859, -36.8476748 ], [ 174.7893677, -36.8476747 ], [ 174.7889262, -36.8472464 ], [ 174.7889142, -36.8471723 ], [ 174.7891163, -36.8469839 ], [ 174.7892109, -36.8468476 ], [ 174.7892588, -36.8467136 ], [ 174.7892511, -36.8465669 ], [ 174.7891931, -36.8463593 ], [ 174.7890665, -36.846035 ], [ 174.7890307, -36.8460475 ], [ 174.7890318, -36.8460936 ], [ 174.7891797, -36.846515 ], [ 174.7892008, -36.8466889 ], [ 174.7891756, -36.8467952 ], [ 174.7890502, -36.8469764 ], [ 174.7889585, -36.8470546 ], [ 174.78886, -36.8471108 ], [ 174.7887942, -36.8471169 ], [ 174.7887626, -36.8470924 ], [ 174.7888745, -36.8470233 ], [ 174.7889013, -36.8469756 ], [ 174.7889022, -36.8468834 ], [ 174.7888765, -36.8468456 ], [ 174.788804, -36.8467919 ], [ 174.788752, -36.8467777 ], [ 174.7887056, -36.8467784 ], [ 174.7886142, -36.8468039 ], [ 174.7885415, -36.8468819 ], [ 174.7884197, -36.8467314 ], [ 174.7884084, -36.8466103 ], [ 174.7884217, -36.8465452 ], [ 174.788706, -36.8458833 ], [ 174.788715, -36.8458165 ], [ 174.7886773, -36.8457471 ], [ 174.7886007, -36.8456509 ], [ 174.7885565, -36.845672 ], [ 174.7886394, -36.8457647 ], [ 174.7886541, -36.8458448 ], [ 174.788384, -36.8464791 ], [ 174.7883524, -36.8465821 ], [ 174.7882696, -36.846585 ], [ 174.7882633, -36.8464802 ], [ 174.7880788, -36.8464593 ], [ 174.7880301, -36.8464255 ], [ 174.7876183, -36.8460074 ], [ 174.7876029, -36.8459716 ], [ 174.7876078, -36.8459006 ], [ 174.7885742, -36.8437347 ], [ 174.7885897, -36.8437209 ], [ 174.7885904, -36.8436776 ], [ 174.7885467, -36.8435966 ], [ 174.7883294, -36.8427544 ], [ 174.7883454, -36.8427236 ], [ 174.7883379, -36.8426742 ], [ 174.7882949, -36.8426527 ], [ 174.7880885, -36.841911 ], [ 174.7880108, -36.841586 ], [ 174.7879093, -36.8414252 ], [ 174.787768, -36.8412873 ], [ 174.7876935, -36.841285 ], [ 174.7876073, -36.8413222 ], [ 174.7876058, -36.8413495 ], [ 174.7875656, -36.8413604 ], [ 174.7873712, -36.8413155 ], [ 174.7873608, -36.8413242 ], [ 174.7875838, -36.8414096 ], [ 174.7876643, -36.8413982 ], [ 174.7877093, -36.8414163 ], [ 174.7878239, -36.8415922 ], [ 174.7878204, -36.8418058 ], [ 174.7877899, -36.8418643 ], [ 174.7877418, -36.8418975 ], [ 174.787632, -36.8419282 ], [ 174.7875406, -36.8419295 ], [ 174.7873733, -36.8419542 ], [ 174.7871833, -36.8420023 ], [ 174.7869061, -36.8419043 ], [ 174.7867652, -36.8418199 ], [ 174.7867039, -36.8417388 ], [ 174.7867077, -36.8416591 ], [ 174.78669, -36.8415068 ], [ 174.7865876, -36.8413716 ], [ 174.7865724, -36.8413263 ], [ 174.7865323, -36.8413064 ], [ 174.7864271, -36.8412898 ], [ 174.7863081, -36.8412939 ], [ 174.7862492, -36.8413175 ], [ 174.7860598, -36.8413386 ], [ 174.7859405, -36.8413244 ], [ 174.7858141, -36.8412489 ], [ 174.7855569, -36.8410364 ], [ 174.7853971, -36.8409327 ], [ 174.7849244, -36.8403968 ], [ 174.7834856, -36.8403433 ], [ 174.7834184, -36.8403457 ], [ 174.783357, -36.8403784 ], [ 174.783966, -36.8427418 ], [ 174.7847224, -36.8455889 ], [ 174.7829212, -36.8451522 ], [ 174.7819857, -36.844872 ], [ 174.7816885, -36.8437237 ], [ 174.7815501, -36.8436827 ], [ 174.7802735, -36.8446023 ], [ 174.7793348, -36.8443645 ], [ 174.7779619, -36.8439935 ], [ 174.7770616, -36.8431777 ], [ 174.7759557, -36.8433815 ], [ 174.7751876, -36.8431644 ], [ 174.7749128, -36.8431003 ], [ 174.774509, -36.8427372 ], [ 174.7746148, -36.8425609 ], [ 174.7752746, -36.842082 ], [ 174.7751011, -36.841985 ], [ 174.7751566, -36.8419216 ], [ 174.775046, -36.8418589 ], [ 174.7750838, -36.841814 ], [ 174.7749863, -36.8417587 ], [ 174.7763345, -36.8401941 ], [ 174.7733088, -36.8399691 ], [ 174.7732718, -36.8399717 ], [ 174.7723824, -36.8422371 ], [ 174.7721039, -36.84217 ], [ 174.7719548, -36.8425461 ], [ 174.7721159, -36.842589 ], [ 174.7715794, -36.8439028 ], [ 174.7714123, -36.8439143 ], [ 174.7713853, -36.8439825 ], [ 174.7709124, -36.8439092 ], [ 174.7713186, -36.8427916 ], [ 174.7713167, -36.8427797 ], [ 174.7709036, -36.8426784 ], [ 174.7703871, -36.8439879 ], [ 174.7672132, -36.8431619 ], [ 174.7672715, -36.8430169 ], [ 174.7667602, -36.8429142 ], [ 174.7665129, -36.8428205 ], [ 174.7664865, -36.8428867 ], [ 174.7663331, -36.8428762 ], [ 174.7662072, -36.8429426 ], [ 174.7653836, -36.8427248 ], [ 174.765226, -36.8426608 ], [ 174.7650553, -36.8423743 ], [ 174.7650225, -36.8422943 ], [ 174.7643014, -36.8421063 ], [ 174.7641996, -36.8423635 ], [ 174.7619175, -36.8417621 ], [ 174.76179, -36.8420749 ], [ 174.763391, -36.842497 ], [ 174.7631131, -36.8431132 ], [ 174.7615644, -36.8427042 ], [ 174.7615309, -36.8427183 ], [ 174.7613468, -36.8431386 ], [ 174.760444, -36.8428952 ], [ 174.7598908, -36.8433202 ], [ 174.7593361, -36.8437038 ], [ 174.7591854, -36.8436646 ], [ 174.7586002, -36.8451065 ], [ 174.7581248, -36.84519 ], [ 174.7580836, -36.845152 ], [ 174.757872, -36.8450924 ], [ 174.7585253, -36.8434907 ], [ 174.7576212, -36.8432584 ], [ 174.7576263, -36.8432452 ], [ 174.7576128, -36.8432417 ], [ 174.7579474, -36.8424281 ], [ 174.7586232, -36.842606 ], [ 174.7586454, -36.8425973 ], [ 174.759136, -36.8414187 ], [ 174.7594882, -36.8411038 ], [ 174.7584947, -36.840854 ], [ 174.7584575, -36.8409405 ], [ 174.7562238, -36.8403478 ], [ 174.7563913, -36.839937 ], [ 174.7598573, -36.836844 ], [ 174.759273, -36.8363984 ], [ 174.7574742, -36.8366425 ], [ 174.7558394, -36.8381294 ], [ 174.7557781, -36.8380909 ], [ 174.7557179, -36.8381009 ], [ 174.7555902, -36.838294 ], [ 174.7556332, -36.8383571 ], [ 174.7556416, -36.8383934 ], [ 174.7556234, -36.838427 ], [ 174.755831, -36.8385878 ], [ 174.7557013, -36.8386959 ], [ 174.75548, -36.838593 ], [ 174.755338, -36.8386588 ], [ 174.7551831, -36.838652 ], [ 174.7550364, -36.8386598 ], [ 174.7549784, -36.838726 ], [ 174.7551092, -36.8388898 ], [ 174.7549507, -36.839056 ], [ 174.7548319, -36.8389819 ], [ 174.7539938, -36.8396437 ], [ 174.753915, -36.8396531 ], [ 174.7538194, -36.839628 ], [ 174.7536081, -36.8401305 ], [ 174.7535051, -36.8401034 ], [ 174.7527343, -36.8420294 ], [ 174.7529635, -36.8420997 ], [ 174.7529033, -36.8422277 ], [ 174.7523893, -36.8421058 ], [ 174.7522769, -36.842397 ], [ 174.7525412, -36.8424659 ], [ 174.7520065, -36.8437244 ], [ 174.7513044, -36.8435678 ], [ 174.7510483, -36.8424775 ], [ 174.7509177, -36.8423616 ], [ 174.7508463, -36.8423308 ], [ 174.7500917, -36.8421171 ], [ 174.7500213, -36.8421217 ], [ 174.7499384, -36.8421448 ], [ 174.7499026, -36.842171 ], [ 174.7498298, -36.8422771 ], [ 174.7496803, -36.842331 ], [ 174.7495032, -36.8424218 ], [ 174.749559, -36.8425856 ], [ 174.7495633, -36.8426469 ], [ 174.749435, -36.8428333 ], [ 174.7493769, -36.8428264 ], [ 174.7488749, -36.8426773 ], [ 174.7474164, -36.8423468 ], [ 174.7472503, -36.8422809 ], [ 174.7470389, -36.8421756 ], [ 174.7464989, -36.8418476 ], [ 174.7461046, -36.8415487 ], [ 174.7460075, -36.8414123 ], [ 174.7459137, -36.8411669 ], [ 174.7459062, -36.8410794 ], [ 174.7459215, -36.8409987 ], [ 174.7460059, -36.8408373 ], [ 174.7460551, -36.8407853 ], [ 174.7461258, -36.8407378 ], [ 174.7462742, -36.8406906 ], [ 174.7464741, -36.8406997 ], [ 174.7465967, -36.8406927 ], [ 174.7466812, -36.8406608 ], [ 174.7467497, -36.8405969 ], [ 174.746827, -36.8405828 ], [ 174.7468704, -36.8405903 ], [ 174.7468729, -36.8405797 ], [ 174.7469276, -36.8405736 ], [ 174.7469643, -36.84055 ], [ 174.7469838, -36.8405073 ], [ 174.7469684, -36.8404606 ], [ 174.7469253, -36.8404316 ], [ 174.7468707, -36.840427 ], [ 174.7468217, -36.8404469 ], [ 174.7453052, -36.8402314 ], [ 174.7452604, -36.8402688 ], [ 174.7451842, -36.8403784 ], [ 174.7451824, -36.8404037 ], [ 174.7448436, -36.8401478 ], [ 174.7434938, -36.8393453 ], [ 174.7434947, -36.8393234 ], [ 174.7437276, -36.8390567 ], [ 174.7426116, -36.838405 ], [ 174.7425859, -36.8383818 ], [ 174.7425641, -36.8383351 ], [ 174.7426784, -36.8377802 ], [ 174.742722, -36.8377125 ], [ 174.7427375, -36.8376525 ], [ 174.7427513, -36.8375711 ], [ 174.7427356, -36.8375639 ], [ 174.742733, -36.8375466 ], [ 174.7427796, -36.8373459 ], [ 174.7425706, -36.8373088 ], [ 174.7425661, -36.8373258 ], [ 174.7423878, -36.8372975 ], [ 174.7422124, -36.8372906 ], [ 174.7420967, -36.8381639 ], [ 174.7420526, -36.8381842 ], [ 174.7420776, -36.8382217 ], [ 174.7420329, -36.8382401 ], [ 174.7420773, -36.8383099 ], [ 174.7420642, -36.8384088 ], [ 174.7423527, -36.8387651 ], [ 174.7443703, -36.8400404 ], [ 174.7440973, -36.8404283 ], [ 174.7441929, -36.8404505 ], [ 174.7443677, -36.8405524 ], [ 174.7444358, -36.8405663 ], [ 174.7445953, -36.8406721 ], [ 174.744711, -36.8407697 ], [ 174.7446289, -36.8409038 ], [ 174.7446909, -36.8410296 ], [ 174.7447523, -36.8411064 ], [ 174.7444303, -36.8412296 ], [ 174.7443313, -36.8413087 ], [ 174.7437693, -36.8416478 ], [ 174.74394, -36.8419413 ], [ 174.7438327, -36.8420858 ], [ 174.7434416, -36.8429053 ], [ 174.7433365, -36.8428715 ], [ 174.7433181, -36.8429102 ], [ 174.7437892, -36.8430504 ], [ 174.7436598, -36.8434182 ], [ 174.7439739, -36.8435215 ], [ 174.7437963, -36.8438953 ], [ 174.7439654, -36.8439489 ], [ 174.743915, -36.8440496 ], [ 174.7437427, -36.8441564 ], [ 174.7436181, -36.8444234 ], [ 174.743442, -36.8443671 ], [ 174.7431389, -36.8447031 ], [ 174.7427599, -36.8445833 ], [ 174.7427251, -36.8446562 ], [ 174.7421948, -36.8444884 ], [ 174.7420538, -36.844797 ], [ 174.7420278, -36.8449071 ], [ 174.7418551, -36.8452494 ], [ 174.7415178, -36.8451408 ], [ 174.7413669, -36.845456 ], [ 174.7423904, -36.8460754 ], [ 174.7422292, -36.8462897 ], [ 174.741813, -36.8467302 ], [ 174.7430866, -36.8475069 ], [ 174.7432502, -36.8475484 ], [ 174.7430092, -36.8484126 ], [ 174.7429215, -36.8486452 ], [ 174.7429403, -36.8486436 ], [ 174.7429797, -36.8489132 ], [ 174.7429612, -36.8489142 ], [ 174.7429975, -36.8491924 ], [ 174.7431862, -36.8493149 ], [ 174.7432635, -36.8498635 ], [ 174.7436869, -36.8499625 ], [ 174.7437174, -36.850072 ], [ 174.7437379, -36.8500701 ], [ 174.7437709, -36.8502997 ], [ 174.7438965, -36.8502884 ], [ 174.7440898, -36.8509128 ], [ 174.7439106, -36.8509299 ], [ 174.7439494, -36.8511922 ], [ 174.7442163, -36.8511649 ], [ 174.7443152, -36.851805 ], [ 174.7444259, -36.8517939 ], [ 174.7444561, -36.8518822 ], [ 174.7444534, -36.8521349 ], [ 174.7443114, -36.8521513 ], [ 174.7444044, -36.8527681 ], [ 174.7446398, -36.8527474 ], [ 174.7447182, -36.8531312 ], [ 174.7444586, -36.8531558 ], [ 174.7445785, -36.8539811 ], [ 174.745006, -36.8539404 ], [ 174.7451916, -36.8543536 ], [ 174.7435737, -36.8544971 ], [ 174.7436659, -36.8551806 ], [ 174.7432834, -36.8552155 ], [ 174.7433249, -36.8555079 ], [ 174.7433085, -36.8556197 ], [ 174.7422059, -36.8557129 ], [ 174.7422855, -36.8562652 ], [ 174.7423351, -36.8564272 ], [ 174.7401638, -36.8565803 ], [ 174.7408982, -36.8570822 ], [ 174.7411759, -36.8570604 ], [ 174.7411887, -36.857314 ], [ 174.7415376, -36.8604063 ], [ 174.7432328, -36.8621589 ], [ 174.7426981, -36.8624925 ], [ 174.7431825, -36.8629933 ], [ 174.7429668, -36.8631281 ], [ 174.7429919, -36.8631541 ], [ 174.7428516, -36.8632418 ], [ 174.7434496, -36.8638602 ], [ 174.742915, -36.8641944 ], [ 174.7433594, -36.8646534 ], [ 174.7436383, -36.8651903 ], [ 174.743222, -36.8653299 ], [ 174.7433741, -36.8656227 ], [ 174.7436643, -36.8655253 ], [ 174.7438059, -36.8657459 ], [ 174.7439842, -36.8660901 ], [ 174.7446459, -36.8658644 ], [ 174.7448759, -36.8658783 ], [ 174.7452569, -36.866603 ], [ 174.7455983, -36.8664838 ], [ 174.7456362, -36.8665898 ], [ 174.7458828, -36.8670436 ], [ 174.7459948, -36.867005 ], [ 174.7459788, -36.8669746 ], [ 174.7460697, -36.8669433 ], [ 174.7461626, -36.8671193 ], [ 174.7462112, -36.867103 ], [ 174.7462897, -36.8672447 ], [ 174.7463899, -36.8672854 ], [ 174.7465545, -36.8673854 ], [ 174.7466643, -36.8675786 ], [ 174.747628, -36.8672499 ], [ 174.7477298, -36.8671135 ], [ 174.7477944, -36.8670916 ], [ 174.7477745, -36.8670537 ], [ 174.7479263, -36.8668503 ], [ 174.74802, -36.8668135 ], [ 174.7480162, -36.8668064 ], [ 174.7482349, -36.8666995 ], [ 174.7488286, -36.8670624 ], [ 174.748849, -36.8670861 ], [ 174.7490359, -36.8669356 ], [ 174.7492399, -36.8667486 ], [ 174.7494571, -36.8665871 ], [ 174.7496606, -36.8667623 ], [ 174.7498923, -36.8665956 ], [ 174.7513333, -36.8678889 ], [ 174.7518849, -36.8677379 ], [ 174.7519817, -36.8679034 ], [ 174.7496552, -36.8685404 ], [ 174.7490284, -36.8688639 ], [ 174.7486011, -36.8691521 ], [ 174.7475705, -36.8682167 ], [ 174.7473294, -36.8683829 ], [ 174.7469891, -36.868458 ], [ 174.7468811, -36.8683778 ], [ 174.7460623, -36.8687304 ], [ 174.745844, -36.8688076 ], [ 174.7451166, -36.8689602 ], [ 174.7447306, -36.8690606 ], [ 174.7444117, -36.8691098 ], [ 174.7443523, -36.8691106 ], [ 174.7443573, -36.8691304 ], [ 174.743905, -36.8691836 ], [ 174.7432316, -36.8692265 ], [ 174.7432298, -36.8692448 ], [ 174.7418913, -36.8692944 ], [ 174.7417497, -36.8692936 ], [ 174.7417636, -36.8691481 ], [ 174.7413447, -36.8691391 ], [ 174.7412886, -36.8708319 ], [ 174.7410653, -36.8708187 ], [ 174.7405226, -36.870818 ], [ 174.7387475, -36.8707797 ], [ 174.7387776, -36.8698072 ], [ 174.7385035, -36.8697969 ], [ 174.7385217, -36.8692556 ], [ 174.7382497, -36.8692476 ], [ 174.7382477, -36.8693065 ], [ 174.7378799, -36.8692987 ], [ 174.7376573, -36.8692314 ], [ 174.7370935, -36.8692192 ], [ 174.7370926, -36.8692467 ], [ 174.7364742, -36.8692333 ], [ 174.7362533, -36.8692557 ], [ 174.736145, -36.8691753 ], [ 174.7360268, -36.8691337 ], [ 174.735617, -36.8691079 ], [ 174.7355764, -36.8695285 ], [ 174.7351345, -36.8705831 ], [ 174.7341715, -36.8703271 ], [ 174.7341865, -36.8703848 ], [ 174.7337458, -36.8704606 ], [ 174.7338716, -36.8709347 ], [ 174.7332226, -36.8719164 ], [ 174.7330395, -36.8718066 ], [ 174.7320018, -36.871363 ], [ 174.7317896, -36.8716838 ], [ 174.7317163, -36.8716525 ], [ 174.7314469, -36.8720506 ], [ 174.7313726, -36.8722316 ], [ 174.7302798, -36.8717678 ], [ 174.7299638, -36.8722448 ], [ 174.7297556, -36.8727828 ], [ 174.7297243, -36.8729629 ], [ 174.7288782, -36.8727439 ], [ 174.7275004, -36.8714749 ], [ 174.7274372, -36.8714385 ], [ 174.7273601, -36.8714378 ], [ 174.7272771, -36.8714688 ], [ 174.7272206, -36.8715168 ], [ 174.7260851, -36.8736686 ], [ 174.7258814, -36.8735903 ], [ 174.7265842, -36.8722579 ], [ 174.7264603, -36.8722157 ], [ 174.7264464, -36.8721881 ], [ 174.7261207, -36.8720855 ], [ 174.7260075, -36.8719509 ], [ 174.7259037, -36.8719025 ], [ 174.7257538, -36.8719 ], [ 174.7257475, -36.8720996 ], [ 174.7253869, -36.8720775 ], [ 174.7234195, -36.8713366 ], [ 174.723036, -36.8715737 ], [ 174.7229664, -36.87203 ], [ 174.7232264, -36.8721296 ], [ 174.7230646, -36.8724023 ], [ 174.7232395, -36.8724693 ], [ 174.7232826, -36.8724487 ], [ 174.7232655, -36.8727171 ], [ 174.7232271, -36.8726653 ], [ 174.7229061, -36.8725423 ], [ 174.7227085, -36.8728755 ], [ 174.7228398, -36.8729733 ], [ 174.7226907, -36.8732247 ], [ 174.7208254, -36.8725102 ], [ 174.7199114, -36.8731549 ], [ 174.7194962, -36.8738279 ], [ 174.7192424, -36.8738047 ], [ 174.7188252, -36.8736843 ], [ 174.7185975, -36.8736711 ], [ 174.7185165, -36.8736487 ], [ 174.7183934, -36.8735784 ], [ 174.7183212, -36.8735168 ], [ 174.7179865, -36.8731219 ], [ 174.7179549, -36.8731116 ], [ 174.7178062, -36.873126 ], [ 174.7176671, -36.8731108 ], [ 174.7176392, -36.87312 ], [ 174.7176225, -36.8731403 ], [ 174.7176126, -36.8732284 ], [ 174.7175461, -36.8733986 ], [ 174.7174389, -36.8735414 ], [ 174.7174324, -36.873578 ], [ 174.7174545, -36.8736333 ], [ 174.7174645, -36.8737736 ], [ 174.7174322, -36.8738444 ], [ 174.7173789, -36.8739118 ], [ 174.7172586, -36.873966 ], [ 174.717137, -36.8740423 ], [ 174.717101, -36.8741239 ], [ 174.7169724, -36.8742298 ], [ 174.7169504, -36.8742398 ], [ 174.7168971, -36.8742355 ], [ 174.7168395, -36.8741707 ], [ 174.7167393, -36.8741183 ], [ 174.716628, -36.8739603 ], [ 174.7166015, -36.8738973 ], [ 174.7165147, -36.8738629 ], [ 174.7164009, -36.8738719 ], [ 174.7162256, -36.8739102 ], [ 174.7161336, -36.8739502 ], [ 174.7160027, -36.8741255 ], [ 174.7159772, -36.8741838 ], [ 174.71591, -36.8742396 ], [ 174.715853, -36.8742558 ], [ 174.7157053, -36.8743582 ], [ 174.7155492, -36.8744453 ], [ 174.7155046, -36.8744637 ], [ 174.715379, -36.874476 ], [ 174.715305, -36.874456 ], [ 174.7152116, -36.8744991 ], [ 174.71517, -36.8745551 ], [ 174.7151308, -36.8745616 ], [ 174.7150581, -36.8745453 ], [ 174.7150089, -36.874498 ], [ 174.7149327, -36.8742859 ], [ 174.7149315, -36.8742413 ], [ 174.7150011, -36.874144 ], [ 174.7150674, -36.8740018 ], [ 174.715073, -36.8739565 ], [ 174.7150577, -36.8738948 ], [ 174.7149955, -36.8737959 ], [ 174.7149558, -36.8737672 ], [ 174.71477, -36.873731 ], [ 174.7147087, -36.8736921 ], [ 174.7146314, -36.8735187 ], [ 174.7146271, -36.8734451 ], [ 174.7144391, -36.8731564 ], [ 174.7137871, -36.8732627 ], [ 174.7138777, -36.8735068 ], [ 174.7134162, -36.8734985 ], [ 174.7134177, -36.8734444 ], [ 174.7136869, -36.8734493 ], [ 174.7137986, -36.8734282 ], [ 174.7137057, -36.8731778 ], [ 174.7132519, -36.8732046 ], [ 174.7131969, -36.8732768 ], [ 174.7132428, -36.8734953 ], [ 174.7133235, -36.8734967 ], [ 174.7135763, -36.8746726 ], [ 174.7135698, -36.8748546 ], [ 174.711823, -36.8750969 ], [ 174.7118928, -36.8754551 ], [ 174.7118181, -36.8754654 ], [ 174.7118949, -36.8758227 ], [ 174.7120273, -36.8759882 ], [ 174.7122184, -36.8768814 ], [ 174.7108206, -36.8770752 ], [ 174.7107927, -36.8771069 ], [ 174.710826, -36.877264 ], [ 174.7113151, -36.8795131 ], [ 174.7119926, -36.8812625 ], [ 174.7116723, -36.881562 ], [ 174.7108564, -36.8821796 ], [ 174.7106496, -36.8820822 ], [ 174.7101611, -36.8822083 ], [ 174.7096114, -36.8845399 ], [ 174.7093985, -36.8845079 ], [ 174.709048, -36.8846744 ], [ 174.7072592, -36.8853714 ], [ 174.7078496, -36.8863483 ], [ 174.706776, -36.8867754 ], [ 174.7072403, -36.8875439 ], [ 174.7073044, -36.8877202 ], [ 174.7060093, -36.8882252 ], [ 174.7062753, -36.8886656 ], [ 174.7085411, -36.8907798 ], [ 174.7087102, -36.8908996 ], [ 174.7086731, -36.8909351 ], [ 174.7092363, -36.8913912 ], [ 174.7095132, -36.8911854 ], [ 174.7096123, -36.8912656 ], [ 174.7098143, -36.8911204 ], [ 174.7098633, -36.8912299 ], [ 174.7099362, -36.8912906 ], [ 174.7097883, -36.8914083 ], [ 174.7103965, -36.8919007 ], [ 174.7108379, -36.8916387 ], [ 174.7111685, -36.8919582 ], [ 174.7122053, -36.8912678 ], [ 174.711689, -36.8907674 ], [ 174.7118438, -36.8906334 ], [ 174.7137953, -36.8887183 ], [ 174.7139841, -36.8888196 ], [ 174.7143808, -36.8890808 ], [ 174.7147058, -36.8887622 ], [ 174.7151422, -36.8890496 ], [ 174.7154086, -36.8887884 ], [ 174.7156769, -36.88897 ], [ 174.7160892, -36.8885583 ], [ 174.7159097, -36.8884396 ], [ 174.7161763, -36.8881827 ], [ 174.7166411, -36.8884885 ], [ 174.7172297, -36.8879113 ], [ 174.7174339, -36.8878117 ], [ 174.718255, -36.8883521 ], [ 174.7189595, -36.8876864 ], [ 174.7191737, -36.8877645 ], [ 174.7195643, -36.888034 ], [ 174.7199829, -36.8876384 ], [ 174.7200863, -36.8876006 ], [ 174.7202008, -36.8877334 ], [ 174.7202547, -36.8876829 ], [ 174.7205514, -36.8879706 ], [ 174.7218126, -36.8887974 ], [ 174.7220463, -36.8885747 ], [ 174.7219916, -36.888538 ], [ 174.7221541, -36.8884097 ], [ 174.7225094, -36.8880689 ], [ 174.722118, -36.8878056 ], [ 174.7224751, -36.8874661 ], [ 174.7219527, -36.8871117 ], [ 174.7217585, -36.8870156 ], [ 174.722456, -36.8863525 ], [ 174.7209407, -36.8853244 ], [ 174.7210667, -36.8851732 ], [ 174.722446, -36.8838597 ], [ 174.7212741, -36.8830707 ], [ 174.7214588, -36.8829585 ], [ 174.7224673, -36.8822628 ], [ 174.7228787, -36.8826444 ], [ 174.7229353, -36.8825945 ], [ 174.7233222, -36.8828058 ], [ 174.7238251, -36.8822027 ], [ 174.7238175, -36.8821754 ], [ 174.725064, -36.8830046 ], [ 174.7256913, -36.8822535 ], [ 174.7258483, -36.8823589 ], [ 174.7258576, -36.8821107 ], [ 174.7263363, -36.8821237 ], [ 174.7263713, -36.8812936 ], [ 174.7265989, -36.8812524 ], [ 174.7268539, -36.8812594 ], [ 174.7270798, -36.8812999 ], [ 174.7271725, -36.8809227 ], [ 174.7272018, -36.8809279 ], [ 174.7272376, -36.8807824 ], [ 174.7272676, -36.8807878 ], [ 174.7273485, -36.8804584 ], [ 174.7276582, -36.8803623 ], [ 174.7275033, -36.8802135 ], [ 174.728704, -36.8794166 ], [ 174.7288568, -36.8791861 ], [ 174.729148, -36.8795336 ], [ 174.729129, -36.8795463 ], [ 174.7294669, -36.8798713 ], [ 174.7307142, -36.8790338 ], [ 174.731433, -36.8797249 ], [ 174.7318117, -36.8794355 ], [ 174.7320045, -36.8795389 ], [ 174.7326264, -36.8800644 ], [ 174.7333473, -36.8795111 ], [ 174.7337367, -36.8798377 ], [ 174.7333354, -36.8802654 ], [ 174.7337448, -36.8805135 ], [ 174.7338797, -36.8806707 ], [ 174.7345346, -36.8810674 ], [ 174.7348838, -36.880695 ], [ 174.7350177, -36.8807632 ], [ 174.7349702, -36.8809048 ], [ 174.7358374, -36.8810877 ], [ 174.7360768, -36.8810117 ], [ 174.7364407, -36.8810879 ], [ 174.7365568, -36.8803471 ], [ 174.7361928, -36.8802709 ], [ 174.7362212, -36.8800894 ], [ 174.7365685, -36.8801622 ], [ 174.7366643, -36.879867 ], [ 174.7374198, -36.8800253 ], [ 174.7376782, -36.8792329 ], [ 174.7378099, -36.8792603 ], [ 174.7378372, -36.8791753 ], [ 174.7380027, -36.8792096 ], [ 174.7380882, -36.8789438 ], [ 174.7387504, -36.8790811 ], [ 174.7386376, -36.8794321 ], [ 174.7396296, -36.8796386 ], [ 174.7395287, -36.8799528 ], [ 174.7399702, -36.8800446 ], [ 174.7402423, -36.8792037 ], [ 174.7404786, -36.8791976 ], [ 174.7409018, -36.879286 ], [ 174.7410447, -36.8788443 ], [ 174.7409831, -36.8788313 ], [ 174.741131, -36.8783762 ], [ 174.7430252, -36.8787719 ], [ 174.743116, -36.8784929 ], [ 174.7431395, -36.8784972 ], [ 174.7432882, -36.8779997 ], [ 174.7433336, -36.8780092 ], [ 174.7434193, -36.8777441 ], [ 174.7436843, -36.8777985 ], [ 174.7439381, -36.8770324 ], [ 174.7451709, -36.8772902 ], [ 174.7452468, -36.8770569 ], [ 174.7454648, -36.877103 ], [ 174.7456051, -36.8766718 ], [ 174.7459709, -36.8767487 ], [ 174.7459812, -36.876742 ], [ 174.7459724, -36.8767691 ], [ 174.7461409, -36.8768039 ], [ 174.7461482, -36.8767807 ], [ 174.7474752, -36.8770506 ], [ 174.7474962, -36.8769849 ], [ 174.7479879, -36.8770863 ], [ 174.7480672, -36.8768378 ], [ 174.7483264, -36.8766973 ], [ 174.7493293, -36.8769105 ], [ 174.7495185, -36.8763249 ], [ 174.7497423, -36.8763542 ], [ 174.7502348, -36.8764571 ], [ 174.7503519, -36.8760956 ], [ 174.7505174, -36.8761301 ], [ 174.7505995, -36.8758768 ], [ 174.7503834, -36.8757348 ], [ 174.7506525, -36.8748943 ], [ 174.7507362, -36.874912 ], [ 174.7507844, -36.8747714 ], [ 174.7507143, -36.874704 ], [ 174.7511037, -36.8744423 ], [ 174.7511279, -36.8744655 ], [ 174.7512711, -36.8743461 ], [ 174.751386, -36.8744564 ], [ 174.7520136, -36.8724671 ], [ 174.7519988, -36.8724467 ], [ 174.7507555, -36.8721686 ], [ 174.7508319, -36.8719975 ], [ 174.7509627, -36.8716194 ], [ 174.7508967, -36.8716046 ], [ 174.751025, -36.8712342 ], [ 174.7502828, -36.8710675 ], [ 174.7504388, -36.8706184 ], [ 174.7506555, -36.8703268 ], [ 174.7505338, -36.8696806 ], [ 174.750753, -36.8696331 ], [ 174.7509634, -36.8696111 ], [ 174.7522184, -36.8694119 ], [ 174.7523382, -36.869055 ], [ 174.7525331, -36.8691368 ], [ 174.7527508, -36.8691813 ], [ 174.7530262, -36.8691557 ], [ 174.7530844, -36.8692079 ], [ 174.7531765, -36.8692206 ], [ 174.7530552, -36.8696259 ], [ 174.753247, -36.8696659 ], [ 174.7533734, -36.8699461 ], [ 174.7531673, -36.8705298 ], [ 174.7545584, -36.870834 ], [ 174.7545033, -36.8710098 ], [ 174.7547131, -36.8710596 ], [ 174.7551398, -36.8706917 ], [ 174.7551961, -36.8706131 ], [ 174.7563868, -36.8711844 ], [ 174.7566169, -36.8712203 ], [ 174.7590657, -36.8716857 ], [ 174.758936, -36.8721182 ], [ 174.7587863, -36.8725589 ], [ 174.7589046, -36.8725291 ], [ 174.7588615, -36.8726553 ], [ 174.7592953, -36.8727474 ], [ 174.7594308, -36.8724263 ], [ 174.7600566, -36.8725718 ] ], [ [ 174.7760745, -36.8808882 ], [ 174.7760412, -36.8808846 ], [ 174.7760413, -36.8808833 ], [ 174.7760745, -36.8808882 ] ], [ [ 174.7909403, -36.8866112 ], [ 174.7906139, -36.8873429 ], [ 174.7901651, -36.8877305 ], [ 174.7898631, -36.8875093 ], [ 174.7900888, -36.8873543 ], [ 174.7901867, -36.8874585 ], [ 174.7902303, -36.8874602 ], [ 174.7904524, -36.8872648 ], [ 174.7907113, -36.8866847 ], [ 174.7908694, -36.8865638 ], [ 174.7909403, -36.8866112 ] ], [ [ 174.7797301, -36.8619058 ], [ 174.7798497, -36.8617825 ], [ 174.7805375, -36.8611723 ], [ 174.7806834, -36.8610182 ], [ 174.7807524, -36.8610925 ], [ 174.7806017, -36.8612495 ], [ 174.7794981, -36.8622291 ], [ 174.7782423, -36.8633939 ], [ 174.778095, -36.8635846 ], [ 174.7768821, -36.8633144 ], [ 174.7751762, -36.864277 ], [ 174.7741681, -36.8646436 ], [ 174.7740879, -36.8648139 ], [ 174.7736508, -36.8647221 ], [ 174.7738319, -36.8645668 ], [ 174.7750609, -36.8641199 ], [ 174.7768464, -36.8631126 ], [ 174.7780947, -36.8633937 ], [ 174.7797301, -36.8619058 ] ] ], [ [ [ 174.8122615, -36.8620154 ], [ 174.8120076, -36.861892 ], [ 174.8119056, -36.8618781 ], [ 174.8118821, -36.8618084 ], [ 174.8117789, -36.8617588 ], [ 174.8117083, -36.861708 ], [ 174.8115578, -36.8615577 ], [ 174.8114497, -36.8615514 ], [ 174.8114077, -36.861536 ], [ 174.8112931, -36.8615232 ], [ 174.8110343, -36.8615693 ], [ 174.8108464, -36.8615841 ], [ 174.8106642, -36.8615895 ], [ 174.8105367, -36.8615576 ], [ 174.8103571, -36.8614696 ], [ 174.810334, -36.8614684 ], [ 174.8102955, -36.8614788 ], [ 174.8102599, -36.8615168 ], [ 174.8101817, -36.8615662 ], [ 174.810084, -36.8615839 ], [ 174.8100113, -36.8616136 ], [ 174.8098421, -36.8616446 ], [ 174.8097849, -36.8616455 ], [ 174.8097276, -36.8616642 ], [ 174.80964, -36.8617426 ], [ 174.8096014, -36.8618234 ], [ 174.8096151, -36.8618405 ], [ 174.8096091, -36.8618496 ], [ 174.8095619, -36.8618688 ], [ 174.8095213, -36.8619493 ], [ 174.8095261, -36.8619657 ], [ 174.8093103, -36.8622252 ], [ 174.8091665, -36.8624223 ], [ 174.8089465, -36.8623365 ], [ 174.808629, -36.8621863 ], [ 174.8082438, -36.8619693 ], [ 174.8080739, -36.8620242 ], [ 174.8080711, -36.8622617 ], [ 174.8083905, -36.8625107 ], [ 174.8083381, -36.8628057 ], [ 174.8085658, -36.8631812 ], [ 174.8085899, -36.863255 ], [ 174.8087779, -36.8634063 ], [ 174.8088095, -36.8634489 ], [ 174.808946, -36.8635696 ], [ 174.8087719, -36.8637297 ], [ 174.8086243, -36.8639579 ], [ 174.808482, -36.8640795 ], [ 174.8084185, -36.8641101 ], [ 174.8083538, -36.8641641 ], [ 174.8083459, -36.8641865 ], [ 174.8083653, -36.8642361 ], [ 174.8083605, -36.864257 ], [ 174.8083005, -36.8642736 ], [ 174.8081568, -36.8643885 ], [ 174.8081621, -36.8644332 ], [ 174.8082191, -36.8645337 ], [ 174.8082077, -36.8646301 ], [ 174.808151, -36.8647207 ], [ 174.8080838, -36.8647807 ], [ 174.8080661, -36.8648248 ], [ 174.8080717, -36.864863 ], [ 174.808016, -36.8650114 ], [ 174.8077461, -36.8655535 ], [ 174.8073158, -36.8656272 ], [ 174.8065004, -36.8659408 ], [ 174.8062931, -36.8661075 ], [ 174.806168, -36.8663069 ], [ 174.8049807, -36.8660774 ], [ 174.804962, -36.8661911 ], [ 174.8049081, -36.8662587 ], [ 174.8048304, -36.866312 ], [ 174.8046045, -36.8663982 ], [ 174.804547, -36.8664396 ], [ 174.8044647, -36.8665489 ], [ 174.8044087, -36.8666719 ], [ 174.8043946, -36.866868 ], [ 174.8044491, -36.8671176 ], [ 174.8044903, -36.8672023 ], [ 174.8044887, -36.8672363 ], [ 174.8045385, -36.8672902 ], [ 174.8045739, -36.8673788 ], [ 174.8047025, -36.8675416 ], [ 174.8047613, -36.8675927 ], [ 174.8048026, -36.8676035 ], [ 174.8048304, -36.867596 ], [ 174.8047925, -36.867612 ], [ 174.8047787, -36.8676096 ], [ 174.8046953, -36.8676578 ], [ 174.804652, -36.8676699 ], [ 174.8048563, -36.8677751 ], [ 174.8053403, -36.8675351 ], [ 174.8054218, -36.8674637 ], [ 174.8054423, -36.8673652 ], [ 174.8056299, -36.8672554 ], [ 174.8059511, -36.8671844 ], [ 174.806332, -36.867327 ], [ 174.8064236, -36.8674224 ], [ 174.8069478, -36.8674786 ], [ 174.8076245, -36.8674874 ], [ 174.8076709, -36.8674766 ], [ 174.8082259, -36.8675093 ], [ 174.8083749, -36.8676085 ], [ 174.8085411, -36.8676775 ], [ 174.8085322, -36.8676262 ], [ 174.808557, -36.867554 ], [ 174.8086364, -36.8674523 ], [ 174.8086608, -36.8673931 ], [ 174.8088201, -36.8671973 ], [ 174.808891, -36.8670572 ], [ 174.8089166, -36.8669082 ], [ 174.8089114, -36.866821 ], [ 174.8089497, -36.8666835 ], [ 174.8089389, -36.8666219 ], [ 174.8089459, -36.8665275 ], [ 174.8089964, -36.8663326 ], [ 174.8089997, -36.866222 ], [ 174.8090723, -36.8660068 ], [ 174.8093633, -36.8654598 ], [ 174.8094495, -36.8653592 ], [ 174.8095452, -36.8652084 ], [ 174.8097166, -36.8648958 ], [ 174.8097905, -36.8648053 ], [ 174.8099075, -36.8647252 ], [ 174.809941, -36.8646726 ], [ 174.8099508, -36.8646053 ], [ 174.8099441, -36.8644361 ], [ 174.8099909, -36.8641513 ], [ 174.8100276, -36.8640515 ], [ 174.810066, -36.8639899 ], [ 174.8100966, -36.8638889 ], [ 174.8101348, -36.8638301 ], [ 174.8102221, -36.8637717 ], [ 174.8104979, -36.8636849 ], [ 174.810667, -36.8635906 ], [ 174.8110277, -36.8634335 ], [ 174.8110697, -36.8634094 ], [ 174.8109976, -36.8633825 ], [ 174.8112325, -36.8633146 ], [ 174.8112733, -36.8632732 ], [ 174.8116555, -36.8632437 ], [ 174.8119509, -36.8628861 ], [ 174.8120247, -36.8627708 ], [ 174.8121447, -36.8628239 ], [ 174.8122695, -36.8627866 ], [ 174.8124652, -36.8627849 ], [ 174.8125124, -36.8627573 ], [ 174.8125833, -36.8627418 ], [ 174.8128218, -36.8627424 ], [ 174.8129469, -36.8626478 ], [ 174.8130293, -36.8625454 ], [ 174.813014, -36.8625288 ], [ 174.8129558, -36.8625197 ], [ 174.8129691, -36.8624798 ], [ 174.8129536, -36.862453 ], [ 174.8128654, -36.8623778 ], [ 174.8128182, -36.8623173 ], [ 174.8127176, -36.8622487 ], [ 174.8127023, -36.862207 ], [ 174.8126685, -36.8621705 ], [ 174.8125769, -36.8621379 ], [ 174.8124694, -36.8620676 ], [ 174.8122615, -36.8620154 ] ] ], [ [ [ 174.7988735, -36.8528073 ], [ 174.7982101, -36.8525871 ], [ 174.7979298, -36.8524778 ], [ 174.7975911, -36.8523271 ], [ 174.7971113, -36.8520823 ], [ 174.7966017, -36.8517898 ], [ 174.7960127, -36.8513754 ], [ 174.7943682, -36.8499553 ], [ 174.7942989, -36.8499602 ], [ 174.7940699, -36.8500984 ], [ 174.7939808, -36.8501786 ], [ 174.7939753, -36.8502098 ], [ 174.7970562, -36.8529458 ], [ 174.7981295, -36.8538652 ], [ 174.7982701, -36.8537292 ], [ 174.7987973, -36.8530439 ], [ 174.7988735, -36.8528073 ] ] ], [ [ [ 174.7603076, -36.8417386 ], [ 174.7603501, -36.8417718 ], [ 174.7613922, -36.8419715 ], [ 174.7614187, -36.8419596 ], [ 174.7615388, -36.8416613 ], [ 174.761517, -36.8416366 ], [ 174.7606286, -36.8414019 ], [ 174.760565, -36.8414129 ], [ 174.7603017, -36.8416465 ], [ 174.7602901, -36.8416934 ], [ 174.7603076, -36.8417386 ] ] ], [ [ [ 174.5986406, -36.8150212 ], [ 174.5986152, -36.8150548 ], [ 174.5986498, -36.8152059 ], [ 174.5987229, -36.8153616 ], [ 174.5989094, -36.8156804 ], [ 174.5990604, -36.8158713 ], [ 174.599354, -36.816153 ], [ 174.599593, -36.816328 ], [ 174.5999668, -36.816535 ], [ 174.6016052, -36.8172472 ], [ 174.6025389, -36.8180641 ], [ 174.6025077, -36.8180808 ], [ 174.6023952, -36.8182736 ], [ 174.6013763, -36.819495 ], [ 174.602526, -36.8202998 ], [ 174.6014824, -36.821285 ], [ 174.6016097, -36.821365 ], [ 174.6021606, -36.8216592 ], [ 174.6023335, -36.821801 ], [ 174.6020074, -36.8220485 ], [ 174.6015774, -36.8223022 ], [ 174.6020551, -36.8227643 ], [ 174.6020754, -36.8228856 ], [ 174.6020649, -36.8232816 ], [ 174.602919, -36.8233774 ], [ 174.6025721, -36.825413 ], [ 174.6069082, -36.8259006 ], [ 174.6069927, -36.8266613 ], [ 174.607002, -36.8268426 ], [ 174.6075703, -36.8268747 ], [ 174.6075783, -36.8270558 ], [ 174.6070114, -36.8270238 ], [ 174.6070368, -36.8275674 ], [ 174.607021, -36.8277482 ], [ 174.6075339, -36.8277772 ], [ 174.6076076, -36.8277183 ], [ 174.6079552, -36.8276844 ], [ 174.6080388, -36.8284371 ], [ 174.6080663, -36.8284765 ], [ 174.6081053, -36.8284872 ], [ 174.6090609, -36.828419 ], [ 174.6099908, -36.8288036 ], [ 174.6101884, -36.8290943 ], [ 174.6106382, -36.8290301 ], [ 174.6107693, -36.8287193 ], [ 174.612439, -36.8291103 ], [ 174.6123412, -36.8293416 ], [ 174.6123837, -36.8293851 ], [ 174.6125287, -36.8293204 ], [ 174.6126923, -36.829266 ], [ 174.6131264, -36.8291754 ], [ 174.6132656, -36.829121 ], [ 174.6133938, -36.8290475 ], [ 174.6134922, -36.8289694 ], [ 174.6135796, -36.8288745 ], [ 174.6136614, -36.8287424 ], [ 174.6138534, -36.8282828 ], [ 174.6139602, -36.8280849 ], [ 174.6141374, -36.827819 ], [ 174.6142317, -36.8277988 ], [ 174.6142591, -36.8278116 ], [ 174.6143418, -36.8280625 ], [ 174.6143259, -36.8280846 ], [ 174.6142892, -36.8282494 ], [ 174.6141789, -36.8284525 ], [ 174.6143801, -36.828517 ], [ 174.6146565, -36.8284468 ], [ 174.6149839, -36.8294149 ], [ 174.6160085, -36.8291697 ], [ 174.6169908, -36.8289565 ], [ 174.6171507, -36.8289028 ], [ 174.6175835, -36.8291096 ], [ 174.6178277, -36.8285314 ], [ 174.617045, -36.8264173 ], [ 174.6171469, -36.8263228 ], [ 174.6171913, -36.8262172 ], [ 174.6168008, -36.8257388 ], [ 174.6168735, -36.8254095 ], [ 174.6177128, -36.8251573 ], [ 174.6184697, -36.8247755 ], [ 174.6190594, -36.8242482 ], [ 174.6187554, -36.8240462 ], [ 174.6187696, -36.8240323 ], [ 174.6190745, -36.8242349 ], [ 174.6192616, -36.8240676 ], [ 174.6192384, -36.8238811 ], [ 174.6190703, -36.8237549 ], [ 174.6190089, -36.8237217 ], [ 174.6184892, -36.8235187 ], [ 174.618033, -36.8231885 ], [ 174.6177615, -36.8230899 ], [ 174.6178044, -36.8230455 ], [ 174.6179754, -36.8227709 ], [ 174.6184831, -36.8229758 ], [ 174.6185641, -36.8228431 ], [ 174.6187689, -36.8228664 ], [ 174.6189478, -36.8230028 ], [ 174.6191955, -36.8227929 ], [ 174.6192201, -36.8228114 ], [ 174.6189722, -36.8230214 ], [ 174.6191297, -36.8231415 ], [ 174.6197952, -36.823863 ], [ 174.6202435, -36.8238906 ], [ 174.6203108, -36.8237259 ], [ 174.6205313, -36.8237912 ], [ 174.6206399, -36.8235258 ], [ 174.6209037, -36.8233891 ], [ 174.6210606, -36.82285 ], [ 174.62073, -36.8226396 ], [ 174.6207463, -36.822616 ], [ 174.621069, -36.8228213 ], [ 174.6213954, -36.8216988 ], [ 174.6209589, -36.82148 ], [ 174.6208534, -36.8214902 ], [ 174.6208252, -36.8215135 ], [ 174.6206482, -36.821376 ], [ 174.6207868, -36.8211992 ], [ 174.6208942, -36.821011 ], [ 174.621202, -36.8202106 ], [ 174.6212513, -36.8200144 ], [ 174.6213633, -36.8193784 ], [ 174.6213721, -36.819244 ], [ 174.6213615, -36.8190861 ], [ 174.6216338, -36.8190678 ], [ 174.6216554, -36.8190826 ], [ 174.622159, -36.8190664 ], [ 174.6223235, -36.8190513 ], [ 174.6224071, -36.8187793 ], [ 174.6221922, -36.8187426 ], [ 174.6224691, -36.8176918 ], [ 174.6228085, -36.8177498 ], [ 174.6229439, -36.8172845 ], [ 174.6230831, -36.8173084 ], [ 174.6231255, -36.8171492 ], [ 174.6233055, -36.81707 ], [ 174.6230457, -36.8166883 ], [ 174.6227771, -36.8168066 ], [ 174.6226995, -36.816819 ], [ 174.622738, -36.8165142 ], [ 174.622462, -36.8161086 ], [ 174.6205826, -36.8164087 ], [ 174.6206814, -36.8168087 ], [ 174.620761, -36.8168515 ], [ 174.6204073, -36.816908 ], [ 174.6204605, -36.8168441 ], [ 174.6203618, -36.816444 ], [ 174.6191675, -36.8166347 ], [ 174.618693, -36.816926 ], [ 174.6182948, -36.8164603 ], [ 174.618102, -36.8165669 ], [ 174.6186283, -36.8171826 ], [ 174.6178186, -36.8178349 ], [ 174.6155651, -36.8179111 ], [ 174.6155872, -36.8179644 ], [ 174.6148126, -36.8179905 ], [ 174.6138822, -36.8185435 ], [ 174.6136857, -36.8186767 ], [ 174.6136198, -36.8185695 ], [ 174.6132599, -36.8180757 ], [ 174.6128302, -36.8173684 ], [ 174.6127421, -36.8171035 ], [ 174.6126888, -36.8170021 ], [ 174.6123017, -36.8163708 ], [ 174.6121711, -36.8154503 ], [ 174.6113589, -36.8141409 ], [ 174.6113235, -36.8139819 ], [ 174.6101951, -36.8121631 ], [ 174.6099804, -36.8121303 ], [ 174.6097846, -36.8118536 ], [ 174.6095582, -36.8116449 ], [ 174.6094273, -36.8114909 ], [ 174.6093793, -36.8114835 ], [ 174.6082238, -36.8093003 ], [ 174.6077902, -36.8091494 ], [ 174.6077491, -36.8092506 ], [ 174.6077761, -36.8093105 ], [ 174.6077545, -36.8093625 ], [ 174.6074487, -36.80959 ], [ 174.6074377, -36.8096772 ], [ 174.6074712, -36.8097287 ], [ 174.607397, -36.8098132 ], [ 174.6074721, -36.8098783 ], [ 174.6074879, -36.8099586 ], [ 174.6074205, -36.8100572 ], [ 174.6073161, -36.8100758 ], [ 174.6072979, -36.8101063 ], [ 174.6073382, -36.8101868 ], [ 174.6073169, -36.8103421 ], [ 174.6073343, -36.8103953 ], [ 174.6074119, -36.810459 ], [ 174.6075157, -36.8109542 ], [ 174.6074625, -36.8110868 ], [ 174.6074729, -36.8111925 ], [ 174.6075247, -36.811231 ], [ 174.6075976, -36.8113758 ], [ 174.6075974, -36.8114364 ], [ 174.6075443, -36.8114871 ], [ 174.6074964, -36.8114929 ], [ 174.6073972, -36.8117623 ], [ 174.6073214, -36.81182 ], [ 174.6069748, -36.8114293 ], [ 174.6069044, -36.8114022 ], [ 174.6068235, -36.8114077 ], [ 174.6062992, -36.8116109 ], [ 174.6062006, -36.8116697 ], [ 174.6059987, -36.8118345 ], [ 174.6055773, -36.8128284 ], [ 174.6055009, -36.8129564 ], [ 174.6053399, -36.8131789 ], [ 174.6050695, -36.8134985 ], [ 174.6048125, -36.8137496 ], [ 174.6048293, -36.813855 ], [ 174.6048148, -36.8139294 ], [ 174.6047681, -36.8140115 ], [ 174.6046936, -36.8140791 ], [ 174.6045625, -36.8141365 ], [ 174.604317, -36.8141662 ], [ 174.6042253, -36.8142435 ], [ 174.6017306, -36.8145006 ], [ 174.6017741, -36.8147731 ], [ 174.6009601, -36.81495 ], [ 174.6009721, -36.8149858 ], [ 174.6007072, -36.8150064 ], [ 174.6006546, -36.8148415 ], [ 174.6005809, -36.8148014 ], [ 174.5987192, -36.8149927 ], [ 174.5986406, -36.8150212 ] ] ], [ [ [ 174.753527, -36.7878997 ], [ 174.7536487, -36.7883075 ], [ 174.7541913, -36.7894754 ], [ 174.7542544, -36.7896542 ], [ 174.7543735, -36.789907 ], [ 174.7548228, -36.7907273 ], [ 174.7551166, -36.7911605 ], [ 174.7551345, -36.7911466 ], [ 174.7553906, -36.7915168 ], [ 174.7553692, -36.7915337 ], [ 174.7554745, -36.7916632 ], [ 174.7555956, -36.7918814 ], [ 174.7558291, -36.7921918 ], [ 174.7566647, -36.7932185 ], [ 174.7571877, -36.7935405 ], [ 174.7573936, -36.7937217 ], [ 174.7575595, -36.7938494 ], [ 174.7576325, -36.7939314 ], [ 174.7577461, -36.7939692 ], [ 174.7578373, -36.7940469 ], [ 174.7579589, -36.7941866 ], [ 174.7577387, -36.7943281 ], [ 174.758389, -36.7949861 ], [ 174.7584192, -36.7949998 ], [ 174.757091, -36.7960333 ], [ 174.7553642, -36.7954462 ], [ 174.7544938, -36.796116 ], [ 174.7544846, -36.7961087 ], [ 174.7543713, -36.7961875 ], [ 174.7541218, -36.7964102 ], [ 174.7537337, -36.7967017 ], [ 174.7549111, -36.7976827 ], [ 174.7531898, -36.799019 ], [ 174.7541442, -36.799155 ], [ 174.75524, -36.7994389 ], [ 174.7559781, -36.8002756 ], [ 174.7562294, -36.8005343 ], [ 174.7566459, -36.8002145 ], [ 174.756587, -36.7996724 ], [ 174.7568225, -36.7994945 ], [ 174.7570876, -36.7993685 ], [ 174.7574533, -36.7993098 ], [ 174.7576418, -36.7994432 ], [ 174.7578888, -36.7995906 ], [ 174.7593556, -36.8001348 ], [ 174.7596919, -36.8002023 ], [ 174.7599709, -36.8001531 ], [ 174.7621279, -36.7989043 ], [ 174.7632241, -36.7982912 ], [ 174.7634185, -36.7981641 ], [ 174.7639864, -36.7978384 ], [ 174.7640817, -36.7978061 ], [ 174.7641511, -36.7978398 ], [ 174.7643392, -36.797728 ], [ 174.7643649, -36.7977509 ], [ 174.7644273, -36.7977673 ], [ 174.7644862, -36.7978292 ], [ 174.7647167, -36.7978077 ], [ 174.7654416, -36.7973613 ], [ 174.7655593, -36.797177 ], [ 174.7657224, -36.7970706 ], [ 174.7658712, -36.7969982 ], [ 174.7659868, -36.7969239 ], [ 174.7661555, -36.7968028 ], [ 174.7663209, -36.7966648 ], [ 174.7664519, -36.7966048 ], [ 174.7668037, -36.7964728 ], [ 174.7668879, -36.7964202 ], [ 174.7669116, -36.7963714 ], [ 174.7669142, -36.7963153 ], [ 174.7668497, -36.7961251 ], [ 174.7668085, -36.7960706 ], [ 174.766774, -36.7959558 ], [ 174.7667182, -36.7958528 ], [ 174.7667032, -36.7957772 ], [ 174.7667155, -36.7957326 ], [ 174.7667538, -36.7956755 ], [ 174.7668872, -36.7955417 ], [ 174.7669738, -36.7954743 ], [ 174.7671027, -36.7953282 ], [ 174.7671365, -36.7952737 ], [ 174.767123, -36.7951885 ], [ 174.7670435, -36.7950549 ], [ 174.7669518, -36.7947727 ], [ 174.7669532, -36.7947018 ], [ 174.7669801, -36.7946017 ], [ 174.7669688, -36.7945565 ], [ 174.7668911, -36.7944678 ], [ 174.7668199, -36.7944353 ], [ 174.766719, -36.7944344 ], [ 174.7666289, -36.7944149 ], [ 174.7665616, -36.7944129 ], [ 174.7664835, -36.7944274 ], [ 174.7663602, -36.7944268 ], [ 174.7663147, -36.7943976 ], [ 174.7662582, -36.7943799 ], [ 174.7660782, -36.7943472 ], [ 174.7660276, -36.7943282 ], [ 174.7660097, -36.7943093 ], [ 174.7659649, -36.7941493 ], [ 174.7659476, -36.7940361 ], [ 174.7659598, -36.7939249 ], [ 174.765994, -36.7938818 ], [ 174.7661091, -36.7937738 ], [ 174.7662048, -36.793718 ], [ 174.7665709, -36.7934124 ], [ 174.7666277, -36.7933242 ], [ 174.7666517, -36.7932175 ], [ 174.7666438, -36.7930834 ], [ 174.7666149, -36.7930152 ], [ 174.7665275, -36.792927 ], [ 174.7662962, -36.7928001 ], [ 174.7662261, -36.7925975 ], [ 174.7662061, -36.7924962 ], [ 174.7662074, -36.7924253 ], [ 174.7661552, -36.7923292 ], [ 174.7661771, -36.7922556 ], [ 174.766144, -36.7920954 ], [ 174.7661488, -36.7919204 ], [ 174.7662352, -36.7917183 ], [ 174.7665209, -36.7914919 ], [ 174.7665817, -36.7913739 ], [ 174.7667535, -36.7911269 ], [ 174.7666348, -36.7910256 ], [ 174.7666537, -36.7907769 ], [ 174.7665263, -36.7904456 ], [ 174.7664157, -36.7903304 ], [ 174.7664806, -36.7903615 ], [ 174.766593, -36.7903699 ], [ 174.7666406, -36.7903878 ], [ 174.7667525, -36.7903551 ], [ 174.7668286, -36.7903531 ], [ 174.7669039, -36.7903335 ], [ 174.7669492, -36.7903369 ], [ 174.7670295, -36.7903626 ], [ 174.7671471, -36.7904283 ], [ 174.7671634, -36.7904485 ], [ 174.7671853, -36.7908302 ], [ 174.7672048, -36.7908992 ], [ 174.76737, -36.7910743 ], [ 174.767508, -36.7911691 ], [ 174.7676234, -36.7911884 ], [ 174.7677909, -36.7911785 ], [ 174.7682452, -36.7909834 ], [ 174.7684991, -36.7913003 ], [ 174.7683192, -36.7915532 ], [ 174.7684058, -36.7916964 ], [ 174.768467, -36.7917468 ], [ 174.7684746, -36.7917664 ], [ 174.7684594, -36.7917893 ], [ 174.7684407, -36.7917943 ], [ 174.7682852, -36.7917625 ], [ 174.7680173, -36.7917644 ], [ 174.767878, -36.7917479 ], [ 174.7677452, -36.7917495 ], [ 174.7674857, -36.7917968 ], [ 174.7673629, -36.7918875 ], [ 174.7672516, -36.792088 ], [ 174.7672267, -36.7921854 ], [ 174.7672486, -36.7922869 ], [ 174.7673172, -36.792478 ], [ 174.7673029, -36.7924855 ], [ 174.7673253, -36.7925601 ], [ 174.7673615, -36.7926125 ], [ 174.7675353, -36.7927613 ], [ 174.7675871, -36.7928318 ], [ 174.7676993, -36.7928904 ], [ 174.7678584, -36.7929301 ], [ 174.7680911, -36.7930132 ], [ 174.768263, -36.7931391 ], [ 174.7683338, -36.7931523 ], [ 174.7684748, -36.7931502 ], [ 174.7685784, -36.7931794 ], [ 174.768638, -36.7932101 ], [ 174.7687866, -36.793232 ], [ 174.7689006, -36.7932708 ], [ 174.7690985, -36.7932559 ], [ 174.76915, -36.7932741 ], [ 174.7692239, -36.7932808 ], [ 174.7694819, -36.7932397 ], [ 174.7697131, -36.7932603 ], [ 174.7698291, -36.7932485 ], [ 174.7700424, -36.7932729 ], [ 174.7703102, -36.7932765 ], [ 174.7704036, -36.7932885 ], [ 174.7705689, -36.7933483 ], [ 174.7704052, -36.7933502 ], [ 174.770266, -36.793425 ], [ 174.7701639, -36.7934962 ], [ 174.7699601, -36.7935821 ], [ 174.7698362, -36.7936502 ], [ 174.7696892, -36.7937605 ], [ 174.7694783, -36.7939844 ], [ 174.7694209, -36.7940983 ], [ 174.769314, -36.7942624 ], [ 174.7692476, -36.7943332 ], [ 174.7692282, -36.7944316 ], [ 174.7692438, -36.7945491 ], [ 174.7692687, -36.7945985 ], [ 174.7693386, -36.794647 ], [ 174.7694713, -36.7947098 ], [ 174.7698567, -36.7947537 ], [ 174.7699888, -36.7947537 ], [ 174.7701827, -36.7947259 ], [ 174.7703945, -36.7947295 ], [ 174.7705053, -36.7947484 ], [ 174.7706433, -36.7947932 ], [ 174.7706854, -36.7948311 ], [ 174.770678, -36.7948713 ], [ 174.7704604, -36.7949958 ], [ 174.7699901, -36.7953568 ], [ 174.7698714, -36.7954083 ], [ 174.7698607, -36.7954222 ], [ 174.7697534, -36.7954546 ], [ 174.7696053, -36.7955324 ], [ 174.7695529, -36.7956362 ], [ 174.7694434, -36.7956911 ], [ 174.7691617, -36.7957575 ], [ 174.7688912, -36.7958043 ], [ 174.7686633, -36.7958235 ], [ 174.7685706, -36.795822 ], [ 174.7684154, -36.7957991 ], [ 174.7680523, -36.7956878 ], [ 174.7679434, -36.7956807 ], [ 174.7678885, -36.7957114 ], [ 174.7678799, -36.7957575 ], [ 174.7678418, -36.7958094 ], [ 174.7677772, -36.7958183 ], [ 174.7677118, -36.7958769 ], [ 174.7676479, -36.7959062 ], [ 174.7674227, -36.7959521 ], [ 174.7672204, -36.795974 ], [ 174.766966, -36.7960274 ], [ 174.7669483, -36.7960421 ], [ 174.7670687, -36.7963415 ], [ 174.7671325, -36.7963696 ], [ 174.7672135, -36.7963587 ], [ 174.767402, -36.79631 ], [ 174.767528, -36.7962936 ], [ 174.7675703, -36.7963026 ], [ 174.7676684, -36.796381 ], [ 174.7677164, -36.7965037 ], [ 174.7676857, -36.7966103 ], [ 174.767722, -36.7967179 ], [ 174.7677206, -36.796781 ], [ 174.7677535, -36.7968707 ], [ 174.767743, -36.7969339 ], [ 174.7677522, -36.7969698 ], [ 174.7678183, -36.7970709 ], [ 174.7679236, -36.7971061 ], [ 174.7679732, -36.7971288 ], [ 174.7679872, -36.7971466 ], [ 174.7679421, -36.7972194 ], [ 174.7679571, -36.7972642 ], [ 174.7680177, -36.7972987 ], [ 174.7680852, -36.7973134 ], [ 174.7682317, -36.7972529 ], [ 174.7683297, -36.7971956 ], [ 174.7684292, -36.7971623 ], [ 174.7684629, -36.7971654 ], [ 174.7685296, -36.7971474 ], [ 174.7685952, -36.7971572 ], [ 174.7686644, -36.7971457 ], [ 174.7689943, -36.7972494 ], [ 174.7691592, -36.7972252 ], [ 174.7694033, -36.7971102 ], [ 174.769527, -36.7969922 ], [ 174.7696262, -36.7968577 ], [ 174.7697175, -36.7966433 ], [ 174.7697878, -36.7964269 ], [ 174.7698368, -36.7961728 ], [ 174.7698672, -36.7960821 ], [ 174.769946, -36.7960062 ], [ 174.7700661, -36.7959251 ], [ 174.7702842, -36.7958684 ], [ 174.7702747, -36.7958525 ], [ 174.7704573, -36.7958352 ], [ 174.7706101, -36.795865 ], [ 174.7708846, -36.7959549 ], [ 174.771011, -36.7959766 ], [ 174.7709695, -36.7959273 ], [ 174.7710118, -36.7959547 ], [ 174.7710742, -36.7959515 ], [ 174.7712695, -36.7960484 ], [ 174.7713759, -36.7961209 ], [ 174.771423, -36.796096 ], [ 174.7714043, -36.796073 ], [ 174.7715701, -36.7959851 ], [ 174.7715883, -36.7960075 ], [ 174.7717762, -36.7959079 ], [ 174.7717578, -36.7958853 ], [ 174.772512, -36.7954876 ], [ 174.7727998, -36.7958294 ], [ 174.7728963, -36.7959949 ], [ 174.7729099, -36.7959877 ], [ 174.7731909, -36.7963322 ], [ 174.7737625, -36.7960314 ], [ 174.7740428, -36.7963761 ], [ 174.7742481, -36.7964846 ], [ 174.7743382, -36.7964372 ], [ 174.7745461, -36.7966934 ], [ 174.7747347, -36.7965942 ], [ 174.7748964, -36.7967935 ], [ 174.7760276, -36.7961984 ], [ 174.7761548, -36.7963547 ], [ 174.7763436, -36.7962555 ], [ 174.7765881, -36.7965574 ], [ 174.7768009, -36.7966351 ], [ 174.7768479, -36.7966191 ], [ 174.7769745, -36.7967801 ], [ 174.7773981, -36.7965571 ], [ 174.7778836, -36.7971536 ], [ 174.7781245, -36.7970284 ], [ 174.7786277, -36.7976495 ], [ 174.778789, -36.7974446 ], [ 174.7784161, -36.7969921 ], [ 174.7786414, -36.7968551 ], [ 174.778768, -36.7969863 ], [ 174.7788137, -36.7970704 ], [ 174.778859, -36.7970992 ], [ 174.7789102, -36.797114 ], [ 174.7789817, -36.7971154 ], [ 174.7790419, -36.7970995 ], [ 174.7790978, -36.7970537 ], [ 174.7789045, -36.7969552 ], [ 174.7790226, -36.7968054 ], [ 174.7788387, -36.7967117 ], [ 174.7789436, -36.7965785 ], [ 174.7787605, -36.7964852 ], [ 174.778881, -36.796332 ], [ 174.7786916, -36.7962356 ], [ 174.7788272, -36.7960595 ], [ 174.7783156, -36.7957834 ], [ 174.7786327, -36.7954033 ], [ 174.7782584, -36.7952013 ], [ 174.778084, -36.7950848 ], [ 174.7791554, -36.7938001 ], [ 174.7793221, -36.7936258 ], [ 174.7793216, -36.7936009 ], [ 174.7801534, -36.7926039 ], [ 174.7799072, -36.7923687 ], [ 174.779695, -36.7921875 ], [ 174.7796799, -36.7921673 ], [ 174.7797529, -36.7921265 ], [ 174.7797157, -36.7920894 ], [ 174.779668, -36.7920637 ], [ 174.7795166, -36.7919096 ], [ 174.7795591, -36.791885 ], [ 174.7793773, -36.7917212 ], [ 174.779337, -36.7916981 ], [ 174.7791993, -36.7915746 ], [ 174.7791028, -36.7916276 ], [ 174.7789853, -36.791522 ], [ 174.7788437, -36.7914709 ], [ 174.7788053, -36.7913599 ], [ 174.7782874, -36.7909496 ], [ 174.7781138, -36.790742 ], [ 174.7778746, -36.7905328 ], [ 174.7777626, -36.790591 ], [ 174.777718, -36.7905737 ], [ 174.7774632, -36.7903275 ], [ 174.77727, -36.7900887 ], [ 174.7771929, -36.790033 ], [ 174.776831, -36.7896564 ], [ 174.7766092, -36.7894454 ], [ 174.7765558, -36.7893784 ], [ 174.7764938, -36.7893303 ], [ 174.7762953, -36.7894147 ], [ 174.7763021, -36.7893964 ], [ 174.7762835, -36.7893666 ], [ 174.7762572, -36.7893651 ], [ 174.7764406, -36.7892792 ], [ 174.7762621, -36.788963 ], [ 174.7763229, -36.7889359 ], [ 174.7760433, -36.788601 ], [ 174.7759571, -36.7886393 ], [ 174.7758851, -36.7885583 ], [ 174.7758106, -36.7885046 ], [ 174.7756454, -36.788319 ], [ 174.7755546, -36.7881806 ], [ 174.7754869, -36.7881195 ], [ 174.7753905, -36.7879777 ], [ 174.7752813, -36.7878814 ], [ 174.7752791, -36.7878725 ], [ 174.7754155, -36.7878116 ], [ 174.775072, -36.7871426 ], [ 174.7747966, -36.7861955 ], [ 174.7747978, -36.7858323 ], [ 174.7748643, -36.7852085 ], [ 174.7749203, -36.7849578 ], [ 174.7750527, -36.784775 ], [ 174.7752112, -36.7846751 ], [ 174.7753426, -36.7844584 ], [ 174.775499, -36.7844376 ], [ 174.7756708, -36.7844749 ], [ 174.7755998, -36.7844767 ], [ 174.7756122, -36.7844881 ], [ 174.7758137, -36.7845475 ], [ 174.7759278, -36.7845705 ], [ 174.7759839, -36.7845712 ], [ 174.7760297, -36.7846125 ], [ 174.7760753, -36.7846781 ], [ 174.7761216, -36.7847115 ], [ 174.7763942, -36.7845879 ], [ 174.7766789, -36.7845814 ], [ 174.776719, -36.7845653 ], [ 174.7767231, -36.7844875 ], [ 174.7766999, -36.7844034 ], [ 174.7765829, -36.7841903 ], [ 174.7765125, -36.7839437 ], [ 174.7764069, -36.7837525 ], [ 174.776493, -36.7836671 ], [ 174.7764765, -36.783626 ], [ 174.7765144, -36.7835533 ], [ 174.7765475, -36.7835297 ], [ 174.7765967, -36.78345 ], [ 174.7768208, -36.7831841 ], [ 174.7768924, -36.7830626 ], [ 174.7768898, -36.7830429 ], [ 174.7769259, -36.7830064 ], [ 174.7769552, -36.7829965 ], [ 174.7769925, -36.782921 ], [ 174.7770742, -36.7828228 ], [ 174.7770952, -36.7827249 ], [ 174.7770906, -36.7826763 ], [ 174.7770671, -36.7826311 ], [ 174.7770001, -36.7825705 ], [ 174.7769364, -36.7824828 ], [ 174.776876, -36.7822526 ], [ 174.776883, -36.7820692 ], [ 174.7769142, -36.7819544 ], [ 174.7769247, -36.7817445 ], [ 174.7769412, -36.7816992 ], [ 174.7769195, -36.7816364 ], [ 174.776874, -36.7815811 ], [ 174.7768442, -36.7814636 ], [ 174.7768599, -36.7813576 ], [ 174.7768869, -36.7813577 ], [ 174.7768871, -36.781267 ], [ 174.7767925, -36.7810704 ], [ 174.7768339, -36.781035 ], [ 174.7769012, -36.7808795 ], [ 174.7769445, -36.7808099 ], [ 174.7769126, -36.7808048 ], [ 174.7769514, -36.780764 ], [ 174.7770277, -36.7806383 ], [ 174.7772022, -36.7804818 ], [ 174.7772242, -36.7802843 ], [ 174.7773123, -36.780167 ], [ 174.7773537, -36.7801427 ], [ 174.7773548, -36.7801025 ], [ 174.7774804, -36.7799847 ], [ 174.777593, -36.7799395 ], [ 174.7777237, -36.7798469 ], [ 174.7778001, -36.7798311 ], [ 174.7779445, -36.7797441 ], [ 174.7779857, -36.7796887 ], [ 174.7779878, -36.77959 ], [ 174.7779418, -36.7794562 ], [ 174.7777026, -36.7789206 ], [ 174.7776699, -36.778867 ], [ 174.7775818, -36.7787962 ], [ 174.7775359, -36.7787198 ], [ 174.7775122, -36.7787028 ], [ 174.7774731, -36.7786991 ], [ 174.7774228, -36.778658 ], [ 174.7773166, -36.778629 ], [ 174.777313, -36.778609 ], [ 174.7773282, -36.7785833 ], [ 174.7773052, -36.7785637 ], [ 174.7770584, -36.7785275 ], [ 174.7770196, -36.7785081 ], [ 174.7769483, -36.7784493 ], [ 174.7769207, -36.7784022 ], [ 174.7768583, -36.7784354 ], [ 174.7768333, -36.7784927 ], [ 174.7767677, -36.778466 ], [ 174.7766197, -36.7783821 ], [ 174.7765702, -36.7783322 ], [ 174.7764502, -36.7782506 ], [ 174.776532, -36.7782321 ], [ 174.7765538, -36.7782112 ], [ 174.7765429, -36.7781174 ], [ 174.7765176, -36.7780813 ], [ 174.7764955, -36.7780932 ], [ 174.7764639, -36.7780902 ], [ 174.7764174, -36.7779912 ], [ 174.7763873, -36.7779758 ], [ 174.7763521, -36.7779133 ], [ 174.7763569, -36.7778862 ], [ 174.7763182, -36.7778146 ], [ 174.7763074, -36.7777607 ], [ 174.7763159, -36.7777245 ], [ 174.7764387, -36.7776866 ], [ 174.7764524, -36.7776323 ], [ 174.7764282, -36.7776055 ], [ 174.7764104, -36.777615 ], [ 174.7763822, -36.7775703 ], [ 174.7763102, -36.7775173 ], [ 174.7763471, -36.7774807 ], [ 174.7763863, -36.7774621 ], [ 174.7763849, -36.777408 ], [ 174.7763337, -36.7773965 ], [ 174.7763115, -36.7774052 ], [ 174.7762626, -36.7774008 ], [ 174.7762641, -36.7773648 ], [ 174.7762889, -36.7773178 ], [ 174.7762628, -36.7772753 ], [ 174.7762471, -36.7770676 ], [ 174.7762304, -36.7770453 ], [ 174.7762267, -36.7770048 ], [ 174.7762788, -36.7769585 ], [ 174.776293, -36.7769136 ], [ 174.7762828, -36.7768958 ], [ 174.7763156, -36.7768255 ], [ 174.7763199, -36.7767917 ], [ 174.776304, -36.7767693 ], [ 174.7763043, -36.7767242 ], [ 174.7762872, -36.7766884 ], [ 174.7762965, -36.7766452 ], [ 174.7763182, -36.7766321 ], [ 174.7762807, -36.7766267 ], [ 174.7762604, -36.7765806 ], [ 174.7762733, -36.7765534 ], [ 174.776234, -36.776536 ], [ 174.7762713, -36.7765283 ], [ 174.7762683, -36.7765054 ], [ 174.7762125, -36.7765151 ], [ 174.7761689, -36.776493 ], [ 174.776128, -36.7765007 ], [ 174.7760438, -36.7764241 ], [ 174.776033, -36.7763947 ], [ 174.776059, -36.7763205 ], [ 174.7760533, -36.7763041 ], [ 174.7759641, -36.776214 ], [ 174.7759541, -36.7761694 ], [ 174.7759636, -36.7761164 ], [ 174.7759838, -36.7761009 ], [ 174.7760311, -36.7759754 ], [ 174.7761214, -36.7758706 ], [ 174.7761352, -36.7758164 ], [ 174.7761813, -36.7757345 ], [ 174.7762372, -36.7756886 ], [ 174.7762894, -36.775673 ], [ 174.7763035, -36.7756242 ], [ 174.7762935, -36.7755977 ], [ 174.776342, -36.7755203 ], [ 174.7763806, -36.7754983 ], [ 174.7764454, -36.7754957 ], [ 174.7764998, -36.7754684 ], [ 174.7765302, -36.7754319 ], [ 174.7765492, -36.7753775 ], [ 174.7765417, -36.7753526 ], [ 174.7764406, -36.7753499 ], [ 174.7763766, -36.7753715 ], [ 174.776344, -36.7753583 ], [ 174.7762686, -36.7753956 ], [ 174.7762338, -36.7753962 ], [ 174.7761276, -36.7752575 ], [ 174.7760983, -36.77524 ], [ 174.7760762, -36.7751836 ], [ 174.7756552, -36.7753758 ], [ 174.775578, -36.7752689 ], [ 174.7755314, -36.7752936 ], [ 174.7753886, -36.7751373 ], [ 174.774734, -36.775443 ], [ 174.7747529, -36.7754691 ], [ 174.7746968, -36.7754953 ], [ 174.774494, -36.7755752 ], [ 174.7744398, -36.7755655 ], [ 174.7739834, -36.7758212 ], [ 174.7742406, -36.7761776 ], [ 174.7736398, -36.7765145 ], [ 174.7737053, -36.776559 ], [ 174.7737465, -36.7766262 ], [ 174.7738426, -36.7766966 ], [ 174.7738817, -36.7767939 ], [ 174.7740579, -36.777072 ], [ 174.7741224, -36.7772897 ], [ 174.7739192, -36.7772575 ], [ 174.7739891, -36.7774245 ], [ 174.7738546, -36.7779665 ], [ 174.7736797, -36.778095 ], [ 174.7736225, -36.7782533 ], [ 174.7735777, -36.7783063 ], [ 174.7734649, -36.7783726 ], [ 174.7733533, -36.7784605 ], [ 174.773261, -36.778552 ], [ 174.7732281, -36.7786213 ], [ 174.7732288, -36.7786512 ], [ 174.7732841, -36.7786628 ], [ 174.7732788, -36.7787069 ], [ 174.7731747, -36.7788656 ], [ 174.7732094, -36.7789354 ], [ 174.7732621, -36.7789822 ], [ 174.7732375, -36.7789787 ], [ 174.7732323, -36.7790303 ], [ 174.7731914, -36.77909 ], [ 174.7730809, -36.7791864 ], [ 174.7728804, -36.7793264 ], [ 174.7728302, -36.7794252 ], [ 174.7727792, -36.7794506 ], [ 174.772758, -36.7795161 ], [ 174.7727237, -36.7795581 ], [ 174.772719, -36.7795991 ], [ 174.7726897, -36.7796065 ], [ 174.7726636, -36.7796779 ], [ 174.7726318, -36.7796807 ], [ 174.7726309, -36.7797453 ], [ 174.7725828, -36.7798494 ], [ 174.7725568, -36.7799559 ], [ 174.7725792, -36.7799637 ], [ 174.7725146, -36.7800215 ], [ 174.7724813, -36.7800734 ], [ 174.7724901, -36.7801585 ], [ 174.772506, -36.7801918 ], [ 174.7725545, -36.7802115 ], [ 174.7726831, -36.7802038 ], [ 174.7727304, -36.7802142 ], [ 174.7727905, -36.7802819 ], [ 174.7728256, -36.780368 ], [ 174.7729052, -36.7803806 ], [ 174.772891, -36.7804212 ], [ 174.7728705, -36.780733 ], [ 174.7728305, -36.7809232 ], [ 174.7728402, -36.7812914 ], [ 174.7728266, -36.781459 ], [ 174.7728327, -36.7816597 ], [ 174.7727276, -36.7818252 ], [ 174.7728924, -36.7818521 ], [ 174.7728265, -36.7819621 ], [ 174.7727455, -36.7821659 ], [ 174.7726641, -36.7823083 ], [ 174.7722998, -36.7821966 ], [ 174.7722517, -36.7822062 ], [ 174.7722358, -36.782259 ], [ 174.7722211, -36.7822688 ], [ 174.7721482, -36.7822763 ], [ 174.7720757, -36.7822506 ], [ 174.7720197, -36.7822606 ], [ 174.77198, -36.7822887 ], [ 174.7719674, -36.7823122 ], [ 174.7719789, -36.7823925 ], [ 174.7719373, -36.782415 ], [ 174.7719186, -36.7824407 ], [ 174.7718472, -36.7824658 ], [ 174.7718131, -36.782508 ], [ 174.771779, -36.7825113 ], [ 174.7717471, -36.7825012 ], [ 174.7717247, -36.7825178 ], [ 174.7716242, -36.782547 ], [ 174.7714937, -36.78257 ], [ 174.7714142, -36.7826175 ], [ 174.7713948, -36.7826486 ], [ 174.771245, -36.782708 ], [ 174.7711833, -36.7827773 ], [ 174.7710524, -36.7828752 ], [ 174.7709673, -36.7828826 ], [ 174.7709195, -36.7829591 ], [ 174.7708758, -36.7829857 ], [ 174.7708304, -36.783001 ], [ 174.7707323, -36.7829953 ], [ 174.7706536, -36.7830082 ], [ 174.7706038, -36.7830301 ], [ 174.7705596, -36.7830645 ], [ 174.7705506, -36.7831607 ], [ 174.7704396, -36.7832305 ], [ 174.7703605, -36.7832536 ], [ 174.7702346, -36.7833118 ], [ 174.7701499, -36.7833173 ], [ 174.7700912, -36.7833016 ], [ 174.7700029, -36.7832985 ], [ 174.769932, -36.7833156 ], [ 174.7697397, -36.7833931 ], [ 174.7696665, -36.7833944 ], [ 174.7696025, -36.7834564 ], [ 174.7694856, -36.7834944 ], [ 174.7693534, -36.7835614 ], [ 174.7691758, -36.7836089 ], [ 174.7690839, -36.7836882 ], [ 174.7689702, -36.783757 ], [ 174.7689431, -36.783827 ], [ 174.7688803, -36.7838635 ], [ 174.7688287, -36.7839518 ], [ 174.7687403, -36.7840148 ], [ 174.7686352, -36.7842086 ], [ 174.7685089, -36.7843266 ], [ 174.7683012, -36.7844081 ], [ 174.7679912, -36.7844265 ], [ 174.7679132, -36.7844741 ], [ 174.767852, -36.7845658 ], [ 174.7677766, -36.7847713 ], [ 174.7677471, -36.7849155 ], [ 174.7677401, -36.7850235 ], [ 174.767695, -36.7851329 ], [ 174.7676439, -36.7852026 ], [ 174.7673367, -36.7854444 ], [ 174.767289, -36.7855123 ], [ 174.7672412, -36.7855265 ], [ 174.7669074, -36.7857007 ], [ 174.7665635, -36.7858506 ], [ 174.7665214, -36.7858781 ], [ 174.7664544, -36.7858883 ], [ 174.7662461, -36.7858645 ], [ 174.7661457, -36.785877 ], [ 174.7660052, -36.7858734 ], [ 174.7659849, -36.7858676 ], [ 174.765906, -36.7857984 ], [ 174.7657181, -36.7857206 ], [ 174.765696, -36.7856961 ], [ 174.7655312, -36.7857069 ], [ 174.7654821, -36.7857249 ], [ 174.7652678, -36.7858529 ], [ 174.7650386, -36.7859356 ], [ 174.7649967, -36.7859416 ], [ 174.7649138, -36.7859327 ], [ 174.7647482, -36.785854 ], [ 174.7643385, -36.7864867 ], [ 174.7639272, -36.7863141 ], [ 174.7638235, -36.7863007 ], [ 174.7628366, -36.7878233 ], [ 174.762681, -36.7879564 ], [ 174.7622846, -36.7876194 ], [ 174.7606663, -36.7888783 ], [ 174.7592152, -36.7876839 ], [ 174.7595623, -36.7874105 ], [ 174.758885, -36.7868529 ], [ 174.7588948, -36.7868452 ], [ 174.7587219, -36.7867029 ], [ 174.7587121, -36.7867105 ], [ 174.7583662, -36.7864259 ], [ 174.7582443, -36.7862682 ], [ 174.7567592, -36.7850489 ], [ 174.7570049, -36.7848555 ], [ 174.757048, -36.784792 ], [ 174.7570605, -36.7847325 ], [ 174.7570457, -36.7846612 ], [ 174.7570099, -36.7846081 ], [ 174.7567722, -36.7844087 ], [ 174.7575817, -36.7837782 ], [ 174.7575662, -36.7837653 ], [ 174.7583734, -36.7831365 ], [ 174.7578444, -36.7826905 ], [ 174.7595433, -36.7813674 ], [ 174.759456, -36.7812644 ], [ 174.7593712, -36.7811149 ], [ 174.7593284, -36.7809871 ], [ 174.7593106, -36.7808182 ], [ 174.7593142, -36.7804875 ], [ 174.7592928, -36.7804486 ], [ 174.7592018, -36.7803725 ], [ 174.7589647, -36.7805571 ], [ 174.7582022, -36.7804934 ], [ 174.7576234, -36.7800918 ], [ 174.7575867, -36.7801259 ], [ 174.7562066, -36.7791627 ], [ 174.7563699, -36.7790105 ], [ 174.7559091, -36.7786906 ], [ 174.7558394, -36.7787554 ], [ 174.7558782, -36.7787824 ], [ 174.7558394, -36.7788185 ], [ 174.7558158, -36.778903 ], [ 174.7558923, -36.7789168 ], [ 174.7558879, -36.7789326 ], [ 174.7558113, -36.779004 ], [ 174.7554342, -36.7787434 ], [ 174.7551661, -36.7789933 ], [ 174.7551324, -36.77897 ], [ 174.7546652, -36.7794056 ], [ 174.7549057, -36.7795712 ], [ 174.7547232, -36.7797415 ], [ 174.7546592, -36.7796971 ], [ 174.7542558, -36.7800733 ], [ 174.754426, -36.7801921 ], [ 174.75354, -36.7810174 ], [ 174.7530227, -36.7806595 ], [ 174.7528862, -36.7807871 ], [ 174.7527138, -36.7806678 ], [ 174.7528503, -36.7805402 ], [ 174.7515739, -36.779657 ], [ 174.7514687, -36.7797804 ], [ 174.751425, -36.7798084 ], [ 174.7512439, -36.7798453 ], [ 174.7512127, -36.779868 ], [ 174.7511697, -36.7799265 ], [ 174.751136, -36.7799296 ], [ 174.7510354, -36.7798766 ], [ 174.7508968, -36.779894 ], [ 174.7508055, -36.7799258 ], [ 174.7507926, -36.7799476 ], [ 174.7506227, -36.7800214 ], [ 174.7505796, -36.7800599 ], [ 174.7505121, -36.7800803 ], [ 174.7502998, -36.7801998 ], [ 174.7500677, -36.7804578 ], [ 174.7497788, -36.7806868 ], [ 174.7492726, -36.7802734 ], [ 174.7482858, -36.7801621 ], [ 174.7489428, -36.781216 ], [ 174.7493771, -36.7819384 ], [ 174.7504101, -36.7834803 ], [ 174.7505822, -36.783699 ], [ 174.7506899, -36.7839067 ], [ 174.7512401, -36.7847425 ], [ 174.7514894, -36.7850822 ], [ 174.7515248, -36.785157 ], [ 174.7519548, -36.7858238 ], [ 174.752569, -36.7865624 ], [ 174.7529924, -36.7871301 ], [ 174.7531982, -36.7873331 ], [ 174.753527, -36.7878997 ] ], [ [ 174.7630469, -36.7908692 ], [ 174.762654, -36.7905426 ], [ 174.7629389, -36.7907417 ], [ 174.7630709, -36.7908503 ], [ 174.7630469, -36.7908692 ] ], [ [ 174.7615634, -36.7929603 ], [ 174.7615612, -36.7929653 ], [ 174.7613966, -36.7932078 ], [ 174.7615634, -36.7929603 ] ] ], [ [ [ 174.7310679, -36.7534724 ], [ 174.7311509, -36.7535631 ], [ 174.7317575, -36.7539304 ], [ 174.7324881, -36.7544707 ], [ 174.7326604, -36.7545741 ], [ 174.7328866, -36.7546762 ], [ 174.7329706, -36.754645 ], [ 174.7330708, -36.7543964 ], [ 174.7330364, -36.7542503 ], [ 174.733105, -36.7540929 ], [ 174.7331473, -36.7540598 ], [ 174.7332137, -36.7540435 ], [ 174.7332788, -36.7540544 ], [ 174.7333263, -36.7540851 ], [ 174.7333518, -36.7541272 ], [ 174.7333528, -36.7541752 ], [ 174.7331432, -36.7546979 ], [ 174.7328305, -36.7548369 ], [ 174.7326995, -36.7548797 ], [ 174.7326293, -36.7550762 ], [ 174.7326303, -36.7552037 ], [ 174.7326753, -36.7553243 ], [ 174.732769, -36.7554606 ], [ 174.7329261, -36.7555391 ], [ 174.7330203, -36.7556767 ], [ 174.733028, -36.7557149 ], [ 174.7330185, -36.7557532 ], [ 174.7329843, -36.7557936 ], [ 174.7329403, -36.7558157 ], [ 174.7328882, -36.7558229 ], [ 174.7328307, -36.7558114 ], [ 174.7324738, -36.7560087 ], [ 174.7328013, -36.7563122 ], [ 174.7333053, -36.7565862 ], [ 174.7342702, -36.7577224 ], [ 174.734408, -36.7576048 ], [ 174.7357478, -36.7586933 ], [ 174.7350138, -36.7595647 ], [ 174.7348878, -36.7594596 ], [ 174.7335313, -36.7581362 ], [ 174.7333266, -36.7580441 ], [ 174.7330054, -36.7581911 ], [ 174.7329589, -36.7581253 ], [ 174.7326666, -36.7582591 ], [ 174.7325446, -36.7583962 ], [ 174.7321713, -36.758567 ], [ 174.7325741, -36.7591787 ], [ 174.7322863, -36.7593277 ], [ 174.7323853, -36.7595205 ], [ 174.7324814, -36.7597869 ], [ 174.732522, -36.7598667 ], [ 174.7325779, -36.7599404 ], [ 174.7326742, -36.7599515 ], [ 174.7329794, -36.7597947 ], [ 174.7338508, -36.7611194 ], [ 174.7327611, -36.7618048 ], [ 174.7328471, -36.7620253 ], [ 174.7331034, -36.7619346 ], [ 174.7331401, -36.7619903 ], [ 174.7327305, -36.7621353 ], [ 174.7322825, -36.7628037 ], [ 174.7320225, -36.7629679 ], [ 174.7322073, -36.763208 ], [ 174.7322357, -36.7632278 ], [ 174.7320755, -36.7633929 ], [ 174.7316867, -36.7637523 ], [ 174.7317937, -36.7638626 ], [ 174.7314944, -36.7638768 ], [ 174.7315059, -36.7640406 ], [ 174.7314952, -36.7640817 ], [ 174.7312492, -36.7640929 ], [ 174.7312682, -36.7643629 ], [ 174.7312998, -36.7645209 ], [ 174.7313369, -36.7650372 ], [ 174.7318901, -36.7650119 ], [ 174.731897, -36.7651104 ], [ 174.732689, -36.7650726 ], [ 174.7327075, -36.7653321 ], [ 174.7327891, -36.7653284 ], [ 174.7332179, -36.7651615 ], [ 174.7332378, -36.7651236 ], [ 174.7335007, -36.7650379 ], [ 174.7335482, -36.7650885 ], [ 174.7340918, -36.765368 ], [ 174.7341878, -36.765901 ], [ 174.7343333, -36.7661877 ], [ 174.7345121, -36.7664205 ], [ 174.7367178, -36.7654798 ], [ 174.7382763, -36.7678503 ], [ 174.7387419, -36.7676519 ], [ 174.7390809, -36.7675391 ], [ 174.7392882, -36.767854 ], [ 174.7401737, -36.7674767 ], [ 174.7391869, -36.7649811 ], [ 174.7398196, -36.764723 ], [ 174.7399739, -36.7638871 ], [ 174.7403168, -36.7637758 ], [ 174.7402981, -36.7636903 ], [ 174.7403108, -36.7636417 ], [ 174.7403393, -36.763598 ], [ 174.7404292, -36.7635385 ], [ 174.7405325, -36.7635227 ], [ 174.7406462, -36.763553 ], [ 174.7407242, -36.7636262 ], [ 174.7407455, -36.7637036 ], [ 174.7406919, -36.7638553 ], [ 174.7407075, -36.7639601 ], [ 174.7407878, -36.7641052 ], [ 174.7408481, -36.7641683 ], [ 174.7409397, -36.7642352 ], [ 174.7409583, -36.7641724 ], [ 174.7412883, -36.764224 ], [ 174.7413559, -36.76396 ], [ 174.7419717, -36.764054 ], [ 174.7419922, -36.763974 ], [ 174.7423411, -36.7639624 ], [ 174.7426311, -36.7635304 ], [ 174.7428272, -36.7636197 ], [ 174.7429916, -36.7633858 ], [ 174.7429157, -36.7633616 ], [ 174.7428575, -36.7633155 ], [ 174.7428261, -36.7632538 ], [ 174.7428278, -36.7631871 ], [ 174.7428472, -36.7631453 ], [ 174.7428855, -36.7631048 ], [ 174.7429346, -36.7630767 ], [ 174.7430022, -36.76306 ], [ 174.7430727, -36.7630628 ], [ 174.7431283, -36.7630801 ], [ 174.7431741, -36.7631085 ], [ 174.7432758, -36.7632059 ], [ 174.7438396, -36.763463 ], [ 174.7439035, -36.7634644 ], [ 174.7439331, -36.7634416 ], [ 174.7440871, -36.7632053 ], [ 174.7447354, -36.7625647 ], [ 174.7455434, -36.7618329 ], [ 174.7448489, -36.7614324 ], [ 174.7449557, -36.7613287 ], [ 174.7445175, -36.7611845 ], [ 174.7445297, -36.7611527 ], [ 174.7449831, -36.761302 ], [ 174.7452764, -36.7610172 ], [ 174.7450017, -36.760841 ], [ 174.7445527, -36.7608742 ], [ 174.7437037, -36.7603263 ], [ 174.7443788, -36.7592376 ], [ 174.7424446, -36.7577711 ], [ 174.7434287, -36.7567746 ], [ 174.743539, -36.7565656 ], [ 174.743836, -36.7565469 ], [ 174.743819, -36.7563921 ], [ 174.743784, -36.7563268 ], [ 174.7436701, -36.7562339 ], [ 174.7436201, -36.7562233 ], [ 174.7434359, -36.7560996 ], [ 174.7436841, -36.7559412 ], [ 174.7437347, -36.7558522 ], [ 174.7437185, -36.7555471 ], [ 174.7436473, -36.7554946 ], [ 174.7426472, -36.7555293 ], [ 174.7422208, -36.7558012 ], [ 174.7419623, -36.7557069 ], [ 174.7408138, -36.7548346 ], [ 174.7407651, -36.754836 ], [ 174.7403551, -36.7545246 ], [ 174.7403541, -36.7544854 ], [ 174.739144, -36.7535665 ], [ 174.7387268, -36.7534289 ], [ 174.7385666, -36.7534641 ], [ 174.7377449, -36.7539387 ], [ 174.7375984, -36.754092 ], [ 174.7373624, -36.754591 ], [ 174.7371792, -36.7544685 ], [ 174.7354012, -36.7531056 ], [ 174.7353499, -36.7530483 ], [ 174.7355432, -36.7528801 ], [ 174.7354524, -36.7528813 ], [ 174.7353103, -36.752757 ], [ 174.7351792, -36.7528687 ], [ 174.7347736, -36.7525577 ], [ 174.7347254, -36.7525813 ], [ 174.734667, -36.7525869 ], [ 174.7345057, -36.75254 ], [ 174.7344474, -36.7524001 ], [ 174.7344476, -36.7519722 ], [ 174.7340706, -36.7516756 ], [ 174.7342345, -36.7515377 ], [ 174.7343074, -36.751593 ], [ 174.7362093, -36.7507017 ], [ 174.7359825, -36.7503885 ], [ 174.7360178, -36.7503719 ], [ 174.7362446, -36.7506851 ], [ 174.7367317, -36.7504568 ], [ 174.7365049, -36.7501435 ], [ 174.7364439, -36.7501721 ], [ 174.7361762, -36.7499644 ], [ 174.7362334, -36.7499393 ], [ 174.7359484, -36.7495193 ], [ 174.7374303, -36.7488684 ], [ 174.7366043, -36.7481088 ], [ 174.7366183, -36.7482549 ], [ 174.7362362, -36.7486084 ], [ 174.7358279, -36.7488383 ], [ 174.7355734, -36.748948 ], [ 174.7351978, -36.7485439 ], [ 174.7351174, -36.7485024 ], [ 174.7349642, -36.7483469 ], [ 174.7350652, -36.7482786 ], [ 174.7351339, -36.7481985 ], [ 174.7351727, -36.7481063 ], [ 174.7351763, -36.7479928 ], [ 174.7351253, -36.74787 ], [ 174.734832, -36.7474878 ], [ 174.7347957, -36.747452 ], [ 174.7347361, -36.74742 ], [ 174.7346811, -36.7474067 ], [ 174.7346095, -36.747407 ], [ 174.7345419, -36.7474258 ], [ 174.7342477, -36.7475735 ], [ 174.7334254, -36.7465024 ], [ 174.7334096, -36.7464218 ], [ 174.733432, -36.7463737 ], [ 174.7334655, -36.7463427 ], [ 174.7333344, -36.746172 ], [ 174.7331296, -36.7462738 ], [ 174.732094, -36.7469723 ], [ 174.7322209, -36.7471374 ], [ 174.7321828, -36.7471562 ], [ 174.7320363, -36.7471262 ], [ 174.731978, -36.7470503 ], [ 174.7314651, -36.7473964 ], [ 174.7314758, -36.7474104 ], [ 174.7270977, -36.7473338 ], [ 174.7267464, -36.7470021 ], [ 174.724712, -36.7483522 ], [ 174.724793, -36.7484205 ], [ 174.7249626, -36.7487048 ], [ 174.7263234, -36.7499639 ], [ 174.7264554, -36.7500471 ], [ 174.7265165, -36.750156 ], [ 174.7267688, -36.7504077 ], [ 174.7268256, -36.7504473 ], [ 174.7250929, -36.7508725 ], [ 174.7246843, -36.7509971 ], [ 174.7243518, -36.7511122 ], [ 174.7240484, -36.7511991 ], [ 174.721391, -36.7519079 ], [ 174.720339, -36.7521628 ], [ 174.720514, -36.752833 ], [ 174.7206783, -36.7528324 ], [ 174.7208713, -36.7528634 ], [ 174.7210323, -36.7529189 ], [ 174.7212555, -36.7530275 ], [ 174.721369, -36.7534137 ], [ 174.7213089, -36.7534875 ], [ 174.7212598, -36.753599 ], [ 174.721573, -36.7536712 ], [ 174.721599, -36.7535985 ], [ 174.7220169, -36.7536579 ], [ 174.7222013, -36.7536315 ], [ 174.7221874, -36.7536021 ], [ 174.7226137, -36.7534466 ], [ 174.7226758, -36.7535376 ], [ 174.7229624, -36.7533683 ], [ 174.7232368, -36.75358 ], [ 174.7232034, -36.7536105 ], [ 174.7233986, -36.7537456 ], [ 174.7233297, -36.7538085 ], [ 174.7234507, -36.7539268 ], [ 174.7237722, -36.7536907 ], [ 174.7239218, -36.7538061 ], [ 174.7240832, -36.7540196 ], [ 174.72442, -36.7540138 ], [ 174.7247023, -36.7539891 ], [ 174.7251363, -36.7541065 ], [ 174.7255864, -36.7542818 ], [ 174.7257514, -36.7543144 ], [ 174.7258998, -36.7543131 ], [ 174.7260205, -36.7542908 ], [ 174.7259177, -36.7540448 ], [ 174.7262442, -36.7537962 ], [ 174.7262445, -36.7531561 ], [ 174.72638, -36.7532177 ], [ 174.7266597, -36.7528189 ], [ 174.7267848, -36.7528877 ], [ 174.7269673, -36.7526276 ], [ 174.7272644, -36.7527637 ], [ 174.7275281, -36.7532375 ], [ 174.7272896, -36.7542065 ], [ 174.7275414, -36.7542466 ], [ 174.7275168, -36.7543468 ], [ 174.7270922, -36.7547303 ], [ 174.7269157, -36.7546038 ], [ 174.7264705, -36.7550057 ], [ 174.7259121, -36.7553666 ], [ 174.7256362, -36.7550826 ], [ 174.7253537, -36.7552602 ], [ 174.725332, -36.7552396 ], [ 174.7250629, -36.7554089 ], [ 174.7248893, -36.7555473 ], [ 174.7242676, -36.7559493 ], [ 174.7249043, -36.7566078 ], [ 174.7248371, -36.75665 ], [ 174.7248264, -36.756783 ], [ 174.724914, -36.756947 ], [ 174.7254461, -36.7577561 ], [ 174.7263347, -36.7571976 ], [ 174.7263507, -36.7572217 ], [ 174.7265755, -36.7571262 ], [ 174.72639, -36.7568441 ], [ 174.7264043, -36.7568146 ], [ 174.7266332, -36.7566975 ], [ 174.7266849, -36.7566822 ], [ 174.7268416, -36.756656 ], [ 174.7270141, -36.756659 ], [ 174.7270915, -36.7563665 ], [ 174.7270371, -36.7563679 ], [ 174.7270458, -36.7559407 ], [ 174.7276821, -36.7555407 ], [ 174.729906, -36.7565182 ], [ 174.7300559, -36.7562976 ], [ 174.7301069, -36.7561581 ], [ 174.7302692, -36.7562602 ], [ 174.7303871, -36.7563121 ], [ 174.7304289, -36.7563179 ], [ 174.7305118, -36.7563075 ], [ 174.7305476, -36.7562906 ], [ 174.7306328, -36.7562029 ], [ 174.7291178, -36.7552501 ], [ 174.7287159, -36.7551359 ], [ 174.7288963, -36.7548797 ], [ 174.7302367, -36.7537579 ], [ 174.7303116, -36.753796 ], [ 174.7307437, -36.7535176 ], [ 174.7307161, -36.7534714 ], [ 174.730715, -36.7534292 ], [ 174.7307358, -36.7533873 ], [ 174.7307851, -36.7533513 ], [ 174.7308607, -36.7533387 ], [ 174.7309287, -36.7533587 ], [ 174.7310679, -36.7534724 ] ] ], [ [ [ 174.722197, -36.7380082 ], [ 174.7196952, -36.7382607 ], [ 174.7195355, -36.7385732 ], [ 174.7196239, -36.7400818 ], [ 174.719394, -36.7400587 ], [ 174.7194012, -36.7400553 ], [ 174.7193166, -36.7399804 ], [ 174.7188768, -36.7382904 ], [ 174.7184157, -36.7375324 ], [ 174.7176612, -36.7366942 ], [ 174.7165473, -36.7359358 ], [ 174.7159996, -36.7356414 ], [ 174.714767, -36.7352744 ], [ 174.7155205, -36.7381126 ], [ 174.7154006, -36.7380946 ], [ 174.7150771, -36.738127 ], [ 174.7147479, -36.7382154 ], [ 174.7144132, -36.7384457 ], [ 174.7142953, -36.7386169 ], [ 174.7141107, -36.7387885 ], [ 174.7137479, -36.7390783 ], [ 174.7136198, -36.7409203 ], [ 174.7123072, -36.7409586 ], [ 174.7123833, -36.7411894 ], [ 174.7123236, -36.741205 ], [ 174.7123305, -36.7412912 ], [ 174.7123884, -36.7413074 ], [ 174.7123673, -36.7416992 ], [ 174.7142963, -36.7418242 ], [ 174.7143105, -36.7418432 ], [ 174.7152544, -36.7417539 ], [ 174.7156395, -36.7416795 ], [ 174.716374, -36.7413983 ], [ 174.71648, -36.7415872 ], [ 174.7165254, -36.7417812 ], [ 174.7165452, -36.7424321 ], [ 174.716594, -36.7426901 ], [ 174.7168145, -36.7432509 ], [ 174.7209071, -36.744303 ], [ 174.7200378, -36.7428268 ], [ 174.7195663, -36.7406594 ], [ 174.7197744, -36.7405352 ], [ 174.7202196, -36.741418 ], [ 174.7203458, -36.7418169 ], [ 174.720558, -36.7420735 ], [ 174.7212718, -36.7436634 ], [ 174.7215406, -36.744088 ], [ 174.721609, -36.7444834 ], [ 174.7224812, -36.7447076 ], [ 174.7255558, -36.7441881 ], [ 174.7268327, -36.7438363 ], [ 174.7270592, -36.7439545 ], [ 174.7282662, -36.7431676 ], [ 174.728245, -36.7431466 ], [ 174.7289182, -36.7427081 ], [ 174.7285733, -36.7424064 ], [ 174.7284505, -36.7423492 ], [ 174.7283727, -36.7423531 ], [ 174.7281738, -36.7421312 ], [ 174.7281689, -36.7420831 ], [ 174.7280751, -36.741953 ], [ 174.7276606, -36.74156 ], [ 174.7273628, -36.7412182 ], [ 174.7271999, -36.7409888 ], [ 174.7269669, -36.7406089 ], [ 174.7269488, -36.7405303 ], [ 174.7268116, -36.7401672 ], [ 174.7267389, -36.7398855 ], [ 174.726682, -36.739486 ], [ 174.7266806, -36.7390597 ], [ 174.7267104, -36.7387606 ], [ 174.7267239, -36.7387423 ], [ 174.7268319, -36.7378921 ], [ 174.7268983, -36.7369402 ], [ 174.7270652, -36.7353223 ], [ 174.7270637, -36.7352425 ], [ 174.7270451, -36.7352069 ], [ 174.7269616, -36.7351775 ], [ 174.7269591, -36.7350631 ], [ 174.727069, -36.7349714 ], [ 174.7270522, -36.7349332 ], [ 174.72715, -36.7349074 ], [ 174.7271884, -36.7348291 ], [ 174.7272148, -36.7345058 ], [ 174.7262382, -36.7344543 ], [ 174.7255093, -36.7348389 ], [ 174.7257683, -36.7351568 ], [ 174.7258628, -36.7351727 ], [ 174.725602, -36.7353103 ], [ 174.7255737, -36.7353435 ], [ 174.7255799, -36.7352563 ], [ 174.725321, -36.7349383 ], [ 174.7252161, -36.7349936 ], [ 174.7243564, -36.7360062 ], [ 174.7247109, -36.7363597 ], [ 174.722197, -36.7380082 ] ] ], [ [ [ 174.7099782, -36.7192058 ], [ 174.7099449, -36.7193014 ], [ 174.7098138, -36.7193146 ], [ 174.7097981, -36.7194027 ], [ 174.7098288, -36.7195343 ], [ 174.7097365, -36.7196736 ], [ 174.7096442, -36.7197116 ], [ 174.7095446, -36.7196768 ], [ 174.7095167, -36.7196363 ], [ 174.7095014, -36.7194908 ], [ 174.7094322, -36.7194222 ], [ 174.7093227, -36.719376 ], [ 174.7090286, -36.7195203 ], [ 174.7089181, -36.7196217 ], [ 174.7088084, -36.7197004 ], [ 174.7081075, -36.7198866 ], [ 174.708018, -36.7199322 ], [ 174.7075581, -36.7200851 ], [ 174.7073779, -36.7201688 ], [ 174.7073308, -36.7201675 ], [ 174.7072717, -36.7201245 ], [ 174.7072341, -36.7201258 ], [ 174.7071274, -36.7202772 ], [ 174.7069753, -36.7202341 ], [ 174.7067786, -36.7202457 ], [ 174.7065645, -36.7202776 ], [ 174.706517, -36.7202948 ], [ 174.7064766, -36.7202923 ], [ 174.7063744, -36.7202486 ], [ 174.706351, -36.7202227 ], [ 174.706316, -36.7201312 ], [ 174.7062466, -36.7201228 ], [ 174.7061993, -36.720063 ], [ 174.7060936, -36.7200432 ], [ 174.7060326, -36.720054 ], [ 174.7059807, -36.7200492 ], [ 174.7059261, -36.7200196 ], [ 174.7058913, -36.7200275 ], [ 174.7058045, -36.7200943 ], [ 174.705753, -36.720111 ], [ 174.7056558, -36.7200955 ], [ 174.7054936, -36.7201333 ], [ 174.7052129, -36.7202433 ], [ 174.7051208, -36.7203025 ], [ 174.7050559, -36.7203869 ], [ 174.7049559, -36.7204507 ], [ 174.7049001, -36.7205139 ], [ 174.7047194, -36.7206633 ], [ 174.7046648, -36.720691 ], [ 174.7046079, -36.7206972 ], [ 174.7045966, -36.7207283 ], [ 174.7046066, -36.7208085 ], [ 174.7045919, -36.72089 ], [ 174.7045638, -36.720942 ], [ 174.7045083, -36.7209894 ], [ 174.7044023, -36.7210345 ], [ 174.704225, -36.7210495 ], [ 174.704135, -36.7210762 ], [ 174.7040898, -36.7211473 ], [ 174.7041006, -36.7212119 ], [ 174.7041297, -36.7212694 ], [ 174.7041234, -36.7212948 ], [ 174.7040879, -36.7213355 ], [ 174.7040916, -36.7213815 ], [ 174.7039694, -36.7214785 ], [ 174.7039215, -36.7214879 ], [ 174.7038504, -36.7214709 ], [ 174.7036922, -36.721484 ], [ 174.7036049, -36.7214681 ], [ 174.7034401, -36.7214794 ], [ 174.7033976, -36.7215125 ], [ 174.7033672, -36.7215882 ], [ 174.7032967, -36.7216466 ], [ 174.7032247, -36.721662 ], [ 174.7030479, -36.7216566 ], [ 174.7030466, -36.7216794 ], [ 174.702939, -36.721684 ], [ 174.7028238, -36.7217429 ], [ 174.7027821, -36.7217948 ], [ 174.7027552, -36.7219211 ], [ 174.7027149, -36.7220025 ], [ 174.7028119, -36.7221281 ], [ 174.7028283, -36.7222036 ], [ 174.7027808, -36.72226 ], [ 174.7026245, -36.7223478 ], [ 174.7025824, -36.7223585 ], [ 174.7025526, -36.7223544 ], [ 174.7024814, -36.7223021 ], [ 174.702453, -36.722261 ], [ 174.7024425, -36.7222179 ], [ 174.7024835, -36.722149 ], [ 174.7024801, -36.7221155 ], [ 174.7024322, -36.7220681 ], [ 174.7023627, -36.7220514 ], [ 174.7022865, -36.7220634 ], [ 174.7022162, -36.7221002 ], [ 174.7021577, -36.7221687 ], [ 174.7021133, -36.7222633 ], [ 174.7020768, -36.7222899 ], [ 174.7016797, -36.7223956 ], [ 174.7016332, -36.722411 ], [ 174.7015914, -36.7224496 ], [ 174.7015129, -36.7224047 ], [ 174.7014858, -36.7223549 ], [ 174.7014106, -36.7223032 ], [ 174.7012704, -36.7223428 ], [ 174.7008013, -36.7223973 ], [ 174.7007749, -36.7223827 ], [ 174.7007637, -36.7223613 ], [ 174.7007728, -36.722211 ], [ 174.7007617, -36.7221924 ], [ 174.7007326, -36.7221821 ], [ 174.7005348, -36.7221746 ], [ 174.700136, -36.7222724 ], [ 174.6999041, -36.7223699 ], [ 174.6996469, -36.722626 ], [ 174.6995249, -36.722718 ], [ 174.6993862, -36.7228594 ], [ 174.6993508, -36.7229108 ], [ 174.6993134, -36.7230075 ], [ 174.6992931, -36.723111 ], [ 174.6992393, -36.7231981 ], [ 174.6991743, -36.7232668 ], [ 174.6990331, -36.7233479 ], [ 174.698918, -36.7233914 ], [ 174.6987819, -36.7234232 ], [ 174.698573, -36.7234116 ], [ 174.6984355, -36.7233452 ], [ 174.6984235, -36.7235631 ], [ 174.6980256, -36.7235113 ], [ 174.6979501, -36.7235343 ], [ 174.6978735, -36.7235393 ], [ 174.6977652, -36.7235263 ], [ 174.6975993, -36.7234558 ], [ 174.6963377, -36.7232915 ], [ 174.6964099, -36.7234035 ], [ 174.6964315, -36.7236929 ], [ 174.6954527, -36.724216 ], [ 174.6956259, -36.7243453 ], [ 174.6957594, -36.7243724 ], [ 174.6959464, -36.7247316 ], [ 174.6959351, -36.724731 ], [ 174.6959391, -36.7249134 ], [ 174.6958844, -36.7249106 ], [ 174.695673, -36.7250082 ], [ 174.6977501, -36.7265617 ], [ 174.6979977, -36.7268719 ], [ 174.6980016, -36.7270482 ], [ 174.6979699, -36.7274872 ], [ 174.6976685, -36.7278853 ], [ 174.6975103, -36.7281266 ], [ 174.6973438, -36.7284766 ], [ 174.6972571, -36.7289833 ], [ 174.6973643, -36.7289905 ], [ 174.6974424, -36.7290224 ], [ 174.697545, -36.7290306 ], [ 174.6976094, -36.7290506 ], [ 174.6976671, -36.7290882 ], [ 174.6977745, -36.7291829 ], [ 174.6978306, -36.7292901 ], [ 174.697902, -36.7293801 ], [ 174.6979422, -36.7294002 ], [ 174.6980211, -36.7294047 ], [ 174.6981035, -36.7294287 ], [ 174.6981669, -36.7295596 ], [ 174.69826, -36.72969 ], [ 174.6983029, -36.7297248 ], [ 174.6983847, -36.7297447 ], [ 174.698444, -36.729809 ], [ 174.698472, -36.7299876 ], [ 174.6985046, -36.7300795 ], [ 174.6985548, -36.7308723 ], [ 174.6990189, -36.7312727 ], [ 174.6990205, -36.7316161 ], [ 174.699249, -36.7320349 ], [ 174.6995072, -36.7320527 ], [ 174.699672, -36.7320003 ], [ 174.6997047, -36.732007 ], [ 174.6998136, -36.7322439 ], [ 174.6998608, -36.7322313 ], [ 174.7000699, -36.7334665 ], [ 174.6961399, -36.7338182 ], [ 174.6961276, -36.7340287 ], [ 174.6959763, -36.7343491 ], [ 174.6959729, -36.7346329 ], [ 174.6958571, -36.7348369 ], [ 174.6960363, -36.7353295 ], [ 174.6965614, -36.7355668 ], [ 174.6963443, -36.7359858 ], [ 174.6963857, -36.7365052 ], [ 174.6976896, -36.7369468 ], [ 174.6986077, -36.7366941 ], [ 174.6991767, -36.7363763 ], [ 174.6996867, -36.7364411 ], [ 174.7005336, -36.7362868 ], [ 174.7010634, -36.7363261 ], [ 174.7013656, -36.7364944 ], [ 174.7016209, -36.7362001 ], [ 174.7021444, -36.7361042 ], [ 174.7026441, -36.7358987 ], [ 174.7029156, -36.735819 ], [ 174.7030619, -36.7356694 ], [ 174.7032832, -36.7355837 ], [ 174.7037173, -36.7355443 ], [ 174.7039669, -36.7354539 ], [ 174.7045371, -36.7352986 ], [ 174.7048906, -36.7350779 ], [ 174.7051757, -36.7350284 ], [ 174.7055455, -36.7348616 ], [ 174.7059467, -36.7347366 ], [ 174.7061858, -36.734735 ], [ 174.7064819, -36.7347656 ], [ 174.7066772, -36.7345801 ], [ 174.7066809, -36.7346463 ], [ 174.7068695, -36.7347491 ], [ 174.707325, -36.7356779 ], [ 174.7079707, -36.7357548 ], [ 174.7086057, -36.7359538 ], [ 174.7091029, -36.7361785 ], [ 174.7093877, -36.7360443 ], [ 174.7097514, -36.7359876 ], [ 174.7100517, -36.7360613 ], [ 174.7103287, -36.7363129 ], [ 174.7102908, -36.7366865 ], [ 174.7111794, -36.7365479 ], [ 174.7112245, -36.7367354 ], [ 174.7108815, -36.7367889 ], [ 174.7106843, -36.7368666 ], [ 174.71074, -36.7370054 ], [ 174.7105918, -36.7370027 ], [ 174.7105769, -36.7369655 ], [ 174.7102646, -36.7369449 ], [ 174.7102565, -36.7370248 ], [ 174.7106276, -36.73795 ], [ 174.7112179, -36.7380782 ], [ 174.7116299, -36.7382608 ], [ 174.7116577, -36.7382034 ], [ 174.7116598, -36.7380471 ], [ 174.7116364, -36.7379498 ], [ 174.7115671, -36.7377825 ], [ 174.7116278, -36.7377384 ], [ 174.7117004, -36.7375701 ], [ 174.7116794, -36.7375625 ], [ 174.711747, -36.7374059 ], [ 174.7117321, -36.7373541 ], [ 174.711829, -36.7372036 ], [ 174.7118884, -36.7372137 ], [ 174.7120074, -36.7372086 ], [ 174.7123094, -36.7371635 ], [ 174.7125557, -36.7371409 ], [ 174.7125443, -36.7369017 ], [ 174.7125992, -36.7366991 ], [ 174.7129413, -36.7365987 ], [ 174.7129398, -36.7364926 ], [ 174.7126419, -36.7365479 ], [ 174.7125773, -36.736506 ], [ 174.7125808, -36.7362799 ], [ 174.7124929, -36.7362939 ], [ 174.7123752, -36.7362649 ], [ 174.7122271, -36.7362925 ], [ 174.7121894, -36.7361608 ], [ 174.7123815, -36.7361251 ], [ 174.7124277, -36.7360656 ], [ 174.7123729, -36.7358834 ], [ 174.7122771, -36.7356914 ], [ 174.7123527, -36.7354749 ], [ 174.7123273, -36.7354519 ], [ 174.7126914, -36.7353477 ], [ 174.7129233, -36.7352339 ], [ 174.7130301, -36.73521 ], [ 174.7130927, -36.7349396 ], [ 174.7134705, -36.7345244 ], [ 174.7140937, -36.7346161 ], [ 174.7146425, -36.7347469 ], [ 174.7148146, -36.734153 ], [ 174.7145129, -36.7339515 ], [ 174.7151698, -36.7333142 ], [ 174.7156673, -36.7333145 ], [ 174.7159523, -36.7328193 ], [ 174.7171893, -36.7323364 ], [ 174.7174395, -36.7321564 ], [ 174.7171443, -36.7318902 ], [ 174.7168061, -36.7314566 ], [ 174.7170439, -36.7313061 ], [ 174.7172869, -36.7311833 ], [ 174.7179726, -36.7312206 ], [ 174.7179788, -36.7310284 ], [ 174.7182233, -36.7310335 ], [ 174.7183449, -36.7309758 ], [ 174.7184239, -36.7309759 ], [ 174.7185032, -36.7309956 ], [ 174.7189335, -36.730971 ], [ 174.7192589, -36.7312276 ], [ 174.7193232, -36.7309959 ], [ 174.7193784, -36.7310506 ], [ 174.7197583, -36.7308032 ], [ 174.7199211, -36.7309653 ], [ 174.7199475, -36.7309486 ], [ 174.7197845, -36.7307863 ], [ 174.7200751, -36.7305928 ], [ 174.7203273, -36.7303384 ], [ 174.7203701, -36.7303169 ], [ 174.7205905, -36.7302564 ], [ 174.7211592, -36.7298923 ], [ 174.7206836, -36.7298519 ], [ 174.7207284, -36.7294762 ], [ 174.720765, -36.7293677 ], [ 174.7208244, -36.7292504 ], [ 174.7209022, -36.7291403 ], [ 174.7209892, -36.7290467 ], [ 174.7211919, -36.7288934 ], [ 174.7214774, -36.7287546 ], [ 174.7215917, -36.7286802 ], [ 174.7217074, -36.7285706 ], [ 174.7217949, -36.7284409 ], [ 174.7218324, -36.7283512 ], [ 174.7218576, -36.7282363 ], [ 174.7218503, -36.7280606 ], [ 174.7219147, -36.7279893 ], [ 174.721806, -36.7273782 ], [ 174.7214475, -36.7274499 ], [ 174.7213165, -36.7274665 ], [ 174.7211205, -36.7274677 ], [ 174.7209371, -36.7274434 ], [ 174.7207667, -36.7271926 ], [ 174.7207731, -36.7270257 ], [ 174.7207502, -36.7268935 ], [ 174.7207047, -36.7267866 ], [ 174.7206205, -36.7266692 ], [ 174.7205289, -36.7263679 ], [ 174.7205959, -36.7263529 ], [ 174.721813, -36.7257762 ], [ 174.7219118, -36.7257674 ], [ 174.7218814, -36.7252271 ], [ 174.7221208, -36.7252056 ], [ 174.7220549, -36.7247298 ], [ 174.7220119, -36.7245332 ], [ 174.722112, -36.7245243 ], [ 174.7218728, -36.7239621 ], [ 174.7216761, -36.7240044 ], [ 174.7216386, -36.7239953 ], [ 174.7215325, -36.7237571 ], [ 174.7214286, -36.7236506 ], [ 174.7201584, -36.7230292 ], [ 174.7197828, -36.7228795 ], [ 174.7197957, -36.7227914 ], [ 174.7197896, -36.7226115 ], [ 174.7197571, -36.7224493 ], [ 174.719427, -36.7224492 ], [ 174.719066, -36.7224334 ], [ 174.7188499, -36.7223809 ], [ 174.7186508, -36.7222977 ], [ 174.7181866, -36.722023 ], [ 174.71806, -36.7215828 ], [ 174.7181029, -36.7214026 ], [ 174.718082, -36.7211992 ], [ 174.7180065, -36.7209435 ], [ 174.7182386, -36.7207353 ], [ 174.7184333, -36.7205201 ], [ 174.7189954, -36.7205464 ], [ 174.7192156, -36.7206173 ], [ 174.7194282, -36.7205406 ], [ 174.7194286, -36.7203947 ], [ 174.718682, -36.7202982 ], [ 174.7178035, -36.719772 ], [ 174.7173745, -36.7194215 ], [ 174.7172236, -36.7194139 ], [ 174.7170802, -36.7194898 ], [ 174.7168769, -36.7195681 ], [ 174.7166772, -36.7191239 ], [ 174.7165326, -36.7188407 ], [ 174.7164681, -36.7187554 ], [ 174.7163494, -36.7186499 ], [ 174.7163118, -36.7185704 ], [ 174.7163119, -36.7185181 ], [ 174.7163518, -36.7183529 ], [ 174.7166858, -36.7183795 ], [ 174.7169343, -36.7184411 ], [ 174.7174786, -36.7184412 ], [ 174.7176892, -36.7179831 ], [ 174.7177344, -36.717792 ], [ 174.7177573, -36.7177864 ], [ 174.7178553, -36.7176291 ], [ 174.7179148, -36.7176531 ], [ 174.7181019, -36.7175069 ], [ 174.718331, -36.7173925 ], [ 174.719084, -36.7171415 ], [ 174.7188701, -36.7167138 ], [ 174.7186792, -36.7165789 ], [ 174.7187847, -36.7164388 ], [ 174.7187482, -36.7163232 ], [ 174.7187105, -36.7163203 ], [ 174.718667, -36.7162955 ], [ 174.7186356, -36.7162275 ], [ 174.718522, -36.7161384 ], [ 174.7184396, -36.7160561 ], [ 174.7183666, -36.7159588 ], [ 174.7183417, -36.715863 ], [ 174.7183119, -36.7158432 ], [ 174.7183103, -36.715672 ], [ 174.7184532, -36.7156689 ], [ 174.7185761, -36.7156233 ], [ 174.7186438, -36.7155711 ], [ 174.7188534, -36.7153462 ], [ 174.7189058, -36.7152135 ], [ 174.7189108, -36.7150021 ], [ 174.7189357, -36.7148883 ], [ 174.7186511, -36.7148059 ], [ 174.7186037, -36.7147293 ], [ 174.7184035, -36.714588 ], [ 174.7183837, -36.7145945 ], [ 174.7182486, -36.7142635 ], [ 174.7180555, -36.7140458 ], [ 174.7180131, -36.7138846 ], [ 174.7164956, -36.7134927 ], [ 174.7152685, -36.7133177 ], [ 174.7152963, -36.7134922 ], [ 174.7138986, -36.7134951 ], [ 174.7139004, -36.7136974 ], [ 174.7138299, -36.7138311 ], [ 174.7137432, -36.7138018 ], [ 174.713527, -36.7137616 ], [ 174.7134024, -36.7137092 ], [ 174.7132293, -36.7137348 ], [ 174.7131959, -36.7137585 ], [ 174.7130966, -36.7137892 ], [ 174.7135128, -36.7140138 ], [ 174.7136503, -36.7141522 ], [ 174.7132406, -36.7143803 ], [ 174.7133502, -36.7147988 ], [ 174.7125727, -36.7150804 ], [ 174.7118992, -36.7149999 ], [ 174.7117353, -36.7151826 ], [ 174.7118012, -36.7156323 ], [ 174.7115784, -36.7156806 ], [ 174.7115926, -36.7157425 ], [ 174.7117049, -36.7158661 ], [ 174.7125284, -36.7167148 ], [ 174.7126727, -36.7169065 ], [ 174.7126973, -36.7170756 ], [ 174.7127851, -36.7172628 ], [ 174.7128114, -36.7172811 ], [ 174.7128467, -36.7172769 ], [ 174.7129404, -36.7172448 ], [ 174.7129993, -36.7172057 ], [ 174.713054, -36.7172305 ], [ 174.7130319, -36.7172364 ], [ 174.7131888, -36.7174597 ], [ 174.7113263, -36.7183346 ], [ 174.7111159, -36.7180062 ], [ 174.7110935, -36.7180257 ], [ 174.7110828, -36.718137 ], [ 174.7111023, -36.7182085 ], [ 174.7111394, -36.7182653 ], [ 174.7111447, -36.7183011 ], [ 174.711217, -36.7183431 ], [ 174.7112321, -36.7184146 ], [ 174.7111009, -36.7185171 ], [ 174.7110796, -36.7185569 ], [ 174.7110312, -36.7185828 ], [ 174.710902, -36.7186266 ], [ 174.7108155, -36.7186086 ], [ 174.710774, -36.7186211 ], [ 174.7106648, -36.7186656 ], [ 174.7105179, -36.718746 ], [ 174.7103027, -36.7189684 ], [ 174.7103018, -36.7190152 ], [ 174.7102249, -36.7190591 ], [ 174.7101026, -36.7191708 ], [ 174.7099782, -36.7192058 ] ] ], [ [ [ 174.7069685, -36.7181958 ], [ 174.7032476, -36.7179791 ], [ 174.7030941, -36.7208155 ], [ 174.7042052, -36.7204662 ], [ 174.7046166, -36.7206191 ], [ 174.7050156, -36.7202157 ], [ 174.7063151, -36.7198219 ], [ 174.7069685, -36.7181958 ] ] ], [ [ [ 174.9074418, -37.1991728 ], [ 174.9072045, -37.1992245 ], [ 174.9070889, -37.1991408 ], [ 174.906959, -37.1990796 ], [ 174.9067877, -37.1990314 ], [ 174.906608, -37.1990168 ], [ 174.9061682, -37.1990442 ], [ 174.9061713, -37.1990518 ], [ 174.9039423, -37.1992476 ], [ 174.9039106, -37.1996535 ], [ 174.9039443, -37.1996555 ], [ 174.9039206, -37.1999665 ], [ 174.9038558, -37.1999632 ], [ 174.9038487, -37.2000711 ], [ 174.9038783, -37.2000726 ], [ 174.9038563, -37.2003529 ], [ 174.9038185, -37.2003498 ], [ 174.9037969, -37.2005516 ], [ 174.9034478, -37.2043337 ], [ 174.9034672, -37.2045153 ], [ 174.9034433, -37.2045544 ], [ 174.9034646, -37.2046508 ], [ 174.9041267, -37.2052851 ], [ 174.904656, -37.2073716 ], [ 174.9049474, -37.2079147 ], [ 174.9050419, -37.2079569 ], [ 174.9059346, -37.2078134 ], [ 174.9060044, -37.2079868 ], [ 174.9062079, -37.2087834 ], [ 174.9071236, -37.2086554 ], [ 174.9073208, -37.2094868 ], [ 174.9097941, -37.2091421 ], [ 174.9096735, -37.2086334 ], [ 174.914834, -37.2078659 ], [ 174.9137901, -37.2068103 ], [ 174.9114116, -37.2043598 ], [ 174.9119201, -37.2042289 ], [ 174.9177369, -37.2033128 ], [ 174.9176463, -37.2029582 ], [ 174.9168868, -37.2030803 ], [ 174.9167987, -37.2027352 ], [ 174.9167359, -37.2026969 ], [ 174.9165077, -37.2027091 ], [ 174.9162397, -37.2027 ], [ 174.9161651, -37.2027105 ], [ 174.9161435, -37.2026197 ], [ 174.9157282, -37.2022827 ], [ 174.9160691, -37.2018358 ], [ 174.9159249, -37.2011749 ], [ 174.9139876, -37.2014804 ], [ 174.9136926, -37.2002583 ], [ 174.9139241, -37.2001286 ], [ 174.9138778, -37.1996124 ], [ 174.9146057, -37.1995812 ], [ 174.9145819, -37.1991719 ], [ 174.9140798, -37.199238 ], [ 174.9140287, -37.1991232 ], [ 174.91397, -37.1990725 ], [ 174.913926, -37.1989581 ], [ 174.9135088, -37.1989334 ], [ 174.9135025, -37.1988975 ], [ 174.9131005, -37.1989534 ], [ 174.9128111, -37.1977846 ], [ 174.9126003, -37.1979114 ], [ 174.9117094, -37.198279 ], [ 174.9116275, -37.198325 ], [ 174.911443, -37.1979413 ], [ 174.9112976, -37.1975954 ], [ 174.9111719, -37.1974396 ], [ 174.9110599, -37.1974625 ], [ 174.9109405, -37.1969272 ], [ 174.9101599, -37.1970352 ], [ 174.909427, -37.1971551 ], [ 174.9098473, -37.1990404 ], [ 174.9093354, -37.1993006 ], [ 174.9091331, -37.1993625 ], [ 174.9088075, -37.1994217 ], [ 174.9087083, -37.1994219 ], [ 174.9085209, -37.1993895 ], [ 174.9083629, -37.1994585 ], [ 174.9081559, -37.1991769 ], [ 174.907503, -37.1994333 ], [ 174.9074418, -37.1991728 ] ] ], [ [ [ 174.898949, -37.150078 ], [ 174.8985226, -37.1488347 ], [ 174.897623, -37.1490314 ], [ 174.8978289, -37.1497059 ], [ 174.897002, -37.1499755 ], [ 174.8956164, -37.1502931 ], [ 174.8933501, -37.1504438 ], [ 174.8931504, -37.1504999 ], [ 174.8915594, -37.1511959 ], [ 174.8919149, -37.1517293 ], [ 174.8906065, -37.1523411 ], [ 174.8906125, -37.1523503 ], [ 174.8902169, -37.1525744 ], [ 174.8935649, -37.157705 ], [ 174.8931073, -37.15767 ], [ 174.89281, -37.1576325 ], [ 174.8926632, -37.1580914 ], [ 174.892081, -37.1592771 ], [ 174.8920106, -37.1595664 ], [ 174.8920264, -37.1596798 ], [ 174.8919767, -37.1599288 ], [ 174.8919783, -37.1601821 ], [ 174.8953477, -37.1596413 ], [ 174.8967564, -37.1578023 ], [ 174.8986054, -37.1545568 ], [ 174.8991204, -37.1535602 ], [ 174.8998337, -37.1526128 ], [ 174.9007661, -37.1518094 ], [ 174.9019758, -37.1504216 ], [ 174.900511, -37.1497452 ], [ 174.8998824, -37.1493974 ], [ 174.8998317, -37.1495195 ], [ 174.899565, -37.1498755 ], [ 174.8993749, -37.1500157 ], [ 174.898949, -37.150078 ] ] ], [ [ [ 174.9488659, -37.1106536 ], [ 174.9489652, -37.1106773 ], [ 174.9490762, -37.1107745 ], [ 174.9492273, -37.1107692 ], [ 174.9493959, -37.1108462 ], [ 174.9495032, -37.1110084 ], [ 174.9497155, -37.111081 ], [ 174.9497917, -37.1111455 ], [ 174.9499484, -37.111227 ], [ 174.9499884, -37.1112886 ], [ 174.9499785, -37.1114493 ], [ 174.9499964, -37.1116639 ], [ 174.9500888, -37.111922 ], [ 174.9503097, -37.1119388 ], [ 174.9504803, -37.1121664 ], [ 174.9498099, -37.1126265 ], [ 174.9497543, -37.1128174 ], [ 174.9496543, -37.1130146 ], [ 174.9495494, -37.1130335 ], [ 174.9495033, -37.1130522 ], [ 174.9494387, -37.1131443 ], [ 174.9493733, -37.113152 ], [ 174.9493215, -37.113142 ], [ 174.9492638, -37.1131149 ], [ 174.9492239, -37.1130796 ], [ 174.9490678, -37.1128272 ], [ 174.9489809, -37.1127336 ], [ 174.9488966, -37.1126872 ], [ 174.9488626, -37.1126837 ], [ 174.948724, -37.1127975 ], [ 174.9486428, -37.1129023 ], [ 174.9486282, -37.112948 ], [ 174.9486138, -37.1131048 ], [ 174.9486237, -37.1131827 ], [ 174.9486624, -37.1133206 ], [ 174.9486967, -37.1133808 ], [ 174.9487996, -37.1134657 ], [ 174.9488583, -37.1134991 ], [ 174.9490687, -37.1134904 ], [ 174.9492688, -37.1135378 ], [ 174.9495257, -37.1135204 ], [ 174.9496844, -37.1134767 ], [ 174.9497968, -37.1134675 ], [ 174.9499851, -37.1134897 ], [ 174.9500247, -37.1135022 ], [ 174.9501347, -37.1135706 ], [ 174.9502554, -37.1135316 ], [ 174.9503752, -37.1135195 ], [ 174.9505309, -37.1134857 ], [ 174.9506246, -37.1134945 ], [ 174.950693, -37.1135279 ], [ 174.9507389, -37.1135926 ], [ 174.9507302, -37.1136774 ], [ 174.950749, -37.113821 ], [ 174.9507228, -37.1139582 ], [ 174.950664, -37.1140926 ], [ 174.9507363, -37.1142991 ], [ 174.9507527, -37.1144507 ], [ 174.9508693, -37.1144838 ], [ 174.9509279, -37.1145273 ], [ 174.9509865, -37.1145952 ], [ 174.9510414, -37.1147215 ], [ 174.9510595, -37.1147379 ], [ 174.951124, -37.1147618 ], [ 174.9513028, -37.1147845 ], [ 174.9514762, -37.11484 ], [ 174.9515737, -37.1148849 ], [ 174.9517584, -37.114994 ], [ 174.9519203, -37.1152209 ], [ 174.9520842, -37.1153731 ], [ 174.9521218, -37.1154274 ], [ 174.9521219, -37.1154767 ], [ 174.9520566, -37.1155236 ], [ 174.9519254, -37.115555 ], [ 174.951731, -37.1155553 ], [ 174.9517062, -37.1155653 ], [ 174.9516529, -37.1156214 ], [ 174.9516428, -37.1156889 ], [ 174.9516705, -37.1157614 ], [ 174.9518193, -37.1159913 ], [ 174.951896, -37.1161735 ], [ 174.9519732, -37.1162872 ], [ 174.9520481, -37.1163334 ], [ 174.9521654, -37.1163548 ], [ 174.9522542, -37.1163378 ], [ 174.9522992, -37.1163158 ], [ 174.9523783, -37.1162469 ], [ 174.9524615, -37.1162346 ], [ 174.9527824, -37.1162895 ], [ 174.9529286, -37.1163381 ], [ 174.9530811, -37.1164192 ], [ 174.9533107, -37.1165815 ], [ 174.9533644, -37.1166636 ], [ 174.9534567, -37.1168999 ], [ 174.9535317, -37.1169352 ], [ 174.9535913, -37.1169438 ], [ 174.9539093, -37.1170359 ], [ 174.9540683, -37.1171101 ], [ 174.9542367, -37.1171702 ], [ 174.9543088, -37.1171889 ], [ 174.9544926, -37.1172095 ], [ 174.9546128, -37.1172542 ], [ 174.9547948, -37.1173888 ], [ 174.9549143, -37.1175577 ], [ 174.9549732, -37.1176056 ], [ 174.9550313, -37.1176236 ], [ 174.9550855, -37.1176227 ], [ 174.955139, -37.1175974 ], [ 174.9551853, -37.1175532 ], [ 174.9552534, -37.1174354 ], [ 174.9553206, -37.1172823 ], [ 174.95535, -37.1171081 ], [ 174.9553381, -37.116913 ], [ 174.9553631, -37.1168284 ], [ 174.955396, -37.1167926 ], [ 174.9555167, -37.1167417 ], [ 174.9555525, -37.1166841 ], [ 174.9556389, -37.1166203 ], [ 174.9558117, -37.1165984 ], [ 174.9557224, -37.1164798 ], [ 174.9550117, -37.1154032 ], [ 174.954859, -37.1152092 ], [ 174.9573247, -37.114165 ], [ 174.9587093, -37.1129709 ], [ 174.9587062, -37.1129585 ], [ 174.9589865, -37.1128376 ], [ 174.9594101, -37.1131133 ], [ 174.9631052, -37.1149987 ], [ 174.9641932, -37.1118075 ], [ 174.962586, -37.1114631 ], [ 174.9626252, -37.1095248 ], [ 174.9625974, -37.109333 ], [ 174.9616089, -37.1091722 ], [ 174.9617021, -37.1083896 ], [ 174.9595889, -37.1082275 ], [ 174.95963, -37.1071675 ], [ 174.9598566, -37.1050593 ], [ 174.9598638, -37.1042353 ], [ 174.9602425, -37.1042655 ], [ 174.9604495, -37.1024562 ], [ 174.9595468, -37.1023931 ], [ 174.9596134, -37.1022827 ], [ 174.95966, -37.1021529 ], [ 174.9596905, -37.1020143 ], [ 174.9597472, -37.10157 ], [ 174.9595749, -37.1015568 ], [ 174.9595407, -37.1015794 ], [ 174.9591002, -37.1015456 ], [ 174.9590986, -37.101559 ], [ 174.9586208, -37.1015169 ], [ 174.9571323, -37.1014155 ], [ 174.9572743, -37.1002201 ], [ 174.956588, -37.1001681 ], [ 174.9566423, -37.0998165 ], [ 174.9563412, -37.099802 ], [ 174.9563446, -37.0997718 ], [ 174.9562782, -37.099775 ], [ 174.9563117, -37.0994916 ], [ 174.9552984, -37.0994149 ], [ 174.9552788, -37.0995818 ], [ 174.9544642, -37.0995201 ], [ 174.9544433, -37.0998823 ], [ 174.9542497, -37.1008586 ], [ 174.9540132, -37.1008378 ], [ 174.9525579, -37.1007777 ], [ 174.9523574, -37.1002475 ], [ 174.9509739, -37.1001426 ], [ 174.9509817, -37.1001604 ], [ 174.9507484, -37.1003136 ], [ 174.9505937, -37.1000844 ], [ 174.9499367, -37.1003603 ], [ 174.9500418, -37.1004553 ], [ 174.9502235, -37.1007147 ], [ 174.9501427, -37.1007382 ], [ 174.9502674, -37.1008777 ], [ 174.9503145, -37.1009973 ], [ 174.9503633, -37.1010492 ], [ 174.9504375, -37.1010834 ], [ 174.9504475, -37.1010983 ], [ 174.9504007, -37.1011373 ], [ 174.9502307, -37.1011453 ], [ 174.9500108, -37.1011963 ], [ 174.9500324, -37.1012679 ], [ 174.9498632, -37.1014091 ], [ 174.9497171, -37.1015859 ], [ 174.9487494, -37.1016906 ], [ 174.9488411, -37.1022344 ], [ 174.9478544, -37.1023411 ], [ 174.9475908, -37.1022219 ], [ 174.9464697, -37.1023447 ], [ 174.9465352, -37.1027045 ], [ 174.9454948, -37.1028195 ], [ 174.9457177, -37.1036986 ], [ 174.9470786, -37.1072667 ], [ 174.9464179, -37.1081877 ], [ 174.9463812, -37.1089544 ], [ 174.9464411, -37.1090896 ], [ 174.9467737, -37.1092867 ], [ 174.9478226, -37.1083389 ], [ 174.9480138, -37.1084738 ], [ 174.9480078, -37.1085454 ], [ 174.9480377, -37.1087176 ], [ 174.9480679, -37.1087919 ], [ 174.9481083, -37.1088505 ], [ 174.9482018, -37.1089359 ], [ 174.9483856, -37.1090557 ], [ 174.9486432, -37.1091683 ], [ 174.9487472, -37.1092306 ], [ 174.9487738, -37.1092615 ], [ 174.9487842, -37.1093013 ], [ 174.9487821, -37.1093801 ], [ 174.9487649, -37.1094335 ], [ 174.9487359, -37.1094671 ], [ 174.9484969, -37.1096132 ], [ 174.9482422, -37.1098298 ], [ 174.9480939, -37.1098918 ], [ 174.9479783, -37.1099688 ], [ 174.947934, -37.1100524 ], [ 174.9479343, -37.110142 ], [ 174.9479672, -37.1101618 ], [ 174.9480284, -37.1101725 ], [ 174.9481198, -37.1100578 ], [ 174.9483202, -37.1098901 ], [ 174.9483823, -37.1098591 ], [ 174.9485873, -37.109791 ], [ 174.9487101, -37.1097243 ], [ 174.9489461, -37.1096527 ], [ 174.9490359, -37.1096499 ], [ 174.9490856, -37.1096718 ], [ 174.9491099, -37.1097106 ], [ 174.9492091, -37.1097747 ], [ 174.94923, -37.1098568 ], [ 174.9492019, -37.1099942 ], [ 174.9491143, -37.1100746 ], [ 174.9490095, -37.11013 ], [ 174.948967, -37.1102176 ], [ 174.948815, -37.1102702 ], [ 174.9487487, -37.1103301 ], [ 174.9486486, -37.1103924 ], [ 174.9486345, -37.1104786 ], [ 174.9486866, -37.1105435 ], [ 174.9488115, -37.1105835 ], [ 174.9488659, -37.1106536 ] ] ], [ [ [ 174.9454231, -37.05454 ], [ 174.9453151, -37.054633 ], [ 174.9447304, -37.0552848 ], [ 174.9435833, -37.0556541 ], [ 174.9430712, -37.055525 ], [ 174.9430063, -37.0553807 ], [ 174.9426873, -37.054955 ], [ 174.9413985, -37.0553624 ], [ 174.940546, -37.0543924 ], [ 174.940316, -37.0539154 ], [ 174.940146, -37.0539688 ], [ 174.9396431, -37.0529343 ], [ 174.938975, -37.0531472 ], [ 174.938347, -37.051893 ], [ 174.9378211, -37.0520592 ], [ 174.9378044, -37.0520278 ], [ 174.9373605, -37.0521689 ], [ 174.9376124, -37.0526932 ], [ 174.9373427, -37.0527628 ], [ 174.9365388, -37.05301 ], [ 174.9368686, -37.0533237 ], [ 174.936677, -37.0534532 ], [ 174.9354607, -37.0538268 ], [ 174.9356519, -37.0542216 ], [ 174.9337703, -37.0547544 ], [ 174.9342838, -37.0551097 ], [ 174.934524, -37.0552337 ], [ 174.9345155, -37.0552695 ], [ 174.9347151, -37.0554079 ], [ 174.9345638, -37.0555687 ], [ 174.9331349, -37.056677 ], [ 174.9337725, -37.0577643 ], [ 174.931597, -37.0586895 ], [ 174.9312273, -37.0596929 ], [ 174.9312655, -37.0597492 ], [ 174.9311844, -37.0599041 ], [ 174.9311428, -37.0599221 ], [ 174.9309348, -37.0604842 ], [ 174.9310804, -37.0605147 ], [ 174.9313188, -37.0604984 ], [ 174.9314662, -37.060512 ], [ 174.9316811, -37.0605772 ], [ 174.9317447, -37.0606152 ], [ 174.9318682, -37.0606509 ], [ 174.9319303, -37.0606916 ], [ 174.9321107, -37.0607433 ], [ 174.9322195, -37.060826 ], [ 174.9322959, -37.0608449 ], [ 174.932316, -37.0608659 ], [ 174.9324214, -37.0609154 ], [ 174.9324889, -37.06097 ], [ 174.9326642, -37.0609664 ], [ 174.9326981, -37.0609554 ], [ 174.9328385, -37.0607903 ], [ 174.9329101, -37.0607388 ], [ 174.9329372, -37.0606483 ], [ 174.9330007, -37.06058 ], [ 174.9329871, -37.0605593 ], [ 174.9330007, -37.0605207 ], [ 174.9331583, -37.0602166 ], [ 174.9332404, -37.0601122 ], [ 174.9332854, -37.0600751 ], [ 174.9333213, -37.0600901 ], [ 174.9334671, -37.0603155 ], [ 174.9335081, -37.0603097 ], [ 174.9335686, -37.0602794 ], [ 174.933797, -37.0601108 ], [ 174.9339079, -37.0598913 ], [ 174.9339584, -37.0598373 ], [ 174.9339969, -37.059814 ], [ 174.934025, -37.0597473 ], [ 174.934091, -37.0596499 ], [ 174.934142, -37.0596019 ], [ 174.934198, -37.0595846 ], [ 174.9346245, -37.0595449 ], [ 174.9348819, -37.0594927 ], [ 174.9349726, -37.0594856 ], [ 174.9350361, -37.0595027 ], [ 174.9350616, -37.0594845 ], [ 174.9352668, -37.059422 ], [ 174.9353176, -37.0593786 ], [ 174.9353868, -37.0593469 ], [ 174.9354982, -37.0591944 ], [ 174.9355615, -37.059164 ], [ 174.9356209, -37.0591597 ], [ 174.935737, -37.0591886 ], [ 174.9358536, -37.0591867 ], [ 174.9360366, -37.0591321 ], [ 174.9361174, -37.0591315 ], [ 174.9362739, -37.0591669 ], [ 174.9364576, -37.0592276 ], [ 174.9364995, -37.0592261 ], [ 174.9366427, -37.0592573 ], [ 174.9369693, -37.0593829 ], [ 174.937118, -37.0594194 ], [ 174.9371819, -37.0594509 ], [ 174.9372314, -37.0594573 ], [ 174.9373146, -37.0594903 ], [ 174.9373455, -37.0595538 ], [ 174.9374343, -37.0595825 ], [ 174.9374727, -37.0595834 ], [ 174.9375292, -37.0596159 ], [ 174.9375377, -37.0596638 ], [ 174.9375144, -37.0597045 ], [ 174.9374254, -37.0597845 ], [ 174.9372871, -37.0598823 ], [ 174.9371909, -37.0599123 ], [ 174.9370442, -37.0599181 ], [ 174.9369669, -37.0599725 ], [ 174.9368987, -37.0601789 ], [ 174.9368739, -37.0602078 ], [ 174.9367623, -37.0602828 ], [ 174.9367352, -37.060332 ], [ 174.9367145, -37.0604177 ], [ 174.9366404, -37.060489 ], [ 174.9365938, -37.0604868 ], [ 174.9364826, -37.0604488 ], [ 174.9363164, -37.0604712 ], [ 174.9363023, -37.0604793 ], [ 174.9363584, -37.0605514 ], [ 174.9360792, -37.060691 ], [ 174.9359579, -37.0607332 ], [ 174.9358416, -37.0608056 ], [ 174.9357894, -37.0608607 ], [ 174.9357535, -37.0608123 ], [ 174.9356891, -37.0608705 ], [ 174.9356236, -37.061 ], [ 174.9355757, -37.0610556 ], [ 174.935505, -37.0610742 ], [ 174.9354032, -37.061083 ], [ 174.9352585, -37.0611384 ], [ 174.9350392, -37.0612689 ], [ 174.9348597, -37.0613201 ], [ 174.9347582, -37.0614101 ], [ 174.9346393, -37.0614914 ], [ 174.9344599, -37.06156 ], [ 174.9341358, -37.0616519 ], [ 174.9339928, -37.0617273 ], [ 174.9338656, -37.0618268 ], [ 174.9337788, -37.0620777 ], [ 174.9336933, -37.0622205 ], [ 174.9336828, -37.0622912 ], [ 174.9337099, -37.062445 ], [ 174.9336978, -37.0625316 ], [ 174.9336146, -37.0626562 ], [ 174.9334386, -37.0628228 ], [ 174.9333602, -37.0629718 ], [ 174.9333177, -37.0630209 ], [ 174.9333427, -37.0630545 ], [ 174.9333363, -37.0630784 ], [ 174.9332575, -37.0631225 ], [ 174.9331955, -37.0631927 ], [ 174.9331339, -37.0633328 ], [ 174.9331165, -37.063408 ], [ 174.933121, -37.0634603 ], [ 174.9331836, -37.0635485 ], [ 174.9332417, -37.0637522 ], [ 174.9333201, -37.0639192 ], [ 174.9333529, -37.0640828 ], [ 174.9334384, -37.0642027 ], [ 174.9335022, -37.0642633 ], [ 174.9335037, -37.0643683 ], [ 174.9335681, -37.064446 ], [ 174.933824, -37.0645697 ], [ 174.9339319, -37.0645789 ], [ 174.9340118, -37.0646031 ], [ 174.9340853, -37.0646555 ], [ 174.9340985, -37.0646798 ], [ 174.9341426, -37.0648182 ], [ 174.9341672, -37.0650389 ], [ 174.9341924, -37.0650844 ], [ 174.9341161, -37.0651015 ], [ 174.9341228, -37.0651513 ], [ 174.9341035, -37.0651553 ], [ 174.9340624, -37.0651231 ], [ 174.9340059, -37.0651523 ], [ 174.9339992, -37.0652886 ], [ 174.9340412, -37.0653511 ], [ 174.9339418, -37.0655067 ], [ 174.9339502, -37.0655778 ], [ 174.9339288, -37.0656592 ], [ 174.9339387, -37.0656861 ], [ 174.9340172, -37.0657664 ], [ 174.9340566, -37.0658347 ], [ 174.9341282, -37.0658813 ], [ 174.9338572, -37.0660855 ], [ 174.9336714, -37.0661398 ], [ 174.9335956, -37.0660697 ], [ 174.9334629, -37.0659752 ], [ 174.9332988, -37.0658996 ], [ 174.9331383, -37.0657975 ], [ 174.9330146, -37.0657655 ], [ 174.9328039, -37.0657484 ], [ 174.9327682, -37.0657351 ], [ 174.9327082, -37.0656573 ], [ 174.9325642, -37.06533 ], [ 174.9325576, -37.0652816 ], [ 174.9324723, -37.0651372 ], [ 174.9324683, -37.0651062 ], [ 174.9323582, -37.0649339 ], [ 174.9323207, -37.0649091 ], [ 174.9322054, -37.0648776 ], [ 174.9317588, -37.0650565 ], [ 174.9316648, -37.065353 ], [ 174.9316027, -37.0653654 ], [ 174.9304593, -37.0661835 ], [ 174.9304386, -37.0662108 ], [ 174.9304473, -37.0662542 ], [ 174.9305611, -37.0663785 ], [ 174.9306648, -37.0665254 ], [ 174.9308042, -37.0668183 ], [ 174.930875, -37.0669386 ], [ 174.9313991, -37.0676528 ], [ 174.9307009, -37.0679894 ], [ 174.9307192, -37.0680439 ], [ 174.9308166, -37.0681205 ], [ 174.9309835, -37.0682975 ], [ 174.930958, -37.0683097 ], [ 174.9311309, -37.0686827 ], [ 174.9312936, -37.0686442 ], [ 174.931351, -37.0688001 ], [ 174.9317319, -37.06871 ], [ 174.9319636, -37.0685601 ], [ 174.9320556, -37.0688083 ], [ 174.9320841, -37.0688416 ], [ 174.9321183, -37.0688589 ], [ 174.9333202, -37.0689726 ], [ 174.9333705, -37.0690013 ], [ 174.9337629, -37.0696497 ], [ 174.9336301, -37.0697008 ], [ 174.9339817, -37.0702862 ], [ 174.9342903, -37.0705126 ], [ 174.9347604, -37.0709689 ], [ 174.9348575, -37.0710233 ], [ 174.9349159, -37.0710334 ], [ 174.9349902, -37.0710282 ], [ 174.9362106, -37.070707 ], [ 174.9371918, -37.0708246 ], [ 174.9393101, -37.0702661 ], [ 174.939763, -37.0713633 ], [ 174.9411356, -37.0709017 ], [ 174.9412496, -37.07106 ], [ 174.941764, -37.0720669 ], [ 174.9418235, -37.0722441 ], [ 174.9411952, -37.0724503 ], [ 174.9414093, -37.0728697 ], [ 174.9420104, -37.0726724 ], [ 174.9420105, -37.0727443 ], [ 174.9427578, -37.0727431 ], [ 174.9429641, -37.0728747 ], [ 174.9429088, -37.0732174 ], [ 174.9429557, -37.0732811 ], [ 174.9430221, -37.0733339 ], [ 174.9431035, -37.0733719 ], [ 174.9442221, -37.073245 ], [ 174.9442701, -37.0731938 ], [ 174.9444544, -37.0732188 ], [ 174.9471496, -37.072913 ], [ 174.9477581, -37.0730096 ], [ 174.9478281, -37.0730291 ], [ 174.9497196, -37.072164 ], [ 174.9498322, -37.0723213 ], [ 174.9498111, -37.0723831 ], [ 174.9500634, -37.0727373 ], [ 174.9504604, -37.0725558 ], [ 174.9510969, -37.0734477 ], [ 174.951376, -37.0732214 ], [ 174.9512685, -37.0731364 ], [ 174.9516184, -37.0728528 ], [ 174.9516957, -37.0727131 ], [ 174.9520454, -37.0724292 ], [ 174.9514605, -37.0719662 ], [ 174.9514865, -37.0719452 ], [ 174.9511821, -37.0717039 ], [ 174.9517559, -37.0714269 ], [ 174.9521299, -37.0717316 ], [ 174.9525577, -37.072041 ], [ 174.9530166, -37.0723399 ], [ 174.953214, -37.072117 ], [ 174.9531767, -37.0720838 ], [ 174.9531606, -37.0720366 ], [ 174.9531724, -37.0719911 ], [ 174.9532149, -37.0719506 ], [ 174.9533594, -37.0719195 ], [ 174.9539209, -37.0716656 ], [ 174.9539317, -37.0716346 ], [ 174.9541545, -37.0716036 ], [ 174.9549424, -37.0712472 ], [ 174.9548413, -37.0711037 ], [ 174.9545914, -37.0706393 ], [ 174.9542701, -37.0702081 ], [ 174.9544068, -37.0701129 ], [ 174.9551646, -37.0697507 ], [ 174.9542856, -37.0685704 ], [ 174.9553383, -37.0680808 ], [ 174.9554523, -37.0679024 ], [ 174.9555134, -37.0679274 ], [ 174.9556917, -37.0678463 ], [ 174.9559203, -37.0674886 ], [ 174.9564759, -37.0675116 ], [ 174.9575975, -37.0669923 ], [ 174.9574669, -37.0668164 ], [ 174.9571183, -37.0665318 ], [ 174.9568649, -37.0664255 ], [ 174.9568692, -37.0661485 ], [ 174.9575032, -37.0661135 ], [ 174.957399, -37.0654728 ], [ 174.957346, -37.0654767 ], [ 174.9570591, -37.0651373 ], [ 174.9568007, -37.0652776 ], [ 174.9564534, -37.0653084 ], [ 174.9563201, -37.065223 ], [ 174.9562081, -37.0652249 ], [ 174.956082, -37.0645678 ], [ 174.9560295, -37.0639123 ], [ 174.9554946, -37.0639868 ], [ 174.9554057, -37.0640159 ], [ 174.954941, -37.0640741 ], [ 174.9547281, -37.0641465 ], [ 174.9544443, -37.0634087 ], [ 174.9541238, -37.0619453 ], [ 174.9541996, -37.0614841 ], [ 174.9540788, -37.0612817 ], [ 174.9530693, -37.0603105 ], [ 174.9530985, -37.0602909 ], [ 174.9529701, -37.060198 ], [ 174.9526416, -37.0598783 ], [ 174.9528993, -37.0597047 ], [ 174.952957, -37.0595976 ], [ 174.9535452, -37.0592014 ], [ 174.9534014, -37.0590628 ], [ 174.9535664, -37.0589531 ], [ 174.9533464, -37.0587434 ], [ 174.9533286, -37.0587554 ], [ 174.9531693, -37.0586257 ], [ 174.953263, -37.0585627 ], [ 174.9528994, -37.0582156 ], [ 174.9523465, -37.0585879 ], [ 174.9520397, -37.0583815 ], [ 174.9518269, -37.0582843 ], [ 174.9518166, -37.0582153 ], [ 174.9515057, -37.0575831 ], [ 174.9509944, -37.0577446 ], [ 174.9512041, -37.0581712 ], [ 174.9506166, -37.0584295 ], [ 174.9505668, -37.058354 ], [ 174.9502629, -37.0584428 ], [ 174.9500593, -37.0583964 ], [ 174.9498894, -37.0580232 ], [ 174.9497433, -37.0574737 ], [ 174.9496778, -37.0574436 ], [ 174.9496418, -37.0573085 ], [ 174.9496777, -37.0572512 ], [ 174.948764, -37.0550383 ], [ 174.9486936, -37.0550119 ], [ 174.9478663, -37.0552735 ], [ 174.9478315, -37.0553331 ], [ 174.9476654, -37.0553857 ], [ 174.9475951, -37.0553593 ], [ 174.9468232, -37.0556034 ], [ 174.9467585, -37.0554288 ], [ 174.9465964, -37.0550865 ], [ 174.9461454, -37.0552295 ], [ 174.9460337, -37.0550023 ], [ 174.945869, -37.0550544 ], [ 174.945786, -37.0548858 ], [ 174.9458499, -37.0548361 ], [ 174.9456915, -37.0545141 ], [ 174.9456028, -37.0544832 ], [ 174.9454231, -37.05454 ] ] ], [ [ [ 174.9269202, -37.0455462 ], [ 174.9268261, -37.0455225 ], [ 174.9269681, -37.0451319 ], [ 174.9271067, -37.0451589 ], [ 174.9273063, -37.0451792 ], [ 174.9279601, -37.0451103 ], [ 174.9281321, -37.0450547 ], [ 174.9283129, -37.0449763 ], [ 174.928481, -37.0448811 ], [ 174.9286946, -37.0447261 ], [ 174.9289885, -37.0445571 ], [ 174.9291397, -37.0444895 ], [ 174.9294646, -37.0443771 ], [ 174.9291178, -37.0436827 ], [ 174.9292303, -37.043472 ], [ 174.9298498, -37.0432732 ], [ 174.9299294, -37.0429464 ], [ 174.9298234, -37.0427342 ], [ 174.9299966, -37.0426787 ], [ 174.9299554, -37.0425962 ], [ 174.9299777, -37.0425475 ], [ 174.9295665, -37.041748 ], [ 174.9288372, -37.040276 ], [ 174.92912, -37.0401853 ], [ 174.9289786, -37.0399021 ], [ 174.9281625, -37.0401531 ], [ 174.9280695, -37.0399668 ], [ 174.92802, -37.0397877 ], [ 174.9293956, -37.0393757 ], [ 174.9291814, -37.0389162 ], [ 174.9274442, -37.0394033 ], [ 174.9274474, -37.03941 ], [ 174.92707, -37.0395176 ], [ 174.9267907, -37.0388531 ], [ 174.9264093, -37.038956 ], [ 174.9263091, -37.0387175 ], [ 174.9262572, -37.0387383 ], [ 174.9262017, -37.0387432 ], [ 174.9261471, -37.0387328 ], [ 174.9260833, -37.0386921 ], [ 174.9260611, -37.0386632 ], [ 174.9258601, -37.038185 ], [ 174.9258053, -37.0379339 ], [ 174.9256247, -37.0375043 ], [ 174.9255449, -37.0372764 ], [ 174.9260717, -37.037134 ], [ 174.9259017, -37.0367297 ], [ 174.9236887, -37.037333 ], [ 174.9236091, -37.0371454 ], [ 174.9235453, -37.0371628 ], [ 174.9233663, -37.0367411 ], [ 174.9237786, -37.0366286 ], [ 174.9237927, -37.0366058 ], [ 174.9236524, -37.036254 ], [ 174.9240959, -37.0361331 ], [ 174.9238246, -37.0354938 ], [ 174.9226671, -37.0358093 ], [ 174.9224454, -37.035947 ], [ 174.9219822, -37.034833 ], [ 174.9189105, -37.035659 ], [ 174.9189909, -37.0358387 ], [ 174.9172931, -37.0362851 ], [ 174.9167929, -37.0350703 ], [ 174.9164505, -37.0351609 ], [ 174.9159745, -37.0340039 ], [ 174.9154984, -37.0341294 ], [ 174.915067, -37.0330822 ], [ 174.9141868, -37.0333153 ], [ 174.9142702, -37.0335178 ], [ 174.9105776, -37.0344895 ], [ 174.9104966, -37.0347561 ], [ 174.9105207, -37.0347752 ], [ 174.9106427, -37.0355899 ], [ 174.9108763, -37.0360352 ], [ 174.9115957, -37.0368753 ], [ 174.9121493, -37.0374977 ], [ 174.9125259, -37.0379545 ], [ 174.9125072, -37.0379703 ], [ 174.9125925, -37.0380353 ], [ 174.9125566, -37.0383936 ], [ 174.9119944, -37.0381395 ], [ 174.9115998, -37.0381621 ], [ 174.9110128, -37.038614 ], [ 174.9105642, -37.0391147 ], [ 174.9104427, -37.0395665 ], [ 174.9106132, -37.0404083 ], [ 174.9109013, -37.0410131 ], [ 174.9114691, -37.0419581 ], [ 174.9128712, -37.0440455 ], [ 174.9128797, -37.0440431 ], [ 174.9128756, -37.0440521 ], [ 174.9138425, -37.0454911 ], [ 174.9143459, -37.0452737 ], [ 174.9142146, -37.0449681 ], [ 174.9142501, -37.0449494 ], [ 174.9143842, -37.0452616 ], [ 174.9145447, -37.0452105 ], [ 174.9154821, -37.0452092 ], [ 174.9154833, -37.0457848 ], [ 174.9155565, -37.0458432 ], [ 174.916268, -37.0458422 ], [ 174.9163628, -37.0458093 ], [ 174.9166037, -37.0459247 ], [ 174.9167996, -37.0461625 ], [ 174.917223, -37.0464819 ], [ 174.9177512, -37.0460321 ], [ 174.9177475, -37.0459323 ], [ 174.9181048, -37.0456279 ], [ 174.9181347, -37.0456505 ], [ 174.917789, -37.0459449 ], [ 174.9177916, -37.046014 ], [ 174.9185105, -37.0465564 ], [ 174.9181607, -37.0468545 ], [ 174.9184428, -37.0470677 ], [ 174.9184901, -37.0470524 ], [ 174.9187835, -37.0470375 ], [ 174.9190008, -37.0470699 ], [ 174.9190917, -37.0471194 ], [ 174.9190996, -37.0471129 ], [ 174.9193835, -37.047215 ], [ 174.9195752, -37.0472598 ], [ 174.9198097, -37.0472725 ], [ 174.9200491, -37.0472384 ], [ 174.9201424, -37.0471651 ], [ 174.9203362, -37.047063 ], [ 174.9203282, -37.0470564 ], [ 174.9203882, -37.0469988 ], [ 174.9205618, -37.0468823 ], [ 174.920709, -37.0467213 ], [ 174.9207269, -37.0467348 ], [ 174.9208693, -37.0466005 ], [ 174.9210327, -37.0464815 ], [ 174.9211983, -37.0462979 ], [ 174.9212295, -37.046243 ], [ 174.9216072, -37.0460331 ], [ 174.9218886, -37.0462329 ], [ 174.921495, -37.0464256 ], [ 174.9214078, -37.0464982 ], [ 174.9229887, -37.0475193 ], [ 174.9237621, -37.0467508 ], [ 174.9240327, -37.0465647 ], [ 174.9243687, -37.046782 ], [ 174.9244042, -37.0467467 ], [ 174.9245802, -37.0468605 ], [ 174.9245446, -37.0468958 ], [ 174.9253191, -37.0473964 ], [ 174.9267725, -37.0470318 ], [ 174.9270037, -37.0469548 ], [ 174.9271737, -37.047121 ], [ 174.9282154, -37.0468595 ], [ 174.9266359, -37.0458317 ], [ 174.9267702, -37.0456853 ], [ 174.9269202, -37.0455462 ] ] ], [ [ [ 174.8938737, -37.0281328 ], [ 174.8943183, -37.0289403 ], [ 174.8947017, -37.0288062 ], [ 174.8949675, -37.0287279 ], [ 174.8952287, -37.0292079 ], [ 174.895273, -37.0293101 ], [ 174.8953016, -37.0294874 ], [ 174.8952796, -37.0296464 ], [ 174.8960806, -37.0296503 ], [ 174.8963308, -37.0300943 ], [ 174.8970175, -37.0298596 ], [ 174.897201, -37.0301856 ], [ 174.8972692, -37.0302069 ], [ 174.898295, -37.0298618 ], [ 174.8983068, -37.0299338 ], [ 174.8984362, -37.0300111 ], [ 174.8986397, -37.0299437 ], [ 174.900377, -37.0328529 ], [ 174.9008635, -37.0338499 ], [ 174.9004008, -37.033995 ], [ 174.9005568, -37.0343147 ], [ 174.9006234, -37.034338 ], [ 174.9008515, -37.0342663 ], [ 174.9009363, -37.034435 ], [ 174.9010003, -37.0344149 ], [ 174.9017005, -37.0358498 ], [ 174.903165, -37.0353906 ], [ 174.9032886, -37.0356438 ], [ 174.9031866, -37.0356758 ], [ 174.9034018, -37.0361163 ], [ 174.9036094, -37.0361738 ], [ 174.9036626, -37.0362829 ], [ 174.9042032, -37.0362592 ], [ 174.904297, -37.0364515 ], [ 174.9043442, -37.0365059 ], [ 174.904554, -37.0364366 ], [ 174.9047303, -37.03646 ], [ 174.9048122, -37.036457 ], [ 174.9049915, -37.0363764 ], [ 174.9050936, -37.0362995 ], [ 174.9051335, -37.0362139 ], [ 174.9051746, -37.0361586 ], [ 174.9051841, -37.0361093 ], [ 174.9051135, -37.035736 ], [ 174.9051181, -37.0354434 ], [ 174.9061689, -37.0356081 ], [ 174.9061515, -37.03569 ], [ 174.906127, -37.0361054 ], [ 174.9061379, -37.0365401 ], [ 174.906185, -37.0366365 ], [ 174.9063017, -37.0366683 ], [ 174.9066391, -37.0367309 ], [ 174.9070241, -37.0368898 ], [ 174.9070524, -37.0368813 ], [ 174.9075074, -37.0359569 ], [ 174.9078101, -37.0358946 ], [ 174.9082612, -37.0362499 ], [ 174.9083006, -37.0362178 ], [ 174.9083535, -37.0362595 ], [ 174.9083141, -37.0362916 ], [ 174.9087391, -37.0366264 ], [ 174.908712, -37.0357812 ], [ 174.9086361, -37.0355947 ], [ 174.9089017, -37.035532 ], [ 174.9090981, -37.0354067 ], [ 174.9097226, -37.0358677 ], [ 174.9097632, -37.0341725 ], [ 174.9096864, -37.0337159 ], [ 174.9097484, -37.0314093 ], [ 174.9096795, -37.0293237 ], [ 174.9096785, -37.0282612 ], [ 174.9097127, -37.0257455 ], [ 174.9094367, -37.0258419 ], [ 174.9093726, -37.0256668 ], [ 174.909174, -37.0253012 ], [ 174.9077393, -37.0258023 ], [ 174.9074713, -37.0253091 ], [ 174.9039167, -37.0251548 ], [ 174.9037714, -37.0249928 ], [ 174.9037859, -37.024777 ], [ 174.903488, -37.0247641 ], [ 174.903523, -37.0246006 ], [ 174.9035496, -37.0242066 ], [ 174.9034568, -37.0239489 ], [ 174.9038505, -37.0237872 ], [ 174.9033491, -37.0223959 ], [ 174.9038083, -37.022234 ], [ 174.9037843, -37.0221676 ], [ 174.9036575, -37.0219362 ], [ 174.9035961, -37.0217149 ], [ 174.9037842, -37.0216486 ], [ 174.9037704, -37.0216234 ], [ 174.9039079, -37.021575 ], [ 174.9039215, -37.0215477 ], [ 174.9038747, -37.0214571 ], [ 174.9038932, -37.0214213 ], [ 174.9032708, -37.0202177 ], [ 174.9031975, -37.0201941 ], [ 174.9031319, -37.0200673 ], [ 174.903162, -37.0200071 ], [ 174.9029963, -37.0196874 ], [ 174.9016509, -37.0201613 ], [ 174.9014874, -37.0198995 ], [ 174.9010758, -37.0200444 ], [ 174.9008138, -37.0195383 ], [ 174.9003838, -37.0197478 ], [ 174.9003652, -37.0198016 ], [ 174.9002859, -37.019784 ], [ 174.9003131, -37.019705 ], [ 174.9007818, -37.0194766 ], [ 174.9006717, -37.0192641 ], [ 174.9006295, -37.0192795 ], [ 174.9003677, -37.0188161 ], [ 174.9003363, -37.0188274 ], [ 174.899926, -37.0180954 ], [ 174.8987677, -37.0188371 ], [ 174.8984182, -37.0189515 ], [ 174.8977975, -37.0178822 ], [ 174.8978378, -37.0175164 ], [ 174.8976796, -37.0172436 ], [ 174.8959372, -37.0182728 ], [ 174.8956676, -37.017928 ], [ 174.8956426, -37.0179405 ], [ 174.8953925, -37.0176206 ], [ 174.8952933, -37.0176705 ], [ 174.8951658, -37.0175723 ], [ 174.8953315, -37.017489 ], [ 174.8951294, -37.0171647 ], [ 174.8946445, -37.0174084 ], [ 174.8946361, -37.0174319 ], [ 174.894825, -37.0177436 ], [ 174.8947812, -37.0177656 ], [ 174.8944033, -37.0171421 ], [ 174.8942465, -37.0172128 ], [ 174.8941489, -37.0172316 ], [ 174.893951, -37.0169492 ], [ 174.893327, -37.0172052 ], [ 174.8931112, -37.0172634 ], [ 174.8930168, -37.0169465 ], [ 174.8924671, -37.017052 ], [ 174.8924619, -37.0170343 ], [ 174.8919126, -37.0171397 ], [ 174.8919183, -37.0171586 ], [ 174.889994, -37.0175267 ], [ 174.889952, -37.017387 ], [ 174.8895351, -37.0180108 ], [ 174.889888, -37.0181624 ], [ 174.8894949, -37.0187507 ], [ 174.8896083, -37.0187994 ], [ 174.8894459, -37.0189349 ], [ 174.8891896, -37.0188247 ], [ 174.888883, -37.0193582 ], [ 174.8884773, -37.0199558 ], [ 174.8897271, -37.0205111 ], [ 174.8894648, -37.0208908 ], [ 174.8894828, -37.0208988 ], [ 174.8893732, -37.0210575 ], [ 174.8897539, -37.0212267 ], [ 174.8889409, -37.0228032 ], [ 174.8894569, -37.0229742 ], [ 174.8892611, -37.0233538 ], [ 174.8892173, -37.0233694 ], [ 174.8889389, -37.0240129 ], [ 174.8888751, -37.0241298 ], [ 174.8891019, -37.0241943 ], [ 174.8890658, -37.0242758 ], [ 174.890557, -37.0247057 ], [ 174.8906974, -37.0245117 ], [ 174.8916169, -37.0247735 ], [ 174.8903523, -37.0259419 ], [ 174.8904149, -37.0259616 ], [ 174.8896795, -37.0262209 ], [ 174.8898342, -37.0265025 ], [ 174.8898271, -37.0267629 ], [ 174.8897973, -37.0268228 ], [ 174.8899425, -37.0270988 ], [ 174.8904961, -37.0269039 ], [ 174.8905808, -37.0270586 ], [ 174.8905965, -37.027059 ], [ 174.8910808, -37.0279805 ], [ 174.8915673, -37.0278093 ], [ 174.8915821, -37.0278368 ], [ 174.8919004, -37.027636 ], [ 174.8922489, -37.0278793 ], [ 174.8922378, -37.0278916 ], [ 174.8924076, -37.0280137 ], [ 174.8924175, -37.0280017 ], [ 174.8928087, -37.0282577 ], [ 174.8932627, -37.027926 ], [ 174.8938737, -37.0281328 ] ] ], [ [ [ 174.8766723, -37.0128816 ], [ 174.8757101, -37.0110721 ], [ 174.8727227, -37.0120931 ], [ 174.8723798, -37.0122754 ], [ 174.8676629, -37.0132782 ], [ 174.8679806, -37.0136594 ], [ 174.8679966, -37.0136891 ], [ 174.8680415, -37.0139068 ], [ 174.8681228, -37.0139525 ], [ 174.8681909, -37.0140105 ], [ 174.8682428, -37.0140784 ], [ 174.8682765, -37.0141533 ], [ 174.8685399, -37.0154455 ], [ 174.8680557, -37.0155065 ], [ 174.8679607, -37.0155357 ], [ 174.8674054, -37.0157427 ], [ 174.8671789, -37.0158018 ], [ 174.8669344, -37.0158929 ], [ 174.867331, -37.0165768 ], [ 174.8675532, -37.0169935 ], [ 174.8675913, -37.0169805 ], [ 174.8676406, -37.0171263 ], [ 174.8677252, -37.0171916 ], [ 174.867704, -37.0171988 ], [ 174.8678507, -37.0174738 ], [ 174.86898, -37.0170865 ], [ 174.869577, -37.0172787 ], [ 174.8700998, -37.0182592 ], [ 174.8706537, -37.0180088 ], [ 174.8707865, -37.0182552 ], [ 174.8713154, -37.018109 ], [ 174.8725078, -37.0177 ], [ 174.8730357, -37.0186891 ], [ 174.8745942, -37.0181541 ], [ 174.8753503, -37.0195519 ], [ 174.8774082, -37.0188461 ], [ 174.8776816, -37.0189942 ], [ 174.8777449, -37.0189191 ], [ 174.8795269, -37.0198835 ], [ 174.8797483, -37.0196206 ], [ 174.8797331, -37.0195577 ], [ 174.879433, -37.0193954 ], [ 174.8796042, -37.019226 ], [ 174.8811077, -37.0174401 ], [ 174.8812522, -37.0172451 ], [ 174.8814803, -37.0173371 ], [ 174.881523, -37.0173048 ], [ 174.8817645, -37.0170178 ], [ 174.8819108, -37.0168746 ], [ 174.8832054, -37.0174149 ], [ 174.8834366, -37.0171039 ], [ 174.8829077, -37.0168492 ], [ 174.8827917, -37.0166524 ], [ 174.8832474, -37.0160417 ], [ 174.8832309, -37.0159889 ], [ 174.8827344, -37.0157507 ], [ 174.8828241, -37.0155824 ], [ 174.8837133, -37.0143927 ], [ 174.8846134, -37.0140991 ], [ 174.8837544, -37.0124022 ], [ 174.884215, -37.0122519 ], [ 174.8841762, -37.0121755 ], [ 174.8837155, -37.0123259 ], [ 174.8836132, -37.0121243 ], [ 174.8836386, -37.0120906 ], [ 174.88406, -37.0119465 ], [ 174.8839089, -37.0116487 ], [ 174.8838286, -37.0114198 ], [ 174.8845151, -37.0111852 ], [ 174.8830415, -37.0086822 ], [ 174.8827815, -37.0087446 ], [ 174.8783024, -37.0100798 ], [ 174.8793159, -37.0119778 ], [ 174.8766723, -37.0128816 ] ] ], [ [ [ 174.8756851, -36.9991503 ], [ 174.8757628, -36.9990674 ], [ 174.8756766, -36.9989072 ], [ 174.8761498, -36.9987434 ], [ 174.8767128, -36.9998105 ], [ 174.8774911, -36.9995391 ], [ 174.8775509, -36.9996493 ], [ 174.8774272, -36.9996924 ], [ 174.8773254, -36.9996853 ], [ 174.8767522, -36.9998852 ], [ 174.8769778, -37.000313 ], [ 174.8777626, -37.0000398 ], [ 174.87812, -36.9999553 ], [ 174.8792739, -37.0020848 ], [ 174.8797879, -37.0019055 ], [ 174.8798474, -37.0020154 ], [ 174.8803665, -37.0018425 ], [ 174.8801908, -37.0015183 ], [ 174.8805659, -37.0013875 ], [ 174.8811118, -37.0023949 ], [ 174.8814932, -37.002262 ], [ 174.881435, -37.0021545 ], [ 174.8816542, -37.0019882 ], [ 174.8816728, -37.0019289 ], [ 174.8817925, -37.0018871 ], [ 174.8816397, -37.0016054 ], [ 174.8818041, -37.0015244 ], [ 174.8818182, -37.0014479 ], [ 174.8820202, -37.0014786 ], [ 174.8823949, -37.001379 ], [ 174.8827605, -37.0020535 ], [ 174.8829634, -37.0019827 ], [ 174.883251, -37.0025132 ], [ 174.8834202, -37.0026933 ], [ 174.8836528, -37.0031179 ], [ 174.8838173, -37.0031386 ], [ 174.8839348, -37.0033531 ], [ 174.8849507, -37.0029957 ], [ 174.8847969, -37.0027103 ], [ 174.8846257, -37.0027697 ], [ 174.884276, -37.0027017 ], [ 174.8839495, -37.0023484 ], [ 174.8837588, -37.0019944 ], [ 174.8840269, -37.0019015 ], [ 174.8840135, -37.0018767 ], [ 174.8837453, -37.0019697 ], [ 174.8833516, -37.0012391 ], [ 174.8833405, -37.0009145 ], [ 174.8835249, -37.0009376 ], [ 174.8837119, -37.000699 ], [ 174.8837043, -37.0004792 ], [ 174.8839795, -37.0004731 ], [ 174.8839825, -37.0005614 ], [ 174.8841453, -37.0005578 ], [ 174.8843342, -37.0005268 ], [ 174.8844585, -37.0004873 ], [ 174.8844881, -37.0004325 ], [ 174.8845124, -37.0005045 ], [ 174.8847525, -37.0004442 ], [ 174.8852983, -37.0002711 ], [ 174.885031, -37.0000425 ], [ 174.8849508, -36.999993 ], [ 174.8849679, -36.9999752 ], [ 174.8850499, -37.0000258 ], [ 174.8853263, -37.0002622 ], [ 174.8855928, -37.0001777 ], [ 174.8859483, -36.9998833 ], [ 174.8862699, -37.0000817 ], [ 174.8865726, -36.9997661 ], [ 174.8861245, -36.9994897 ], [ 174.8858268, -36.9992367 ], [ 174.8857315, -36.9990441 ], [ 174.8856137, -36.9987096 ], [ 174.8852522, -36.9973462 ], [ 174.8852294, -36.9970841 ], [ 174.8853287, -36.9962345 ], [ 174.8857358, -36.9954821 ], [ 174.8860858, -36.9954829 ], [ 174.8863152, -36.9954734 ], [ 174.8873515, -36.9954248 ], [ 174.8875127, -36.9953764 ], [ 174.887946, -36.9951249 ], [ 174.8879561, -36.995085 ], [ 174.888302, -36.9948095 ], [ 174.890082, -36.9945839 ], [ 174.8917394, -36.9939995 ], [ 174.8913545, -36.9933315 ], [ 174.8917624, -36.9931801 ], [ 174.8919511, -36.9935075 ], [ 174.8919919, -36.9934923 ], [ 174.8918032, -36.9931652 ], [ 174.8920501, -36.9930736 ], [ 174.8919606, -36.9929179 ], [ 174.8920264, -36.9929411 ], [ 174.8920839, -36.9929188 ], [ 174.8922225, -36.9929597 ], [ 174.8922705, -36.9929419 ], [ 174.8923339, -36.9928578 ], [ 174.8924349, -36.9928204 ], [ 174.892165, -36.992362 ], [ 174.8927838, -36.9921223 ], [ 174.892725, -36.9920223 ], [ 174.8932848, -36.991806 ], [ 174.8932872, -36.9918436 ], [ 174.8934505, -36.9919094 ], [ 174.8935352, -36.9920451 ], [ 174.8937715, -36.9919627 ], [ 174.8937545, -36.9919313 ], [ 174.8939246, -36.991872 ], [ 174.8933656, -36.9908391 ], [ 174.8933107, -36.9906221 ], [ 174.893802, -36.9905024 ], [ 174.8936845, -36.9901927 ], [ 174.8929472, -36.9903728 ], [ 174.8926278, -36.9895316 ], [ 174.8919692, -36.9896945 ], [ 174.8919187, -36.9896014 ], [ 174.8915576, -36.9897651 ], [ 174.8913805, -36.9899065 ], [ 174.8912534, -36.9897316 ], [ 174.8911526, -36.9896241 ], [ 174.8908758, -36.9898025 ], [ 174.890785, -36.989752 ], [ 174.8904874, -36.9900565 ], [ 174.8906543, -36.9900727 ], [ 174.8907042, -36.9903975 ], [ 174.8906229, -36.990556 ], [ 174.8907006, -36.9909155 ], [ 174.8902082, -36.9910357 ], [ 174.8903269, -36.9913484 ], [ 174.8902872, -36.9913581 ], [ 174.8901685, -36.9910453 ], [ 174.889922, -36.9911056 ], [ 174.8896145, -36.9910897 ], [ 174.8891984, -36.9912436 ], [ 174.8865593, -36.9916107 ], [ 174.8867024, -36.9913209 ], [ 174.8867976, -36.9907437 ], [ 174.8849278, -36.9871182 ], [ 174.8844781, -36.9860868 ], [ 174.8851561, -36.9857353 ], [ 174.8851781, -36.9857563 ], [ 174.8853039, -36.9859905 ], [ 174.8854993, -36.9859217 ], [ 174.8856422, -36.9859467 ], [ 174.8856223, -36.9859095 ], [ 174.8855783, -36.9859018 ], [ 174.8854378, -36.9856306 ], [ 174.8856034, -36.9855504 ], [ 174.8857642, -36.9858606 ], [ 174.8859174, -36.9858077 ], [ 174.8859339, -36.9858264 ], [ 174.8861063, -36.9856284 ], [ 174.8863927, -36.9855091 ], [ 174.8864456, -36.9856046 ], [ 174.8866237, -36.98538 ], [ 174.8880685, -36.9848911 ], [ 174.8881995, -36.9851401 ], [ 174.888255, -36.9852875 ], [ 174.888187, -36.9853105 ], [ 174.888328, -36.9855787 ], [ 174.8888444, -36.9854039 ], [ 174.8890863, -36.9853636 ], [ 174.8894154, -36.9852522 ], [ 174.8890641, -36.984584 ], [ 174.8901133, -36.9842287 ], [ 174.8899758, -36.9839672 ], [ 174.8893976, -36.9841629 ], [ 174.889129, -36.9836691 ], [ 174.8888962, -36.9837479 ], [ 174.8890263, -36.9839953 ], [ 174.8859626, -36.9850324 ], [ 174.8846896, -36.9852994 ], [ 174.8841871, -36.9854713 ], [ 174.8838339, -36.985664 ], [ 174.883567, -36.9844996 ], [ 174.8832875, -36.9837235 ], [ 174.8826099, -36.9824051 ], [ 174.8810143, -36.982953 ], [ 174.880896, -36.9827313 ], [ 174.8808682, -36.9826513 ], [ 174.8808886, -36.9823465 ], [ 174.8810724, -36.9822834 ], [ 174.8809191, -36.981996 ], [ 174.8812549, -36.9818807 ], [ 174.8811095, -36.9814995 ], [ 174.8810358, -36.9814482 ], [ 174.8807223, -36.9814459 ], [ 174.8805746, -36.9811285 ], [ 174.8803241, -36.9812145 ], [ 174.8801016, -36.980798 ], [ 174.8798184, -36.9808953 ], [ 174.8795647, -36.9810021 ], [ 174.8790878, -36.9811659 ], [ 174.8790301, -36.9809576 ], [ 174.8788526, -36.9806243 ], [ 174.8784183, -36.9807736 ], [ 174.8784325, -36.9808002 ], [ 174.8782554, -36.9808172 ], [ 174.878261, -36.9808276 ], [ 174.8778247, -36.9809776 ], [ 174.8774942, -36.9807402 ], [ 174.8772305, -36.9809764 ], [ 174.8769727, -36.9811563 ], [ 174.8765438, -36.9808482 ], [ 174.8756836, -36.9814241 ], [ 174.876197, -36.9819172 ], [ 174.8761594, -36.9819301 ], [ 174.876165, -36.9821111 ], [ 174.8762129, -36.9821388 ], [ 174.8759514, -36.982229 ], [ 174.8768618, -36.9839258 ], [ 174.8741688, -36.9848558 ], [ 174.8737214, -36.9840214 ], [ 174.8732647, -36.9841791 ], [ 174.8730345, -36.9839904 ], [ 174.8729939, -36.9839147 ], [ 174.8733763, -36.9837828 ], [ 174.8730979, -36.9832637 ], [ 174.8724935, -36.9834723 ], [ 174.8723196, -36.9832855 ], [ 174.8714761, -36.9824759 ], [ 174.871129, -36.9826867 ], [ 174.8708482, -36.9824779 ], [ 174.8707194, -36.9825971 ], [ 174.8707301, -36.9826072 ], [ 174.8706038, -36.9826539 ], [ 174.8705483, -36.9827171 ], [ 174.8707451, -36.982906 ], [ 174.8707324, -36.9829276 ], [ 174.8707063, -36.9829257 ], [ 174.8707161, -36.982909 ], [ 174.8705177, -36.9827184 ], [ 174.8701331, -36.9831568 ], [ 174.8698093, -36.9829749 ], [ 174.8698576, -36.98292 ], [ 174.869536, -36.9827354 ], [ 174.8692944, -36.9830108 ], [ 174.8688273, -36.9827481 ], [ 174.8680007, -36.983691 ], [ 174.8668919, -36.983066 ], [ 174.8666077, -36.9833909 ], [ 174.8667956, -36.9834414 ], [ 174.8673794, -36.9837703 ], [ 174.8673636, -36.9837883 ], [ 174.8668455, -36.9834964 ], [ 174.8664981, -36.9836161 ], [ 174.8667211, -36.9840325 ], [ 174.866861, -36.9841817 ], [ 174.867084, -36.984598 ], [ 174.8672916, -36.9845265 ], [ 174.8673908, -36.9847115 ], [ 174.8675456, -36.9846582 ], [ 174.8675763, -36.9846672 ], [ 174.8677685, -36.9850525 ], [ 174.8666438, -36.98544 ], [ 174.8665613, -36.9854181 ], [ 174.8664765, -36.9853006 ], [ 174.8662535, -36.9848842 ], [ 174.8664611, -36.9848127 ], [ 174.8663903, -36.9846804 ], [ 174.8662361, -36.9847237 ], [ 174.8662076, -36.9847188 ], [ 174.8660666, -36.9844554 ], [ 174.8654077, -36.9846826 ], [ 174.8656308, -36.9850989 ], [ 174.8645927, -36.9854567 ], [ 174.8643698, -36.9850404 ], [ 174.8635914, -36.9853086 ], [ 174.8632204, -36.9851898 ], [ 174.8631535, -36.9850649 ], [ 174.8625307, -36.9852796 ], [ 174.8624415, -36.985113 ], [ 174.8630643, -36.9848983 ], [ 174.8621278, -36.9831489 ], [ 174.8620071, -36.9830295 ], [ 174.8619276, -36.9830228 ], [ 174.8600657, -36.9842349 ], [ 174.8598233, -36.9843186 ], [ 174.8595733, -36.9842073 ], [ 174.8592991, -36.9836942 ], [ 174.8586768, -36.983909 ], [ 174.8586597, -36.9838767 ], [ 174.8579651, -36.9841157 ], [ 174.8574827, -36.9831764 ], [ 174.8573597, -36.9832187 ], [ 174.8571035, -36.9827396 ], [ 174.8557521, -36.9832048 ], [ 174.8555725, -36.983251 ], [ 174.8554494, -36.9832394 ], [ 174.8556099, -36.9830791 ], [ 174.8556146, -36.9830874 ], [ 174.8556613, -36.9830714 ], [ 174.8556844, -36.9830789 ], [ 174.856559, -36.9827777 ], [ 174.856595, -36.9827055 ], [ 174.8562174, -36.9819998 ], [ 174.8563399, -36.9818805 ], [ 174.8563321, -36.9818661 ], [ 174.8573927, -36.9815067 ], [ 174.85657, -36.979968 ], [ 174.8577628, -36.9797864 ], [ 174.8575992, -36.9790732 ], [ 174.8592989, -36.9788143 ], [ 174.8593397, -36.9787662 ], [ 174.8590704, -36.9776268 ], [ 174.8590104, -36.9775941 ], [ 174.8585961, -36.9776577 ], [ 174.8570111, -36.9778341 ], [ 174.8569975, -36.9777107 ], [ 174.8569084, -36.9773335 ], [ 174.8569594, -36.9773254 ], [ 174.8568866, -36.9768352 ], [ 174.8554794, -36.9769702 ], [ 174.8552599, -36.9769233 ], [ 174.8561083, -36.9751259 ], [ 174.8562201, -36.9747282 ], [ 174.8561799, -36.9746771 ], [ 174.8541307, -36.9743034 ], [ 174.8544186, -36.9732851 ], [ 174.8539867, -36.9732065 ], [ 174.8537279, -36.9731166 ], [ 174.8540041, -36.9721405 ], [ 174.8530541, -36.9719769 ], [ 174.8522582, -36.9727631 ], [ 174.8516269, -36.9723516 ], [ 174.8505524, -36.973413 ], [ 174.850138, -36.973435 ], [ 174.8494747, -36.9730028 ], [ 174.8487596, -36.9737049 ], [ 174.8488448, -36.9737605 ], [ 174.8486241, -36.9739771 ], [ 174.8479224, -36.9735191 ], [ 174.8471428, -36.9742887 ], [ 174.8466014, -36.974613 ], [ 174.8453172, -36.9726846 ], [ 174.844745, -36.9733539 ], [ 174.8445694, -36.9734694 ], [ 174.8440467, -36.9728354 ], [ 174.8427238, -36.9725596 ], [ 174.8426275, -36.9725787 ], [ 174.84175, -36.9732877 ], [ 174.8417538, -36.9733486 ], [ 174.8427324, -36.9739927 ], [ 174.8422199, -36.9744828 ], [ 174.8421858, -36.9744604 ], [ 174.8419306, -36.9749635 ], [ 174.8420989, -36.9750212 ], [ 174.8423294, -36.9764506 ], [ 174.8424725, -36.9764817 ], [ 174.8426023, -36.9766541 ], [ 174.8430186, -36.9768038 ], [ 174.8429108, -36.9769648 ], [ 174.8427903, -36.9769662 ], [ 174.8423137, -36.9772247 ], [ 174.8424464, -36.9774872 ], [ 174.8426642, -36.9775049 ], [ 174.8426591, -36.9775452 ], [ 174.8423685, -36.9775216 ], [ 174.8422319, -36.9776284 ], [ 174.842546, -36.9777704 ], [ 174.8417933, -36.9777353 ], [ 174.8416388, -36.9777377 ], [ 174.8415278, -36.9778157 ], [ 174.8415246, -36.9779302 ], [ 174.8414847, -36.9780024 ], [ 174.8412042, -36.9782023 ], [ 174.8411059, -36.9783183 ], [ 174.8410488, -36.9784146 ], [ 174.8410758, -36.9785477 ], [ 174.8412167, -36.978722 ], [ 174.8415327, -36.979008 ], [ 174.8416401, -36.9790254 ], [ 174.841771, -36.9790282 ], [ 174.8421034, -36.9790087 ], [ 174.8421396, -36.9790272 ], [ 174.842166, -36.9791365 ], [ 174.842189, -36.9793508 ], [ 174.8422276, -36.9794742 ], [ 174.8423717, -36.9795339 ], [ 174.8424968, -36.9795415 ], [ 174.8425572, -36.9795835 ], [ 174.8426187, -36.9796684 ], [ 174.8427213, -36.9797336 ], [ 174.8427464, -36.9797857 ], [ 174.84276, -36.979857 ], [ 174.8427092, -36.9799675 ], [ 174.8427585, -36.980043 ], [ 174.8428189, -36.9800803 ], [ 174.8428846, -36.9800935 ], [ 174.8429554, -36.9802041 ], [ 174.842798, -36.9802964 ], [ 174.8427591, -36.9804812 ], [ 174.8432208, -36.9807888 ], [ 174.8437587, -36.9813701 ], [ 174.8430616, -36.9820382 ], [ 174.842468, -36.9818226 ], [ 174.8423719, -36.9825119 ], [ 174.8423666, -36.982671 ], [ 174.8423226, -36.9828094 ], [ 174.842262, -36.9829405 ], [ 174.8422595, -36.9833266 ], [ 174.8423499, -36.9833283 ], [ 174.8429912, -36.9829599 ], [ 174.8434539, -36.983411 ], [ 174.8441991, -36.9830303 ], [ 174.8441234, -36.9829407 ], [ 174.844314, -36.9828434 ], [ 174.8443897, -36.9829329 ], [ 174.8448624, -36.9826917 ], [ 174.8454775, -36.9829145 ], [ 174.8455646, -36.9830848 ], [ 174.8458358, -36.9834264 ], [ 174.8459177, -36.9835105 ], [ 174.8459354, -36.9835911 ], [ 174.8460993, -36.9836018 ], [ 174.846175, -36.983582 ], [ 174.8463448, -36.9835062 ], [ 174.8466373, -36.9835061 ], [ 174.8470316, -36.9834712 ], [ 174.8470763, -36.9834514 ], [ 174.8471416, -36.9833969 ], [ 174.8472549, -36.9833551 ], [ 174.8473404, -36.9833499 ], [ 174.8475439, -36.9834137 ], [ 174.8476478, -36.9833966 ], [ 174.8477439, -36.983351 ], [ 174.8478139, -36.9833325 ], [ 174.8480024, -36.9833551 ], [ 174.8481397, -36.9834139 ], [ 174.8479747, -36.9839795 ], [ 174.8484609, -36.9841028 ], [ 174.8487166, -36.9842637 ], [ 174.8485113, -36.9849682 ], [ 174.8507468, -36.9853875 ], [ 174.8513964, -36.9866033 ], [ 174.8514169, -36.9866773 ], [ 174.8508567, -36.9867777 ], [ 174.8498181, -36.9868898 ], [ 174.8488674, -36.9869264 ], [ 174.8488786, -36.987091 ], [ 174.8487074, -36.9870937 ], [ 174.8487064, -36.9870796 ], [ 174.848393, -36.9870932 ], [ 174.8482991, -36.9873466 ], [ 174.8480496, -36.9873461 ], [ 174.8479664, -36.9876185 ], [ 174.847638, -36.9875402 ], [ 174.847628, -36.987567 ], [ 174.8481695, -36.987696 ], [ 174.847957, -36.9882694 ], [ 174.8479689, -36.9883868 ], [ 174.8482354, -36.9883765 ], [ 174.8482891, -36.9891646 ], [ 174.8479832, -36.9891766 ], [ 174.8480036, -36.9894858 ], [ 174.8479079, -36.9894895 ], [ 174.8479291, -36.9896978 ], [ 174.8479422, -36.9896973 ], [ 174.8480704, -36.9904434 ], [ 174.8476125, -36.9904731 ], [ 174.8477329, -36.991665 ], [ 174.8475137, -36.9917409 ], [ 174.8474191, -36.9918673 ], [ 174.846646, -36.9921355 ], [ 174.8465377, -36.9910583 ], [ 174.8457947, -36.9911064 ], [ 174.8459202, -36.9923578 ], [ 174.846121, -36.9922881 ], [ 174.8461914, -36.9923605 ], [ 174.8464722, -36.9923561 ], [ 174.8474567, -36.9920265 ], [ 174.8477671, -36.9925365 ], [ 174.8479781, -36.9929281 ], [ 174.8483649, -36.992794 ], [ 174.8487167, -36.9927738 ], [ 174.8489877, -36.9929325 ], [ 174.8506208, -36.9923847 ], [ 174.8511367, -36.9921995 ], [ 174.8516072, -36.9930297 ], [ 174.851864, -36.9932895 ], [ 174.8527478, -36.9928864 ], [ 174.8525741, -36.9925666 ], [ 174.854578, -36.9916321 ], [ 174.8549365, -36.9921805 ], [ 174.8553508, -36.9927458 ], [ 174.85605, -36.9924198 ], [ 174.8560887, -36.992333 ], [ 174.8561379, -36.9922905 ], [ 174.8561875, -36.9922667 ], [ 174.8562718, -36.992251 ], [ 174.8563575, -36.9922611 ], [ 174.8564325, -36.9922957 ], [ 174.8564929, -36.9923604 ], [ 174.8572096, -36.9920266 ], [ 174.8574482, -36.9920104 ], [ 174.8577187, -36.9924307 ], [ 174.8581451, -36.9930063 ], [ 174.8587265, -36.9936802 ], [ 174.8590906, -36.9935893 ], [ 174.8590981, -36.9935738 ], [ 174.8593269, -36.9935098 ], [ 174.8605395, -36.9931004 ], [ 174.8605545, -36.993129 ], [ 174.8607294, -36.9930696 ], [ 174.8608908, -36.9932519 ], [ 174.8610935, -36.993635 ], [ 174.8616553, -36.9934444 ], [ 174.8617308, -36.9935064 ], [ 174.8617128, -36.9936444 ], [ 174.8617384, -36.9936498 ], [ 174.8617262, -36.993734 ], [ 174.8617304, -36.993877 ], [ 174.8617976, -36.9942483 ], [ 174.8618014, -36.9943938 ], [ 174.8617844, -36.9945629 ], [ 174.8617963, -36.9948688 ], [ 174.8650238, -36.9936563 ], [ 174.865545, -36.994554 ], [ 174.8656039, -36.9947539 ], [ 174.8651849, -36.9949114 ], [ 174.8653955, -36.9952752 ], [ 174.8658634, -36.9950994 ], [ 174.865841, -36.9950625 ], [ 174.8660144, -36.9949324 ], [ 174.8645742, -36.9924511 ], [ 174.8647574, -36.9923138 ], [ 174.8649808, -36.9918853 ], [ 174.8652734, -36.9916678 ], [ 174.8659765, -36.9916726 ], [ 174.8667029, -36.9915928 ], [ 174.8672223, -36.9916383 ], [ 174.8675807, -36.9917943 ], [ 174.8679865, -36.9918842 ], [ 174.8686134, -36.9918513 ], [ 174.869376, -36.9920411 ], [ 174.8695274, -36.9921334 ], [ 174.8697137, -36.9924753 ], [ 174.8700261, -36.9927201 ], [ 174.8701951, -36.9927581 ], [ 174.8706243, -36.993057 ], [ 174.8707669, -36.993309 ], [ 174.8709279, -36.9937686 ], [ 174.8713432, -36.9944928 ], [ 174.8716725, -36.9943934 ], [ 174.8732501, -36.9940646 ], [ 174.8736377, -36.9946334 ], [ 174.8738541, -36.9950805 ], [ 174.875309, -36.9970865 ], [ 174.8753534, -36.9971517 ], [ 174.8754254, -36.9973222 ], [ 174.8748458, -36.9973164 ], [ 174.87453, -36.9977445 ], [ 174.8743174, -36.9977668 ], [ 174.8741941, -36.997965 ], [ 174.8741687, -36.9979744 ], [ 174.8741284, -36.9979642 ], [ 174.8739821, -36.9979762 ], [ 174.8739453, -36.9979894 ], [ 174.8739336, -36.9980184 ], [ 174.8736094, -36.9979671 ], [ 174.8731972, -36.9977686 ], [ 174.8733646, -36.998086 ], [ 174.8726208, -36.9983384 ], [ 174.8723051, -36.99774 ], [ 174.8717692, -36.9979218 ], [ 174.87172, -36.9980192 ], [ 174.8714115, -36.9980301 ], [ 174.8713033, -36.9978249 ], [ 174.8706223, -36.9980559 ], [ 174.8712062, -36.9990047 ], [ 174.8705225, -36.9992754 ], [ 174.8709073, -36.9998896 ], [ 174.8713614, -36.9997345 ], [ 174.872051, -37.0009842 ], [ 174.8732325, -37.0005777 ], [ 174.8734724, -37.0010242 ], [ 174.8745517, -37.0006492 ], [ 174.8741897, -36.999976 ], [ 174.8746527, -36.9998158 ], [ 174.8746216, -36.9997578 ], [ 174.8746516, -36.9996972 ], [ 174.8757709, -36.9993098 ], [ 174.8756851, -36.9991503 ] ], [ [ 174.8621915, -36.9875217 ], [ 174.8621091, -36.9873784 ], [ 174.8619288, -36.9870653 ], [ 174.8619598, -36.9870547 ], [ 174.8622222, -36.9875112 ], [ 174.8621916, -36.9875217 ], [ 174.862274, -36.9876649 ], [ 174.8621915, -36.9875217 ] ], [ [ 174.8508211, -36.9840572 ], [ 174.8507624, -36.9841002 ], [ 174.8505662, -36.9843768 ], [ 174.8503669, -36.9844444 ], [ 174.8504155, -36.9843116 ], [ 174.8505663, -36.9840874 ], [ 174.8505898, -36.9840347 ], [ 174.8508227, -36.9838994 ], [ 174.850935, -36.9838608 ], [ 174.8510044, -36.9839865 ], [ 174.8508211, -36.9840572 ] ], [ [ 174.8860862, -36.995482 ], [ 174.8865096, -36.9954636 ], [ 174.8863152, -36.9954725 ], [ 174.8860862, -36.995482 ] ] ], [ [ [ 174.8456833, -36.9629718 ], [ 174.8456384, -36.9629233 ], [ 174.845606, -36.9628614 ], [ 174.8455898, -36.9628194 ], [ 174.845582, -36.9627218 ], [ 174.8455832, -36.9626713 ], [ 174.8456036, -36.9626366 ], [ 174.8455725, -36.9624607 ], [ 174.8453662, -36.9624741 ], [ 174.8450889, -36.9622716 ], [ 174.8447124, -36.9623386 ], [ 174.8435673, -36.9618909 ], [ 174.8422205, -36.962049 ], [ 174.8398434, -36.9597169 ], [ 174.8400208, -36.9595781 ], [ 174.8393727, -36.9585989 ], [ 174.8374417, -36.9600881 ], [ 174.8375484, -36.960248 ], [ 174.8371458, -36.9604104 ], [ 174.8372455, -36.9605599 ], [ 174.8364545, -36.9608886 ], [ 174.8364369, -36.9611839 ], [ 174.8356387, -36.9615648 ], [ 174.8353875, -36.9614876 ], [ 174.8354256, -36.9614552 ], [ 174.835056, -36.9613417 ], [ 174.8336351, -36.9620891 ], [ 174.8334492, -36.9618563 ], [ 174.8333471, -36.9616946 ], [ 174.8329321, -36.9618749 ], [ 174.8329858, -36.961958 ], [ 174.8323071, -36.9621932 ], [ 174.8323939, -36.9623575 ], [ 174.8318684, -36.9625361 ], [ 174.8321521, -36.9628424 ], [ 174.8319159, -36.9629637 ], [ 174.8320773, -36.963166 ], [ 174.8320153, -36.9631979 ], [ 174.8323834, -36.9635569 ], [ 174.8318364, -36.9640386 ], [ 174.832204, -36.9642147 ], [ 174.8319639, -36.9645748 ], [ 174.8319859, -36.9646379 ], [ 174.8329472, -36.9650977 ], [ 174.8331833, -36.9652619 ], [ 174.8337981, -36.9655557 ], [ 174.833555, -36.9665253 ], [ 174.8335807, -36.9670016 ], [ 174.8344743, -36.9671357 ], [ 174.8344996, -36.9670278 ], [ 174.8355137, -36.9671771 ], [ 174.8347196, -36.9684678 ], [ 174.8360786, -36.9688305 ], [ 174.8383806, -36.9669946 ], [ 174.838477, -36.9674303 ], [ 174.8385513, -36.9673837 ], [ 174.8386371, -36.9673524 ], [ 174.8387298, -36.9673382 ], [ 174.8388295, -36.9673427 ], [ 174.8389106, -36.9673622 ], [ 174.8391226, -36.967527 ], [ 174.8393781, -36.9683229 ], [ 174.8394194, -36.9683606 ], [ 174.8394593, -36.9683631 ], [ 174.8396099, -36.9683188 ], [ 174.8404174, -36.9681537 ], [ 174.8408155, -36.9681802 ], [ 174.8410949, -36.9682213 ], [ 174.8410845, -36.9683214 ], [ 174.8424712, -36.9684173 ], [ 174.8427518, -36.9683791 ], [ 174.8440237, -36.97029 ], [ 174.8442135, -36.9704342 ], [ 174.8447663, -36.9698951 ], [ 174.8440685, -36.9694344 ], [ 174.8438913, -36.9691679 ], [ 174.8440831, -36.9691061 ], [ 174.8446114, -36.96888 ], [ 174.844959, -36.9685543 ], [ 174.8451679, -36.9687347 ], [ 174.8454231, -36.9685785 ], [ 174.8453756, -36.9685676 ], [ 174.8454075, -36.968542 ], [ 174.8452048, -36.9686438 ], [ 174.8451275, -36.9686367 ], [ 174.8450781, -36.9685947 ], [ 174.8450658, -36.9685477 ], [ 174.8450736, -36.9684862 ], [ 174.8451347, -36.9684376 ], [ 174.8451888, -36.968366 ], [ 174.8454111, -36.967993 ], [ 174.8454697, -36.9678719 ], [ 174.8454916, -36.9677916 ], [ 174.8454934, -36.9676526 ], [ 174.845519, -36.967537 ], [ 174.8455956, -36.9673177 ], [ 174.8456122, -36.9670316 ], [ 174.8455866, -36.9668626 ], [ 174.8458053, -36.9668592 ], [ 174.8458074, -36.9667958 ], [ 174.8458393, -36.9667574 ], [ 174.8458519, -36.9666815 ], [ 174.8458385, -36.9666356 ], [ 174.8459442, -36.9665678 ], [ 174.8459265, -36.9663568 ], [ 174.8457993, -36.9662056 ], [ 174.8457454, -36.9660064 ], [ 174.8457151, -36.9658537 ], [ 174.8457118, -36.9656071 ], [ 174.8455893, -36.965397 ], [ 174.8455289, -36.9653794 ], [ 174.8454389, -36.9653061 ], [ 174.8454061, -36.9652367 ], [ 174.8454099, -36.9652089 ], [ 174.8453503, -36.9650808 ], [ 174.8453246, -36.9650543 ], [ 174.8452596, -36.9650015 ], [ 174.8450397, -36.9649175 ], [ 174.8450199, -36.9649595 ], [ 174.844985, -36.9649783 ], [ 174.8449397, -36.9649821 ], [ 174.8448824, -36.9649648 ], [ 174.8448566, -36.9649292 ], [ 174.8448797, -36.9648621 ], [ 174.8446532, -36.9647904 ], [ 174.8443996, -36.9648581 ], [ 174.8440722, -36.9648247 ], [ 174.8441098, -36.9647374 ], [ 174.8445464, -36.9645574 ], [ 174.844626, -36.9645298 ], [ 174.8448035, -36.9645496 ], [ 174.8449076, -36.9645272 ], [ 174.844947, -36.9644808 ], [ 174.8449609, -36.9642461 ], [ 174.8450107, -36.964131 ], [ 174.8450462, -36.9639074 ], [ 174.8450731, -36.9638364 ], [ 174.8453224, -36.963606 ], [ 174.8454329, -36.9634424 ], [ 174.8455032, -36.9633975 ], [ 174.8456101, -36.9633673 ], [ 174.8456629, -36.9633021 ], [ 174.8456917, -36.9632847 ], [ 174.845859, -36.9632287 ], [ 174.845902, -36.9632017 ], [ 174.8459146, -36.9631498 ], [ 174.8458614, -36.9630897 ], [ 174.8457582, -36.963032 ], [ 174.8456833, -36.9629718 ] ] ], [ [ [ 174.8389956, -36.9429298 ], [ 174.8386867, -36.9425504 ], [ 174.8389285, -36.9424238 ], [ 174.8384225, -36.9418209 ], [ 174.8383843, -36.9418408 ], [ 174.8379271, -36.9412728 ], [ 174.8373897, -36.941551 ], [ 174.8371026, -36.9414838 ], [ 174.8360381, -36.940163 ], [ 174.8349622, -36.9406745 ], [ 174.8347449, -36.940332 ], [ 174.8339482, -36.940259 ], [ 174.8337186, -36.9402751 ], [ 174.8338054, -36.939664 ], [ 174.8340045, -36.9393497 ], [ 174.8331243, -36.9393085 ], [ 174.8323683, -36.9395718 ], [ 174.8326963, -36.9417327 ], [ 174.8313174, -36.9419767 ], [ 174.8309012, -36.9418113 ], [ 174.8308187, -36.9418076 ], [ 174.8302221, -36.9418603 ], [ 174.8302058, -36.941835 ], [ 174.8301572, -36.9418555 ], [ 174.8300708, -36.9418632 ], [ 174.8299233, -36.9418388 ], [ 174.8296763, -36.9417474 ], [ 174.8295892, -36.9417261 ], [ 174.8294387, -36.9417359 ], [ 174.8294028, -36.9417274 ], [ 174.8292798, -36.9417777 ], [ 174.8292113, -36.9417725 ], [ 174.8291606, -36.9417339 ], [ 174.8290781, -36.9415778 ], [ 174.8290259, -36.9415481 ], [ 174.8287831, -36.9414627 ], [ 174.828607, -36.9413547 ], [ 174.828497, -36.9412621 ], [ 174.8284282, -36.9411372 ], [ 174.828375, -36.9410753 ], [ 174.8283589, -36.9410742 ], [ 174.8283444, -36.9412111 ], [ 174.8283075, -36.941315 ], [ 174.828305, -36.941378 ], [ 174.8283326, -36.9414455 ], [ 174.828332, -36.9415335 ], [ 174.8283734, -36.9416364 ], [ 174.8284159, -36.9416737 ], [ 174.8284326, -36.9417745 ], [ 174.8285208, -36.9418705 ], [ 174.8285451, -36.9419387 ], [ 174.8285421, -36.942241 ], [ 174.8286061, -36.9424884 ], [ 174.8285524, -36.9425989 ], [ 174.8285418, -36.9426719 ], [ 174.8286166, -36.942907 ], [ 174.8286346, -36.943009 ], [ 174.8286277, -36.9430605 ], [ 174.8285835, -36.9431616 ], [ 174.8285822, -36.9432098 ], [ 174.8286282, -36.9433846 ], [ 174.8286544, -36.9434342 ], [ 174.8287059, -36.9434922 ], [ 174.8287333, -36.9435679 ], [ 174.828659, -36.9439415 ], [ 174.8286718, -36.9440436 ], [ 174.8286756, -36.9440559 ], [ 174.8286997, -36.944065 ], [ 174.8287073, -36.9441287 ], [ 174.8287483, -36.9441544 ], [ 174.8287244, -36.9441728 ], [ 174.8287275, -36.9442038 ], [ 174.8287784, -36.9442444 ], [ 174.8287857, -36.944271 ], [ 174.8287621, -36.9442992 ], [ 174.8287797, -36.9443392 ], [ 174.828898, -36.9445304 ], [ 174.828923, -36.944607 ], [ 174.8290111, -36.9447339 ], [ 174.8293538, -36.9449137 ], [ 174.8292666, -36.9450783 ], [ 174.8290903, -36.9450287 ], [ 174.8292661, -36.944941 ], [ 174.8291796, -36.944887 ], [ 174.8289698, -36.9448952 ], [ 174.828503, -36.9451274 ], [ 174.8282565, -36.9453191 ], [ 174.8281844, -36.9453632 ], [ 174.8280882, -36.9454016 ], [ 174.8279436, -36.9455225 ], [ 174.8278517, -36.9455509 ], [ 174.8277905, -36.9456619 ], [ 174.8277151, -36.9457313 ], [ 174.8272054, -36.9463963 ], [ 174.827295, -36.9464295 ], [ 174.827235, -36.946606 ], [ 174.827224, -36.9467273 ], [ 174.8271255, -36.9467777 ], [ 174.8270557, -36.946903 ], [ 174.8268957, -36.9468924 ], [ 174.8266948, -36.9482735 ], [ 174.8284964, -36.9484383 ], [ 174.8285529, -36.9486268 ], [ 174.8287012, -36.9488247 ], [ 174.8289051, -36.9489319 ], [ 174.8289354, -36.9492486 ], [ 174.8292195, -36.9493529 ], [ 174.8295116, -36.9496317 ], [ 174.8296865, -36.9496931 ], [ 174.8296559, -36.9498988 ], [ 174.8297199, -36.9500021 ], [ 174.8299184, -36.9500992 ], [ 174.8301076, -36.9504364 ], [ 174.8300742, -36.95053 ], [ 174.8303975, -36.9505048 ], [ 174.830794, -36.9508163 ], [ 174.8330234, -36.950594 ], [ 174.8340311, -36.9505267 ], [ 174.8345003, -36.9536015 ], [ 174.8365878, -36.9519939 ], [ 174.8366512, -36.9520467 ], [ 174.8368077, -36.951925 ], [ 174.8374892, -36.9524953 ], [ 174.8378267, -36.9520386 ], [ 174.8382821, -36.9518332 ], [ 174.8382938, -36.9517721 ], [ 174.8384914, -36.9516611 ], [ 174.8386942, -36.9517312 ], [ 174.8390423, -36.9517254 ], [ 174.8395022, -36.9513395 ], [ 174.8395171, -36.951288 ], [ 174.8394903, -36.9512304 ], [ 174.8383879, -36.950311 ], [ 174.8384777, -36.9501782 ], [ 174.8397637, -36.9491102 ], [ 174.8397711, -36.9490768 ], [ 174.8397616, -36.9490459 ], [ 174.8395243, -36.9487519 ], [ 174.8397421, -36.9485895 ], [ 174.8400744, -36.9484167 ], [ 174.8398193, -36.9481173 ], [ 174.8404411, -36.9473605 ], [ 174.8400641, -36.9471609 ], [ 174.8399036, -36.9469315 ], [ 174.8398562, -36.9465811 ], [ 174.8399609, -36.9463662 ], [ 174.8403907, -36.9461621 ], [ 174.8401294, -36.9458075 ], [ 174.8414555, -36.9451783 ], [ 174.8406295, -36.9442902 ], [ 174.8416893, -36.9437885 ], [ 174.8412611, -36.9432623 ], [ 174.8409012, -36.9434505 ], [ 174.8407394, -36.9432519 ], [ 174.8405237, -36.9433646 ], [ 174.8402525, -36.9430304 ], [ 174.8398225, -36.9432553 ], [ 174.8396832, -36.9431118 ], [ 174.8393739, -36.9427324 ], [ 174.8389956, -36.9429298 ] ] ], [ [ [ 174.8977012, -36.9287925 ], [ 174.9016101, -36.9296105 ], [ 174.9016224, -36.9294617 ], [ 174.9016144, -36.9293574 ], [ 174.9015334, -36.9290961 ], [ 174.901508, -36.928965 ], [ 174.9015077, -36.9288353 ], [ 174.9015249, -36.9287325 ], [ 174.9015679, -36.9286075 ], [ 174.9018274, -36.9280767 ], [ 174.9020451, -36.9277744 ], [ 174.9028334, -36.9280414 ], [ 174.9040521, -36.9285101 ], [ 174.9056692, -36.929001 ], [ 174.9050573, -36.929216 ], [ 174.905017, -36.9291462 ], [ 174.9050044, -36.9291732 ], [ 174.904954, -36.9291579 ], [ 174.9049667, -36.929131 ], [ 174.9047035, -36.929049 ], [ 174.9046226, -36.9290579 ], [ 174.9044091, -36.9289872 ], [ 174.9043591, -36.9289821 ], [ 174.9043129, -36.9289985 ], [ 174.904277, -36.9290459 ], [ 174.9042033, -36.9290241 ], [ 174.9042081, -36.9289866 ], [ 174.90419, -36.9289518 ], [ 174.904153, -36.9289291 ], [ 174.9034006, -36.928651 ], [ 174.9033668, -36.9285726 ], [ 174.9031603, -36.9284922 ], [ 174.9031578, -36.9290707 ], [ 174.9031956, -36.9292251 ], [ 174.9033107, -36.9293458 ], [ 174.9033887, -36.9294904 ], [ 174.9034496, -36.9297145 ], [ 174.9038676, -36.9299146 ], [ 174.9038897, -36.9300877 ], [ 174.9038026, -36.9307693 ], [ 174.9039018, -36.9310143 ], [ 174.9038125, -36.9312487 ], [ 174.9035995, -36.9314102 ], [ 174.9030586, -36.931972 ], [ 174.9032557, -36.9323394 ], [ 174.9034886, -36.9326402 ], [ 174.903301, -36.9331913 ], [ 174.9032714, -36.9336539 ], [ 174.9035682, -36.9337076 ], [ 174.9033859, -36.9343575 ], [ 174.9041566, -36.9348556 ], [ 174.9046301, -36.9352379 ], [ 174.9051825, -36.9355473 ], [ 174.9053533, -36.9356683 ], [ 174.9053884, -36.9356278 ], [ 174.9055253, -36.9358211 ], [ 174.9058063, -36.9359808 ], [ 174.905988, -36.9359239 ], [ 174.906262, -36.9359756 ], [ 174.9064061, -36.9361365 ], [ 174.9070271, -36.9364076 ], [ 174.9072549, -36.9365369 ], [ 174.9074475, -36.9366648 ], [ 174.9078573, -36.9368597 ], [ 174.9078959, -36.9370055 ], [ 174.9078492, -36.9372294 ], [ 174.9076031, -36.9375581 ], [ 174.9074844, -36.9377422 ], [ 174.9076228, -36.9380285 ], [ 174.9077335, -36.9381698 ], [ 174.9078239, -36.9383571 ], [ 174.9080426, -36.9382178 ], [ 174.9084693, -36.9381045 ], [ 174.9088436, -36.9381606 ], [ 174.9091789, -36.9383406 ], [ 174.9090639, -36.938791 ], [ 174.9088599, -36.9388653 ], [ 174.9083669, -36.9387772 ], [ 174.9082865, -36.9388183 ], [ 174.9082326, -36.9390313 ], [ 174.9082146, -36.9393989 ], [ 174.9079974, -36.9401929 ], [ 174.9079277, -36.9403557 ], [ 174.9078632, -36.940456 ], [ 174.9077794, -36.9405548 ], [ 174.9077423, -36.9406351 ], [ 174.9077925, -36.9407101 ], [ 174.9080593, -36.9407577 ], [ 174.9080715, -36.9407138 ], [ 174.9080989, -36.9407187 ], [ 174.9080867, -36.9407627 ], [ 174.9090458, -36.9409147 ], [ 174.9090171, -36.9410942 ], [ 174.9089333, -36.9413968 ], [ 174.9088228, -36.9415479 ], [ 174.9087777, -36.9417761 ], [ 174.9087736, -36.9419717 ], [ 174.9088348, -36.9420257 ], [ 174.909139, -36.9420806 ], [ 174.9092043, -36.9418477 ], [ 174.909261, -36.9417526 ], [ 174.9092969, -36.9416512 ], [ 174.9095626, -36.9414725 ], [ 174.9098376, -36.9414854 ], [ 174.9100536, -36.9415315 ], [ 174.9102615, -36.9415996 ], [ 174.9104592, -36.9416451 ], [ 174.9107283, -36.9416734 ], [ 174.9109567, -36.9416714 ], [ 174.9112861, -36.941753 ], [ 174.9112812, -36.9420583 ], [ 174.911258, -36.9422222 ], [ 174.9112063, -36.9424355 ], [ 174.9112573, -36.9425001 ], [ 174.9117829, -36.942595 ], [ 174.9117928, -36.9425599 ], [ 174.9122691, -36.9426424 ], [ 174.9124271, -36.9426378 ], [ 174.9124881, -36.9426025 ], [ 174.9125364, -36.9424591 ], [ 174.9132376, -36.9425599 ], [ 174.9133195, -36.9421744 ], [ 174.9137528, -36.940626 ], [ 174.9140928, -36.9406873 ], [ 174.9141172, -36.9406261 ], [ 174.914196, -36.9406131 ], [ 174.9145196, -36.9406505 ], [ 174.9170495, -36.941111 ], [ 174.9170352, -36.9411615 ], [ 174.9171171, -36.9411418 ], [ 174.9173631, -36.9411867 ], [ 174.917381, -36.9411159 ], [ 174.9176668, -36.9411679 ], [ 174.9177874, -36.9405255 ], [ 174.918022, -36.9405576 ], [ 174.9186717, -36.9406757 ], [ 174.9187483, -36.9404219 ], [ 174.9188334, -36.9402738 ], [ 174.9189468, -36.940152 ], [ 174.9191655, -36.939977 ], [ 174.9193717, -36.939769 ], [ 174.9193573, -36.9396948 ], [ 174.9191685, -36.9395969 ], [ 174.9192016, -36.9393581 ], [ 174.9193016, -36.9393424 ], [ 174.9193863, -36.9392285 ], [ 174.919453, -36.9390754 ], [ 174.9195257, -36.9387929 ], [ 174.9195968, -36.9386172 ], [ 174.9197607, -36.9386412 ], [ 174.9201851, -36.938785 ], [ 174.9202508, -36.9386704 ], [ 174.9203084, -36.938496 ], [ 174.9205854, -36.9385648 ], [ 174.9206186, -36.9385163 ], [ 174.9206974, -36.9384415 ], [ 174.9209122, -36.9384945 ], [ 174.9211212, -36.93848 ], [ 174.9212459, -36.9380576 ], [ 174.921227, -36.9380137 ], [ 174.9211172, -36.9379163 ], [ 174.9211468, -36.9378687 ], [ 174.9212399, -36.9379513 ], [ 174.9217614, -36.9380473 ], [ 174.9218537, -36.9378696 ], [ 174.9219087, -36.937791 ], [ 174.9218714, -36.9377711 ], [ 174.9219073, -36.9376441 ], [ 174.9219682, -36.9375619 ], [ 174.9220511, -36.9374998 ], [ 174.9221852, -36.9373107 ], [ 174.9224221, -36.9371305 ], [ 174.9227327, -36.9372564 ], [ 174.9229075, -36.9369897 ], [ 174.9228071, -36.9369494 ], [ 174.9229534, -36.936757 ], [ 174.9230206, -36.9366456 ], [ 174.9229852, -36.9365944 ], [ 174.922346, -36.9363553 ], [ 174.9224277, -36.9362308 ], [ 174.9224776, -36.936109 ], [ 174.9225149, -36.9359723 ], [ 174.9225574, -36.9357369 ], [ 174.9225789, -36.9353571 ], [ 174.9225969, -36.93529 ], [ 174.9226265, -36.9352257 ], [ 174.9227131, -36.9351146 ], [ 174.92262, -36.9349141 ], [ 174.9220293, -36.9340655 ], [ 174.9220702, -36.9339297 ], [ 174.9220922, -36.9336706 ], [ 174.9217782, -36.9336099 ], [ 174.9215193, -36.9335242 ], [ 174.9212668, -36.933403 ], [ 174.9209814, -36.9332265 ], [ 174.9210884, -36.932988 ], [ 174.9211879, -36.9328482 ], [ 174.9212565, -36.9327189 ], [ 174.9213624, -36.9324007 ], [ 174.9214232, -36.9322645 ], [ 174.921515, -36.9321138 ], [ 174.9216192, -36.9319798 ], [ 174.9217008, -36.9318021 ], [ 174.9217906, -36.9316827 ], [ 174.9218454, -36.9316566 ], [ 174.9219972, -36.9317194 ], [ 174.9221812, -36.9314823 ], [ 174.9225802, -36.931639 ], [ 174.922791, -36.9317067 ], [ 174.9231797, -36.9317844 ], [ 174.9234035, -36.931786 ], [ 174.9233974, -36.931503 ], [ 174.9234919, -36.9314968 ], [ 174.9235018, -36.9313295 ], [ 174.9234737, -36.9313317 ], [ 174.9234903, -36.931042 ], [ 174.9238503, -36.9297682 ], [ 174.9234949, -36.92967 ], [ 174.923455, -36.9297561 ], [ 174.9234131, -36.9297694 ], [ 174.9232939, -36.9297451 ], [ 174.923218, -36.9297204 ], [ 174.9230671, -36.9295803 ], [ 174.9227904, -36.9294603 ], [ 174.9229621, -36.9291557 ], [ 174.9229414, -36.9291518 ], [ 174.9230427, -36.9283958 ], [ 174.9230328, -36.9278552 ], [ 174.9226061, -36.9278603 ], [ 174.9226056, -36.9278302 ], [ 174.9223677, -36.927834 ], [ 174.9223458, -36.9272717 ], [ 174.9223129, -36.9270385 ], [ 174.9222585, -36.9267903 ], [ 174.922128, -36.9263932 ], [ 174.9217783, -36.9255676 ], [ 174.9216737, -36.9254165 ], [ 174.9215471, -36.9252988 ], [ 174.9214739, -36.9252479 ], [ 174.9212002, -36.9250756 ], [ 174.92101, -36.9249747 ], [ 174.9208726, -36.9249405 ], [ 174.9208466, -36.9249474 ], [ 174.9211547, -36.9246162 ], [ 174.9206297, -36.9243023 ], [ 174.9201279, -36.9248453 ], [ 174.9198663, -36.9246906 ], [ 174.9197475, -36.9247517 ], [ 174.9196914, -36.9247499 ], [ 174.9196235, -36.9247131 ], [ 174.9194929, -36.9245751 ], [ 174.9193731, -36.924393 ], [ 174.9190569, -36.9242109 ], [ 174.918859, -36.9240501 ], [ 174.9187611, -36.9240443 ], [ 174.9185775, -36.9241804 ], [ 174.9182162, -36.9239127 ], [ 174.9180093, -36.9237857 ], [ 174.9179422, -36.9237751 ], [ 174.9178576, -36.9237789 ], [ 174.9176534, -36.9236916 ], [ 174.9176071, -36.9236185 ], [ 174.9172827, -36.9235651 ], [ 174.9172955, -36.9235111 ], [ 174.9142309, -36.9229381 ], [ 174.9142134, -36.9218937 ], [ 174.9131578, -36.921898 ], [ 174.9131519, -36.9215513 ], [ 174.9127705, -36.9215773 ], [ 174.9121533, -36.921584 ], [ 174.9121314, -36.9219223 ], [ 174.9121695, -36.9219294 ], [ 174.9121706, -36.922496 ], [ 174.9119843, -36.9224963 ], [ 174.9119844, -36.9225773 ], [ 174.9116065, -36.9226358 ], [ 174.9116401, -36.92302 ], [ 174.9114038, -36.9230312 ], [ 174.9112521, -36.9230133 ], [ 174.9112519, -36.9229863 ], [ 174.9111512, -36.9229807 ], [ 174.9106271, -36.9229835 ], [ 174.9106322, -36.9235781 ], [ 174.9107479, -36.9235991 ], [ 174.9104717, -36.9245822 ], [ 174.9083536, -36.9241986 ], [ 174.9084654, -36.9245198 ], [ 174.9082843, -36.9247093 ], [ 174.9082816, -36.9247017 ], [ 174.9079333, -36.9247796 ], [ 174.9080924, -36.925238 ], [ 174.9084973, -36.9253113 ], [ 174.9085403, -36.925396 ], [ 174.9084988, -36.9255558 ], [ 174.9083196, -36.9256444 ], [ 174.9078003, -36.9256562 ], [ 174.9076239, -36.9273459 ], [ 174.9065703, -36.9278287 ], [ 174.9058949, -36.9287073 ], [ 174.9054548, -36.9287519 ], [ 174.9054304, -36.9287353 ], [ 174.9054335, -36.9286918 ], [ 174.9055179, -36.9285769 ], [ 174.9055491, -36.9284963 ], [ 174.9055186, -36.92844 ], [ 174.9054549, -36.9283877 ], [ 174.9053665, -36.9283423 ], [ 174.9053113, -36.9282999 ], [ 174.9052807, -36.9282403 ], [ 174.9052829, -36.9281634 ], [ 174.9053063, -36.9280996 ], [ 174.9053629, -36.9280353 ], [ 174.9054024, -36.9279545 ], [ 174.9054092, -36.9278943 ], [ 174.9053118, -36.9278257 ], [ 174.9048513, -36.927703 ], [ 174.9047628, -36.9276577 ], [ 174.9046736, -36.9275824 ], [ 174.9046087, -36.9274833 ], [ 174.9046062, -36.9273832 ], [ 174.9046779, -36.9272584 ], [ 174.9046766, -36.9272084 ], [ 174.9046423, -36.9271655 ], [ 174.9045958, -36.9271363 ], [ 174.9045371, -36.9271172 ], [ 174.9044746, -36.9271115 ], [ 174.9043305, -36.9271706 ], [ 174.9042115, -36.927236 ], [ 174.9040072, -36.9273762 ], [ 174.9039086, -36.9274279 ], [ 174.9038218, -36.927446 ], [ 174.9037298, -36.9274274 ], [ 174.9035146, -36.9273041 ], [ 174.9030547, -36.9268742 ], [ 174.9031112, -36.9268065 ], [ 174.9031498, -36.926689 ], [ 174.903169, -36.9266252 ], [ 174.9031667, -36.9265351 ], [ 174.9032086, -36.9263809 ], [ 174.9032567, -36.92631 ], [ 174.9033638, -36.9261982 ], [ 174.9032902, -36.9258997 ], [ 174.9032772, -36.9257344 ], [ 174.9032931, -36.925675 ], [ 174.9033806, -36.9255474 ], [ 174.9034307, -36.9254255 ], [ 174.9035473, -36.9252707 ], [ 174.903644, -36.9251921 ], [ 174.903833, -36.9251247 ], [ 174.9041466, -36.9250642 ], [ 174.9042288, -36.9250391 ], [ 174.9042832, -36.9250054 ], [ 174.9043926, -36.9248971 ], [ 174.9045395, -36.9248251 ], [ 174.9046062, -36.9247718 ], [ 174.9046631, -36.9246794 ], [ 174.9046678, -36.9245757 ], [ 174.9046536, -36.9245286 ], [ 174.9046171, -36.9244737 ], [ 174.9045936, -36.9244797 ], [ 174.9045772, -36.924453 ], [ 174.9045274, -36.9242755 ], [ 174.9044395, -36.9242031 ], [ 174.9043787, -36.9241715 ], [ 174.9043107, -36.9241636 ], [ 174.9041221, -36.9241698 ], [ 174.9038129, -36.9241089 ], [ 174.9036691, -36.9240137 ], [ 174.9036114, -36.9239867 ], [ 174.9035456, -36.9239765 ], [ 174.9034894, -36.923975 ], [ 174.9034106, -36.9239899 ], [ 174.9033864, -36.924008 ], [ 174.9033903, -36.9240613 ], [ 174.9033444, -36.9240881 ], [ 174.9031191, -36.9241453 ], [ 174.9030167, -36.9241416 ], [ 174.9029508, -36.9241274 ], [ 174.902871, -36.924137 ], [ 174.9027977, -36.924159 ], [ 174.9027525, -36.9241847 ], [ 174.9027374, -36.9242125 ], [ 174.9026914, -36.9242265 ], [ 174.9026341, -36.9241823 ], [ 174.9025546, -36.9240428 ], [ 174.902461, -36.923919 ], [ 174.9023437, -36.9236546 ], [ 174.9023344, -36.9235684 ], [ 174.9023493, -36.9233812 ], [ 174.902339, -36.9233017 ], [ 174.9022891, -36.9231814 ], [ 174.90227, -36.9229928 ], [ 174.9022801, -36.922919 ], [ 174.9022384, -36.9228641 ], [ 174.9021742, -36.9228287 ], [ 174.9021057, -36.9228416 ], [ 174.9019821, -36.922966 ], [ 174.9019002, -36.923029 ], [ 174.9017606, -36.9231023 ], [ 174.9016295, -36.9231469 ], [ 174.9015481, -36.9231986 ], [ 174.901503, -36.9232472 ], [ 174.9013174, -36.923367 ], [ 174.9012169, -36.923506 ], [ 174.9012207, -36.9235634 ], [ 174.9012691, -36.9236428 ], [ 174.9012493, -36.9236748 ], [ 174.9012222, -36.9236814 ], [ 174.9012096, -36.9236182 ], [ 174.9011948, -36.9236008 ], [ 174.9011408, -36.9235932 ], [ 174.90106, -36.9235997 ], [ 174.9010425, -36.9235258 ], [ 174.9010441, -36.9234602 ], [ 174.9010628, -36.9234239 ], [ 174.9010919, -36.9234054 ], [ 174.9010964, -36.9233783 ], [ 174.9011131, -36.923371 ], [ 174.9011824, -36.9231696 ], [ 174.9012776, -36.9230779 ], [ 174.9012937, -36.9230391 ], [ 174.9013678, -36.9230079 ], [ 174.9014029, -36.9229731 ], [ 174.9016102, -36.9228945 ], [ 174.9016909, -36.9228264 ], [ 174.9017022, -36.9227942 ], [ 174.9016961, -36.9226955 ], [ 174.9016368, -36.9226035 ], [ 174.9016029, -36.9224725 ], [ 174.9015807, -36.9224602 ], [ 174.9015745, -36.9222385 ], [ 174.9016081, -36.9220634 ], [ 174.9016089, -36.9219194 ], [ 174.9015786, -36.9217643 ], [ 174.9015061, -36.9216407 ], [ 174.9014557, -36.9216123 ], [ 174.9014093, -36.9216051 ], [ 174.90132, -36.9216065 ], [ 174.9011883, -36.9216299 ], [ 174.9010093, -36.9216141 ], [ 174.9008975, -36.9216398 ], [ 174.9006637, -36.9216392 ], [ 174.900592, -36.9216689 ], [ 174.9005702, -36.9216663 ], [ 174.9005114, -36.9216959 ], [ 174.9004905, -36.9217291 ], [ 174.9004986, -36.921756 ], [ 174.9005694, -36.9218761 ], [ 174.9006305, -36.9220541 ], [ 174.9006417, -36.9221245 ], [ 174.900626, -36.9221566 ], [ 174.9005658, -36.922131 ], [ 174.9005219, -36.922099 ], [ 174.9005047, -36.9220656 ], [ 174.9004572, -36.9220446 ], [ 174.9003864, -36.9220917 ], [ 174.900319, -36.922086 ], [ 174.9002411, -36.9221124 ], [ 174.9001951, -36.9220705 ], [ 174.9001771, -36.922014 ], [ 174.9001545, -36.9219913 ], [ 174.9000947, -36.9219765 ], [ 174.9000359, -36.9219861 ], [ 174.9000051, -36.9219627 ], [ 174.9000771, -36.9218374 ], [ 174.9000805, -36.9217411 ], [ 174.9000289, -36.9215674 ], [ 174.9000016, -36.9215301 ], [ 174.9000033, -36.921494 ], [ 174.8999305, -36.9212698 ], [ 174.8999292, -36.9211707 ], [ 174.8999517, -36.9211253 ], [ 174.8999395, -36.9210804 ], [ 174.9, -36.9209713 ], [ 174.9000097, -36.920872 ], [ 174.9000891, -36.9207763 ], [ 174.9001053, -36.9206936 ], [ 174.900076, -36.9206008 ], [ 174.9000163, -36.9205601 ], [ 174.8998927, -36.9205164 ], [ 174.8997977, -36.9205 ], [ 174.8996228, -36.9205128 ], [ 174.899399, -36.9206052 ], [ 174.8993592, -36.920639 ], [ 174.8993478, -36.9206663 ], [ 174.8993608, -36.9207111 ], [ 174.8993464, -36.9208492 ], [ 174.8992341, -36.920967 ], [ 174.8991414, -36.9210318 ], [ 174.8990932, -36.9210496 ], [ 174.8989621, -36.9210138 ], [ 174.8988919, -36.9210107 ], [ 174.8987475, -36.9210431 ], [ 174.8986426, -36.9210927 ], [ 174.8985082, -36.9211826 ], [ 174.898388, -36.921299 ], [ 174.8983935, -36.9212754 ], [ 174.898469, -36.9211779 ], [ 174.8986324, -36.9210495 ], [ 174.8988424, -36.9209418 ], [ 174.8989285, -36.9209209 ], [ 174.8989096, -36.9209111 ], [ 174.8989904, -36.9208982 ], [ 174.8990993, -36.9208421 ], [ 174.8991549, -36.9207627 ], [ 174.8991639, -36.9207075 ], [ 174.8991359, -36.9206745 ], [ 174.8989473, -36.9206329 ], [ 174.8987222, -36.920547 ], [ 174.8986145, -36.9205168 ], [ 174.8984704, -36.920449 ], [ 174.8983249, -36.9203439 ], [ 174.8982027, -36.9202233 ], [ 174.8981647, -36.9201442 ], [ 174.8981072, -36.9199278 ], [ 174.8981195, -36.9197646 ], [ 174.8981407, -36.9196872 ], [ 174.8982195, -36.9195293 ], [ 174.8982296, -36.919482 ], [ 174.898316, -36.9193677 ], [ 174.8983125, -36.9192092 ], [ 174.8982706, -36.9191496 ], [ 174.8981964, -36.9191109 ], [ 174.8981866, -36.9190867 ], [ 174.8983061, -36.9190343 ], [ 174.8983438, -36.9189828 ], [ 174.8983701, -36.9189148 ], [ 174.8983464, -36.9188543 ], [ 174.8981764, -36.9185914 ], [ 174.8981244, -36.9183627 ], [ 174.8980531, -36.9182914 ], [ 174.8978526, -36.9183047 ], [ 174.8973323, -36.9183643 ], [ 174.8971274, -36.9183391 ], [ 174.8969483, -36.9182872 ], [ 174.8967063, -36.9181495 ], [ 174.8966478, -36.9180993 ], [ 174.8965387, -36.9180437 ], [ 174.8962725, -36.917942 ], [ 174.8960894, -36.9178834 ], [ 174.8959723, -36.9178662 ], [ 174.8958821, -36.9178678 ], [ 174.895814, -36.9179528 ], [ 174.8956753, -36.9182822 ], [ 174.8956553, -36.9184073 ], [ 174.8956018, -36.9185197 ], [ 174.8955503, -36.918553 ], [ 174.8954981, -36.9186442 ], [ 174.8954838, -36.9186941 ], [ 174.8953814, -36.9188338 ], [ 174.8951738, -36.919048 ], [ 174.8950583, -36.919133 ], [ 174.8949969, -36.9191958 ], [ 174.8946062, -36.9193082 ], [ 174.8942472, -36.9193697 ], [ 174.8941753, -36.9193978 ], [ 174.8940766, -36.919503 ], [ 174.8940633, -36.9195532 ], [ 174.8940282, -36.9196042 ], [ 174.8936655, -36.9196172 ], [ 174.893492, -36.9196858 ], [ 174.8932947, -36.9198317 ], [ 174.8931537, -36.9199859 ], [ 174.8931249, -36.9200274 ], [ 174.8930573, -36.9202018 ], [ 174.8930718, -36.9202852 ], [ 174.8930481, -36.9203784 ], [ 174.8930505, -36.9204721 ], [ 174.8931134, -36.9206399 ], [ 174.8931702, -36.9207204 ], [ 174.8932438, -36.920773 ], [ 174.8933366, -36.9209627 ], [ 174.8933407, -36.9210249 ], [ 174.893301, -36.9211974 ], [ 174.8933375, -36.9213473 ], [ 174.8933865, -36.9214227 ], [ 174.8934555, -36.9214505 ], [ 174.8934889, -36.921439 ], [ 174.8935127, -36.9214625 ], [ 174.8934372, -36.9216219 ], [ 174.893422, -36.9216311 ], [ 174.8933417, -36.9216038 ], [ 174.8932341, -36.9216027 ], [ 174.8931494, -36.921534 ], [ 174.8930439, -36.9214971 ], [ 174.8929163, -36.9214326 ], [ 174.8924573, -36.9213589 ], [ 174.8923627, -36.9213842 ], [ 174.8922147, -36.9214492 ], [ 174.8921669, -36.921494 ], [ 174.8921411, -36.9215632 ], [ 174.8919989, -36.9216511 ], [ 174.8919169, -36.9217642 ], [ 174.8918751, -36.9217972 ], [ 174.8918227, -36.9218154 ], [ 174.891668, -36.9218291 ], [ 174.8915913, -36.9218702 ], [ 174.8915368, -36.9219202 ], [ 174.8914932, -36.9219827 ], [ 174.8913646, -36.9222634 ], [ 174.8912913, -36.9225731 ], [ 174.8912431, -36.9229856 ], [ 174.8912028, -36.923073 ], [ 174.891127, -36.923133 ], [ 174.8910652, -36.9233528 ], [ 174.8910636, -36.9234218 ], [ 174.8911352, -36.9236827 ], [ 174.8912164, -36.9238257 ], [ 174.8913049, -36.9239068 ], [ 174.8913881, -36.923954 ], [ 174.8914982, -36.9239972 ], [ 174.8915526, -36.9240645 ], [ 174.8915842, -36.9240845 ], [ 174.8917685, -36.9241378 ], [ 174.8919866, -36.9242449 ], [ 174.8920858, -36.9242448 ], [ 174.8921463, -36.9242263 ], [ 174.8922048, -36.924178 ], [ 174.8923869, -36.9239969 ], [ 174.8924347, -36.9239277 ], [ 174.8924573, -36.9238203 ], [ 174.8924183, -36.9236852 ], [ 174.8923693, -36.9235789 ], [ 174.8923875, -36.9235481 ], [ 174.8924748, -36.9235288 ], [ 174.8926509, -36.9235814 ], [ 174.8927674, -36.9235858 ], [ 174.8930061, -36.9235558 ], [ 174.8933264, -36.92349 ], [ 174.8934698, -36.9234273 ], [ 174.8934961, -36.9233945 ], [ 174.8935026, -36.9233486 ], [ 174.8933881, -36.9231811 ], [ 174.8933148, -36.9231309 ], [ 174.8932392, -36.9231253 ], [ 174.8932323, -36.9231164 ], [ 174.8933122, -36.9230671 ], [ 174.8933642, -36.9229791 ], [ 174.893341, -36.9229086 ], [ 174.8932616, -36.9228119 ], [ 174.8932666, -36.9227643 ], [ 174.8933053, -36.9226703 ], [ 174.8933774, -36.9227336 ], [ 174.8934167, -36.9227927 ], [ 174.893482, -36.922833 ], [ 174.8935394, -36.9229763 ], [ 174.8935482, -36.9230572 ], [ 174.8935966, -36.9230681 ], [ 174.8936762, -36.9231087 ], [ 174.8937551, -36.9231229 ], [ 174.8938884, -36.9232262 ], [ 174.8941127, -36.9232779 ], [ 174.8941775, -36.9232719 ], [ 174.8942275, -36.9232516 ], [ 174.8942918, -36.9231658 ], [ 174.8943765, -36.9231194 ], [ 174.894446, -36.9231065 ], [ 174.8944949, -36.9230771 ], [ 174.8945839, -36.9230497 ], [ 174.8946511, -36.9230376 ], [ 174.8947003, -36.9230473 ], [ 174.8948527, -36.9230221 ], [ 174.8949543, -36.9229555 ], [ 174.8949715, -36.9228144 ], [ 174.8949581, -36.9227816 ], [ 174.8949691, -36.9227636 ], [ 174.8950148, -36.9227459 ], [ 174.8950532, -36.9226825 ], [ 174.8950745, -36.9226003 ], [ 174.8950593, -36.9225645 ], [ 174.8951091, -36.9224916 ], [ 174.8951312, -36.922482 ], [ 174.895158, -36.9224998 ], [ 174.8951347, -36.9225542 ], [ 174.8951799, -36.9226348 ], [ 174.895209, -36.9227972 ], [ 174.8952685, -36.9228901 ], [ 174.8953568, -36.9229248 ], [ 174.8955118, -36.9229263 ], [ 174.8955059, -36.9229475 ], [ 174.895454, -36.9229869 ], [ 174.8953956, -36.923007 ], [ 174.895282, -36.922959 ], [ 174.8951843, -36.9229676 ], [ 174.8951219, -36.923018 ], [ 174.895087, -36.9230695 ], [ 174.8950922, -36.9231372 ], [ 174.895002, -36.9231871 ], [ 174.8948455, -36.9232994 ], [ 174.8947252, -36.9233443 ], [ 174.8944712, -36.9236418 ], [ 174.8944449, -36.9237527 ], [ 174.8944812, -36.9237946 ], [ 174.8944443, -36.9238613 ], [ 174.8944095, -36.9238466 ], [ 174.8943676, -36.9238502 ], [ 174.8943372, -36.923839 ], [ 174.8942452, -36.9237632 ], [ 174.8941676, -36.9237161 ], [ 174.8940808, -36.9237053 ], [ 174.8940134, -36.9237182 ], [ 174.8938829, -36.9237694 ], [ 174.8938178, -36.9237705 ], [ 174.8937917, -36.9237851 ], [ 174.8937762, -36.9238217 ], [ 174.893716, -36.9238306 ], [ 174.8936191, -36.9238838 ], [ 174.8934144, -36.9239147 ], [ 174.8932382, -36.9239563 ], [ 174.8929292, -36.9240887 ], [ 174.8928708, -36.9241331 ], [ 174.8927673, -36.9242414 ], [ 174.8927693, -36.9242899 ], [ 174.8928131, -36.9243759 ], [ 174.8928014, -36.9244217 ], [ 174.8927491, -36.9244464 ], [ 174.8925272, -36.9244709 ], [ 174.8924933, -36.9245017 ], [ 174.8924831, -36.924525 ], [ 174.8924882, -36.9245966 ], [ 174.8925917, -36.9246348 ], [ 174.8926777, -36.9246387 ], [ 174.8927144, -36.9246514 ], [ 174.8927557, -36.9247172 ], [ 174.8927813, -36.9248483 ], [ 174.8927434, -36.9251161 ], [ 174.8927431, -36.9251431 ], [ 174.8927656, -36.9251878 ], [ 174.8927665, -36.925313 ], [ 174.8927263, -36.9254228 ], [ 174.8927294, -36.9254768 ], [ 174.8927482, -36.9255218 ], [ 174.8927296, -36.9255533 ], [ 174.8927866, -36.9256741 ], [ 174.8929818, -36.9257972 ], [ 174.8929831, -36.9258498 ], [ 174.8929043, -36.9258405 ], [ 174.8927705, -36.9257783 ], [ 174.8926663, -36.9257807 ], [ 174.8925864, -36.9257384 ], [ 174.8922278, -36.9256832 ], [ 174.8920926, -36.925676 ], [ 174.8920275, -36.9258318 ], [ 174.8917888, -36.9257813 ], [ 174.8917244, -36.9253313 ], [ 174.8915716, -36.9252527 ], [ 174.8914221, -36.9252729 ], [ 174.8912363, -36.9256642 ], [ 174.8908741, -36.9255761 ], [ 174.8907549, -36.9253979 ], [ 174.8907309, -36.925251 ], [ 174.8907589, -36.9249422 ], [ 174.8906824, -36.9248528 ], [ 174.8905723, -36.9248075 ], [ 174.8902924, -36.9248905 ], [ 174.8900507, -36.9250343 ], [ 174.8897785, -36.9253095 ], [ 174.8895845, -36.9252774 ], [ 174.8894291, -36.9254021 ], [ 174.8893559, -36.9255109 ], [ 174.8895372, -36.9255551 ], [ 174.8893639, -36.9257369 ], [ 174.8893237, -36.9257445 ], [ 174.8892966, -36.9258075 ], [ 174.8892331, -36.9258741 ], [ 174.8891849, -36.9259021 ], [ 174.889074, -36.926113 ], [ 174.889035, -36.9261296 ], [ 174.8890071, -36.9261684 ], [ 174.8889804, -36.9263496 ], [ 174.8890647, -36.9264665 ], [ 174.8892781, -36.9266073 ], [ 174.8894425, -36.9268938 ], [ 174.891277, -36.9272845 ], [ 174.8912722, -36.9273394 ], [ 174.8903067, -36.9271338 ], [ 174.8897058, -36.9274104 ], [ 174.8897308, -36.9275986 ], [ 174.8901119, -36.9277585 ], [ 174.8903397, -36.9278874 ], [ 174.8907067, -36.9281526 ], [ 174.8908567, -36.928111 ], [ 174.8910058, -36.9281528 ], [ 174.8911246, -36.9282484 ], [ 174.8912767, -36.928438 ], [ 174.8917383, -36.9280897 ], [ 174.8917583, -36.9281027 ], [ 174.8919287, -36.9279654 ], [ 174.8924298, -36.9282909 ], [ 174.8929292, -36.9278058 ], [ 174.8929769, -36.9276294 ], [ 174.894103, -36.9278255 ], [ 174.8940986, -36.9278419 ], [ 174.8954056, -36.9280694 ], [ 174.8954304, -36.928057 ], [ 174.8958929, -36.928301 ], [ 174.8958349, -36.9285227 ], [ 174.8973113, -36.9287714 ], [ 174.8977012, -36.9287925 ] ] ], [ [ [ 174.9057789, -36.9235393 ], [ 174.9061079, -36.9236006 ], [ 174.9062024, -36.923274 ], [ 174.9061618, -36.923222 ], [ 174.9059069, -36.9231691 ], [ 174.9054061, -36.9230098 ], [ 174.9049968, -36.9229028 ], [ 174.904917, -36.9229327 ], [ 174.9047157, -36.9228442 ], [ 174.9037004, -36.9226607 ], [ 174.9036425, -36.9226594 ], [ 174.9035584, -36.9226778 ], [ 174.9034455, -36.9226855 ], [ 174.9033392, -36.9226482 ], [ 174.9029039, -36.9229143 ], [ 174.9033033, -36.9232269 ], [ 174.9040208, -36.9232559 ], [ 174.9044443, -36.9235154 ], [ 174.9046917, -36.9238393 ], [ 174.9049963, -36.924065 ], [ 174.9051337, -36.9244052 ], [ 174.9055089, -36.9244732 ], [ 174.9057789, -36.9235393 ] ] ], [ [ [ 174.8741993, -36.9199323 ], [ 174.8742328, -36.9198756 ], [ 174.874281, -36.9197216 ], [ 174.8744455, -36.9195595 ], [ 174.8744445, -36.9194827 ], [ 174.874416, -36.9194057 ], [ 174.8744246, -36.9193529 ], [ 174.8744434, -36.9194335 ], [ 174.8744879, -36.9195353 ], [ 174.8744559, -36.9196074 ], [ 174.8743702, -36.9196661 ], [ 174.8743017, -36.919734 ], [ 174.8743035, -36.9197889 ], [ 174.8743641, -36.9197506 ], [ 174.8743895, -36.9197614 ], [ 174.8743336, -36.9198742 ], [ 174.8743252, -36.9199517 ], [ 174.8743385, -36.9199922 ], [ 174.8744664, -36.9201397 ], [ 174.8745255, -36.9201731 ], [ 174.8745913, -36.9201806 ], [ 174.8746538, -36.9201648 ], [ 174.874747, -36.9201225 ], [ 174.8748917, -36.9199956 ], [ 174.874921, -36.9199876 ], [ 174.8749702, -36.9199946 ], [ 174.8750056, -36.9200125 ], [ 174.875177, -36.9200052 ], [ 174.8752586, -36.920015 ], [ 174.8753659, -36.9199927 ], [ 174.875509, -36.9199978 ], [ 174.8756105, -36.9200237 ], [ 174.875473, -36.9200399 ], [ 174.8752913, -36.9200352 ], [ 174.8753063, -36.9200444 ], [ 174.8750914, -36.920135 ], [ 174.8750399, -36.9202152 ], [ 174.8750329, -36.9202638 ], [ 174.8750597, -36.9203413 ], [ 174.8751246, -36.9204476 ], [ 174.8751705, -36.920644 ], [ 174.8752084, -36.9206911 ], [ 174.8752595, -36.9208287 ], [ 174.87525, -36.9208907 ], [ 174.8752252, -36.9209129 ], [ 174.8752292, -36.9209899 ], [ 174.8751882, -36.9210151 ], [ 174.8750395, -36.921014 ], [ 174.8748803, -36.9209721 ], [ 174.8746237, -36.9209317 ], [ 174.8744844, -36.9209831 ], [ 174.8741065, -36.9211923 ], [ 174.874102, -36.9212206 ], [ 174.8740425, -36.9212835 ], [ 174.874033, -36.92132 ], [ 174.8740203, -36.9214844 ], [ 174.8740343, -36.9215731 ], [ 174.874029, -36.9216599 ], [ 174.8740047, -36.9217234 ], [ 174.8738756, -36.9218171 ], [ 174.873829, -36.9218359 ], [ 174.8737668, -36.9218857 ], [ 174.8737216, -36.9219437 ], [ 174.8736685, -36.9220919 ], [ 174.87366, -36.9221897 ], [ 174.8736476, -36.9221508 ], [ 174.8733403, -36.9219122 ], [ 174.873303, -36.9218724 ], [ 174.8731441, -36.921692 ], [ 174.8731156, -36.9215873 ], [ 174.8730107, -36.9214669 ], [ 174.8729127, -36.9214312 ], [ 174.8728484, -36.9214506 ], [ 174.8728196, -36.9214721 ], [ 174.8726698, -36.9215158 ], [ 174.8726044, -36.9216228 ], [ 174.8725401, -36.9216632 ], [ 174.8724853, -36.9217447 ], [ 174.8723857, -36.9218344 ], [ 174.8723147, -36.9219297 ], [ 174.8722497, -36.921972 ], [ 174.8721997, -36.9220258 ], [ 174.8721185, -36.9221567 ], [ 174.8720574, -36.9222007 ], [ 174.8720043, -36.9222961 ], [ 174.8718368, -36.9224872 ], [ 174.8717975, -36.9225582 ], [ 174.8717897, -36.9226113 ], [ 174.8718454, -36.9227005 ], [ 174.8718469, -36.9227221 ], [ 174.8717972, -36.9227754 ], [ 174.8717051, -36.9228082 ], [ 174.8716631, -36.9228753 ], [ 174.8715078, -36.923264 ], [ 174.8714837, -36.923357 ], [ 174.871471, -36.9234855 ], [ 174.8714225, -36.9234566 ], [ 174.8713474, -36.9234533 ], [ 174.8711681, -36.9236497 ], [ 174.8710419, -36.9237584 ], [ 174.8708409, -36.923887 ], [ 174.8707142, -36.923934 ], [ 174.8706912, -36.9239603 ], [ 174.8706908, -36.9239874 ], [ 174.8707633, -36.9241606 ], [ 174.8708752, -36.9243522 ], [ 174.8709142, -36.9244796 ], [ 174.8711187, -36.9247817 ], [ 174.8712696, -36.9249293 ], [ 174.8713095, -36.9249993 ], [ 174.8713041, -36.9250257 ], [ 174.8713393, -36.9250568 ], [ 174.8713911, -36.9250351 ], [ 174.8714728, -36.925035 ], [ 174.8715943, -36.9250595 ], [ 174.8716745, -36.9250911 ], [ 174.8717855, -36.9251016 ], [ 174.8718634, -36.9251329 ], [ 174.8719793, -36.9252045 ], [ 174.8720708, -36.9252785 ], [ 174.8721225, -36.9253033 ], [ 174.8723253, -36.9253662 ], [ 174.8723689, -36.925391 ], [ 174.872414, -36.9253966 ], [ 174.8724373, -36.9253638 ], [ 174.8724429, -36.9252938 ], [ 174.8723988, -36.9250858 ], [ 174.8724014, -36.9250199 ], [ 174.8724368, -36.9249154 ], [ 174.8724451, -36.924847 ], [ 174.8724701, -36.9248041 ], [ 174.872473, -36.9247511 ], [ 174.8725577, -36.9246534 ], [ 174.8725709, -36.9245683 ], [ 174.8726227, -36.9245512 ], [ 174.8726809, -36.9245561 ], [ 174.8727008, -36.9245475 ], [ 174.8727449, -36.9245132 ], [ 174.8727813, -36.9244263 ], [ 174.8728183, -36.924407 ], [ 174.8728392, -36.9244128 ], [ 174.872911, -36.9245466 ], [ 174.8729409, -36.9245438 ], [ 174.8729688, -36.9245255 ], [ 174.8729875, -36.9245292 ], [ 174.8729999, -36.9245682 ], [ 174.8729613, -36.924615 ], [ 174.8729619, -36.9246367 ], [ 174.872988, -36.9246755 ], [ 174.8731799, -36.9247279 ], [ 174.8732362, -36.9247737 ], [ 174.8732935, -36.9247979 ], [ 174.8735299, -36.9248683 ], [ 174.8736513, -36.9249358 ], [ 174.8737291, -36.924934 ], [ 174.8737719, -36.9249623 ], [ 174.8737989, -36.9250337 ], [ 174.8737942, -36.9251475 ], [ 174.8738309, -36.925233 ], [ 174.8738917, -36.9252991 ], [ 174.8739408, -36.9254125 ], [ 174.8740451, -36.9255367 ], [ 174.8740698, -36.9255391 ], [ 174.8740723, -36.9255601 ], [ 174.8741704, -36.9256874 ], [ 174.8742512, -36.9257306 ], [ 174.8742751, -36.9257619 ], [ 174.8743965, -36.9257925 ], [ 174.8744449, -36.9258174 ], [ 174.8744743, -36.9258484 ], [ 174.8746335, -36.9259421 ], [ 174.874884, -36.926032 ], [ 174.8749208, -36.9260294 ], [ 174.8749816, -36.9260534 ], [ 174.8750623, -36.9260608 ], [ 174.8751503, -36.9260897 ], [ 174.8752304, -36.9260943 ], [ 174.8752967, -36.9261107 ], [ 174.8755727, -36.9260199 ], [ 174.8758394, -36.9258511 ], [ 174.8758926, -36.9258376 ], [ 174.8760779, -36.9257475 ], [ 174.8761285, -36.925746 ], [ 174.8762793, -36.9256859 ], [ 174.8765519, -36.9256512 ], [ 174.8767843, -36.9256422 ], [ 174.8769666, -36.9256692 ], [ 174.8770507, -36.9256676 ], [ 174.877117, -36.9256894 ], [ 174.8772023, -36.9257558 ], [ 174.8773458, -36.9258343 ], [ 174.8773821, -36.9258705 ], [ 174.8775943, -36.9259972 ], [ 174.8777473, -36.9261741 ], [ 174.877864, -36.9262223 ], [ 174.8779566, -36.9262815 ], [ 174.8783091, -36.9266826 ], [ 174.8784279, -36.9267108 ], [ 174.8785015, -36.9266842 ], [ 174.8786438, -36.9265886 ], [ 174.8787298, -36.9265558 ], [ 174.8788096, -36.9265036 ], [ 174.8788627, -36.9264896 ], [ 174.8790945, -36.9263427 ], [ 174.8791425, -36.9263305 ], [ 174.8793643, -36.9262063 ], [ 174.8796766, -36.9261126 ], [ 174.8797112, -36.9260847 ], [ 174.8797699, -36.9259886 ], [ 174.8798189, -36.925953 ], [ 174.8798341, -36.9259002 ], [ 174.8798136, -36.9258254 ], [ 174.8798294, -36.9256669 ], [ 174.8798196, -36.9255041 ], [ 174.8798301, -36.9254831 ], [ 174.8798281, -36.9253427 ], [ 174.8798133, -36.9252798 ], [ 174.879782, -36.9252039 ], [ 174.8797393, -36.9251649 ], [ 174.8797015, -36.9251366 ], [ 174.8796012, -36.9250921 ], [ 174.8795758, -36.9249675 ], [ 174.8795902, -36.9249389 ], [ 174.8797029, -36.924854 ], [ 174.8798186, -36.9247073 ], [ 174.8799969, -36.9245435 ], [ 174.8800935, -36.9244087 ], [ 174.8801463, -36.9243563 ], [ 174.8802419, -36.9243093 ], [ 174.8803293, -36.9242243 ], [ 174.8803317, -36.9241961 ], [ 174.8803559, -36.9241795 ], [ 174.8803963, -36.9241145 ], [ 174.8803832, -36.9240863 ], [ 174.8803969, -36.9240691 ], [ 174.8803856, -36.9239968 ], [ 174.8803372, -36.9239681 ], [ 174.8802608, -36.9239563 ], [ 174.8801227, -36.9239752 ], [ 174.8797264, -36.9240639 ], [ 174.879726, -36.9240292 ], [ 174.8796952, -36.9239723 ], [ 174.879699, -36.9238296 ], [ 174.8793947, -36.9238409 ], [ 174.8793446, -36.924022 ], [ 174.8792883, -36.9240232 ], [ 174.8791868, -36.9241235 ], [ 174.8791613, -36.9241 ], [ 174.879094, -36.9240745 ], [ 174.8790234, -36.9240752 ], [ 174.8787056, -36.924192 ], [ 174.8786364, -36.9242835 ], [ 174.8786129, -36.9243048 ], [ 174.8785661, -36.9243219 ], [ 174.878434, -36.9243163 ], [ 174.8783661, -36.9242927 ], [ 174.8783343, -36.9243032 ], [ 174.8782157, -36.9243099 ], [ 174.8781723, -36.9243238 ], [ 174.8780992, -36.9243783 ], [ 174.8781903, -36.9242503 ], [ 174.8784628, -36.924145 ], [ 174.8786053, -36.9239897 ], [ 174.8785996, -36.9238042 ], [ 174.8785066, -36.9237137 ], [ 174.8783459, -36.9236662 ], [ 174.8783541, -36.923564 ], [ 174.8781259, -36.9233525 ], [ 174.8779883, -36.9232927 ], [ 174.8778943, -36.9232981 ], [ 174.8775625, -36.9236018 ], [ 174.8774804, -36.9235698 ], [ 174.8776294, -36.9233516 ], [ 174.8776126, -36.9232461 ], [ 174.8774281, -36.9231383 ], [ 174.8772693, -36.9231128 ], [ 174.8770061, -36.9229636 ], [ 174.8765962, -36.9228811 ], [ 174.8766712, -36.9228061 ], [ 174.8766697, -36.9227918 ], [ 174.8767618, -36.9227108 ], [ 174.8767755, -36.9226644 ], [ 174.8767509, -36.9225974 ], [ 174.8767074, -36.9225532 ], [ 174.8765869, -36.9224999 ], [ 174.876452, -36.9224823 ], [ 174.8763397, -36.9224452 ], [ 174.8762481, -36.9223773 ], [ 174.8761621, -36.922342 ], [ 174.8761431, -36.9223068 ], [ 174.8761417, -36.9222476 ], [ 174.8761615, -36.9222479 ], [ 174.876221, -36.9222964 ], [ 174.8764042, -36.9223086 ], [ 174.8765144, -36.9223565 ], [ 174.8765571, -36.922343 ], [ 174.8766197, -36.9222722 ], [ 174.8766435, -36.9222788 ], [ 174.8767069, -36.9223813 ], [ 174.8767504, -36.9224073 ], [ 174.8770422, -36.9224356 ], [ 174.8770883, -36.922657 ], [ 174.8771425, -36.9227148 ], [ 174.8771961, -36.9227377 ], [ 174.8772264, -36.9227304 ], [ 174.8772625, -36.92265 ], [ 174.8772812, -36.9226411 ], [ 174.8773081, -36.9226477 ], [ 174.8774275, -36.9227267 ], [ 174.8775596, -36.9228464 ], [ 174.87772, -36.9229204 ], [ 174.8778132, -36.9229407 ], [ 174.8778571, -36.9229287 ], [ 174.8778986, -36.922896 ], [ 174.8779361, -36.9226065 ], [ 174.8779309, -36.9225527 ], [ 174.8779462, -36.9225465 ], [ 174.8779599, -36.9225633 ], [ 174.8779928, -36.9226337 ], [ 174.8780571, -36.9226625 ], [ 174.8780931, -36.9226604 ], [ 174.8781194, -36.9226444 ], [ 174.8781369, -36.9226168 ], [ 174.8781414, -36.9225685 ], [ 174.8781525, -36.9225661 ], [ 174.8781859, -36.9226128 ], [ 174.8782135, -36.9227105 ], [ 174.8781528, -36.9228675 ], [ 174.8781664, -36.922914 ], [ 174.878192, -36.9229438 ], [ 174.8782484, -36.9229927 ], [ 174.8782804, -36.9230047 ], [ 174.8783673, -36.9229646 ], [ 174.8784194, -36.9229059 ], [ 174.8784734, -36.9228748 ], [ 174.8784917, -36.9229885 ], [ 174.8785311, -36.9230377 ], [ 174.8785654, -36.9230556 ], [ 174.8786784, -36.9230442 ], [ 174.8787498, -36.9230158 ], [ 174.8787503, -36.9230281 ], [ 174.8786488, -36.9231263 ], [ 174.8786522, -36.9231662 ], [ 174.8786826, -36.9232092 ], [ 174.8786973, -36.9232258 ], [ 174.8787486, -36.9232424 ], [ 174.8788429, -36.9232447 ], [ 174.878873, -36.9232756 ], [ 174.8788989, -36.923367 ], [ 174.8789252, -36.9234073 ], [ 174.8790935, -36.9235361 ], [ 174.8791489, -36.9235296 ], [ 174.8792057, -36.9235578 ], [ 174.8792956, -36.9235625 ], [ 174.8793591, -36.9235891 ], [ 174.8793642, -36.9236161 ], [ 174.8793326, -36.9236887 ], [ 174.8793818, -36.92376 ], [ 174.8793802, -36.9237814 ], [ 174.8797002, -36.9237663 ], [ 174.8796793, -36.9236221 ], [ 174.8796818, -36.9235749 ], [ 174.8797065, -36.9235362 ], [ 174.8797212, -36.9235197 ], [ 174.8799127, -36.9234313 ], [ 174.8799593, -36.9233904 ], [ 174.8799674, -36.9233564 ], [ 174.8798112, -36.9230517 ], [ 174.8798026, -36.9230168 ], [ 174.879843, -36.9229938 ], [ 174.8799608, -36.9230034 ], [ 174.8800979, -36.9230579 ], [ 174.8801605, -36.9231353 ], [ 174.8803835, -36.9232357 ], [ 174.880442, -36.9233029 ], [ 174.8806257, -36.9234449 ], [ 174.8807145, -36.9234814 ], [ 174.8807243, -36.9235323 ], [ 174.8809156, -36.9236812 ], [ 174.8811625, -36.9238136 ], [ 174.8812214, -36.9238237 ], [ 174.8812538, -36.9238072 ], [ 174.8812734, -36.9237795 ], [ 174.8812771, -36.9237364 ], [ 174.8812569, -36.9236289 ], [ 174.8812948, -36.9236042 ], [ 174.881391, -36.9236388 ], [ 174.8814142, -36.9236363 ], [ 174.8814264, -36.9236261 ], [ 174.8814256, -36.9235935 ], [ 174.8814724, -36.9235903 ], [ 174.8814948, -36.9236112 ], [ 174.8815305, -36.9236044 ], [ 174.8815457, -36.9235853 ], [ 174.8815356, -36.9235592 ], [ 174.881551, -36.9235489 ], [ 174.8815796, -36.9235685 ], [ 174.8817082, -36.9236075 ], [ 174.8817926, -36.9235888 ], [ 174.8818419, -36.9235972 ], [ 174.8818709, -36.9236224 ], [ 174.8817608, -36.9236717 ], [ 174.8817287, -36.9237092 ], [ 174.8817363, -36.923794 ], [ 174.8817597, -36.9238319 ], [ 174.8818135, -36.9238664 ], [ 174.8819311, -36.9239769 ], [ 174.8820963, -36.9240764 ], [ 174.8821959, -36.9241057 ], [ 174.8822151, -36.9241297 ], [ 174.8822032, -36.9241468 ], [ 174.8821695, -36.9241471 ], [ 174.8822063, -36.9241859 ], [ 174.8821148, -36.9241932 ], [ 174.8819427, -36.9241551 ], [ 174.8818981, -36.9241641 ], [ 174.8817893, -36.9241585 ], [ 174.8817233, -36.9242143 ], [ 174.8817301, -36.9243642 ], [ 174.8817814, -36.9244395 ], [ 174.8818082, -36.9245325 ], [ 174.8818104, -36.9245694 ], [ 174.8817909, -36.9246012 ], [ 174.8816707, -36.9246321 ], [ 174.8813146, -36.9245787 ], [ 174.8812128, -36.9246085 ], [ 174.8811591, -36.924655 ], [ 174.8811566, -36.9246812 ], [ 174.8811774, -36.9248041 ], [ 174.8811627, -36.9248722 ], [ 174.8811812, -36.9249208 ], [ 174.8811714, -36.9249452 ], [ 174.8811845, -36.9250381 ], [ 174.8812338, -36.9251187 ], [ 174.8812557, -36.9251905 ], [ 174.8813885, -36.9252815 ], [ 174.8814742, -36.9253132 ], [ 174.881587, -36.9253824 ], [ 174.8816988, -36.925421 ], [ 174.8817558, -36.9254526 ], [ 174.8819698, -36.9254868 ], [ 174.8820805, -36.9255187 ], [ 174.882244, -36.9255367 ], [ 174.8824446, -36.9256213 ], [ 174.8828059, -36.9257047 ], [ 174.8828792, -36.9256836 ], [ 174.8830105, -36.9255994 ], [ 174.8830669, -36.9254625 ], [ 174.8830657, -36.9254124 ], [ 174.8830043, -36.9253044 ], [ 174.882996, -36.9252633 ], [ 174.8830235, -36.925181 ], [ 174.883169, -36.9251368 ], [ 174.8832459, -36.9251327 ], [ 174.8832865, -36.9251482 ], [ 174.8834205, -36.9251433 ], [ 174.8837266, -36.9250786 ], [ 174.8838223, -36.9251447 ], [ 174.8838977, -36.9252522 ], [ 174.884052, -36.9254046 ], [ 174.8842612, -36.9254924 ], [ 174.8844662, -36.9255231 ], [ 174.8844894, -36.9255488 ], [ 174.8845619, -36.9255852 ], [ 174.8846395, -36.9256557 ], [ 174.8848431, -36.9257506 ], [ 174.8849158, -36.9257282 ], [ 174.8850509, -36.9256449 ], [ 174.8850717, -36.9254634 ], [ 174.8850638, -36.9252836 ], [ 174.8851186, -36.9252524 ], [ 174.8851349, -36.9252641 ], [ 174.8851729, -36.9253452 ], [ 174.8851788, -36.9252155 ], [ 174.8851913, -36.9252027 ], [ 174.885216, -36.9252054 ], [ 174.8852465, -36.9252461 ], [ 174.8852644, -36.9253059 ], [ 174.8853202, -36.925374 ], [ 174.8853555, -36.9253957 ], [ 174.8854172, -36.9255273 ], [ 174.8854579, -36.9255523 ], [ 174.8856117, -36.925607 ], [ 174.8857993, -36.9256552 ], [ 174.8858387, -36.925682 ], [ 174.8859036, -36.9256709 ], [ 174.8859488, -36.9256841 ], [ 174.8861173, -36.9256886 ], [ 174.8861468, -36.925702 ], [ 174.8863378, -36.9257215 ], [ 174.8863762, -36.925752 ], [ 174.8864243, -36.9258348 ], [ 174.8865405, -36.9258698 ], [ 174.8867854, -36.925875 ], [ 174.886864, -36.9258262 ], [ 174.8868988, -36.925817 ], [ 174.8870793, -36.9256992 ], [ 174.8871698, -36.9256099 ], [ 174.887258, -36.9255507 ], [ 174.8875092, -36.9252771 ], [ 174.887549, -36.9252674 ], [ 174.8876367, -36.9251885 ], [ 174.8876707, -36.9251331 ], [ 174.8878604, -36.9249386 ], [ 174.8878976, -36.9248114 ], [ 174.8880237, -36.9245678 ], [ 174.8883565, -36.924077 ], [ 174.8883972, -36.9240381 ], [ 174.8886747, -36.9235913 ], [ 174.8887655, -36.9234924 ], [ 174.8889761, -36.9231879 ], [ 174.8891303, -36.9229064 ], [ 174.8891589, -36.9228676 ], [ 174.8891935, -36.9228519 ], [ 174.889239, -36.9227559 ], [ 174.8892573, -36.9226789 ], [ 174.889293, -36.9226487 ], [ 174.8893204, -36.9225419 ], [ 174.8894068, -36.922411 ], [ 174.8894301, -36.9223429 ], [ 174.8895067, -36.9222733 ], [ 174.8895148, -36.9222071 ], [ 174.8895364, -36.9221645 ], [ 174.8895362, -36.9221035 ], [ 174.8895779, -36.9220725 ], [ 174.889593, -36.922009 ], [ 174.8895932, -36.9219591 ], [ 174.8895757, -36.9219222 ], [ 174.8895769, -36.921897 ], [ 174.8895964, -36.9218797 ], [ 174.8896042, -36.9217981 ], [ 174.8895869, -36.9215725 ], [ 174.8896076, -36.9215242 ], [ 174.8896055, -36.9214586 ], [ 174.889639, -36.9213988 ], [ 174.8896541, -36.9213327 ], [ 174.8895139, -36.9211303 ], [ 174.8895065, -36.9210684 ], [ 174.8894733, -36.9210324 ], [ 174.8894712, -36.9210145 ], [ 174.8894865, -36.9210018 ], [ 174.8895103, -36.9210085 ], [ 174.8896466, -36.9210768 ], [ 174.8897058, -36.9210221 ], [ 174.8899064, -36.9210222 ], [ 174.8900992, -36.9210017 ], [ 174.8904204, -36.9208786 ], [ 174.8904469, -36.9208534 ], [ 174.8903627, -36.9205935 ], [ 174.8899463, -36.9205106 ], [ 174.8896355, -36.9200618 ], [ 174.8892157, -36.920146 ], [ 174.8891824, -36.920098 ], [ 174.8895476, -36.9199351 ], [ 174.8892663, -36.919554 ], [ 174.8893646, -36.9192037 ], [ 174.8893415, -36.918996 ], [ 174.8893226, -36.9190032 ], [ 174.8893189, -36.9188556 ], [ 174.8892831, -36.9188348 ], [ 174.8894363, -36.918753 ], [ 174.8891384, -36.918434 ], [ 174.8889591, -36.9180681 ], [ 174.8888886, -36.9180809 ], [ 174.8884834, -36.9180076 ], [ 174.8882293, -36.9179137 ], [ 174.8878219, -36.9178399 ], [ 174.8870474, -36.9177895 ], [ 174.8865819, -36.9177931 ], [ 174.8864161, -36.9178597 ], [ 174.8859174, -36.9178873 ], [ 174.8855718, -36.918128 ], [ 174.885554, -36.918111 ], [ 174.8853325, -36.9181502 ], [ 174.8852852, -36.9180948 ], [ 174.8844465, -36.9186816 ], [ 174.8831912, -36.9184545 ], [ 174.8832905, -36.9181009 ], [ 174.882845, -36.9180203 ], [ 174.8830107, -36.9179094 ], [ 174.8832077, -36.9172019 ], [ 174.8825333, -36.9170798 ], [ 174.8824517, -36.9171214 ], [ 174.8824092, -36.9172744 ], [ 174.8822266, -36.9170984 ], [ 174.8826723, -36.9154946 ], [ 174.8817336, -36.9153259 ], [ 174.8818073, -36.9150495 ], [ 174.880947, -36.9149017 ], [ 174.881051, -36.9145117 ], [ 174.8786057, -36.9140915 ], [ 174.8786314, -36.9139106 ], [ 174.8787132, -36.9138686 ], [ 174.8787434, -36.9137612 ], [ 174.8781231, -36.913649 ], [ 174.878401, -36.9126584 ], [ 174.8777953, -36.9125487 ], [ 174.8775874, -36.9124652 ], [ 174.8776146, -36.9123685 ], [ 174.8770852, -36.9122727 ], [ 174.8774228, -36.9110711 ], [ 174.8765273, -36.9111979 ], [ 174.8764206, -36.9107069 ], [ 174.8737508, -36.9110728 ], [ 174.8737678, -36.9107994 ], [ 174.8740955, -36.9096009 ], [ 174.8739437, -36.9095159 ], [ 174.8695749, -36.9087449 ], [ 174.8695626, -36.9088698 ], [ 174.8695934, -36.9090237 ], [ 174.8697007, -36.9091014 ], [ 174.8699444, -36.9091691 ], [ 174.8699663, -36.9092177 ], [ 174.869956, -36.9093713 ], [ 174.8699703, -36.9094237 ], [ 174.8700529, -36.909465 ], [ 174.8700563, -36.9095285 ], [ 174.8698904, -36.9097933 ], [ 174.8698748, -36.9099085 ], [ 174.8698986, -36.9099788 ], [ 174.8700943, -36.9101848 ], [ 174.8701457, -36.9102245 ], [ 174.870247, -36.9102622 ], [ 174.8703821, -36.9102885 ], [ 174.8705665, -36.9103418 ], [ 174.8705778, -36.9103574 ], [ 174.8705701, -36.9103788 ], [ 174.870402, -36.9104059 ], [ 174.8701417, -36.9103982 ], [ 174.8700548, -36.9104074 ], [ 174.8699855, -36.9104336 ], [ 174.8699917, -36.9105039 ], [ 174.8699702, -36.9105326 ], [ 174.8699088, -36.9105352 ], [ 174.8699111, -36.910591 ], [ 174.8698686, -36.9106653 ], [ 174.8698507, -36.9106745 ], [ 174.8698384, -36.9106581 ], [ 174.869786, -36.9107059 ], [ 174.8697376, -36.9106973 ], [ 174.8697007, -36.9106468 ], [ 174.8696868, -36.910584 ], [ 174.8696118, -36.910462 ], [ 174.8694472, -36.9102733 ], [ 174.8693645, -36.9101402 ], [ 174.8692955, -36.9100551 ], [ 174.8692674, -36.9100425 ], [ 174.8690422, -36.9100056 ], [ 174.8687378, -36.9100193 ], [ 174.868696, -36.9100441 ], [ 174.8686398, -36.9100576 ], [ 174.8685964, -36.9100885 ], [ 174.8684682, -36.9101252 ], [ 174.8683825, -36.910184 ], [ 174.8682871, -36.9102283 ], [ 174.868243, -36.9102219 ], [ 174.8683213, -36.9101101 ], [ 174.8684873, -36.9100099 ], [ 174.8685617, -36.9099144 ], [ 174.8687058, -36.9098061 ], [ 174.8687869, -36.9096722 ], [ 174.8688135, -36.9095569 ], [ 174.8687901, -36.9093511 ], [ 174.8686596, -36.9091962 ], [ 174.868674, -36.9091709 ], [ 174.8686769, -36.9089612 ], [ 174.8687219, -36.9088102 ], [ 174.8686905, -36.9087252 ], [ 174.8686454, -36.9086818 ], [ 174.8677657, -36.9083451 ], [ 174.8675666, -36.9082364 ], [ 174.8673683, -36.9081607 ], [ 174.8672463, -36.9080947 ], [ 174.8670984, -36.9080344 ], [ 174.8669382, -36.9079476 ], [ 174.8663144, -36.9075607 ], [ 174.8663537, -36.9075159 ], [ 174.8662868, -36.9074816 ], [ 174.8662204, -36.907465 ], [ 174.8661443, -36.9075045 ], [ 174.866052, -36.9074794 ], [ 174.8659548, -36.9074282 ], [ 174.8658606, -36.9073949 ], [ 174.8657106, -36.9073787 ], [ 174.8656287, -36.9073495 ], [ 174.8655638, -36.9073442 ], [ 174.8653318, -36.9072787 ], [ 174.8651646, -36.90719 ], [ 174.864993, -36.9070719 ], [ 174.8648453, -36.907033 ], [ 174.8647166, -36.9070173 ], [ 174.8644299, -36.907019 ], [ 174.8643172, -36.9070354 ], [ 174.8641745, -36.9070964 ], [ 174.8640898, -36.9071903 ], [ 174.8640234, -36.9072292 ], [ 174.8639787, -36.9072359 ], [ 174.8639523, -36.907262 ], [ 174.8639121, -36.9072686 ], [ 174.8638775, -36.9073103 ], [ 174.863835, -36.9073269 ], [ 174.8637901, -36.9073283 ], [ 174.8637222, -36.9073043 ], [ 174.8636874, -36.9072788 ], [ 174.8636274, -36.9072741 ], [ 174.8634708, -36.9072211 ], [ 174.8634019, -36.9072112 ], [ 174.863301, -36.907167 ], [ 174.8632278, -36.9071191 ], [ 174.8631983, -36.9071217 ], [ 174.8631127, -36.9071659 ], [ 174.8630785, -36.9071687 ], [ 174.8629691, -36.9072209 ], [ 174.8627461, -36.9072444 ], [ 174.8627211, -36.9072571 ], [ 174.862701, -36.9072943 ], [ 174.8625997, -36.9073579 ], [ 174.8625914, -36.9073861 ], [ 174.8626008, -36.9074311 ], [ 174.8625506, -36.907504 ], [ 174.8625119, -36.9076668 ], [ 174.8625244, -36.9077081 ], [ 174.862576, -36.9077555 ], [ 174.8626069, -36.90771 ], [ 174.862615, -36.9077259 ], [ 174.8626492, -36.9078269 ], [ 174.8626512, -36.9078734 ], [ 174.8626722, -36.9079014 ], [ 174.8626911, -36.9081321 ], [ 174.8627347, -36.9083328 ], [ 174.8627944, -36.9085233 ], [ 174.8628559, -36.9086402 ], [ 174.8629956, -36.908806 ], [ 174.8630518, -36.9088521 ], [ 174.863136, -36.9089633 ], [ 174.8633148, -36.909104 ], [ 174.8633953, -36.9091431 ], [ 174.8634947, -36.9091477 ], [ 174.8635769, -36.9091127 ], [ 174.8639248, -36.9088997 ], [ 174.8640452, -36.9088422 ], [ 174.864174, -36.9088187 ], [ 174.8642138, -36.908856 ], [ 174.8642514, -36.9088539 ], [ 174.864271, -36.9089066 ], [ 174.8642553, -36.9091632 ], [ 174.86422, -36.9092226 ], [ 174.8641692, -36.909244 ], [ 174.8641198, -36.9093076 ], [ 174.8641176, -36.9093273 ], [ 174.8641902, -36.9095001 ], [ 174.8641903, -36.9095556 ], [ 174.8641806, -36.9095915 ], [ 174.8641304, -36.9096373 ], [ 174.8640693, -36.9097255 ], [ 174.8640342, -36.9098375 ], [ 174.8640354, -36.9098972 ], [ 174.8640163, -36.9099668 ], [ 174.8640375, -36.9100149 ], [ 174.8641145, -36.9100858 ], [ 174.8643488, -36.9101342 ], [ 174.8646791, -36.9103177 ], [ 174.8648273, -36.9103727 ], [ 174.8648958, -36.9104152 ], [ 174.864884, -36.9104901 ], [ 174.8648476, -36.9105787 ], [ 174.8648152, -36.9106184 ], [ 174.8647434, -36.9106527 ], [ 174.8646199, -36.9106738 ], [ 174.86456, -36.9106737 ], [ 174.8644226, -36.9107429 ], [ 174.8643058, -36.9107865 ], [ 174.8642902, -36.9107612 ], [ 174.8642592, -36.9107489 ], [ 174.8640922, -36.9107154 ], [ 174.863973, -36.9107145 ], [ 174.8637965, -36.9107442 ], [ 174.8636311, -36.9107565 ], [ 174.8634853, -36.9107223 ], [ 174.8634024, -36.9107142 ], [ 174.8633661, -36.9107205 ], [ 174.8631121, -36.9108423 ], [ 174.8630899, -36.9108337 ], [ 174.8630253, -36.9106555 ], [ 174.8629527, -36.9105783 ], [ 174.8629524, -36.9104365 ], [ 174.8629893, -36.9103075 ], [ 174.8630395, -36.9102097 ], [ 174.8630678, -36.9101016 ], [ 174.8630127, -36.9099013 ], [ 174.8629593, -36.909827 ], [ 174.8629374, -36.909808 ], [ 174.8629093, -36.9098057 ], [ 174.8628612, -36.9097624 ], [ 174.8628168, -36.9097454 ], [ 174.8627176, -36.9097411 ], [ 174.8626624, -36.9097585 ], [ 174.8625282, -36.9098292 ], [ 174.8624215, -36.9100256 ], [ 174.8623987, -36.9102114 ], [ 174.8624119, -36.9103023 ], [ 174.8624966, -36.9104684 ], [ 174.8625197, -36.910559 ], [ 174.8625037, -36.9106861 ], [ 174.8624659, -36.9107612 ], [ 174.8624407, -36.9107766 ], [ 174.8623402, -36.9107481 ], [ 174.8620712, -36.9107519 ], [ 174.8620313, -36.9106614 ], [ 174.8619122, -36.9105608 ], [ 174.8617787, -36.9105011 ], [ 174.8617755, -36.9104843 ], [ 174.861693, -36.9104533 ], [ 174.8617007, -36.9104241 ], [ 174.8617778, -36.9103365 ], [ 174.861799, -36.9102895 ], [ 174.861768, -36.9101103 ], [ 174.861806, -36.9100234 ], [ 174.861817, -36.9098873 ], [ 174.8618066, -36.9098059 ], [ 174.8618531, -36.9096368 ], [ 174.8618215, -36.9094893 ], [ 174.861807, -36.909333 ], [ 174.8617792, -36.9092863 ], [ 174.8617642, -36.9092108 ], [ 174.8617807, -36.9091533 ], [ 174.8617842, -36.9090064 ], [ 174.861842, -36.9087192 ], [ 174.8617462, -36.9085114 ], [ 174.8616255, -36.9083138 ], [ 174.8616189, -36.9082806 ], [ 174.8616422, -36.9082514 ], [ 174.8616915, -36.9081217 ], [ 174.8617194, -36.9079298 ], [ 174.8617119, -36.9078109 ], [ 174.8616614, -36.9076483 ], [ 174.8616501, -36.9072966 ], [ 174.8615423, -36.9071497 ], [ 174.8614524, -36.9070824 ], [ 174.8613276, -36.9070322 ], [ 174.8612685, -36.9070194 ], [ 174.8611454, -36.907035 ], [ 174.8610776, -36.9070151 ], [ 174.8609718, -36.9068846 ], [ 174.8607857, -36.9069548 ], [ 174.8607972, -36.9070267 ], [ 174.8607659, -36.9070643 ], [ 174.8607435, -36.9071245 ], [ 174.8606824, -36.9071549 ], [ 174.8605969, -36.9071556 ], [ 174.860579, -36.9071735 ], [ 174.8605888, -36.9072896 ], [ 174.8604733, -36.9073192 ], [ 174.860415, -36.9073464 ], [ 174.8603127, -36.9074277 ], [ 174.8602312, -36.9075879 ], [ 174.8602274, -36.907628 ], [ 174.8600507, -36.9077983 ], [ 174.8598045, -36.9081219 ], [ 174.8596151, -36.9084055 ], [ 174.8595948, -36.9083917 ], [ 174.859424, -36.9085625 ], [ 174.8593811, -36.9085974 ], [ 174.8593122, -36.9086309 ], [ 174.8592981, -36.9086174 ], [ 174.8592837, -36.9086212 ], [ 174.8592484, -36.90857 ], [ 174.8591124, -36.9086558 ], [ 174.8590788, -36.9086498 ], [ 174.8589977, -36.908561 ], [ 174.8589645, -36.9085774 ], [ 174.858949, -36.9085591 ], [ 174.8588802, -36.9085907 ], [ 174.8589192, -36.9086443 ], [ 174.8589001, -36.9086656 ], [ 174.8589141, -36.9086858 ], [ 174.8587422, -36.9088755 ], [ 174.858537, -36.9090568 ], [ 174.8584585, -36.9091762 ], [ 174.8583476, -36.9092804 ], [ 174.8582909, -36.9093832 ], [ 174.8583241, -36.9095142 ], [ 174.8583593, -36.9095534 ], [ 174.8584713, -36.909583 ], [ 174.8585507, -36.9096723 ], [ 174.8585848, -36.9097689 ], [ 174.8585808, -36.9098013 ], [ 174.8586025, -36.9098811 ], [ 174.8585824, -36.9099556 ], [ 174.8585876, -36.9100182 ], [ 174.8586279, -36.9100987 ], [ 174.8586904, -36.9101512 ], [ 174.8586974, -36.9101789 ], [ 174.8588225, -36.9103069 ], [ 174.8589159, -36.910485 ], [ 174.8590164, -36.9106006 ], [ 174.859196, -36.9107949 ], [ 174.8593082, -36.9108844 ], [ 174.8594137, -36.9109976 ], [ 174.8595184, -36.9110814 ], [ 174.8600344, -36.9117833 ], [ 174.8601223, -36.9119292 ], [ 174.8602234, -36.9121633 ], [ 174.8602446, -36.9124841 ], [ 174.8602654, -36.9125965 ], [ 174.8602605, -36.9127023 ], [ 174.8603436, -36.9129935 ], [ 174.8603421, -36.9130955 ], [ 174.8603742, -36.9132361 ], [ 174.8603816, -36.9134262 ], [ 174.8603564, -36.9134961 ], [ 174.8603159, -36.9135419 ], [ 174.8602837, -36.9136955 ], [ 174.8602189, -36.9138317 ], [ 174.8601877, -36.9139494 ], [ 174.860169, -36.9139679 ], [ 174.860131, -36.9139683 ], [ 174.8600949, -36.914059 ], [ 174.8599898, -36.9142007 ], [ 174.8599405, -36.9142327 ], [ 174.859808, -36.9143568 ], [ 174.8595287, -36.9145366 ], [ 174.8592861, -36.9145873 ], [ 174.8591975, -36.9146232 ], [ 174.8591077, -36.91464 ], [ 174.8590627, -36.9146349 ], [ 174.8590071, -36.9146565 ], [ 174.8589159, -36.9146665 ], [ 174.8588341, -36.9147187 ], [ 174.8587805, -36.914834 ], [ 174.8587569, -36.9152203 ], [ 174.8586828, -36.9154954 ], [ 174.8586742, -36.9155928 ], [ 174.8586446, -36.9156861 ], [ 174.8586152, -36.9157295 ], [ 174.8585961, -36.9158296 ], [ 174.8585503, -36.9159219 ], [ 174.8585358, -36.9160032 ], [ 174.8584474, -36.9161308 ], [ 174.858452, -36.9161642 ], [ 174.8584729, -36.9161928 ], [ 174.8585433, -36.9162351 ], [ 174.8589006, -36.9162793 ], [ 174.8589347, -36.9162968 ], [ 174.8590921, -36.9163091 ], [ 174.8591582, -36.9163284 ], [ 174.8592883, -36.9164151 ], [ 174.8593162, -36.9164814 ], [ 174.8593809, -36.9165378 ], [ 174.8594271, -36.9166292 ], [ 174.8595076, -36.9167451 ], [ 174.8595547, -36.9168976 ], [ 174.8595385, -36.916952 ], [ 174.8595433, -36.917024 ], [ 174.8594323, -36.9173542 ], [ 174.8594307, -36.9174397 ], [ 174.8594586, -36.9175276 ], [ 174.8594887, -36.9175625 ], [ 174.8597221, -36.9176531 ], [ 174.8598289, -36.9176691 ], [ 174.859994, -36.9176724 ], [ 174.8601805, -36.9176459 ], [ 174.860264, -36.9176122 ], [ 174.8603429, -36.9175344 ], [ 174.8603947, -36.9174496 ], [ 174.8604387, -36.9172968 ], [ 174.8605139, -36.917153 ], [ 174.8605551, -36.9170949 ], [ 174.860679, -36.9169785 ], [ 174.8607448, -36.9168653 ], [ 174.8608955, -36.9167245 ], [ 174.8609554, -36.9166234 ], [ 174.8609669, -36.916524 ], [ 174.8609413, -36.9164703 ], [ 174.8609058, -36.9164321 ], [ 174.8609033, -36.9164002 ], [ 174.8609342, -36.9163799 ], [ 174.8611801, -36.9163129 ], [ 174.8612618, -36.9162309 ], [ 174.8613028, -36.9161694 ], [ 174.8613436, -36.9160854 ], [ 174.8613452, -36.9160404 ], [ 174.8613098, -36.9159508 ], [ 174.8612793, -36.9159242 ], [ 174.8612774, -36.9158348 ], [ 174.8612988, -36.9158109 ], [ 174.8615089, -36.9157015 ], [ 174.8616109, -36.9156705 ], [ 174.8617866, -36.9156559 ], [ 174.8619692, -36.9156207 ], [ 174.8621265, -36.9156035 ], [ 174.8622991, -36.9156096 ], [ 174.8625258, -36.9155766 ], [ 174.8627397, -36.9155836 ], [ 174.8629233, -36.9156266 ], [ 174.8631491, -36.9156538 ], [ 174.8632511, -36.9156329 ], [ 174.8635335, -36.9154506 ], [ 174.8637078, -36.9153681 ], [ 174.8639108, -36.9152337 ], [ 174.8639704, -36.9151625 ], [ 174.8640163, -36.9150294 ], [ 174.8641164, -36.9148475 ], [ 174.8641416, -36.9147043 ], [ 174.8641798, -36.9146081 ], [ 174.8643109, -36.9138814 ], [ 174.8651016, -36.9141551 ], [ 174.866397, -36.9147567 ], [ 174.8664341, -36.9147884 ], [ 174.8665963, -36.9148577 ], [ 174.8666269, -36.9149155 ], [ 174.867852, -36.9154716 ], [ 174.8679562, -36.9154409 ], [ 174.8682298, -36.9154585 ], [ 174.8684725, -36.9155331 ], [ 174.8687055, -36.9155703 ], [ 174.8687926, -36.9155728 ], [ 174.8689984, -36.9154842 ], [ 174.8692028, -36.9154489 ], [ 174.8694114, -36.9154596 ], [ 174.8695159, -36.915483 ], [ 174.869636, -36.9155271 ], [ 174.8700292, -36.9150144 ], [ 174.870373, -36.9152798 ], [ 174.8703763, -36.915415 ], [ 174.8707378, -36.915663 ], [ 174.8704351, -36.9158163 ], [ 174.869401, -36.9160498 ], [ 174.8694205, -36.9161075 ], [ 174.8691297, -36.9161599 ], [ 174.869168, -36.9162901 ], [ 174.8689279, -36.9164466 ], [ 174.8683284, -36.9165472 ], [ 174.8680386, -36.9165021 ], [ 174.8680228, -36.9166929 ], [ 174.8679821, -36.9166873 ], [ 174.8679981, -36.9164959 ], [ 174.8677587, -36.9164588 ], [ 174.8675436, -36.9162132 ], [ 174.8671329, -36.9162719 ], [ 174.8669156, -36.9164135 ], [ 174.866791, -36.9163992 ], [ 174.8667879, -36.9161563 ], [ 174.8666156, -36.916023 ], [ 174.8664566, -36.9159816 ], [ 174.8662666, -36.9161844 ], [ 174.866178, -36.9161984 ], [ 174.8663481, -36.9168885 ], [ 174.8667508, -36.9180704 ], [ 174.8669742, -36.9180225 ], [ 174.8671345, -36.9185162 ], [ 174.8671441, -36.9185143 ], [ 174.867237, -36.9187651 ], [ 174.8672869, -36.9188026 ], [ 174.8673411, -36.918817 ], [ 174.8675546, -36.9187845 ], [ 174.8676179, -36.9187927 ], [ 174.8676704, -36.918815 ], [ 174.8677301, -36.918875 ], [ 174.8677767, -36.9190049 ], [ 174.8676927, -36.9191009 ], [ 174.8677312, -36.9192139 ], [ 174.8681414, -36.9191139 ], [ 174.868219, -36.9193414 ], [ 174.868626, -36.9190914 ], [ 174.8686509, -36.9191176 ], [ 174.8682307, -36.9193757 ], [ 174.8684198, -36.9199138 ], [ 174.8684477, -36.9199084 ], [ 174.8685077, -36.9199217 ], [ 174.8686382, -36.9199158 ], [ 174.8688065, -36.919853 ], [ 174.8690072, -36.9198098 ], [ 174.8691729, -36.9197495 ], [ 174.8694696, -36.9197112 ], [ 174.8695494, -36.9196861 ], [ 174.869644, -36.9196152 ], [ 174.8697804, -36.9193642 ], [ 174.8698341, -36.9193243 ], [ 174.8698684, -36.9193132 ], [ 174.8700083, -36.9193074 ], [ 174.8701879, -36.9193385 ], [ 174.8703722, -36.9193287 ], [ 174.870644, -36.9193517 ], [ 174.8707169, -36.9193459 ], [ 174.870829, -36.919315 ], [ 174.870968, -36.9192984 ], [ 174.871063, -36.9193057 ], [ 174.8711605, -36.9192849 ], [ 174.8711977, -36.91929 ], [ 174.8713452, -36.9192674 ], [ 174.8715051, -36.9192599 ], [ 174.8715943, -36.9192392 ], [ 174.8717692, -36.9191462 ], [ 174.871795, -36.9191423 ], [ 174.8718759, -36.919152 ], [ 174.8719258, -36.9191764 ], [ 174.8720195, -36.9192423 ], [ 174.8720668, -36.91929 ], [ 174.872086, -36.9193476 ], [ 174.8720768, -36.9195014 ], [ 174.8721358, -36.9195932 ], [ 174.8722606, -36.9196399 ], [ 174.8725222, -36.9197721 ], [ 174.8725621, -36.9197663 ], [ 174.8727286, -36.9196549 ], [ 174.8727699, -36.9196137 ], [ 174.8727898, -36.919581 ], [ 174.8728072, -36.9194992 ], [ 174.8728361, -36.9194575 ], [ 174.8729737, -36.9193444 ], [ 174.8731608, -36.9191292 ], [ 174.8732556, -36.9188573 ], [ 174.8732748, -36.9185888 ], [ 174.8733174, -36.9184736 ], [ 174.873336, -36.9183534 ], [ 174.8733266, -36.9182953 ], [ 174.8732757, -36.9181887 ], [ 174.8731934, -36.9180888 ], [ 174.8730791, -36.9179861 ], [ 174.8730658, -36.9179483 ], [ 174.8732768, -36.9181192 ], [ 174.8733541, -36.9182334 ], [ 174.8733711, -36.9183108 ], [ 174.8733749, -36.9189576 ], [ 174.8733643, -36.9190337 ], [ 174.8732556, -36.9193976 ], [ 174.8732458, -36.9195233 ], [ 174.8732783, -36.9197975 ], [ 174.8733121, -36.9199243 ], [ 174.8733418, -36.9199753 ], [ 174.8735224, -36.9201789 ], [ 174.8736553, -36.9202465 ], [ 174.8738566, -36.9203206 ], [ 174.8739516, -36.9203353 ], [ 174.8740642, -36.9202877 ], [ 174.8741177, -36.9202267 ], [ 174.8741595, -36.9201178 ], [ 174.8741993, -36.9199323 ] ] ], [ [ [ 174.8329941, -36.9161629 ], [ 174.8331641, -36.9161794 ], [ 174.833414, -36.9161718 ], [ 174.8336335, -36.916141 ], [ 174.8338507, -36.916089 ], [ 174.8340561, -36.9160165 ], [ 174.8349164, -36.9156508 ], [ 174.8353262, -36.9155159 ], [ 174.8360522, -36.915444 ], [ 174.8361644, -36.9166699 ], [ 174.8360904, -36.9170008 ], [ 174.8371512, -36.9172401 ], [ 174.8375388, -36.9173631 ], [ 174.838814, -36.9178743 ], [ 174.839131, -36.9179228 ], [ 174.8401914, -36.9203637 ], [ 174.8401466, -36.9204589 ], [ 174.8403414, -36.9212798 ], [ 174.8403484, -36.9215943 ], [ 174.8381265, -36.9227747 ], [ 174.8383302, -36.9230219 ], [ 174.838962, -36.9227787 ], [ 174.8393711, -36.9225798 ], [ 174.8405932, -36.9219193 ], [ 174.8406858, -36.9221764 ], [ 174.8406747, -36.9221748 ], [ 174.8408334, -36.9227638 ], [ 174.841456, -36.9232036 ], [ 174.8436215, -36.9228306 ], [ 174.8436057, -36.9226478 ], [ 174.8439538, -36.9225878 ], [ 174.8435035, -36.9209039 ], [ 174.8434838, -36.9199545 ], [ 174.8441739, -36.9203146 ], [ 174.8454794, -36.921105 ], [ 174.8488433, -36.9205177 ], [ 174.8490403, -36.9206824 ], [ 174.8493492, -36.9206789 ], [ 174.8500366, -36.9201487 ], [ 174.850058, -36.9201666 ], [ 174.8507206, -36.9200498 ], [ 174.8505766, -36.9195082 ], [ 174.8489466, -36.9197956 ], [ 174.8486431, -36.9186856 ], [ 174.8488571, -36.9186477 ], [ 174.8487362, -36.9182048 ], [ 174.8486399, -36.9181777 ], [ 174.848492, -36.9180364 ], [ 174.8484472, -36.9179429 ], [ 174.8484123, -36.9179491 ], [ 174.848348, -36.9178681 ], [ 174.8482615, -36.9177903 ], [ 174.8482464, -36.9177431 ], [ 174.8484674, -36.9177099 ], [ 174.848186, -36.9166839 ], [ 174.8488238, -36.9165394 ], [ 174.8490332, -36.9164648 ], [ 174.8488592, -36.9158308 ], [ 174.8489399, -36.9156504 ], [ 174.848675, -36.9146843 ], [ 174.848027, -36.9148311 ], [ 174.8475353, -36.9149985 ], [ 174.8474888, -36.9147379 ], [ 174.8472497, -36.9140571 ], [ 174.8473501, -36.9140344 ], [ 174.8472646, -36.9137907 ], [ 174.8471559, -36.9137568 ], [ 174.8466688, -36.9138671 ], [ 174.8465552, -36.913865 ], [ 174.8461962, -36.9139462 ], [ 174.8461559, -36.9137987 ], [ 174.8459459, -36.9138773 ], [ 174.8459532, -36.9139037 ], [ 174.842691, -36.914462 ], [ 174.8420541, -36.9121252 ], [ 174.8418544, -36.9110658 ], [ 174.8417593, -36.9093091 ], [ 174.8417935, -36.9091163 ], [ 174.8457373, -36.9093102 ], [ 174.8457658, -36.9089366 ], [ 174.8447108, -36.9088848 ], [ 174.8448376, -36.907452 ], [ 174.8397285, -36.9071893 ], [ 174.8395417, -36.9070838 ], [ 174.8375957, -36.9063344 ], [ 174.8373214, -36.906785 ], [ 174.8368653, -36.9075943 ], [ 174.8366505, -36.9077731 ], [ 174.8357709, -36.9073427 ], [ 174.8354577, -36.9077499 ], [ 174.8352192, -36.9076328 ], [ 174.8347911, -36.9078483 ], [ 174.8347504, -36.9078347 ], [ 174.833478, -36.907651 ], [ 174.8333788, -36.9078253 ], [ 174.8327159, -36.9077293 ], [ 174.8324674, -36.9088369 ], [ 174.832226, -36.9089793 ], [ 174.831995, -36.9090382 ], [ 174.8316023, -36.9091847 ], [ 174.8317775, -36.9094879 ], [ 174.8316314, -36.9096885 ], [ 174.83156, -36.9097209 ], [ 174.8316153, -36.91026 ], [ 174.8316117, -36.9104249 ], [ 174.8318429, -36.9126771 ], [ 174.8307182, -36.9127514 ], [ 174.8304887, -36.9127811 ], [ 174.8306632, -36.9135757 ], [ 174.8304171, -36.9136278 ], [ 174.8301904, -36.9137208 ], [ 174.8296244, -36.9140575 ], [ 174.8296105, -36.9141344 ], [ 174.8310073, -36.915638 ], [ 174.8311663, -36.9156922 ], [ 174.8311261, -36.9158998 ], [ 174.8328098, -36.916132 ], [ 174.8329896, -36.9161197 ], [ 174.8329941, -36.9161629 ] ] ], [ [ [ 174.8565628, -36.8965282 ], [ 174.8566611, -36.8963067 ], [ 174.8571789, -36.8964493 ], [ 174.8572199, -36.8964306 ], [ 174.8574357, -36.8962258 ], [ 174.8570703, -36.8959774 ], [ 174.8565788, -36.8958943 ], [ 174.8566133, -36.8957702 ], [ 174.8557984, -36.8956235 ], [ 174.8558103, -36.8955231 ], [ 174.8564621, -36.895459 ], [ 174.8565347, -36.8954008 ], [ 174.8565389, -36.8951261 ], [ 174.8561499, -36.8951456 ], [ 174.8557993, -36.8951324 ], [ 174.8554501, -36.8950888 ], [ 174.8551349, -36.8949754 ], [ 174.855838, -36.89255 ], [ 174.8545143, -36.8922343 ], [ 174.8542271, -36.8920247 ], [ 174.8543323, -36.8917264 ], [ 174.8539707, -36.8915944 ], [ 174.8538663, -36.8918906 ], [ 174.8538809, -36.892011 ], [ 174.85367, -36.8923096 ], [ 174.8532238, -36.8932911 ], [ 174.8527154, -36.8933486 ], [ 174.8505214, -36.893795 ], [ 174.8494489, -36.8948497 ], [ 174.8493469, -36.8958804 ], [ 174.8491828, -36.8960143 ], [ 174.8477183, -36.8951331 ], [ 174.845184, -36.894552 ], [ 174.8448887, -36.8945236 ], [ 174.844965, -36.8943013 ], [ 174.8435194, -36.8939571 ], [ 174.8430569, -36.8949623 ], [ 174.8427926, -36.895077 ], [ 174.8420543, -36.8948568 ], [ 174.8414794, -36.895503 ], [ 174.8409367, -36.8958282 ], [ 174.8407463, -36.8959261 ], [ 174.8404687, -36.8956273 ], [ 174.8402957, -36.8957901 ], [ 174.840153, -36.8961818 ], [ 174.8407774, -36.8963285 ], [ 174.8407931, -36.8966147 ], [ 174.8397202, -36.8984149 ], [ 174.8402111, -36.8985964 ], [ 174.8403484, -36.8983569 ], [ 174.8412086, -36.8985658 ], [ 174.8412128, -36.8985533 ], [ 174.8417861, -36.8986959 ], [ 174.841926, -36.8987136 ], [ 174.8420664, -36.8987605 ], [ 174.841258, -36.900086 ], [ 174.8432868, -36.9008741 ], [ 174.8435266, -36.9010203 ], [ 174.8431426, -36.9016552 ], [ 174.8431694, -36.9016905 ], [ 174.8433713, -36.9017803 ], [ 174.8441477, -36.9020807 ], [ 174.8441869, -36.9020159 ], [ 174.8442823, -36.9020531 ], [ 174.8445104, -36.902527 ], [ 174.8451599, -36.9021866 ], [ 174.8452553, -36.9023923 ], [ 174.845248, -36.9024235 ], [ 174.84596, -36.9032338 ], [ 174.8465082, -36.9028298 ], [ 174.847244, -36.9025618 ], [ 174.8478777, -36.9021797 ], [ 174.8490354, -36.9018402 ], [ 174.8481543, -36.9008394 ], [ 174.8481885, -36.9008212 ], [ 174.8490754, -36.9018285 ], [ 174.8502331, -36.901489 ], [ 174.850731, -36.9016479 ], [ 174.851435, -36.9016024 ], [ 174.8516402, -36.9014869 ], [ 174.8518072, -36.9013637 ], [ 174.8523018, -36.9017111 ], [ 174.8525406, -36.9018592 ], [ 174.8528169, -36.9018318 ], [ 174.8528599, -36.9018388 ], [ 174.8529347, -36.9018785 ], [ 174.8530519, -36.9018802 ], [ 174.85313, -36.9018612 ], [ 174.8532544, -36.9018678 ], [ 174.8533678, -36.9018596 ], [ 174.8534619, -36.901871 ], [ 174.8539667, -36.9013992 ], [ 174.854094, -36.9016645 ], [ 174.8542227, -36.9021296 ], [ 174.8543514, -36.9027941 ], [ 174.854693, -36.9027843 ], [ 174.8558671, -36.9022444 ], [ 174.8555643, -36.9017821 ], [ 174.8568027, -36.9012597 ], [ 174.8572368, -36.9009625 ], [ 174.8572924, -36.9009832 ], [ 174.8575255, -36.9010272 ], [ 174.85773, -36.9005334 ], [ 174.8577287, -36.9005072 ], [ 174.8577064, -36.90048 ], [ 174.8568256, -36.8998993 ], [ 174.8574618, -36.8992684 ], [ 174.8574542, -36.8991655 ], [ 174.8576538, -36.8989328 ], [ 174.857522, -36.8988598 ], [ 174.8571594, -36.8989417 ], [ 174.8571342, -36.8989037 ], [ 174.8571416, -36.8989115 ], [ 174.8574779, -36.8988355 ], [ 174.8574919, -36.8986546 ], [ 174.857262, -36.8985258 ], [ 174.8570719, -36.8985018 ], [ 174.8564132, -36.8986274 ], [ 174.856378, -36.8985083 ], [ 174.8558853, -36.8985655 ], [ 174.8557145, -36.8986294 ], [ 174.8555924, -36.8982165 ], [ 174.8555742, -36.8981032 ], [ 174.8555842, -36.8979965 ], [ 174.855614, -36.8979065 ], [ 174.8556733, -36.8978073 ], [ 174.8557576, -36.8977185 ], [ 174.8559753, -36.8975577 ], [ 174.8559915, -36.8975146 ], [ 174.8561662, -36.8974194 ], [ 174.8562604, -36.8973513 ], [ 174.8563565, -36.8972388 ], [ 174.8565628, -36.8965282 ] ] ], [ [ [ 174.8540466, -36.8727678 ], [ 174.8535025, -36.8724351 ], [ 174.8534104, -36.872395 ], [ 174.8533075, -36.8723792 ], [ 174.8532035, -36.8723891 ], [ 174.8531249, -36.8724171 ], [ 174.8531014, -36.8724575 ], [ 174.8534333, -36.8732212 ], [ 174.8532078, -36.8732688 ], [ 174.8525812, -36.8731563 ], [ 174.8523965, -36.8729082 ], [ 174.8522912, -36.8728286 ], [ 174.8516319, -36.8733401 ], [ 174.8510363, -36.8728805 ], [ 174.8488435, -36.8724889 ], [ 174.8496682, -36.8729825 ], [ 174.848693, -36.873797 ], [ 174.8495825, -36.8745024 ], [ 174.8486985, -36.8757866 ], [ 174.8485909, -36.8760039 ], [ 174.8483348, -36.8768023 ], [ 174.8480034, -36.8768891 ], [ 174.8473809, -36.8767272 ], [ 174.8471218, -36.8773352 ], [ 174.8469758, -36.8774592 ], [ 174.8468814, -36.8775018 ], [ 174.8468302, -36.8776289 ], [ 174.84658, -36.8775638 ], [ 174.8464385, -36.8776038 ], [ 174.846069, -36.8775514 ], [ 174.8457757, -36.8773555 ], [ 174.8457446, -36.8773632 ], [ 174.8460551, -36.8775706 ], [ 174.845639, -36.8781396 ], [ 174.8460286, -36.8783235 ], [ 174.8462308, -36.8784056 ], [ 174.8464427, -36.87847 ], [ 174.8464001, -36.8786491 ], [ 174.8462807, -36.878961 ], [ 174.8472957, -36.8792118 ], [ 174.8471949, -36.8795908 ], [ 174.8492029, -36.8799357 ], [ 174.8504919, -36.8801111 ], [ 174.8512146, -36.8802353 ], [ 174.8514596, -36.8806037 ], [ 174.8512036, -36.8815228 ], [ 174.8510899, -36.8817816 ], [ 174.8509212, -36.8820535 ], [ 174.8507566, -36.8822562 ], [ 174.8505725, -36.8824395 ], [ 174.8503835, -36.8825946 ], [ 174.8501774, -36.8827351 ], [ 174.8499563, -36.8828599 ], [ 174.8497218, -36.8829677 ], [ 174.8495259, -36.8830413 ], [ 174.8491229, -36.8831662 ], [ 174.8491651, -36.8831784 ], [ 174.8492775, -36.8834047 ], [ 174.8493494, -36.8834489 ], [ 174.8495681, -36.8838887 ], [ 174.8513784, -36.8841998 ], [ 174.8514278, -36.8843119 ], [ 174.8515228, -36.8842876 ], [ 174.8515486, -36.8842107 ], [ 174.8516145, -36.8841891 ], [ 174.8523744, -36.8842685 ], [ 174.8529564, -36.884306 ], [ 174.85308, -36.8833662 ], [ 174.8533624, -36.881981 ], [ 174.8533736, -36.8817997 ], [ 174.8552899, -36.8818903 ], [ 174.8554456, -36.8823796 ], [ 174.8556182, -36.8831527 ], [ 174.8557324, -36.8839388 ], [ 174.8557647, -36.8845804 ], [ 174.8570507, -36.8844738 ], [ 174.8570919, -36.8844607 ], [ 174.857017, -36.8843078 ], [ 174.8571839, -36.8840781 ], [ 174.8576801, -36.8839115 ], [ 174.8578571, -36.8838294 ], [ 174.8583089, -36.8839126 ], [ 174.858658, -36.8839438 ], [ 174.8589885, -36.8840007 ], [ 174.8591015, -36.8835779 ], [ 174.8593021, -36.8836124 ], [ 174.8596633, -36.8822607 ], [ 174.8601707, -36.8823481 ], [ 174.8602456, -36.8820683 ], [ 174.8603434, -36.8818531 ], [ 174.8605495, -36.8818886 ], [ 174.8606569, -36.8814861 ], [ 174.8608374, -36.8815172 ], [ 174.8608824, -36.8813287 ], [ 174.8608546, -36.881323 ], [ 174.860938, -36.8809448 ], [ 174.8610105, -36.8807386 ], [ 174.8610333, -36.8805399 ], [ 174.8613349, -36.8800755 ], [ 174.8613672, -36.8797469 ], [ 174.8614003, -36.879611 ], [ 174.8615911, -36.8796075 ], [ 174.8615298, -36.8791531 ], [ 174.8617766, -36.8791329 ], [ 174.8623777, -36.8788828 ], [ 174.8621401, -36.8785148 ], [ 174.8620436, -36.8783199 ], [ 174.8621613, -36.8782691 ], [ 174.86218, -36.8782476 ], [ 174.8621827, -36.878215 ], [ 174.862018, -36.8779571 ], [ 174.8618975, -36.877871 ], [ 174.8618835, -36.8778187 ], [ 174.861905, -36.8777674 ], [ 174.861195, -36.8774697 ], [ 174.8611819, -36.8774873 ], [ 174.8610375, -36.8774134 ], [ 174.861083, -36.8773387 ], [ 174.8611198, -36.8772224 ], [ 174.8606376, -36.8771364 ], [ 174.8609258, -36.8760934 ], [ 174.8604585, -36.8760101 ], [ 174.8602742, -36.875992 ], [ 174.8603047, -36.8758813 ], [ 174.8599514, -36.8758153 ], [ 174.8599524, -36.875793 ], [ 174.8598778, -36.8757791 ], [ 174.8599983, -36.8753428 ], [ 174.8598707, -36.8752899 ], [ 174.8598867, -36.8752677 ], [ 174.8594611, -36.8749646 ], [ 174.8592458, -36.8751602 ], [ 174.8592336, -36.8751906 ], [ 174.8592413, -36.8752168 ], [ 174.8591859, -36.8752113 ], [ 174.8590749, -36.8752581 ], [ 174.8589368, -36.8751879 ], [ 174.8587462, -36.875039 ], [ 174.8586432, -36.8749109 ], [ 174.8585649, -36.8747308 ], [ 174.8585342, -36.8747086 ], [ 174.8579146, -36.8745973 ], [ 174.8575328, -36.8745518 ], [ 174.8571828, -36.8744897 ], [ 174.8570781, -36.874865 ], [ 174.8566236, -36.8747841 ], [ 174.8562215, -36.8746157 ], [ 174.8559068, -36.8744232 ], [ 174.8562174, -36.8740954 ], [ 174.8561956, -36.874082 ], [ 174.855885, -36.8744099 ], [ 174.853902, -36.8731971 ], [ 174.8540466, -36.8727678 ] ] ], [ [ [ 174.8255875, -36.870975 ], [ 174.8256513, -36.8709972 ], [ 174.8258156, -36.8710231 ], [ 174.8258948, -36.8710706 ], [ 174.8259212, -36.8706759 ], [ 174.826369, -36.8707055 ], [ 174.8264372, -36.8700378 ], [ 174.8269736, -36.8700732 ], [ 174.8270141, -36.8696783 ], [ 174.8269962, -36.8696247 ], [ 174.8269302, -36.8695905 ], [ 174.8265455, -36.8695648 ], [ 174.8265455, -36.8693828 ], [ 174.8266361, -36.8684662 ], [ 174.8265954, -36.8684634 ], [ 174.8268705, -36.8656344 ], [ 174.8260182, -36.865791 ], [ 174.8254853, -36.8658303 ], [ 174.8250027, -36.8659401 ], [ 174.8244555, -36.8658028 ], [ 174.8244167, -36.8658197 ], [ 174.8242011, -36.8658549 ], [ 174.8236223, -36.8658816 ], [ 174.8232351, -36.8660341 ], [ 174.8229537, -36.8659933 ], [ 174.8224544, -36.8662263 ], [ 174.8221741, -36.8662306 ], [ 174.822128, -36.8661395 ], [ 174.8220118, -36.8661093 ], [ 174.8219335, -36.8661184 ], [ 174.8218316, -36.8660781 ], [ 174.8217083, -36.8660845 ], [ 174.8216295, -36.8660711 ], [ 174.8215513, -36.8660858 ], [ 174.8213826, -36.8660679 ], [ 174.8212696, -36.866034 ], [ 174.8212134, -36.8660278 ], [ 174.8209817, -36.8660501 ], [ 174.8209647, -36.8660567 ], [ 174.8209457, -36.8660937 ], [ 174.8208795, -36.8661125 ], [ 174.8208346, -36.8661122 ], [ 174.8203488, -36.8660481 ], [ 174.820237, -36.8660079 ], [ 174.8201583, -36.8659996 ], [ 174.820113, -36.8659834 ], [ 174.8200776, -36.8659907 ], [ 174.819911, -36.8659777 ], [ 174.8197557, -36.865949 ], [ 174.8195727, -36.8659047 ], [ 174.819485, -36.8658654 ], [ 174.8192064, -36.8657768 ], [ 174.8188907, -36.8659823 ], [ 174.8185418, -36.8661099 ], [ 174.8185989, -36.8661681 ], [ 174.8186628, -36.8663897 ], [ 174.8186652, -36.8664361 ], [ 174.8186272, -36.8665264 ], [ 174.8186313, -36.8666029 ], [ 174.8186512, -36.8666239 ], [ 174.8187069, -36.8666456 ], [ 174.8187017, -36.866693 ], [ 174.818734, -36.8667546 ], [ 174.8187051, -36.8668437 ], [ 174.8187151, -36.8669209 ], [ 174.8186717, -36.8670106 ], [ 174.8186847, -36.8670412 ], [ 174.8187239, -36.8670728 ], [ 174.8187304, -36.8671214 ], [ 174.8187102, -36.8671672 ], [ 174.81859, -36.8673237 ], [ 174.8185426, -36.8674651 ], [ 174.8185388, -36.8675075 ], [ 174.8185755, -36.8676321 ], [ 174.8185716, -36.8677907 ], [ 174.8186387, -36.8679925 ], [ 174.8186737, -36.8680548 ], [ 174.8189065, -36.868276 ], [ 174.8190486, -36.8686883 ], [ 174.8190462, -36.8687915 ], [ 174.8190132, -36.8690032 ], [ 174.8190386, -36.8693146 ], [ 174.8190902, -36.8695285 ], [ 174.8190878, -36.8696782 ], [ 174.8191262, -36.8699132 ], [ 174.8191279, -36.8700176 ], [ 174.8191595, -36.8700954 ], [ 174.8191608, -36.8701972 ], [ 174.8191983, -36.8702593 ], [ 174.8192167, -36.8703222 ], [ 174.8192238, -36.8703759 ], [ 174.8192102, -36.8704606 ], [ 174.819228, -36.8705317 ], [ 174.8192939, -36.8706363 ], [ 174.8194139, -36.8707727 ], [ 174.8193989, -36.8707784 ], [ 174.8194287, -36.8708191 ], [ 174.8194341, -36.8709542 ], [ 174.8194597, -36.8710826 ], [ 174.8193842, -36.8711904 ], [ 174.8194043, -36.8712112 ], [ 174.8194437, -36.8712289 ], [ 174.8196716, -36.8712462 ], [ 174.8198395, -36.8712977 ], [ 174.8198686, -36.8712853 ], [ 174.8199474, -36.8712973 ], [ 174.8200379, -36.8713294 ], [ 174.8201245, -36.8713959 ], [ 174.8201965, -36.8714211 ], [ 174.8202732, -36.8714874 ], [ 174.8203503, -36.8715212 ], [ 174.8204395, -36.8715785 ], [ 174.8205903, -36.8716403 ], [ 174.8206696, -36.8716547 ], [ 174.8207508, -36.8716849 ], [ 174.8208627, -36.8717854 ], [ 174.8209199, -36.8718145 ], [ 174.8211605, -36.8718318 ], [ 174.821217, -36.8718512 ], [ 174.8212875, -36.8718446 ], [ 174.8213633, -36.8718699 ], [ 174.8214984, -36.8718878 ], [ 174.8216485, -36.8719477 ], [ 174.8217413, -36.8719548 ], [ 174.8217788, -36.8719366 ], [ 174.8218205, -36.8719376 ], [ 174.8221286, -36.8720265 ], [ 174.8224412, -36.8719624 ], [ 174.8226802, -36.8719293 ], [ 174.8227838, -36.8718747 ], [ 174.8228436, -36.8718666 ], [ 174.8228968, -36.8718759 ], [ 174.8229767, -36.8718624 ], [ 174.823196, -36.8717354 ], [ 174.8234993, -36.8716396 ], [ 174.8236128, -36.8716192 ], [ 174.8237388, -36.8716274 ], [ 174.8238991, -36.8716208 ], [ 174.8240559, -36.8715684 ], [ 174.824087, -36.8715419 ], [ 174.824125, -36.8714672 ], [ 174.8241327, -36.8713612 ], [ 174.8241683, -36.8712817 ], [ 174.8242839, -36.8712238 ], [ 174.8243159, -36.8711613 ], [ 174.8245617, -36.8710313 ], [ 174.824597, -36.8709895 ], [ 174.8245879, -36.8709051 ], [ 174.8246304, -36.8708747 ], [ 174.8247291, -36.8708705 ], [ 174.8248605, -36.8708938 ], [ 174.8250465, -36.8708992 ], [ 174.8251539, -36.8708913 ], [ 174.8251994, -36.8708808 ], [ 174.8252753, -36.8707997 ], [ 174.8254158, -36.8707855 ], [ 174.8254518, -36.870802 ], [ 174.8255093, -36.8709158 ], [ 174.8255875, -36.870975 ] ] ] ] }, { "type": "MultiLineString", "coordinates": [ [ [ 174.680077, -36.9183757 ], [ 174.6800766, -36.918376 ] ], [ [ 174.6611879, -36.9113907 ], [ 174.661188, -36.9113906 ] ], [ [ 174.710826, -36.877264 ], [ 174.7110166, -36.8772376 ] ], [ [ 174.7521112, -36.8678679 ], [ 174.7521002, -36.8678709 ] ], [ [ 174.7660889, -36.8721072 ], [ 174.766023, -36.8721717 ] ], [ [ 174.7660889, -36.8721072 ], [ 174.7660986, -36.8720627 ] ], [ [ 174.7622606, -36.7905223 ], [ 174.7622099, -36.7905305 ] ], [ [ 174.7622606, -36.7905223 ], [ 174.762292, -36.7905012 ] ], [ [ 174.7620576, -36.790326 ], [ 174.7610249, -36.7911583 ] ], [ [ 174.7620576, -36.790326 ], [ 174.7621261, -36.7904835 ] ], [ [ 174.7609206, -36.7918302 ], [ 174.7609043, -36.7919214 ] ], [ [ 174.7609206, -36.7918302 ], [ 174.7610328, -36.7917968 ] ], [ [ 174.7613341, -36.7935637 ], [ 174.7612445, -36.793689 ] ], [ [ 174.7613341, -36.7935637 ], [ 174.7613601, -36.793346 ] ], [ [ 174.7588273, -36.7939274 ], [ 174.7584046, -36.7937343 ] ], [ [ 174.7588273, -36.7939274 ], [ 174.7591916, -36.7939867 ] ], [ [ 174.75796, -36.7936232 ], [ 174.7577339, -36.7936064 ] ], [ [ 174.75796, -36.7936232 ], [ 174.7580974, -36.7937171 ] ], [ [ 174.7356409, -36.754416 ], [ 174.7356408, -36.754416 ] ] ] } ] } }
]
}
